Car_Name,Real_Price,Predicted_Price,URL,Oportunidad_%
PEUGEOT 407 ST Sport HDI 136,2999.0,6817.447,https://www.coches.net/peugeot-407-st-sport-hdi-136-4p-diesel-2004-en-sevilla-70481741-covo.aspx,56.00992427302107
RENAULT Mégane Grand Tour Business 1.5dCi105,1980.0,4308.8203,https://www.coches.net/renault-megane-grand-tour-business-15dci105-5p-diesel-2007-en-jaen-70405446-covo.aspx,54.047747262609946
KIA Carnival 2.9 CRDi EX,4980.0,8783.11,https://www.coches.net/kia-carnival-29-crdi-ex-5p-diesel-2004-en-jaen-70136902-covo.aspx,43.30026834839816
MERCEDES-BENZ Clase S S 500,11990.0,20745.377,https://www.coches.net/mercedes-benz-clase-s-s-500-4p-gasolina-2002-en-alicante-70414516-covo.aspx,42.20399066697183
PEUGEOT 3008 Hybrid 300 eEAT8 GT Line,17990.0,30753.258,https://www.coches.net/peugeot-3008-hybrid-300-eeat8-gt-line-5p-electrico-hibrido-2020-en-madrid-70423997-covo.aspx,41.50213252305333
MERCEDES-BENZ Clase C C 230 K Sportcoupe,8990.0,15026.401,https://www.coches.net/mercedes-benz-clase-c-c-230-k-sportcoupe-3p-gasolina-2001-en-valencia-70387274-covo.aspx,40.171969453504204
BMW Serie 6 645Ci,17990.0,29764.756,https://www.coches.net/bmw-serie-6-645ci-2p-gasolina-2005-en-valencia-62067683-covo.aspx,39.559390021559025
BMW X5 3.0sd,11470.0,18189.945,https://www.coches.net/bmw-x5-30sd-5p-diesel-2008-en-madrid-70439363-covo.aspx,36.94318590326988
PEUGEOT 308 Allure PureTech 130 SS,7800.0,12348.322,https://www.coches.net/peugeot-308-5p-allure-puretech-130-ss-5p-gasolina-2020-en-madrid-70495064-covo.aspx,36.83352416454601
FORD Focus 1.6 TDCi Sport,5999.0,9417.29,https://www.coches.net/ford-focus-16-tdci-115cv-sport-5p-diesel-2014-en-madrid-70484048-covo.aspx,36.29802230666768
LANCIA Ypsilon 1.2 Platinum evo II,4999.0,7841.615,https://www.coches.net/lancia-ypsilon-12-platinum-evo-ii-5p-gasolina-2016-en-sevilla-70481807-covo.aspx,36.250378900432814
PEUGEOT 5008 Style 2.0 BlueHDi 150 FAP,8900.0,13811.686,https://www.coches.net/peugeot-5008-style-20-bluehdi-150-fap-5p-diesel-2014-en-madrid-70120997-covo.aspx,35.56181126630346
SKODA Fabia 1.6 TDi Ambition,4999.0,7726.468,https://www.coches.net/skoda-fabia-16-tdi-75cv-ambition-5p-diesel-2015-en-sevilla-70317865-covo.aspx,35.30031902565034
VOLKSWAGEN ID.3 Pro Performance Automatico,15990.0,24689.764,https://www.coches.net/volkswagen-id3-pro-performance-150kw-204cv-automatico-5p-electrico-hibrido-2022-en-sta-c-tenerife-70012168-covo.aspx,35.236318125576936
AIWAYS U5 Prime,18150.0,27655.744,https://www.coches.net/aiways-u5-prime-5p-electrico-hibrido-2021-en-malaga-70499766-covo.aspx,34.37168095094395
PEUGEOT 308 Allure PureTech 130 SS,9800.0,14764.516,https://www.coches.net/peugeot-308-5p-allure-puretech-130-ss-5p-gasolina-2020-en-madrid-70495062-covo.aspx,33.62464269802282
PEUGEOT 308 Style 1.2 PureTech,7900.0,11893.609,https://www.coches.net/peugeot-308-5p-style-12-puretech-96kw-130cv-5p-gasolina-2018-en-madrid-70474390-covo.aspx,33.57777482918216
PEUGEOT 3008 HYbrid4,9499.0,14282.885,https://www.coches.net/peugeot-3008-hybrid4-5p-electrico-hibrido-2014-en-alicante-62494093-covo.aspx,33.49382736139203
MINI MINI COOPER S 5 PUERTAS,17500.0,26312.377,https://www.coches.net/mini-mini-cooper-s-5-puertas-5p-gasolina-2021-en-sta-c-tenerife-70507403-covo.aspx,33.4913754421506
AUDI A4 2.0 TDI Avant,6990.0,10470.534,https://www.coches.net/audi-a4-20-tdi-avant-5p-diesel-2006-en-madrid-70483882-covo.aspx,33.24122838393121
PEUGEOT 407 2.2 Coupe,6490.0,9618.568,https://www.coches.net/peugeot-407-22-coupe-2p-gasolina-2006-en-madrid-70479418-covo.aspx,32.526341161007146
MERCEDES-BENZ Clase GLA MercedesAMG GLA 45 4MATIC,28490.0,41939.61,https://www.coches.net/mercedes-benz-clase-gla-mercedesamg-gla-45-4matic-5p-gasolina-2018-en-valencia-70492102-covo.aspx,32.0689905686562
CITROEN Grand C4 Picasso 1.6 HDi CMP SX,4290.0,6302.8438,https://www.coches.net/citroen-grand-c4-picasso-16-hdi-cmp-sx-5p-diesel-2006-en-madrid-70281263-covo.aspx,31.93548547034821
CITROEN C3 BlueHDi SS 83g BUSINESS,6999.0,10268.128,https://www.coches.net/citroen-c3-bluehdi-55kw-75cv-ss-83g-business-5p-diesel-2016-en-alicante-70283521-covo.aspx,31.837623684407994
MERCEDES-BENZ Clase GLC MercedesAMG GLC 63 S 4MATIC,69999.0,102414.01,https://www.coches.net/mercedes-benz-clase-glc-mercedesamg-glc-63-s-4matic-5p-gasolina-2020-en-alicante-62544540-covo.aspx,31.650951373610468
MINI MINI Cooper Park Lane,6490.0,9439.502,https://www.coches.net/mini-mini-cooper-park-lane-3p-gasolina-2007-en-valencia-70310769-covo.aspx,31.24637261342534
RENAULT Laguna Dynamique 2.0dCi,5999.0,8715.184,https://www.coches.net/renault-laguna-dynamique-20dci-130cv-5p-diesel-2008-en-sevilla-70505151-covo.aspx,31.166108717409948
KIA Sportage 1.6 TGDi HEV Drive 4x2,22900.0,33267.36,https://www.coches.net/kia-sportage-16-tgdi-hev-171kw-230cv-drive-4x2-5p-electrico-hibrido-2023-en-madrid-70425173-covo.aspx,31.163758019192052
MERCEDES-BENZ Clase GLA GLA 45 AMG Edition 1 4M,22000.0,31829.201,https://www.coches.net/mercedes-benz-clase-gla-gla-45-amg-edition-1-4m-5p-gasolina-2015-en-murcia-62496378-covo.aspx,30.881080297297263
JAGUAR XE 2.0I RWD Prestige Auto,16485.0,23824.22,https://www.coches.net/jaguar-xe-20i-147kw-rwd-prestige-auto-4p-gasolina-2018-en-sta-c-tenerife-70286580-covo.aspx,30.805711526011514
JEEP Renegade Trailhawk 4xe 1.3 PHEV 177kW240CV AT,18350.0,26493.436,https://www.coches.net/jeep-renegade-trailhawk-4xe-13-phev-177kw240cv-at-5p-electrico-hibrido-2022-en-malaga-70327683-covo.aspx,30.737559621011663
RENAULT Talisman S.T. Limited Blue dCi,14990.0,21549.473,https://www.coches.net/renault-talisman-st-limited-blue-dci-110-kw-150cv-5p-diesel-2019-en-murcia-62670424-covo.aspx,30.439133063182194
CITROEN C-Elysée VTi Feel,6490.0,9307.295,https://www.coches.net/citroen-c-elysee-vti-85kw-115cv-feel-4p-gasolina-2017-en-las-palmas-70110467-covo.aspx,30.26975018545391
BMW Serie 1 118d,13500.0,19336.82,https://www.coches.net/bmw-serie-1-118d-5p-diesel-2017-en-murcia-60829031-covo.aspx,30.185005694689494
MERCEDES-BENZ GLC GLC 300 de 4MATIC,38450.0,55023.58,https://www.coches.net/mercedes-benz-glc-glc-300-de-4matic-5p-electrico-hibrido-2023-en-madrid-70326869-covo.aspx,30.12086579929229
BMW Serie 2 Active Tourer 225xe,15985.0,22780.979,https://www.coches.net/bmw-serie-2-active-tourer-225xe-5p-electrico-hibrido-2022-en-las-palmas-70286472-covo.aspx,29.831811267298196
DR AUTOMOBILES DR 4.0 1.5,12890.0,18365.86,https://www.coches.net/dr-automobiles-dr-40-15-5p-gasolina-2022-en-madrid-70281231-covo.aspx,29.815426891778646
LAND-ROVER Range Rover Velar 3.0D D300 RDynamic HSE 4WD Auto,30000.0,42665.71,https://www.coches.net/land-rover-range-rover-velar-30d-d300-rdynamic-hse-4wd-auto-5p-diesel-2018-en-murcia-61132057-covo.aspx,29.68592497158597
OPEL Astra 1.5D DVH GS Line,12099.0,17150.793,https://www.coches.net/opel-astra-15d-dvh-90kw-122cv-gs-line-5p-diesel-2021-en-sevilla-70520908-covo.aspx,29.45515684292112
SSANGYONG Tivoli G15T Limited,22490.0,31833.363,https://www.coches.net/ssangyong-tivoli-g15t-limited-5p-gasolina-2024-en-madrid-70453504-covo.aspx,29.350851805072338
FORD Mondeo 2.0 Hibrido Trend HEV Auto,14470.0,20470.232,https://www.coches.net/ford-mondeo-20-hibrido-138kw-187cv-trend-hev-auto-4p-electrico-hibrido-2020-en-madrid-70234124-covo.aspx,29.31198971372207
SEAT León SP 2.0 TDI DSG SS FR,13470.0,18971.586,https://www.coches.net/seat-leon-sp-20-tdi-110kw-dsg-ss-fr-5p-diesel-2021-en-madrid-70168929-covo.aspx,28.999082921293066
VOLKSWAGEN Golf 1.4 TSI GT Sport,6990.0,9844.664,https://www.coches.net/volkswagen-golf-14-tsi-170cv-gt-sport-3p-gasolina-2008-en-asturias-70493193-covo.aspx,28.997069319753642
BMW Serie 7 740i,17900.0,25208.652,https://www.coches.net/bmw-serie-7-740i-4p-gasolina-2012-en-alicante-70426248-covo.aspx,28.992634132470947
FORD Fiesta 1.0 EcoB. STLine SS AT,10990.0,15458.663,https://www.coches.net/ford-fiesta-10-ecob-92kw-125cv-stline-ss-at-5p-5p-gasolina-2020-en-barcelona-70485932-covo.aspx,28.907176908477755
SUZUKI SX4 1.9 DDiS GL,5490.0,7716.8555,https://www.coches.net/suzuki-sx4-19-ddis-gl-5p-diesel-2007-en-jaen-70177733-covo.aspx,28.85703221691559
MINI MINI COOPER SE,14900.0,20911.24,https://www.coches.net/mini-mini-cooper-se-3p-electrico-hibrido-2021-en-madrid-70487929-covo.aspx,28.74645485872907
PEUGEOT 208 Active Puretech 100,12900.0,17975.922,https://www.coches.net/peugeot-208-active-puretech-100-5p-gasolina-2023-en-pontevedra-70504516-covo.aspx,28.237338314533588
VOLKSWAGEN Caddy Trendline 2.0 TDI SCR BMT,11490.0,15954.547,https://www.coches.net/volkswagen-caddy-trendline-20-tdi-scr-bmt-150cv-5p-diesel-2016-en-sevilla-70461114-covo.aspx,27.982912394683723
RENAULT Mégane Emotion 1.5DCI105,4490.0,6234.189,https://www.coches.net/renault-megane-emotion-15dci105-5p-diesel-2007-en-madrid-70503107-covo.aspx,27.97780071601447
BMW Serie 3 330i xDrive,19990.0,27733.705,https://www.coches.net/bmw-serie-3-330i-xdrive-4p-gasolina-2017-en-malaga-70331960-covo.aspx,27.921639233961777
LAND-ROVER Range Rover Velar 2.0 D240 HSE 4WD Auto,27900.0,38666.8,https://www.coches.net/land-rover-range-rover-velar-20-d240-177kw-240cv-hse-4wd-auto-5p-diesel-2019-en-malaga-70015122-covo.aspx,27.845077854154805
MERCEDES-BENZ Clase E E 220 BlueTEC Avantgarde Estate,17490.0,24213.932,https://www.coches.net/mercedes-benz-clase-e-e-220-bluetec-avantgarde-estate-5p-diesel-2016-en-barcelona-70485920-covo.aspx,27.768855303712442
OPEL Insignia 1.6CDTI SS eco Excellence,6980.0,9660.58,https://www.coches.net/opel-insignia-16cdti-ss-eco-100kw-136cv-excellence-5p-diesel-2017-en-jaen-70229306-covo.aspx,27.747609941092357
SUBARU Forester 2.0 D Sport Plus,7490.0,10347.901,https://www.coches.net/subaru-forester-20-d-sport-plus-5p-diesel-2012-en-madrid-70463748-covo.aspx,27.618173635184746
SEAT León ST 2.0 TSI DSG7 SS Cupra,27070.0,37380.52,https://www.coches.net/seat-leon-st-20-tsi-213kw-290cv-dsg7-ss-cupra-5p-gasolina-2020-en-madrid-70224527-covo.aspx,27.582600939054462
PEUGEOT 5008 Active 2.0 HDI 150 FAP,9500.0,13113.226,https://www.coches.net/peugeot-5008-active-20-hdi-150-fap-5p-diesel-2012-en-sevilla-70487198-covo.aspx,27.554056492494794
VOLVO XC60 2.0 T8 AWD Inscription Auto,28990.0,39943.414,https://www.coches.net/volvo-xc60-20-t8-awd-inscription-auto-5p-electrico-hibrido-2019-en-sta-c-tenerife-62597824-covo.aspx,27.42232810986323
VOLKSWAGEN Passat Variant Business 2.0 TDI,18990.0,26159.652,https://www.coches.net/volkswagen-passat-variant-business-20-tdi-110kw-5p-diesel-2022-en-vizcaya-62309188-covo.aspx,27.407292151812392
SEAT León 1.5 eTSI DSG7 SS FR Go XL,13590.0,18708.486,https://www.coches.net/seat-leon-15-etsi-110kw-dsg7-ss-fr-go-xl-5p-electrico-hibrido-2022-en-madrid-62427109-covo.aspx,27.359168659359863
MERCEDES-BENZ Clase B B 220 d,21499.0,29488.16,https://www.coches.net/mercedes-benz-clase-b-b-220-d-5p-diesel-2018-en-alicante-70498807-covo.aspx,27.09277253622316
RENAULT Scénic Zen Blue dCi,14990.0,20538.82,https://www.coches.net/renault-scenic-zen-blue-dci-110-kw-150cv-5p-diesel-2019-en-barcelona-62597494-covo.aspx,27.016256182556734
FORD Focus 1.0 Ecoboost Trend,8485.0,11600.947,https://www.coches.net/ford-focus-10-ecoboost-92kw-trend-5p-gasolina-2017-en-las-palmas-70516619-covo.aspx,26.859420996231282
VOLKSWAGEN Golf 1.9 TDI Conceptline,4500.0,6149.42,https://www.coches.net/volkswagen-golf-19-tdi-conceptline-5p-diesel-2007-en-sevilla-70408634-covo.aspx,26.822366057774122
SMART fortwo 60kW81CV EQ coupe,9990.0,13642.494,https://www.coches.net/smart-fortwo-60kw81cv-eq-coupe-3p-electrico-hibrido-2021-en-madrid-70503036-covo.aspx,26.77292072091496
FIAT Panda Panda Hybrid 1.0 Gse,7900.0,10781.59,https://www.coches.net/fiat-panda-panda-hybrid-10-gse-51kw-70cv-5p-electrico-hibrido-2021-en-madrid-70487995-covo.aspx,26.726947375209548
FIAT Panda Panda Hybrid 1.0 Gse,7900.0,10781.59,https://www.coches.net/fiat-panda-panda-hybrid-10-gse-51kw-70cv-5p-electrico-hibrido-2021-en-madrid-70473967-covo.aspx,26.726947375209548
SEAT León ST 1.5 TGI SS Xcellence,11990.0,16359.519,https://www.coches.net/seat-leon-st-15-tgi-96kw-ss-xcellence-5p-otros-2020-en-madrid-70417506-covo.aspx,26.70933463036111
SSANGYONG Korando G15T LP Urban Plus,15900.0,21683.193,https://www.coches.net/ssangyong-korando-g15t-110kw-lp-urban-plus-5p-gasolina-2022-en-madrid-70472773-covo.aspx,26.671317566213393
OPEL Insignia ST 1.6 CDTi ecoTEC D Business,8900.0,12084.922,https://www.coches.net/opel-insignia-st-16-cdti-100kw-ecotec-d-business-5p-diesel-2018-en-almeria-70236919-covo.aspx,26.354509428717343
FORD Focus 1.0 Ecoboost MHEV Active,15490.0,21026.979,https://www.coches.net/ford-focus-10-ecoboost-mhev-114kw-active-5p-electrico-hibrido-2022-en-madrid-70413682-covo.aspx,26.332734926753794
NISSAN Micra 1.2G 80 CV 25 ANIVERSARIO,4790.0,6498.4976,https://www.coches.net/nissan-micra-5p-12g-80-cv-25-aniversario-5p-gasolina-2009-en-madrid-70316375-covo.aspx,26.290654773492943
MG MG3 Hybrid+ Luxury,18290.0,24802.15,https://www.coches.net/mg-mg3-hybrid-luxury-5p-electrico-hibrido-2024-en-huelva-70429359-covo.aspx,26.256394256388905
FIAT Tipo 1.6 Multijet Business,8470.0,11462.1045,https://www.coches.net/fiat-tipo-5p-16-multijet-88kw-120cv-business-5p-diesel-2020-en-madrid-70169353-covo.aspx,26.104320495655053
FIAT Tipo 1.4 16v Easy gasolina,8800.0,11896.6,https://www.coches.net/fiat-tipo-14-16v-easy-70kw-95cv-gasolina-5p-5p-gasolina-2016-en-valencia-70460676-covo.aspx,26.029283249431668
MG MG3 Hybrid+ Comfort,17290.0,23365.791,https://www.coches.net/mg-mg3-hybrid-comfort-5p-electrico-hibrido-2024-en-madrid-70317377-covo.aspx,26.002933140855543
VOLKSWAGEN Golf Plus 2.0 TDI Highline,6980.0,9411.353,https://www.coches.net/volkswagen-golf-plus-20-tdi-highline-5p-diesel-2007-en-jaen-70005172-covo.aspx,25.83425207982588
FORD Fiesta 1.4 TDCi Trend,3480.0,4691.336,https://www.coches.net/ford-fiesta-14-tdci-trend-5p-diesel-2009-en-jaen-62597730-covo.aspx,25.82070339105832
HYUNDAI Santa Fe 2.2 CRDi Klass 4x2 7S,15490.0,20879.197,https://www.coches.net/hyundai-santa-fe-22-crdi-klass-4x2-7s-5p-diesel-2015-en-barcelona-70485929-covo.aspx,25.811324051704048
BMW i3 94ah,15790.0,21241.715,https://www.coches.net/bmw-i3-94ah-5p-electrico-hibrido-2019-en-madrid-70326938-covo.aspx,25.665135248504058
CITROEN C3 BlueHDi SS SHINE,8590.0,11536.764,https://www.coches.net/citroen-c3-bluehdi-73kw-100cv-ss-shine-5p-diesel-2018-en-granada-70453716-covo.aspx,25.54237701045046
CITROEN C3 BlueHDi SS Feel Pack,9999.0,13423.819,https://www.coches.net/citroen-c3-bluehdi-75kw-100cv-ss-feel-pack-5p-diesel-2022-en-alicante-70273874-covo.aspx,25.513002300088804
JEEP Compass 4Xe 1.3 PHEV Trailhawk AT AWD,25500.0,34227.094,https://www.coches.net/jeep-compass-4xe-13-phev-177kw-trailhawk-at-awd-5p-electrico-hibrido-2023-en-alicante-70457943-covo.aspx,25.49761838894078
AUDI Q7 3.0 TDI quattro tiptronic DPF,9999.0,13404.383,https://www.coches.net/audi-q7-30-tdi-quattro-tiptronic-dpf-5p-diesel-2009-en-sevilla-70316977-covo.aspx,25.404995217865423
MINI CLUBMAN COOPER S,16500.0,22084.21,https://www.coches.net/mini-clubman-cooper-s-5p-gasolina-2018-en-sevilla-70315717-covo.aspx,25.285988045050566
MERCEDES-BENZ Clase C C 200 CDI Estate,10900.0,14567.682,https://www.coches.net/mercedes-benz-clase-c-c-200-cdi-estate-5p-diesel-2014-en-malaga-70349578-covo.aspx,25.176838230710025
RENAULT Clio Intens Blue dCi,9500.0,12695.875,https://www.coches.net/renault-clio-intens-blue-dci-74kw-100cv-5p-diesel-2021-en-sevilla-70505186-covo.aspx,25.17254620102986
OPEL Crossland X 1.2 Innovation SS Auto,13490.0,18020.72,https://www.coches.net/opel-crossland-x-12-96kw-130cv-innovation-ss-auto-5p-gasolina-2020-en-vizcaya-70290198-covo.aspx,25.14172866759608
VOLKSWAGEN T-Roc Sport 2.0 TDI DSG,15490.0,20687.984,https://www.coches.net/volkswagen-t-roc-sport-20-tdi-110kw-150cv-dsg-5p-diesel-2021-en-madrid-70344747-covo.aspx,25.12562017052471
FIAT Tipo 1.4 TJet Lounge,10490.0,13989.406,https://www.coches.net/fiat-tipo-5p-14-tjet-88kw-120cv-lounge-5p-gasolina-2020-en-madrid-70256949-covo.aspx,25.01468745322912
AUDI A4 S line 40 TDI S tronic,20000.0,26572.486,https://www.coches.net/audi-a4-s-line-40-tdi-150kw-204cv-s-tronic-4p-electrico-hibrido-2022-en-murcia-62374529-covo.aspx,24.734178981093358
CITROEN C4 1.6 eHDi ETG6 Collection,6499.0,8633.716,https://www.coches.net/citroen-c4-16-ehdi-115cv-etg6-collection-5p-diesel-2014-en-alicante-70283198-covo.aspx,24.725342653625045
PEUGEOT 2008 Active BlueHDI,11500.0,15266.398,https://www.coches.net/peugeot-2008-active-bluehdi-81kw-110cv-5p-diesel-2020-en-pontevedra-70460941-covo.aspx,24.67116558577636
NISSAN X-TRAIL dCi 130kW177 CV Xtronic NCONNECTA,13900.0,18440.037,https://www.coches.net/nissan-x-trail-5p-dci-130-kw177-cv-xtronic-nconnecta-5p-diesel-2017-en-valencia-70431260-covo.aspx,24.62054215209157
FIAT 500 Lounge 1.0 6v GSE 70 CV,8250.0,10939.033,https://www.coches.net/fiat-500-lounge-10-6v-gse-52kw-70-cv-3p-electrico-hibrido-2020-en-malaga-70475518-covo.aspx,24.582000558850233
MERCEDES-BENZ Clase CLA CLA 220 d Shooting Brake,18990.0,25174.658,https://www.coches.net/mercedes-benz-clase-cla-cla-220-d-shooting-brake-5p-diesel-2016-en-barcelona-70485926-covo.aspx,24.566999691607656
PEUGEOT 208 BlueHDi Active Pack,10999.0,14546.883,https://www.coches.net/peugeot-208-bluehdi-73kw-100cv-active-pack-5p-diesel-2021-en-alicante-70424909-covo.aspx,24.389299468689867
MERCEDES-BENZ CLA CLA 220 D DCT Shooting Brake,27990.0,37014.055,https://www.coches.net/mercedes-benz-cla-cla-220-d-dct-shooting-brake-5p-diesel-2021-en-sevilla-70461488-covo.aspx,24.380076064856276
PEUGEOT 208 BlueHDi Active,10900.0,14403.342,https://www.coches.net/peugeot-208-bluehdi-73kw-100cv-active-5p-diesel-2021-en-pontevedra-70504518-covo.aspx,24.323117831134837
RENAULT Mégane Intens ETECH Hibrido Ench. 117kW160CV,15990.0,21117.916,https://www.coches.net/renault-megane-intens-etech-hibrido-ench-117kw160cv-5p-electrico-hibrido-2021-en-sta-c-tenerife-62352476-covo.aspx,24.28230139674242
BMW Serie 1 118d,11999.0,15841.284,https://www.coches.net/bmw-serie-1-118d-3p-diesel-2016-en-madrid-70484148-covo.aspx,24.254878178464043
VOLKSWAGEN Polo GTI 1.8 TSI,15990.0,21101.127,https://www.coches.net/volkswagen-polo-gti-18-tsi-192cv-3p-gasolina-2016-en-madrid-70478951-covo.aspx,24.2220567862517
MASERATI Ghibli S 3.0 V6 BT RWD,29990.0,39525.35,https://www.coches.net/maserati-ghibli-s-30-v6-bt-410cv-rwd-4p-gasolina-2015-en-barcelona-70485931-covo.aspx,24.124647057021352
OPEL Corsa 1.2T XHT Hybrid GS eDCT,19800.0,26073.174,https://www.coches.net/opel-corsa-12t-xht-hybrid-107kw-gs-edct-5p-electrico-hibrido-2025-en-pontevedra-70469738-covo.aspx,24.059878055038162
HYUNDAI Tucson 1.6 TGDI HEV Maxx Auto,25990.0,34202.676,https://www.coches.net/hyundai-tucson-16-tgdi-169kw-230cv-hev-maxx-auto-5p-electrico-hibrido-2022-en-valencia-70521363-covo.aspx,24.011793211080317
TESLA Model 3 Gran Autonomia 4WD,27490.0,36149.48,https://www.coches.net/tesla-model-3-gran-autonomia-4wd-4p-electrico-hibrido-2021-en-madrid-70421503-covo.aspx,23.954647083340042
CITROEN C5 Aircross BlueHdi SS Shine,11342.0,14910.276,https://www.coches.net/citroen-c5-aircross-bluehdi-96kw-130cv-ss-shine-5p-diesel-2019-en-barcelona-70380304-covo.aspx,23.931658135056942
DS DS 7 Crossback BlueHDi Auto. SO CHIC,19900.0,26133.396,https://www.coches.net/ds-ds-7-crossback-bluehdi-132kw-180cv-auto-so-chic-5p-diesel-2021-en-pontevedra-70504525-covo.aspx,23.852224826963884
MERCEDES-BENZ Clase A A 220 d,19999.0,26257.607,https://www.coches.net/mercedes-benz-clase-a-a-220-d-5p-diesel-2018-en-alicante-70292064-covo.aspx,23.835406331275273
VOLVO EX30 Twin Motor P. AWD Ultra Cross Country A,45900.0,60212.03,https://www.coches.net/volvo-ex30-twin-motor-p-awd-ultra-cross-country-a-5p-electrico-hibrido-2026-en-valencia-70513868-covo.aspx,23.76938786631617
OPEL Astra 1.7 CDTi 130 CV Excellence,7980.0,10465.128,https://www.coches.net/opel-astra-17-cdti-130-cv-excellence-4p-diesel-2013-en-jaen-70372069-covo.aspx,23.74675155797841
HYUNDAI Tucson 1.6 TGDI PHEV Maxx Auto 4X4,24990.0,32748.11,https://www.coches.net/hyundai-tucson-16-tgdi-phev-195kw-maxx-auto-4x4-5p-electrico-hibrido-2021-en-sta-c-tenerife-62487760-covo.aspx,23.69025120247877
CITROEN C5 Aircross BlueHdi SS EAT8 Shine,14990.0,19630.248,https://www.coches.net/citroen-c5-aircross-bluehdi-132kw-180cv-ss-eat8-shine-5p-diesel-2018-en-madrid-70384922-covo.aspx,23.63825477800672
MERCEDES-BENZ Clase C C 300 Estate,23990.0,31398.03,https://www.coches.net/mercedes-benz-clase-c-c-300-estate-5p-gasolina-2018-en-alicante-70427273-covo.aspx,23.59393077454167
CITROEN C4 1.4 16v SX,2990.0,3913.269,https://www.coches.net/citroen-c4-14-16v-sx-5p-gasolina-2004-en-madrid-70316426-covo.aspx,23.593293301099585
TOYOTA Corolla 140H Active Plus,16900.0,22061.205,https://www.coches.net/toyota-corolla-140h-active-plus-5p-electrico-hibrido-2023-en-madrid-70350667-covo.aspx,23.39493722055393
OPEL Corsa 1.2T XHL Elegance,10985.0,14338.823,https://www.coches.net/opel-corsa-12t-xhl-74kw-100cv-elegance-5p-gasolina-2021-en-sta-c-tenerife-70430309-covo.aspx,23.389808114238587
SEAT León ST 2.0 TDI 4Drive StSp Xperience,13490.0,17605.525,https://www.coches.net/seat-leon-st-20-tdi-110kw-4drive-stsp-xperience-5p-diesel-2018-en-madrid-70281236-covo.aspx,23.376328165795783
FORD S-MAX 2.0 TDCi DPF Titanium,8900.0,11614.705,https://www.coches.net/ford-s-max-20-tdci-140cv-dpf-titanium-5p-diesel-2012-en-valencia-70329308-covo.aspx,23.37300051843627
ABARTH 500 595 Turismo 1.4 16v TJet E6D,20990.0,27387.842,https://www.coches.net/abarth-500-595-turismo-14-16v-tjet-121kw-e6d-3p-gasolina-2019-en-vizcaya-62566526-covo.aspx,23.360153181566155
KIA Picanto 1.0 DPi Concept Pack Comfort,9500.0,12387.972,https://www.coches.net/kia-picanto-10-dpi-49kw-67cv-concept-pack-comfort-5p-gasolina-2021-en-cadiz-70499155-covo.aspx,23.312708120110525
MERCEDES-BENZ Clase A A 200 d,20900.0,27236.873,https://www.coches.net/mercedes-benz-clase-a-a-200-d-5p-diesel-2018-en-malaga-70282776-covo.aspx,23.265787654732474
PEUGEOT 3008 1.2 PURETECH 130 HP ALLURE SS,8290.0,10775.096,https://www.coches.net/peugeot-3008-12-puretech-130-hp-allure-ss-5p-gasolina-2016-en-madrid-70326893-covo.aspx,23.06332836008381
PEUGEOT 208 BlueHDi Active,10900.0,14162.773,https://www.coches.net/peugeot-208-bluehdi-73kw-100cv-active-5p-diesel-2021-en-pontevedra-70504519-covo.aspx,23.03767303698351
MERCEDES-BENZ Clase C C 220 d Avantgarde,17500.0,22736.418,https://www.coches.net/mercedes-benz-clase-c-c-220-d-avantgarde-4p-diesel-2017-en-murcia-62431873-covo.aspx,23.030971615437306
LAND-ROVER Range Rover Velar 3.0 D300 HSE 4WD Auto,23000.0,29881.45,https://www.coches.net/land-rover-range-rover-velar-30-d300-221kw-300cv-hse-4wd-auto-5p-diesel-2019-en-murcia-70412259-covo.aspx,23.02916825878723
FORD C-Max 1.0 EcoBoost Titanium,8490.0,11012.488,https://www.coches.net/ford-c-max-10-ecoboost-125cv-titanium-5p-gasolina-2016-en-valencia-62473374-covo.aspx,22.90570683779814
OPEL Antara 2.2 CDTI 163 CV StartStop Selective 4X2,7500.0,9721.398,https://www.coches.net/opel-antara-22-cdti-163-cv-startstop-selective-4x2-5p-diesel-2015-en-murcia-61653293-covo.aspx,22.850605823654167
SKODA Karoq 2.0 TDI DSG 4X4 Ambition,15990.0,20725.404,https://www.coches.net/skoda-karoq-20-tdi-110kw-150cv-dsg-4x4-ambition-5p-diesel-2022-en-madrid-70414787-covo.aspx,22.848308428844543
RENAULT Espace Techno ETech full hybrid,27990.0,36232.64,https://www.coches.net/renault-espace-techno-etech-full-hybrid-146kw-7p-5p-electrico-hibrido-2024-en-sta-c-tenerife-62613650-covo.aspx,22.749213092994104
MERCEDES-BENZ Clase A A 220,22900.0,29619.219,https://www.coches.net/mercedes-benz-clase-a-a-220-5p-gasolina-2018-en-valencia-70494680-covo.aspx,22.685334163312458
RENAULT Clio Evolution dCi 100,11999.0,15515.754,https://www.coches.net/renault-clio-evolution-dci-100-74kw-5p-diesel-2023-en-alicante-70509948-covo.aspx,22.665697893245095
BMW Serie 1 118d,19999.0,25844.898,https://www.coches.net/bmw-serie-1-118d-5p-diesel-2022-en-alicante-70498657-covo.aspx,22.619158096662574
MERCEDES-BENZ CLA CLA 200 D DCT Shooting Brake,23990.0,30992.86,https://www.coches.net/mercedes-benz-cla-cla-200-d-dct-shooting-brake-5p-diesel-2021-en-sevilla-70461449-covo.aspx,22.595073562811596
ABARTH 500C 595C Turismo 1.4 16v TJet E6D,18990.0,24525.7,https://www.coches.net/abarth-500c-595c-turismo-14-16v-tjet-121kw-e6d-2p-gasolina-2021-en-madrid-70347838-covo.aspx,22.571014874544066
MERCEDES-BENZ Clase C C 300 e,33900.0,43748.438,https://www.coches.net/mercedes-benz-clase-c-c-300-e-4p-electrico-hibrido-2020-en-valencia-70393908-covo.aspx,22.51151826850959
BMW Serie 1 120d,30990.0,39992.52,https://www.coches.net/bmw-serie-1-120d-5p-electrico-hibrido-2025-en-madrid-70462573-covo.aspx,22.510508557020184
VOLVO EX30 Single Motor Extended Range Core Auto,29900.0,38566.984,https://www.coches.net/volvo-ex30-single-motor-extended-range-core-auto-5p-electrico-hibrido-2025-en-valencia-70383602-covo.aspx,22.47254877572989
AUDI A5 S Line 50 TDI quattro tiptr Sportb,38500.0,49624.297,https://www.coches.net/audi-a5-s-line-50-tdi-210kw-quattro-tiptr-sportb-5p-electrico-hibrido-2021-en-murcia-62531023-covo.aspx,22.41703676531941
OMODA 5 1.6 TGDI DCT,22985.0,29625.455,https://www.coches.net/omoda-5-16-tgdi-145kw-197cv-dct-5p-gasolina-2023-en-sta-c-tenerife-70415783-covo.aspx,22.414693919852102
TOYOTA Corolla 140H Eco,16900.0,21773.41,https://www.coches.net/toyota-corolla-140h-eco-4p-electrico-hibrido-2023-en-madrid-70484382-covo.aspx,22.38239265818956
PEUGEOT 3008 Hybrid 225 eEAT8 Allure,19990.0,25753.68,https://www.coches.net/peugeot-3008-hybrid-225-eeat8-allure-5p-electrico-hibrido-2020-en-sta-c-tenerife-62451018-covo.aspx,22.380023971089084
FORD Mondeo 2.0 Hibrido 138kW187CV Titanium HEV AT,15990.0,20591.014,https://www.coches.net/ford-mondeo-20-hibrido-138kw187cv-titanium-hev-at-4p-electrico-hibrido-2020-en-madrid-70347807-covo.aspx,22.344765270878653
MERCEDES-BENZ Clase R R 280 CDI 4MATIC,8980.0,11562.751,https://www.coches.net/mercedes-benz-clase-r-r-280-cdi-4matic-5p-diesel-2008-en-jaen-70058374-covo.aspx,22.33682089839773
RENAULT Mégane Equilibre Blue dCi,14985.0,19261.875,https://www.coches.net/renault-megane-equilibre-blue-dci-85-kw-115cv-5p-diesel-2022-en-las-palmas-70459098-covo.aspx,22.20383529640806
FORD C-Max 2.0 TDCi Titanium PowerShift,13890.0,17850.373,https://www.coches.net/ford-c-max-20-tdci-110kw-titanium-powershift-5p-diesel-2017-en-barcelona-70485914-covo.aspx,22.186500172713917
PEUGEOT 508 SW Active Pack BlueHDi 130 SS EAT8,13990.0,17970.596,https://www.coches.net/peugeot-508-sw-active-pack-bluehdi-130-ss-eat8-5p-diesel-2022-en-vizcaya-70515114-covo.aspx,22.15060518240246
KIA e-Niro eNiro Emotion Long Range,24490.0,31409.5,https://www.coches.net/kia-e-niro-eniro-150kw-emotion-long-range-5p-electrico-hibrido-2021-en-sevilla-62246965-covo.aspx,22.02995908881071
AUDI A4 2.0 TDI Avant,14990.0,19211.47,https://www.coches.net/audi-a4-20-tdi-110kw-150cv-avant-5p-diesel-2018-en-valencia-70462483-covo.aspx,21.97369877798227
AUDI A1 35 TFSI Sportback,19490.0,24969.562,https://www.coches.net/audi-a1-35-tfsi-110kw-150cv-sportback-5p-gasolina-2019-en-barcelona-70485916-covo.aspx,21.94496799853822
MERCEDES-BENZ Clase CLK CLK 200 K ELEGANCE,9990.0,12790.614,https://www.coches.net/mercedes-benz-clase-clk-clk-200-k-elegance-2p-gasolina-2004-en-alicante-70477790-covo.aspx,21.895854267529696
RENAULT Scénic Limited Energy dCi 130 eco2,7990.0,10218.978,https://www.coches.net/renault-scenic-limited-energy-dci-130-eco2-5p-diesel-2014-en-barcelona-70485757-covo.aspx,21.81213854852047
MERCEDES-BENZ Clase B B 200,21490.0,27476.367,https://www.coches.net/mercedes-benz-clase-b-b-200-5p-gasolina-2019-en-barcelona-70485742-covo.aspx,21.787331442503856
JAGUAR XF 2.0D Prestige,14490.0,18521.506,https://www.coches.net/jaguar-xf-20d-120kw-163cv-prestige-4p-diesel-2017-en-madrid-70281248-covo.aspx,21.766620327657535
VOLVO EX30 Single Motor Extended Range Core Auto,28985.0,37017.777,https://www.coches.net/volvo-ex30-single-motor-extended-range-core-auto-5p-electrico-hibrido-2025-en-las-palmas-70497359-covo.aspx,21.699782969563504
FORD C-Max 1.6 TDCi 95 Trend,6500.0,8299.253,https://www.coches.net/ford-c-max-16-tdci-95-trend-5p-diesel-2014-en-navarra-70330077-covo.aspx,21.679697497245083
VOLKSWAGEN Golf Style 1.5 PHEV DSG,26990.0,34441.793,https://www.coches.net/volkswagen-golf-style-15-phev-110kw--85kw-dsg-5p-electrico-hibrido-2025-en-sta-c-tenerife-62276478-covo.aspx,21.635903146828678
MERCEDES-BENZ Clase A A 250 e,25900.0,33029.69,https://www.coches.net/mercedes-benz-clase-a-a-250-e-5p-electrico-hibrido-2022-en-sta-c-tenerife-70515977-covo.aspx,21.585703961196845
VOLKSWAGEN T-Roc Advance 1.5 TSI DSG,17985.0,22925.049,https://www.coches.net/volkswagen-t-roc-advance-15-tsi-110kw-150cv-dsg-5p-gasolina-2022-en-las-palmas-70497373-covo.aspx,21.54869490207772
PEUGEOT 308 Style PureTech 130 SS 6 Vel. MAN,9999.0,12734.732,https://www.coches.net/peugeot-308-5p-style-puretech-130-ss-6-vel-man-5p-gasolina-2019-en-madrid-70495065-covo.aspx,21.48244918892614
VOLKSWAGEN Passat Variant 2.0 TDI Highline Bmot Tech,7990.0,10171.578,https://www.coches.net/volkswagen-passat-variant-20-tdi-140cv-highline-bmot-tech-5p-diesel-2014-en-zamora-70257868-covo.aspx,21.447784190321993
CITROEN C3 PureTech Max,13790.0,17555.055,https://www.coches.net/citroen-c3-puretech-81kw-110cv-max-5p-gasolina-2023-en-madrid-70281259-covo.aspx,21.447125939065806
TOYOTA Corolla 140H Eco,15900.0,20228.084,https://www.coches.net/toyota-corolla-140h-eco-4p-electrico-hibrido-2023-en-madrid-70475043-covo.aspx,21.39641098839707
FORD Focus 1.0 Ecoboost MHEV Active Style SIP,19900.0,25306.18,https://www.coches.net/ford-focus-10-ecoboost-mhev-114kw-active-style-sip-5p-electrico-hibrido-2022-en-vizcaya-70123942-covo.aspx,21.363081090309276
RENAULT Austral Techno ETech Full Hybrid,27990.0,35546.168,https://www.coches.net/renault-austral-techno-etech-full-hybrid-147kw-200cv-5p-electrico-hibrido-2024-en-barcelona-61964242-covo.aspx,21.257334898639193
RENAULT Clio Techno ETech Hibrido,15850.0,20101.771,https://www.coches.net/renault-clio-techno-etech-hibrido-103-kw-145cv-5p-electrico-hibrido-2022-en-las-palmas-70417653-covo.aspx,21.15122782924818
AUDI Q5 Design 45 TFSI quattro S tronic,26985.0,34216.74,https://www.coches.net/audi-q5-design-45-tfsi-180kw-quattro-s-tronic-5p-electrico-hibrido-2020-en-las-palmas-70497362-covo.aspx,21.1350895629138
SEAT León SP 1.5 eTSI DSG Style Spec Edition,23900.0,30276.17,https://www.coches.net/seat-leon-sp-15-etsi-110kw-dsg-style-spec-edition-5p-electrico-hibrido-2025-en-guipuzcoa-70181006-covo.aspx,21.06002819487454
PEUGEOT 208 PureTech Allure,10900.0,13807.884,https://www.coches.net/peugeot-208-puretech-73kw-100cv-allure-5p-gasolina-2021-en-pontevedra-70504524-covo.aspx,21.059590546133453
VOLVO V60 Cross Country 2.0 D4 Momentum,14999.0,18981.766,https://www.coches.net/volvo-v60-cross-country-20-d4-momentum-5p-diesel-2017-en-sevilla-70507953-covo.aspx,20.98206090878335
BMW Serie 1 118d,21500.0,27207.213,https://www.coches.net/bmw-serie-1-118d-5p-diesel-2021-en-madrid-70237943-covo.aspx,20.97683769950423
VOLVO XC60 2.0 T5 Summum Auto,18900.0,23911.822,https://www.coches.net/volvo-xc60-20-t5-summum-auto-5p-gasolina-2017-en-malaga-70280524-covo.aspx,20.959599857974283
MG MG3 Hybrid+ Luxury,18800.0,23754.748,https://www.coches.net/mg-mg3-hybrid-luxury-5p-electrico-hibrido-2024-en-valencia-70353997-covo.aspx,20.857927169329884
FIAT 500 S 1.0 6v GSE 70 CV,9150.0,11556.146,https://www.coches.net/fiat-500-s-10-6v-gse-52kw-70-cv-3p-electrico-hibrido-2020-en-malaga-70475519-covo.aspx,20.82135673538179
PEUGEOT 308 Allure 1.2 PureTech SS,10900.0,13745.6,https://www.coches.net/peugeot-308-5p-allure-12-puretech-96kw-130cv-ss-5p-gasolina-2017-en-madrid-70281228-covo.aspx,20.701895080911548
VOLKSWAGEN Arteon 2.0 TDI DSG,24440.0,30801.945,https://www.coches.net/volkswagen-arteon-20-tdi-140kw-190cv-dsg-5p-diesel-2020-en-sevilla-70370732-covo.aspx,20.654362079911248
RENAULT Clio Business TCe GLP,10990.0,13846.774,https://www.coches.net/renault-clio-business-tce-74-kw-100cv-glp-5p-otros-2021-en-madrid-70426829-covo.aspx,20.631334985577713
OMODA 5 1.6 TGDI 136.5kW DCT Premium,23990.0,30225.566,https://www.coches.net/omoda-5-16-tgdi-1365kw-185cv-dct-premium-5p-gasolina-2024-en-murcia-70513272-covo.aspx,20.63010605803112
LAND-ROVER Discovery Sport 2.0L TD4 4x4 Pure,15000.0,18898.068,https://www.coches.net/land-rover-discovery-sport-20l-td4-132kw-180cv-4x4-pure-5p-diesel-2017-en-navarra-62100569-covo.aspx,20.626808440140056
SWM G05 1.5T DCT,18990.0,23893.967,https://www.coches.net/swm-g05-15t-dct-5p-gasolina-2024-en-madrid-70396971-covo.aspx,20.523870475606298
RENAULT Clio Zen ETech Hibrido,15990.0,20114.355,https://www.coches.net/renault-clio-zen-etech-hibrido-104-kw-140cv-5p-electrico-hibrido-2021-en-sta-c-tenerife-62344203-covo.aspx,20.504537046477417
BMW Serie 3 320d Auto.Touring,22890.0,28792.707,https://www.coches.net/bmw-serie-3-320d-autotouring-5p-electrico-hibrido-2020-en-malaga-70357086-covo.aspx,20.50070187858172
PEUGEOT 208 PureTech Allure,12900.0,16218.953,https://www.coches.net/peugeot-208-puretech-73kw-100cv-allure-5p-gasolina-2023-en-pontevedra-70504517-covo.aspx,20.463423868487197
RENAULT Clio Intens ETech Hibrido,15990.0,20101.771,https://www.coches.net/renault-clio-intens-etech-hibrido-104-kw-140cv-5p-electrico-hibrido-2021-en-las-palmas-62036215-covo.aspx,20.45477179745605
RENAULT Mégane Equilibre Blue dCi,12990.0,16301.453,https://www.coches.net/renault-megane-equilibre-blue-dci-85-kw-115cv-5p-diesel-2023-en-valencia-70469586-covo.aspx,20.313852388542816
MINI COUNTRYMAN Cooper S E ALL4,19990.0,25075.844,https://www.coches.net/mini-countryman-cooper-s-e-all4-5p-electrico-hibrido-2019-en-sta-c-tenerife-70009810-covo.aspx,20.281844952874216
BMW Serie 2 Active Tourer 216d,10499.0,13163.067,https://www.coches.net/bmw-serie-2-active-tourer-216d-5p-diesel-2016-en-madrid-62561517-covo.aspx,20.238955748954613
VOLVO V60 2.0 B4 D Momentum Pro Auto,22990.0,28807.064,https://www.coches.net/volvo-v60-20-b4-d-momentum-pro-auto-5p-electrico-hibrido-2022-en-murcia-70373259-covo.aspx,20.193187204446176
RENAULT Clio Intens ETech Hibrido,15990.0,20035.307,https://www.coches.net/renault-clio-intens-etech-hibrido-104-kw-140cv-5p-electrico-hibrido-2021-en-las-palmas-61893619-covo.aspx,20.19088957901174
SKODA Fabia 1.0 TSI Ambition Plus,12900.0,16163.433,https://www.coches.net/skoda-fabia-10-tsi-81kw-110cv-ambition-plus-5p-gasolina-2021-en-jaen-70221007-covo.aspx,20.19022007563731
PEUGEOT 308 Allure 1.6 BlueHDi,8970.0,11237.879,https://www.coches.net/peugeot-308-5p-allure-16-bluehdi-88kw-120cv-5p-diesel-2017-en-madrid-70405978-covo.aspx,20.18066687823721
OPEL Corsa 1.5D DT Edition,10780.0,13497.845,https://www.coches.net/opel-corsa-15d-dt-74kw-100cv-edition-5p-diesel-2022-en-valencia-70460658-covo.aspx,20.1353977736463
DS DS 3 Crossback PureTech PERFORMANCE LINE,13990.0,17512.77,https://www.coches.net/ds-ds-3-crossback-puretech-96kw-130cv-performance-line-5p-gasolina-2022-en-sta-c-tenerife-62487763-covo.aspx,20.1154336266684
LAND-ROVER Range Rover Evoque 2.0 D163 AUTO 4WD MHEV,24490.0,30648.36,https://www.coches.net/land-rover-range-rover-evoque-20-d163-auto-4wd-mhev-5p-electrico-hibrido-2021-en-barcelona-70485758-covo.aspx,20.093602073928306
MERCEDES-BENZ Clase C C 300 Estate,27500.0,34405.25,https://www.coches.net/mercedes-benz-clase-c-c-300-estate-5p-electrico-hibrido-2019-en-a-coruna-61400901-covo.aspx,20.070338102469826
CITROEN C4 PureTech 130 SS 6v Plus,14990.0,18750.377,https://www.coches.net/citroen-c4-puretech-130-ss-6v-plus-5p-gasolina-2024-en-madrid-70356842-covo.aspx,20.054940562132447
RENAULT Scénic Limited dCi 110 EDC,7490.0,9364.9,https://www.coches.net/renault-scenic-limited-dci-110-edc-5p-diesel-2014-en-madrid-70419889-covo.aspx,20.020505423655358
BMW Serie 3 320d Gran Turismo,16890.0,21106.91,https://www.coches.net/bmw-serie-3-320d-gran-turismo-5p-diesel-2018-en-madrid-70462567-covo.aspx,19.978813218197757
PEUGEOT 3008 Style 1.2 PureTech 130 SS,8985.0,11226.091,https://www.coches.net/peugeot-3008-style-12-puretech-130-ss-5p-gasolina-2015-en-las-palmas-70516618-covo.aspx,19.963234363447942
BMW Serie 1 114d,9500.0,11866.043,https://www.coches.net/bmw-serie-1-114d-5p-diesel-2015-en-almeria-70179033-covo.aspx,19.939612345759482
LAND-ROVER Range Rover Velar 2.0 I4 PHEV S 4WD Auto,46985.0,58657.984,https://www.coches.net/land-rover-range-rover-velar-20-i4-phev-297kw-404cv-s-4wd-auto-5p-electrico-hibrido-2025-en-las-palmas-70373827-covo.aspx,19.90007754166033
AUDI A6 Avant Sport 45 TFSI quattroultra,40900.0,51040.48,https://www.coches.net/audi-a6-avant-sport-45-tfsi-quattroultra-5p-electrico-hibrido-2022-en-madrid-70363871-covo.aspx,19.867525492748058
FORD Puma 1.0 EcoBoost STLine X MHEV,19000.0,23706.725,https://www.coches.net/ford-puma-10-ecoboost-155cv-stline-x-mhev-5p-electrico-hibrido-2022-en-huelva-70404894-covo.aspx,19.85396416809807
SEAT Ibiza 1.0 TSI Reference Business,8490.0,10588.376,https://www.coches.net/seat-ibiza-10-tsi-70kw-95cv-reference-business-5p-gasolina-2020-en-sta-c-tenerife-62527381-covo.aspx,19.817732022429887
OPEL Crossland X 1.2 Opel 2020,11490.0,14326.263,https://www.coches.net/opel-crossland-x-12-81kw-110cv-opel-2020-5p-gasolina-2020-en-madrid-70255098-covo.aspx,19.797645454599365
CITROEN C3 Aircross BlueHDi SS Feel,13900.0,17314.371,https://www.coches.net/citroen-c3-aircross-bluehdi-81kw-110cv-ss-feel-5p-diesel-2023-en-ciudad-real-70381405-covo.aspx,19.71986782114478
NISSAN X-TRAIL 2.0 dCi XTRONIC NCONNECTA,13900.0,17311.129,https://www.coches.net/nissan-x-trail-20-dci-xtronic-nconnecta-5p-diesel-2016-en-a-coruna-70413006-covo.aspx,19.70483221933867
MERCEDES-BENZ Clase E E 400 d 4MATIC Estate,33999.0,42339.035,https://www.coches.net/mercedes-benz-clase-e-e-400-d-4matic-estate-5p-diesel-2021-en-madrid-70058556-covo.aspx,19.698217319954352
JEEP Grand Cherokee 3.0 V6 CRD Limited,7480.0,9314.097,https://www.coches.net/jeep-grand-cherokee-30-v6-crd-limited-5p-diesel-2005-en-jaen-70118855-covo.aspx,19.69162166511929
AUDI Q5 Advanced 50 TFSI E quattroultra,29990.0,37298.156,https://www.coches.net/audi-q5-advanced-50-tfsi-e-quattroultra-5p-electrico-hibrido-2020-en-sta-c-tenerife-70015040-covo.aspx,19.593880729694245
LAND-ROVER Range Rover Evoque 1.5 P300e I3 S AUTO 4WD PHEV,30990.0,38521.773,https://www.coches.net/land-rover-range-rover-evoque-15-p300e-i3-s-auto-4wd-phev-5p-electrico-hibrido-2022-en-sta-c-tenerife-62467482-covo.aspx,19.55199038206274
VOLKSWAGEN Golf Life 1.5 eTSI DSG,18690.0,23225.953,https://www.coches.net/volkswagen-golf-life-15-etsi-110kw-150cv-dsg-5p-electrico-hibrido-2020-en-madrid-70027143-covo.aspx,19.529674845152346
NISSAN QASHQAI EPOWER 190 CV NConnecta,22790.0,28308.686,https://www.coches.net/nissan-qashqai-epower-140-kw-190-cv-nconnecta-5p-electrico-hibrido-2024-en-castellon-70368610-covo.aspx,19.494672536938786
AUDI A4 Avant 2.0 TDI,8999.0,11177.152,https://www.coches.net/audi-a4-avant-20-tdi-150cv-5p-diesel-2014-en-sevilla-70486996-covo.aspx,19.487542772627336
HYUNDAI Kona 1.6 GDI HEV Tecno Red DT,16950.0,21052.549,https://www.coches.net/hyundai-kona-16-gdi-hev-tecno-red-dt-5p-electrico-hibrido-2020-en-las-palmas-70475712-covo.aspx,19.487183531165737
VOLKSWAGEN Golf VI 2.0 TDI DPF Sport,5900.0,7327.005,https://www.coches.net/volkswagen-golf-vi-20-tdi-110cv-dpf-sport-5p-diesel-2010-en-lugo-70494873-covo.aspx,19.47596467637044
RENAULT Austral Techno ETech Full Hybrid,28435.0,35304.574,https://www.coches.net/renault-austral-techno-etech-full-hybrid-147kw-200cv-5p-electrico-hibrido-2025-en-barcelona-62137665-covo.aspx,19.45802879872042
MERCEDES-BENZ Clase C MercedesAMG c 43 4MATIC,40840.0,50676.613,https://www.coches.net/mercedes-benz-clase-c-mercedesamg-c-43-4matic-4p-gasolina-2017-en-madrid-70326855-covo.aspx,19.41055773924316
SKODA Octavia Combi 1.5 TSI 110kW150CV Man Ambition,18700.0,23197.102,https://www.coches.net/skoda-octavia-combi-15-tsi-110kw150cv-man-ambition-5p-gasolina-2021-en-guipuzcoa-70488656-covo.aspx,19.386480463446908
JEEP Grand Cherokee 3.0 V6 Diesel Summit 250 CV,17500.0,21689.79,https://www.coches.net/jeep-grand-cherokee-30-v6-diesel-summit-250-cv-5p-diesel-2015-en-huesca-70406166-covo.aspx,19.31687325509231
CITROEN C4 Hybrid 145 eDCS6 Business Edition,22290.0,27622.99,https://www.coches.net/km-0/citroen/c4/vizcaya/hybrid-145-edcs6-business-edition-electrico-hibrido-de-km0-70251557-kovn.aspx,19.30634659436126
HYUNDAI ix35 1.7 CRDi Tecno Sky 4x2,5980.0,7409.541,https://www.coches.net/hyundai-ix35-17-crdi-tecno-sky-4x2-5p-diesel-2014-en-jaen-62636474-covo.aspx,19.293246539973666
BMW Serie 1 118d,21490.0,26625.99,https://www.coches.net/bmw-serie-1-118d-5p-diesel-2022-en-vizcaya-70238959-covo.aspx,19.289386757696146
VOLKSWAGEN Polo Advance 1.0 TSI,11985.0,14848.895,https://www.coches.net/volkswagen-polo-advance-10-tsi-70kw-95cv-5p-gasolina-2020-en-las-palmas-70484081-covo.aspx,19.286920822441274
PEUGEOT 508 GT Line 2.0 BlueHDi,14990.0,18555.053,https://www.coches.net/peugeot-508-gt-line-20-bluehdi-110kw-150cv-4p-diesel-2017-en-salamanca-70470735-covo.aspx,19.213379694526015
AUDI e-tron 50 quattro,28490.0,35251.285,https://www.coches.net/audi-e-tron-50-quattro-5p-electrico-hibrido-2021-en-madrid-70448202-covo.aspx,19.180251517869085
VOLKSWAGEN Polo Edition 1.4 TDI BMT,7990.0,9872.155,https://www.coches.net/volkswagen-polo-edition-14-tdi-75cv-bmt-5p-diesel-2017-en-barcelona-70485744-covo.aspx,19.065292444312725
RENAULT Austral Techno ETech Full Hybrid,28791.0,35546.168,https://www.coches.net/renault-austral-techno-etech-full-hybrid-147kw-200cv-5p-electrico-hibrido-2024-en-barcelona-70459351-covo.aspx,19.00392744075459
SKODA Octavia 2.0 TDI Manual Ambition,18999.0,23430.96,https://www.coches.net/skoda-octavia-20-tdi-110kw-150cv-manual-ambition-5p-diesel-2022-en-alicante-70498811-covo.aspx,18.914977278660746
DS DS 3 PureTech Automatico Bastille,16500.0,20338.434,https://www.coches.net/ds-ds-3-puretech-96-kw-automatico-bastille-5p-gasolina-2022-en-pontevedra-70504522-covo.aspx,18.87280835103029
VOLKSWAGEN Golf 1.4 TSI Sport,9999.0,12323.967,https://www.coches.net/volkswagen-golf-14-tsi-160cv-sport-5p-gasolina-2011-en-sevilla-70365071-covo.aspx,18.865409451318417
CITROEN C1 VTi SS Feel,8500.0,10475.684,https://www.coches.net/citroen-c1-vti-53kw-72cv-ss-feel-5p-gasolina-2019-en-madrid-70487906-covo.aspx,18.85971045296492
PEUGEOT 208 PureTech Active Pack,12900.0,15890.993,https://www.coches.net/peugeot-208-puretech-73kw-100cv-active-pack-5p-gasolina-2023-en-malaga-70478810-covo.aspx,18.821939781754075
MAZDA CX-30 eSKYACTIVX 2.0 AT Evolution,22490.0,27690.049,https://www.coches.net/mazda-cx-30-eskyactivx-20-137kw-at-evolution-5p-electrico-hibrido-2022-en-a-coruna-70512012-covo.aspx,18.779485946024295
PEUGEOT 308 Allure Puretech 130 SS EAT8,12900.0,15881.697,https://www.coches.net/peugeot-308-5p-allure-puretech-130-ss-eat8-5p-gasolina-2021-en-madrid-70473959-covo.aspx,18.774424519970598
FORD Focus 1.0 Ecoboost MHEV Active,22690.0,27928.225,https://www.coches.net/ford-focus-10-ecoboost-mhev-114kw-active-5p-electrico-hibrido-2023-en-huelva-70104560-covo.aspx,18.75602435400288
BMW X2 sDrive20dA,24890.0,30634.357,https://www.coches.net/bmw-x2-sdrive20da-5p-diesel-2021-en-madrid-70484629-covo.aspx,18.75135601105555
MG eHS 1.5TGDI PHEV Comfort,18490.0,22748.57,https://www.coches.net/mg-ehs-15tgdi-phev-comfort-5p-electrico-hibrido-2022-en-madrid-70326848-covo.aspx,18.72016682367058
SEAT León SP 2.0 TDI DSG Style Go,19990.0,24583.928,https://www.coches.net/seat-leon-sp-20-tdi-110kw-dsg-style-go-5p-diesel-2022-en-barcelona-70485756-covo.aspx,18.6867118387736
PEUGEOT 208 Tech Edition BlueHDi,9990.0,12284.926,https://www.coches.net/peugeot-208-5p-tech-edition-bluehdi-73kw-100cv-5p-diesel-2018-en-madrid-70316429-covo.aspx,18.6808273986698
FORD Fiesta 1.0 EcoBoost MHEV 92kW125CV STLine,16900.0,20777.219,https://www.coches.net/ford-fiesta-10-ecoboost-mhev-92kw125cv-stline-5p-5p-electrico-hibrido-2023-en-madrid-70458667-covo.aspx,18.66091316962238
FORD Mondeo 2.0 TDCi 163 DPF Titanium,5890.0,7237.174,https://www.coches.net/ford-mondeo-20-tdci-163-dpf-titanium-4p-diesel-2011-en-madrid-70281234-covo.aspx,18.614639638606338
AUDI A1 Sportback Advanced 30 TFSI,20990.0,25759.793,https://www.coches.net/audi-a1-sportback-advanced-30-tfsi-85kw-116cv-5p-gasolina-2025-en-las-palmas-70504658-covo.aspx,18.516425867771467
AUDI A1 Sportback Advanced 30 TFSI,20990.0,25759.793,https://www.coches.net/audi-a1-sportback-advanced-30-tfsi-85kw-116cv-5p-gasolina-2025-en-las-palmas-70504549-covo.aspx,18.516425867771467
BMW Serie 2 Active Tourer 225e xDrive,25900.0,31766.764,https://www.coches.net/bmw-serie-2-active-tourer-225e-xdrive-5p-electrico-hibrido-2023-en-madrid-70503032-covo.aspx,18.46824477455094
CITROEN C4 BlueHDi 130 SS EAT8 Shine,13499.0,16551.555,https://www.coches.net/citroen-c4-bluehdi-130-ss-eat8-shine-5p-diesel-2021-en-alicante-70424911-covo.aspx,18.442706713257202
OPEL Astra 1.4 Turbo Dynamic,13999.0,17161.086,https://www.coches.net/opel-astra-14-turbo-110kw-150cv-dynamic-5p-gasolina-2019-en-alicante-70290366-covo.aspx,18.425908179798135
LYNK & CO 08 1.5 PHEV More,48900.0,59895.742,https://www.coches.net/km-0/lynk--co/08/asturias/15-phev-more-electrico-hibrido-de-km0-62353326-kovn.aspx,18.358136631947048
BMW Serie 1 120d,32900.0,40266.383,https://www.coches.net/bmw-serie-1-120d-5p-electrico-hibrido-2025-en-toledo-70323138-covo.aspx,18.294126012762273
VOLKSWAGEN Passat Business 2.0 TDI DSG,15490.0,18942.514,https://www.coches.net/volkswagen-passat-business-20-tdi-90kw-122cv-dsg-4p-diesel-2021-en-vizcaya-70479319-covo.aspx,18.226269922144166
RENAULT Mégane Zen ETECH Hibrido Ench. 117kW160CV,19950.0,24387.695,https://www.coches.net/renault-megane-zen-etech-hibrido-ench-117kw160cv-5p-electrico-hibrido-2021-en-madrid-70326945-covo.aspx,18.19645216834181
LAND-ROVER Range Rover Evoque 1.5 P300e RDynamic S AUTO 4WD PHEV,30990.0,37880.816,https://www.coches.net/land-rover-range-rover-evoque-15-p300e-rdynamic-s-auto-4wd-phev-5p-electrico-hibrido-2023-en-sta-c-tenerife-62307849-covo.aspx,18.190781139323796
FORD EcoSport 1.0T EcoBoost SS Titanium,14990.0,18321.791,https://www.coches.net/ford-ecosport-10t-ecoboost-92kw-125cv-ss-titanium-5p-gasolina-2021-en-vizcaya-62558174-covo.aspx,18.18485437795692
AUDI A4 Avant 2.0 TDI 140kW190CV S tron S line,20999.0,25666.127,https://www.coches.net/audi-a4-avant-20-tdi-140kw190cv-s-tron-s-line-5p-diesel-2017-en-jaen-70257112-covo.aspx,18.18399387507413
KIA Ceed 1.0 TGDi Concept,12470.0,15240.694,https://www.coches.net/kia-ceed-10-tgdi-88kw-120cv-concept-5p-gasolina-2022-en-madrid-70234266-covo.aspx,18.179580764927575
BMW Serie 4 435dA xDrive Gran Coupe,29900.0,36539.48,https://www.coches.net/bmw-serie-4-435da-xdrive-gran-coupe-5p-diesel-2018-en-a-coruna-61635637-covo.aspx,18.17070298639945
MITSUBISHI Outlander 2.4 PHEV Kaiteki Auto 4WD,19490.0,23797.164,https://www.coches.net/mitsubishi-outlander-24-phev-kaiteki-auto-4wd-5p-electrico-hibrido-2019-en-vizcaya-62309866-covo.aspx,18.099484674677292
RENAULT Mégane Emotion 2011 dCi 110 eco2 E5,4980.0,6079.524,https://www.coches.net/renault-megane-emotion-2011-dci-110-eco2-e5-5p-diesel-2011-en-jaen-70119274-covo.aspx,18.085691235106957
OPEL Mokka 1.2 T 136 CV GS,14700.0,17945.541,https://www.coches.net/opel-mokka-12-t-100kw-136-cv-gs-5p-gasolina-2023-en-valencia-70272231-covo.aspx,18.085501087981356
MG MG3 1.5 Standard,14990.0,18293.832,https://www.coches.net/mg-mg3-15-standard-5p-gasolina-2024-en-huelva-70507252-covo.aspx,18.05981396137402
MINI COUNTRYMAN Cooper S E ALL4,20990.0,25603.277,https://www.coches.net/mini-countryman-cooper-s-e-all4-5p-electrico-hibrido-2020-en-sta-c-tenerife-62344199-covo.aspx,18.018307897899426
PEUGEOT 2008 Allure Pack Puretech 130 SS BVM6,12750.0,15550.334,https://www.coches.net/peugeot-2008-allure-pack-puretech-130-ss-bvm6-5p-gasolina-2021-en-castellon-70263973-covo.aspx,18.00819189599902
BMW Serie 3 320d,12500.0,15238.663,https://www.coches.net/bmw-serie-3-320d-4p-diesel-2016-en-murcia-62471243-covo.aspx,17.97180678182186
AUDI Q7 3.0 TDI quattro tiptronic Ambition,10999.0,13404.383,https://www.coches.net/audi-q7-30-tdi-240cv-quattro-tiptronic-ambition-5p-diesel-2011-en-sevilla-70487134-covo.aspx,17.944748715001683
HYUNDAI Kona EV Tecno,17990.0,21905.826,https://www.coches.net/hyundai-kona-ev-150kw-204cv-tecno-5p-electrico-hibrido-2019-en-madrid-70225623-covo.aspx,17.875729229069428
FORD Kuga STLine 2.5 Duratec PHEV Auto,21500.0,26173.723,https://www.coches.net/ford-kuga-stline-25-duratec-phev-165kw-auto-5p-electrico-hibrido-2022-en-madrid-70472635-covo.aspx,17.85654535135057
PEUGEOT 2008 GT Line Puretech 130 SS BVM6,12490.0,15203.369,https://www.coches.net/peugeot-2008-gt-line-puretech-130-ss-bvm6-5p-gasolina-2020-en-castellon-62657753-covo.aspx,17.847156873765517
DACIA Duster Expression Bl. dCi 85kW115CV 4X2,12490.0,15199.353,https://www.coches.net/dacia-duster-expression-bl-dci-85kw115cv-4x2-5p-diesel-2022-en-castellon-70308586-covo.aspx,17.825447051770364
VOLVO V60 2.0 D3 Summum,13990.0,17019.377,https://www.coches.net/volvo-v60-20-d3-summum-5p-diesel-2017-en-pontevedra-62648178-covo.aspx,17.799576103570367
VOLVO V60 2.0 B4 D Momentum Pro Auto,22990.0,27965.873,https://www.coches.net/volvo-v60-20-b4-d-momentum-pro-auto-5p-electrico-hibrido-2022-en-murcia-62579098-covo.aspx,17.792661214383294
MAZDA CX-5 2.2 DE Black Tech Edition 2WD,14650.0,17803.91,https://www.coches.net/mazda-cx-5-22-de-black-tech-edition-2wd-5p-diesel-2015-en-alicante-70284891-covo.aspx,17.714704964082458
PEUGEOT 2008 Allure Puretech 130 SS BVM6,15490.0,18824.514,https://www.coches.net/peugeot-2008-allure-puretech-130-ss-bvm6-5p-gasolina-2020-en-vizcaya-70430733-covo.aspx,17.71367765456258
CUPRA León 1.4 eHybrid DSG,22990.0,27922.256,https://www.coches.net/cupra-leon-14-ehybrid-180kw-245cv-dsg-5p-electrico-hibrido-2022-en-madrid-70438460-covo.aspx,17.66424562619634
PEUGEOT 2008 Allure Puretech 130 SS BVM6,12990.0,15769.432,https://www.coches.net/peugeot-2008-allure-puretech-130-ss-bvm6-5p-gasolina-2020-en-valencia-62079820-covo.aspx,17.625439546373155
FIAT 500X 1.0 Firefly T3 120 CV,14490.0,17582.035,https://www.coches.net/fiat-500x-10-firefly-t3-88kw-120-cv-5p-gasolina-2023-en-madrid-70448717-covo.aspx,17.586332462490013
CITROEN C1 PureTech City Edition,7990.0,9694.908,https://www.coches.net/citroen-c1-puretech-60kw-82cv-city-edition-5p-gasolina-2017-en-valencia-70457530-covo.aspx,17.585604395670813
CITROEN C4 Cactus PureTech 110 SS Feel,11900.0,14438.182,https://www.coches.net/citroen-c4-cactus-puretech-110-ss-feel-5p-gasolina-2020-en-madrid-70423947-covo.aspx,17.579648904563353
BMW Serie 1 118d,20490.0,24858.107,https://www.coches.net/bmw-serie-1-118d-5p-diesel-2020-en-madrid-70424736-covo.aspx,17.57216407404809
RENAULT Captur techno TCe GPF,17990.0,21817.021,https://www.coches.net/renault-captur-techno-tce-103-kw-140cv-gpf-5p-electrico-hibrido-2022-en-las-palmas-61091225-covo.aspx,17.541448025413786
RENAULT Mégane Sport Tourer Business dCi 110,5500.0,6664.1157,https://www.coches.net/renault-megane-sport-tourer-business-dci-110-5p-diesel-2012-en-sevilla-70417894-covo.aspx,17.46841998404321
FIAT 500 Dolcevita 1.0 Hybrid 70 CV,8900.0,10781.59,https://www.coches.net/fiat-500-dolcevita-10-hybrid-51kw-70-cv-3p-electrico-hibrido-2022-en-madrid-70487913-covo.aspx,17.451877422704428
PORSCHE Macan,28999.0,35125.445,https://www.coches.net/porsche-macan--5p-gasolina-2019-en-alicante-70014830-covo.aspx,17.441616064920883
FIAT 500 Dolcevita 1.0 Hybrid 70 CV,9400.0,11380.637,https://www.coches.net/fiat-500-dolcevita-10-hybrid-51kw-70-cv-3p-electrico-hibrido-2022-en-madrid-70325574-covo.aspx,17.40356684513821
OPEL Corsa 1.2T XHL Edition,11490.0,13910.872,https://www.coches.net/opel-corsa-12t-xhl-74kw-100cv-edition-5p-gasolina-2022-en-barcelona-70317805-covo.aspx,17.402734049139426
BMW Serie 1 120d,32900.0,39789.94,https://www.coches.net/bmw-serie-1-120d-5p-electrico-hibrido-2025-en-toledo-70374896-covo.aspx,17.31578676104249
FIAT 500 Cult 1.0 Hybrid 70 CV,10490.0,12685.154,https://www.coches.net/fiat-500-cult-10-hybrid-51kw-70-cv-3p-electrico-hibrido-2022-en-madrid-70424035-covo.aspx,17.3049081272569
FORD Focus 1.0 Ecoboost MHEV Active,17390.0,21026.979,https://www.coches.net/ford-focus-10-ecoboost-mhev-114kw-active-5p-electrico-hibrido-2022-en-madrid-70421761-covo.aspx,17.296724362572526
LAND-ROVER Range Rover Evoque 2.0 D150 S FWD,20890.0,25249.76,https://www.coches.net/land-rover-range-rover-evoque-20-d150-s-fwd-5p-diesel-2020-en-barcelona-70485922-covo.aspx,17.266539587281034
LAND-ROVER Discovery Sport 1.5 I3 PHEV 309PS AWD Auto SE,33700.0,40732.633,https://www.coches.net/land-rover-discovery-sport-15-i3-phev-309ps-awd-auto-se-5p-electrico-hibrido-2023-en-madrid-70383843-covo.aspx,17.265352929363875
VOLKSWAGEN Golf R 20 Aniversario 2.0 TSI 4Mot DSG,46700.0,56405.777,https://www.coches.net/volkswagen-golf-r-20-aniversario-20-tsi-245kw-4mot-dsg-5p-gasolina-2024-en-murcia-70083485-covo.aspx,17.20706246915227
PEUGEOT 208 PureTech Active Pack,12985.0,15681.059,https://www.coches.net/peugeot-208-puretech-73kw-100cv-active-pack-5p-gasolina-2021-en-sta-c-tenerife-70497341-covo.aspx,17.193090489595953
BMW Serie 3 320e,30900.0,37289.574,https://www.coches.net/bmw-serie-3-320e-4p-electrico-hibrido-2023-en-madrid-70466036-covo.aspx,17.135015222397428
VOLKSWAGEN Golf GTI TCR 2.0 TSI 213kW290CV DSG,27500.0,33171.633,https://www.coches.net/volkswagen-golf-gti-tcr-20-tsi-213kw290cv-dsg-3p-gasolina-2019-en-murcia-61677703-covo.aspx,17.097840328085297
LAND-ROVER Range Rover Sport 3.0 SDV6 255 CV HSE,14590.0,17597.043,https://www.coches.net/land-rover-range-rover-sport-30-sdv6-255-cv-hse-5p-diesel-2013-en-madrid-70326883-covo.aspx,17.088342479416042
MAZDA CX-30 eSKYACTIVX 2.0 AT Homura,23490.0,28331.11,https://www.coches.net/mazda-cx-30-eskyactivx-20-137kw-at-homura-5p-electrico-hibrido-2022-en-madrid-70499575-covo.aspx,17.087609634065025
HYUNDAI i20 1.0 TGDI 48V Essence,10990.0,13252.925,https://www.coches.net/hyundai-i20-10-tgdi-74kw-100cv-48v-essence-5p-electrico-hibrido-2021-en-madrid-70417911-covo.aspx,17.074908656292333
RENAULT Captur Intens ETECH hibrido enchufable,17990.0,21690.973,https://www.coches.net/renault-captur-intens-etech-hibrido-enchufable-160cv-5p-electrico-hibrido-2021-en-sta-c-tenerife-62519461-covo.aspx,17.06227154909814
FORD Fiesta 1.6 EcoBoost ST,14999.0,18082.402,https://www.coches.net/ford-fiesta-16-ecoboost-182cv-st-3p-3p-gasolina-2016-en-alicante-70310023-covo.aspx,17.05195075927368
NISSAN X-TRAIL 1.6 DIGT ACENTA 7 PlazaTecho,13999.0,16868.174,https://www.coches.net/nissan-x-trail-16-digt-acenta-7-plazatecho-5p-gasolina-2016-en-sevilla-70408280-covo.aspx,17.009392109423892
KIA Sportage 1.6 TGDi HEV Drive 4x2,31690.0,38183.367,https://www.coches.net/kia-sportage-16-tgdi-hev-171kw-230cv-drive-4x2-5p-electrico-hibrido-2024-en-sevilla-62393439-covo.aspx,17.005747962494304
SEAT León SP 1.5 eTSI DSG SS FR Go L,18499.0,22287.033,https://www.coches.net/seat-leon-sp-15-etsi-110kw-dsg-ss-fr-go-l-5p-electrico-hibrido-2022-en-madrid-70383915-covo.aspx,16.996578991024506
FORD S-MAX 2.5 Duratec Atkin. FHEV Titanium 7,22990.0,27682.848,https://www.coches.net/ford-s-max-25-duratec-atkin-fhev-140kw-titanium-7-5p-electrico-hibrido-2023-en-murcia-70260260-covo.aspx,16.952185391196515
FORD Focus 1.5 Ecoblue Trend,12970.0,15608.722,https://www.coches.net/ford-focus-15-ecoblue-88kw-trend-5p-diesel-2020-en-madrid-70519388-covo.aspx,16.905431039374708
OPEL Insignia ST 2.0 CDTi Turbo D Innovation,18990.0,22850.527,https://www.coches.net/opel-insignia-st-20-cdti-turbo-d-innovation-5p-diesel-2019-en-huelva-61910574-covo.aspx,16.89469693926306
MINI MINI JOHN COOPER WORKS,25000.0,30066.842,https://www.coches.net/mini-mini-john-cooper-works-3p-gasolina-2021-en-murcia-70045189-covo.aspx,16.851925556749435
BMW Serie 1 120d,33500.0,40266.383,https://www.coches.net/bmw-serie-1-120d-5p-electrico-hibrido-2025-en-ciudad-real-70269407-covo.aspx,16.804049283511738
SKODA Karoq 2.0 TDI DSG 4X4 Ambition,19999.0,24027.564,https://www.coches.net/skoda-karoq-20-tdi-110kw-150cv-dsg-4x4-ambition-5p-diesel-2023-en-alicante-70498808-covo.aspx,16.766428661482788
MINI COUNTRYMAN Cooper S,18490.0,22212.646,https://www.coches.net/mini-countryman-cooper-s-5p-gasolina-2018-en-barcelona-70485928-covo.aspx,16.759130826637943
OPEL Corsa 1.5D DT Edition,10499.0,12612.096,https://www.coches.net/opel-corsa-15d-dt-74kw-100cv-edition-5p-diesel-2021-en-sevilla-70517971-covo.aspx,16.754516877012133
PEUGEOT 208 BlueHDi Active,12900.0,15490.806,https://www.coches.net/peugeot-208-bluehdi-73kw-100cv-active-5p-diesel-2021-en-lugo-70495117-covo.aspx,16.724796116143743
AUDI A6 RS 6 Avant TFSI quattro,85000.0,102023.32,https://www.coches.net/audi-a6-rs-6-avant-tfsi-quattro-5p-gasolina-2022-en-murcia-61756353-covo.aspx,16.68571485456182
SEAT León ST 2.0 TSI DSG6 SS CUPRA,24980.0,29982.424,https://www.coches.net/seat-leon-st-20-tsi-221kw-300cv-dsg6-ss-cupra-5p-gasolina-2018-en-a-coruna-70482109-covo.aspx,16.68452109409673
MITSUBISHI Outlander 2.0 4x4,6990.0,8387.694,https://www.coches.net/mitsubishi-outlander-20-4x4-5p-gasolina-2003-en-castellon-70401659-covo.aspx,16.66362983625915
OPEL Astra 1.4 Turbo GLP Elegance,10990.0,13171.717,https://www.coches.net/opel-astra-14-turbo-glp-elegance-4p-otros-2018-en-las-palmas-62235462-covo.aspx,16.56364793230761
BMW Serie 1 118d Business Auto.,28900.0,34632.77,https://www.coches.net/bmw-serie-1-118d-business-auto-5p-diesel-2024-en-ciudad-real-62531503-covo.aspx,16.553020762827476
KIA Niro 1.6 GDi HEV Drive,17990.0,21552.854,https://www.coches.net/kia-niro-16-gdi-hev-104kw-141cv-drive-5p-electrico-hibrido-2020-en-madrid-70372429-covo.aspx,16.530774048281202
SUBARU XV 2.0i Hybrid CVT Executive Plus,21300.0,25516.408,https://www.coches.net/subaru-xv-20i-hybrid-cvt-executive-plus-5p-electrico-hibrido-2022-en-madrid-70487934-covo.aspx,16.524301420325354
MERCEDES-BENZ Clase C C 220 d Estate,30990.0,37118.09,https://www.coches.net/mercedes-benz-clase-c-c-220-d-estate-5p-electrico-hibrido-2021-en-sevilla-70461536-covo.aspx,16.509712298090836
RENAULT ZOE Zen R135 Bateria 50kWh,13985.0,16746.605,https://www.coches.net/renault-zoe-zen-100-kw-r135-bateria-50kwh-5p-electrico-hibrido-2020-en-sta-c-tenerife-70415780-covo.aspx,16.490538777564765
PEUGEOT 308 Active 1.6 BlueHDi,9990.0,11954.977,https://www.coches.net/peugeot-308-5p-active-16-bluehdi-73kw-100cv-5p-diesel-2017-en-castellon-70405250-covo.aspx,16.436473565859405
KIA Ceed 1.6 MHEV iMT Drive,19990.0,23919.115,https://www.coches.net/kia-ceed-16-mhev-imt-100kw-136cv-drive-5p-electrico-hibrido-2023-en-huelva-70158591-covo.aspx,16.42667463187907
MG MG3 1.5 Standard,15290.0,18293.832,https://www.coches.net/mg-mg3-15-standard-5p-gasolina-2024-en-sevilla-70429350-covo.aspx,16.41991697594455
RENAULT Scénic Dynamique dCi 110,5990.0,7165.172,https://www.coches.net/renault-scenic-dynamique-dci-110-5p-diesel-2011-en-madrid-70470718-covo.aspx,16.401167976169447
MERCEDES-BENZ Clase E Cabrio E 350 CGI BE Avantgarde,17499.0,20929.969,https://www.coches.net/mercedes-benz-clase-e-cabrio-e-350-cgi-be-avantgarde-2p-gasolina-2011-en-alicante-70359554-covo.aspx,16.392612865224656
DS DS 3 Crossback PureTech PERFORMANCE LINE,13990.0,16722.684,https://www.coches.net/ds-ds-3-crossback-puretech-96kw-130cv-performance-line-5p-gasolina-2022-en-sta-c-tenerife-62364777-covo.aspx,16.341178605874738
DS DS 3 Crossback PureTech PERFORMANCE LINE,13990.0,16722.684,https://www.coches.net/ds-ds-3-crossback-puretech-96kw-130cv-performance-line-5p-gasolina-2022-en-sta-c-tenerife-62276479-covo.aspx,16.341178605874738
ALFA ROMEO Stelvio 2.2 Diesel SPRINT AWD,25900.0,30948.883,https://www.coches.net/alfa-romeo-stelvio-22-diesel-140kw-190cv-sprint-awd-5p-diesel-2022-en-valencia-70478924-covo.aspx,16.31361895383441
FORD Kuga 1.5 EcoBoost 4x2 Titanium Lim.Ed.,15075.0,18003.793,https://www.coches.net/ford-kuga-15-ecoboost-110kw-4x2-titanium-limed-5p-gasolina-2019-en-barcelona-70380302-covo.aspx,16.267644122733685
SKODA Citigo 1.0 MPI Active,8990.0,10736.418,https://www.coches.net/skoda-citigo-10-mpi-44kw-60cv-active-5p-gasolina-2019-en-madrid-70462577-covo.aspx,16.26630011828171
MERCEDES-BENZ Clase A A 250 e,25985.0,31004.309,https://www.coches.net/mercedes-benz-clase-a-a-250-e-5p-electrico-hibrido-2022-en-las-palmas-70497351-covo.aspx,16.189067976061292
SEAT León 1.6 TDI StSp Style,10390.0,12384.718,https://www.coches.net/seat-leon-16-tdi-85kw-115cv-stsp-style-5p-diesel-2017-en-madrid-70505024-covo.aspx,16.106283646735427
BYD Atto 3 Comfort,29990.0,35744.527,https://www.coches.net/byd-atto-3-comfort-5p-electrico-hibrido-2025-en-madrid-70449957-covo.aspx,16.099044445068568
FORD Ka 1.3 TDCi Titanium,3890.0,4636.315,https://www.coches.net/ford-ka-13-tdci-titanium-3p-diesel-2009-en-jaen-70415439-covo.aspx,16.097157998069125
SEAT Ibiza 1.0 TSI FR XM,17985.0,21430.135,https://www.coches.net/seat-ibiza-10-tsi-85kw-115cv-fr-xm-5p-gasolina-2025-en-las-palmas-70459094-covo.aspx,16.076122727660895
NISSAN JUKE dCi EU6 110 CV 6MT TEKNA,9999.0,11912.647,https://www.coches.net/nissan-juke-dci-eu6-81-kw-110-cv-6mt-tekna-5p-diesel-2016-en-madrid-70405520-covo.aspx,16.063998092888244
KIA Niro 1.6 GDi Hibrido Drive,15500.0,18462.027,https://www.coches.net/kia-niro-16-gdi-hibrido-104kw-141cv-drive-5p-electrico-hibrido-2019-en-malaga-70518607-covo.aspx,16.043889918474978
CITROEN C3 BlueHDi SS Feel Pack,10890.0,12969.74,https://www.coches.net/citroen-c3-bluehdi-75kw-100cv-ss-feel-pack-5p-diesel-2021-en-malaga-70315716-covo.aspx,16.035326820678
AUDI A4 Avant S line 40 gtron S tronic,21990.0,26184.658,https://www.coches.net/audi-a4-avant-s-line-40-gtron-s-tronic-5p-otros-2019-en-madrid-70453429-covo.aspx,16.01952628361744
MERCEDES-BENZ Clase GLA GLA 220 d 4MATIC,19990.0,23801.688,https://www.coches.net/mercedes-benz-clase-gla-gla-220-d-4matic-5p-diesel-2018-en-castellon-61751812-covo.aspx,16.01435822565102
PEUGEOT 208 ACCESS 1.2L PureTech,6980.0,8308.047,https://www.coches.net/peugeot-208-5p-access-12l-puretech-60kw-82cv-5p-gasolina-2016-en-jaen-70427584-covo.aspx,15.985067188249344
HYUNDAI Tucson 1.6T HEV AT Klass,29950.0,35627.07,https://www.coches.net/hyundai-tucson-16t-158kw-215cv-hev-at-klass-5p-electrico-hibrido-2025-en-castellon-70400128-covo.aspx,15.934709934620027
SKODA Octavia 2.0 TDI 150 CV DSG Ambition,18900.0,22478.871,https://www.coches.net/skoda-octavia-20-tdi-110kw-150-cv-dsg-ambition-5p-diesel-2021-en-malaga-70457991-covo.aspx,15.921044605950275
OPEL Insignia 2.0 CDTI 130 CV Selective Auto,5999.0,7132.108,https://www.coches.net/opel-insignia-20-cdti-130-cv-selective-auto-5p-diesel-2013-en-sevilla-70317507-covo.aspx,15.887419602032155
OPEL Crossland 1.5D Edition,11900.0,14142.541,https://www.coches.net/opel-crossland-15d-81kw-110cv-edition-5p-diesel-2021-en-lugo-70495160-covo.aspx,15.856705051428804
FORD Focus 1.0 Ecoboost MHEV Active,22690.0,26932.332,https://www.coches.net/ford-focus-10-ecoboost-mhev-114kw-active-5p-electrico-hibrido-2023-en-huelva-70104564-covo.aspx,15.751818395553554
SKODA Octavia 2.0 TSI DSG RS,38900.0,46153.72,https://www.coches.net/skoda-octavia-20-tsi-195-kw-265cv-dsg-rs-5p-gasolina-2025-en-guipuzcoa-60732095-covo.aspx,15.71643400890638
AUDI A3 Sportback 2.0 TDI Ambiente DPF,5490.0,6511.8916,https://www.coches.net/audi-a3-sportback-20-tdi-ambiente-dpf-5p-diesel-2007-en-jaen-70020587-covo.aspx,15.692699818856038
AUDI TT TT Coupe RS TFSI Quattro S Tronic,59490.0,70549.734,https://www.coches.net/audi-tt-tt-coupe-rs-tfsi-quattro-s-tronic-3p-gasolina-2023-en-madrid-70367980-covo.aspx,15.67650746381708
SEAT León 2.0 TSI StSp CUPRA,23990.0,28437.156,https://www.coches.net/seat-leon-20-tsi-221kw-300cv-stsp-cupra-5p-gasolina-2018-en-madrid-70319730-covo.aspx,15.63854068565664
FORD Focus 1.5 Ecoblue Titanium Sportbr.,9470.0,11222.534,https://www.coches.net/ford-focus-15-ecoblue-88kw-titanium-sportbr-5p-diesel-2019-en-madrid-70134706-covo.aspx,15.6162071028444
MERCEDES-BENZ CLA CLA 220 D DCT,39999.0,47394.273,https://www.coches.net/mercedes-benz-cla-cla-220-d-dct-4p-diesel-2025-en-valencia-70266111-covo.aspx,15.603727836976613
MERCEDES-BENZ Clase CLA CLA 220 CDI Aut. Urban,12000.0,14195.905,https://www.coches.net/mercedes-benz-clase-cla-cla-220-cdi-aut-urban-4p-diesel-2015-en-murcia-62577119-covo.aspx,15.468582180146988
PEUGEOT 3008 Hybrid 225 eEAT8 GT Pack,19490.0,23040.975,https://www.coches.net/peugeot-3008-hybrid-225-eeat8-gt-pack-5p-electrico-hibrido-2020-en-madrid-70400632-covo.aspx,15.411564265732776
VOLKSWAGEN Scirocco 2.0 TDI DSGby RLine,10990.0,12991.483,https://www.coches.net/volkswagen-scirocco-20-tdi-177cv-dsgby-rline-3p-diesel-2013-en-valencia-61102538-covo.aspx,15.406119047792652
MERCEDES-BENZ Clase B B 200 d,28490.0,33678.19,https://www.coches.net/mercedes-benz-clase-b-b-200-d-5p-diesel-2023-en-barcelona-70469530-covo.aspx,15.40519603225242
CITROEN C4 Spacetourer BlueHDi Feel,12990.0,15354.747,https://www.coches.net/citroen-c4-spacetourer-bluehdi-96kw-130cv-feel-5p-diesel-2019-en-valencia-70486046-covo.aspx,15.400755606613666
OPEL Corsa 1.4 Turbo SS Color Edition,7990.0,9439.293,https://www.coches.net/opel-corsa-14-turbo-ss-74kw-100cv-color-edition-5p-gasolina-2018-en-valencia-62154334-covo.aspx,15.353829715298295
MERCEDES-BENZ Clase A A 250 e,26990.0,31882.861,https://www.coches.net/mercedes-benz-clase-a-a-250-e-5p-electrico-hibrido-2022-en-las-palmas-62418356-covo.aspx,15.34636831296203
KIA cee'd 1.4 CRDi WGT Concept,8300.0,9804.001,https://www.coches.net/kia-ceed-14-crdi-wgt-90cv-concept-5p-diesel-2015-en-valencia-70489805-covo.aspx,15.340685707375727
KIA Niro 1.6 GDi HEV Drive,15970.0,18859.371,https://www.coches.net/kia-niro-16-gdi-hev-104kw-141cv-drive-5p-electrico-hibrido-2022-en-madrid-70439544-covo.aspx,15.320612121087846
MERCEDES-BENZ Clase B B 180 CDI,7900.0,9328.093,https://www.coches.net/mercedes-benz-clase-b-b-180-cdi-5p-diesel-2008-en-madrid-70495184-covo.aspx,15.30959016085378
KIA Niro 1.6 GDi HEV Drive,16490.0,19461.977,https://www.coches.net/kia-niro-16-gdi-hev-104kw-141cv-drive-5p-electrico-hibrido-2020-en-madrid-70423323-covo.aspx,15.270682055113074
FORD Kuga 1.5 EcoBoost 4x2 Titanium,14980.0,17678.896,https://www.coches.net/ford-kuga-15-ecoboost-110kw-4x2-titanium-5p-gasolina-2019-en-jaen-70432721-covo.aspx,15.266204464517028
SEAT Ibiza 1.0 TSI Style,11790.0,13911.956,https://www.coches.net/seat-ibiza-10-tsi-81kw-110cv-style-5p-gasolina-2023-en-castellon-70422579-covo.aspx,15.252751276284599
VOLKSWAGEN Golf Life 2.0 TDI DSG,19990.0,23585.61,https://www.coches.net/volkswagen-golf-life-20-tdi-110kw-150cv-dsg-5p-diesel-2022-en-barcelona-70485745-covo.aspx,15.24492887943456
MERCEDES-BENZ CLA CLA 200 D DCT,26990.0,31828.568,https://www.coches.net/mercedes-benz-cla-cla-200-d-dct-4p-diesel-2021-en-alicante-70384716-covo.aspx,15.201966688362894
PEUGEOT 207 Confort 1.4 VTi 16v 95,3850.0,4539.1846,https://www.coches.net/peugeot-207-confort-14-vti-16v-95-5p-gasolina-2008-en-jaen-70503426-covo.aspx,15.18300389942181
MERCEDES-BENZ Clase B B 200 d,12590.0,14842.671,https://www.coches.net/mercedes-benz-clase-b-b-200-d-5p-diesel-2018-en-madrid-70236711-covo.aspx,15.176991485236263
JEEP Grand Cherokee 3.0 V6 Diesel Limited E6,19900.0,23452.916,https://www.coches.net/jeep-grand-cherokee-30-v6-diesel-limited-184kw-250cv-e6-5p-diesel-2018-en-valencia-70418281-covo.aspx,15.149143983877938
PEUGEOT 3008 1.5 BlueHDi SS Active Pack,14749.0,17381.242,https://www.coches.net/peugeot-3008-15-bluehdi-96kw-130cv-ss-active-pack-5p-diesel-2021-en-alicante-70452188-covo.aspx,15.144154595538742
CITROEN C3 BlueHDi SS FEEL,10990.0,12945.862,https://www.coches.net/citroen-c3-bluehdi-75kw-100cv-ss-feel-5p-diesel-2020-en-valencia-70457528-covo.aspx,15.108011028197883
AUDI Q3 Advanced 35 TFSI S tronic,25985.0,30607.043,https://www.coches.net/audi-q3-advanced-35-tfsi-110kw-150cv-s-tronic-5p-gasolina-2023-en-sta-c-tenerife-70273587-covo.aspx,15.10123984688471
PEUGEOT 208 BlueHDi Active,11490.0,13533.346,https://www.coches.net/peugeot-208-bluehdi-73kw-100cv-active-5p-diesel-2021-en-cadiz-70508000-covo.aspx,15.098599769406384
MERCEDES-BENZ Clase GLK GLK 220 CDI 4M Blue Efficiency,13990.0,16476.367,https://www.coches.net/mercedes-benz-clase-glk-glk-220-cdi-4m-blue-efficiency-5p-diesel-2009-en-valencia-70362604-covo.aspx,15.090506051517918
MAZDA CX-30 SKYACTIVX 2.0 Origin,18444.0,21708.084,https://www.coches.net/mazda-cx-30-skyactivx-20-132-kw-origin-5p-gasolina-2019-en-barcelona-70384603-covo.aspx,15.036260163376996
OPEL Corsa 1.2T XHL Edition,10400.0,12235.461,https://www.coches.net/opel-corsa-12t-xhl-74kw-100cv-edition-5p-gasolina-2022-en-almeria-70458680-covo.aspx,15.001158900966004
OPEL Insignia 2.0 CDTI 160 CV Sport,6280.0,7387.831,https://www.coches.net/opel-insignia-20-cdti-160-cv-sport-5p-diesel-2011-en-madrid-70281202-covo.aspx,14.995349061002052
INFINITI Q50 2.2d GT PREMIUM Aut. 7V,17900.0,21057.268,https://www.coches.net/infiniti-q50-22d-gt-premium-aut-7v-4p-diesel-2016-en-valladolid-70322244-covo.aspx,14.993719229767855
CITROEN C3 Aircross PureTech SS Feel,11290.0,13280.054,https://www.coches.net/citroen-c3-aircross-puretech-81kw-110cv-ss-feel-5p-gasolina-2022-en-sta-c-tenerife-62540005-covo.aspx,14.985283600912583
AUDI TT TT Coupe RS TFSI Quattro S Tronic,59990.0,70549.734,https://www.coches.net/audi-tt-tt-coupe-rs-tfsi-quattro-s-tronic-3p-gasolina-2023-en-madrid-62599815-covo.aspx,14.96778757361551
OPEL Crossland 1.2 Edition,11290.0,13277.068,https://www.coches.net/opel-crossland-12-81kw-110cv-edition-5p-gasolina-2022-en-madrid-70281261-covo.aspx,14.966168024373555
MERCEDES-BENZ Clase B B 200,26890.0,31611.277,https://www.coches.net/mercedes-benz-clase-b-b-200-5p-gasolina-2022-en-valencia-70451844-covo.aspx,14.935420965149525
OPEL Mokka 1.7 CDTi 4X4 SS Business,8990.0,10565.929,https://www.coches.net/opel-mokka-17-cdti-4x4-ss-business-5p-diesel-2015-en-valencia-70295137-covo.aspx,14.91519348702543
RENAULT Clio Zen Blue dCi,11490.0,13498.979,https://www.coches.net/renault-clio-zen-blue-dci-63-kw-85cv-5p-diesel-2019-en-malaga-70357077-covo.aspx,14.88244842600214
FIAT 500 Red Hb 320km,15390.0,18080.166,https://www.coches.net/fiat-500-red-hb-320km-85kw-118cv-3p-electrico-hibrido-2022-en-madrid-70401848-covo.aspx,14.879100188018962
KIA Picanto 1.0 DPi Concept,10490.0,12322.758,https://www.coches.net/kia-picanto-10-dpi-49kw-67cv-concept-5p-gasolina-2021-en-madrid-70424680-covo.aspx,14.872951658928823
SEAT Ibiza 1.0 TSI Special Edition Xcellence,17900.0,21016.277,https://www.coches.net/seat-ibiza-10-tsi-85kw-special-edition-xcellence-5p-gasolina-2025-en-guipuzcoa-70488644-covo.aspx,14.827922627680518
MERCEDES-BENZ Clase GLA GLA 200 Urban,17890.0,21002.764,https://www.coches.net/mercedes-benz-clase-gla-gla-200-urban-5p-gasolina-2017-en-barcelona-70485915-covo.aspx,14.820733692506055
JEEP Renegade 4xe 1.3 PHEV 140kW190CV Limited AT,16990.0,19946.035,https://www.coches.net/jeep-renegade-4xe-13-phev-140-kw190cv-limited-at-5p-electrico-hibrido-2023-en-castellon-70407621-covo.aspx,14.820164173448475
MERCEDES-BENZ Clase A A 250 e Sedan,29900.0,35073.72,https://www.coches.net/mercedes-benz-clase-a-a-250-e-sedan-4p-electrico-hibrido-2023-en-valladolid-70421699-covo.aspx,14.750984310724109
VOLKSWAGEN Polo Polo 1.0 TSI,13485.0,15809.043,https://www.coches.net/volkswagen-polo-polo-10-tsi-70kw-95cv-5p-gasolina-2023-en-sta-c-tenerife-70398599-covo.aspx,14.700718907172147
FORD Focus 1.5 Ecoblue Trend,13990.0,16397.416,https://www.coches.net/ford-focus-15-ecoblue-88kw-trend-5p-diesel-2021-en-madrid-70519989-covo.aspx,14.681679194642545
OPEL Grandland X PHEV 1.6 Turbo Ultimate Auto 4x2,19490.0,22842.225,https://www.coches.net/opel-grandland-x-phev-16-turbo-ultimate-auto-4x2-5p-electrico-hibrido-2021-en-madrid-70281224-covo.aspx,14.675561013436344
MERCEDES-BENZ Clase C C 200,30990.0,36311.508,https://www.coches.net/mercedes-benz-clase-c-c-200-4p-electrico-hibrido-2021-en-almeria-70499172-covo.aspx,14.655155164523642
JEEP Compass 1.3 Gse T4 Limited DCT FWD,21990.0,25765.77,https://www.coches.net/jeep-compass-13-gse-t4-110kw-150cv-limited-dct-fwd-5p-gasolina-2021-en-vizcaya-70313554-covo.aspx,14.65420827687898
MERCEDES-BENZ Clase A A 180,20999.0,24602.246,https://www.coches.net/mercedes-benz-clase-a-a-180-5p-gasolina-2020-en-sevilla-70481610-covo.aspx,14.646004596569643
VOLKSWAGEN T-Cross Advance 1.0 TSI,15500.0,18159.01,https://www.coches.net/volkswagen-t-cross-advance-10-tsi-81kw-110cv-5p-gasolina-2023-en-madrid-70472677-covo.aspx,14.642922714092618
CITROEN C3 Aircross PureTech SS Shine,11900.0,13936.014,https://www.coches.net/citroen-c3-aircross-puretech-81kw-110cv-ss-shine-5p-gasolina-2023-en-lugo-70495345-covo.aspx,14.609727859150897
MERCEDES-BENZ Clase E Coupe E 350,32890.0,38514.152,https://www.coches.net/mercedes-benz-clase-e-coupe-e-350-2p-electrico-hibrido-2019-en-alicante-70426194-covo.aspx,14.602820006403897
BMW i3 120ah,20900.0,24472.26,https://www.coches.net/bmw-i3-120ah-5p-electrico-hibrido-2022-en-madrid-70459976-covo.aspx,14.597179826616506
SEAT Ibiza 1.4 TDI Reference DPF,4999.0,5849.1445,https://www.coches.net/seat-ibiza-14-tdi-80cv-reference-dpf-5p-diesel-2010-en-alicante-70304540-covo.aspx,14.534510588821414
VOLVO XC60 2.0 B5 G AWD Core Auto,43500.0,50867.26,https://www.coches.net/volvo-xc60-20-b5-g-awd-core-auto-5p-electrico-hibrido-2025-en-valencia-70514033-covo.aspx,14.483307081643792
CITROEN C4 PureTech 130 SS 6v You,13900.0,16251.687,https://www.coches.net/citroen-c4-puretech-130-ss-6v-you-5p-gasolina-2024-en-malaga-70447571-covo.aspx,14.470415239956766
PEUGEOT 208 ALLURE 1.2L PureTech 110 SS,7490.0,8756.435,https://www.coches.net/peugeot-208-5p-allure-12l-puretech-110-ss-5p-gasolina-2015-en-valencia-70062645-covo.aspx,14.462902225138233
CITROEN C3 Aircross PureTech SS Feel,11985.0,14002.702,https://www.coches.net/citroen-c3-aircross-puretech-81kw-110cv-ss-feel-5p-gasolina-2022-en-sta-c-tenerife-70314670-covo.aspx,14.409377040578175
AUDI A6 allroad quattro 3.0 Bi TDI quattro tiptronic,16900.0,19744.861,https://www.coches.net/audi-a6-allroad-quattro-30-bi-tdi-313cv-quattro-tiptronic-5p-diesel-2013-en-malaga-70279217-covo.aspx,14.408109942371281
MAZDA CX-30 eSKYACTIVX 2.0 AT Zenith,22990.0,26843.11,https://www.coches.net/mazda-cx-30-eskyactivx-20-137kw-at-zenith-5p-electrico-hibrido-2021-en-sta-c-tenerife-62272134-covo.aspx,14.354184238389855
BMW Serie 4 M440i xDrive,49999.0,58375.51,https://www.coches.net/bmw-serie-4-m440i-xdrive-2p-electrico-hibrido-2022-en-alicante-70435407-covo.aspx,14.349358955699731
MERCEDES-BENZ Clase A Sedan A 250 e,23490.0,27424.5,https://www.coches.net/mercedes-benz-clase-a-sedan-a-250-e-4p-electrico-hibrido-2022-en-madrid-70469793-covo.aspx,14.34666083246732
AUDI A4 Avant 2.0 TDI S tronic,14590.0,17020.047,https://www.coches.net/audi-a4-avant-20-tdi-150cv-s-tronic-5p-diesel-2016-en-madrid-70316380-covo.aspx,14.277556888338475
BMW Serie 1 116d,11999.0,13988.837,https://www.coches.net/bmw-serie-1-116d-5p-diesel-2014-en-alicante-70498572-covo.aspx,14.224462879127465
CITROEN C3 Aircross PureTech SS FEEL,10990.0,12809.133,https://www.coches.net/citroen-c3-aircross-puretech-81kw-110cv-ss-feel-5p-gasolina-2020-en-madrid-70372262-covo.aspx,14.201842069470697
SEAT Arona 1.5 TSI DSG FR XL,21990.0,25615.031,https://www.coches.net/seat-arona-15-tsi-110kw-150cv-dsg-fr-xl-5p-gasolina-2024-en-madrid-70430397-covo.aspx,14.151968875696767
BMW Serie 6 630i,13490.0,15712.328,https://www.coches.net/bmw-serie-6-630i-2p-gasolina-2006-en-valencia-62162809-covo.aspx,14.143850022225779
NISSAN X-TRAIL dCi 150 CV E6D ACENTA,18990.0,22115.064,https://www.coches.net/nissan-x-trail-5p-dci-110-kw-150-cv-e6d-acenta-5p-diesel-2019-en-madrid-70326876-covo.aspx,14.130930794928831
FIAT 500 Monotrim 1.0 Hybrid 70 CV,13900.0,16178.414,https://www.coches.net/fiat-500-monotrim-10-hybrid-51kw-70-cv-3p-electrico-hibrido-2024-en-madrid-70458686-covo.aspx,14.083049510898249
PEUGEOT 208 BlueHDi Active,11900.0,13849.265,https://www.coches.net/peugeot-208-bluehdi-73kw-100cv-active-5p-diesel-2021-en-madrid-70495112-covo.aspx,14.074860275396786
OPEL Corsa 1.2T XHL GSLine,9290.0,10810.032,https://www.coches.net/opel-corsa-12t-xhl-74kw-100cv-gsline-5p-gasolina-2022-en-castellon-70448983-covo.aspx,14.061310777848233
SEAT Ateca 1.5 TSI StSp Style,18985.0,22087.506,https://www.coches.net/seat-ateca-15-tsi-110kw-150cv-stsp-style-5p-gasolina-2023-en-sta-c-tenerife-70497343-covo.aspx,14.046429140201663
AUDI A3 Sportback S line 35 TFSI S tronic,33900.0,39439.383,https://www.coches.net/audi-a3-sportback-s-line-35-tfsi-110kw-s-tronic-5p-electrico-hibrido-2025-en-jaen-70415015-covo.aspx,14.04530805878721
BENTLEY Continental Flying Spur 6.0 Speed,50000.0,58147.5,https://www.coches.net/bentley-continental-flying-spur-60-speed-4p-gasolina-2009-en-murcia-60523913-covo.aspx,14.011780386087105
SEAT Ateca 1.5 TSI StSp Style,18985.0,22074.922,https://www.coches.net/seat-ateca-15-tsi-110kw-150cv-stsp-style-5p-gasolina-2023-en-las-palmas-70459097-covo.aspx,13.997430625108384
SEAT Ateca 1.5 TSI StSp Style,18985.0,22074.922,https://www.coches.net/seat-ateca-15-tsi-110kw-150cv-stsp-style-5p-gasolina-2023-en-las-palmas-70466452-covo.aspx,13.997430625108384
FIAT 500 Dolcevita 1.0 Hybrid 70 CV,9400.0,10923.8125,https://www.coches.net/fiat-500-dolcevita-10-hybrid-51kw-70-cv-3p-electrico-hibrido-2022-en-madrid-70468282-covo.aspx,13.94945674873127
FIAT 500 Dolcevita 1.0 Hybrid 70 CV,9400.0,10923.8125,https://www.coches.net/fiat-500-dolcevita-10-hybrid-51kw-70-cv-3p-electrico-hibrido-2022-en-madrid-70468292-covo.aspx,13.94945674873127
FIAT 500 Dolcevita 1.0 Hybrid 70 CV,9400.0,10923.8125,https://www.coches.net/fiat-500-dolcevita-10-hybrid-51kw-70-cv-3p-electrico-hibrido-2022-en-madrid-70472768-covo.aspx,13.94945674873127
TOYOTA C-HR 2.0 180H Advance,22990.0,26701.842,https://www.coches.net/toyota-c-hr-20-180h-advance-5p-electrico-hibrido-2022-en-madrid-70413527-covo.aspx,13.901070289875692
HYUNDAI Kona 1.0 TGDI Klass 4X2,13790.0,16016.229,https://www.coches.net/hyundai-kona-10-tgdi-klass-4x2-5p-gasolina-2023-en-castellon-70165179-covo.aspx,13.899829872264569
KIA Sportage 1.6 MHEV Business 4x2,15690.0,18221.877,https://www.coches.net/kia-sportage-16-mhev-business-100kw-136cv-4x2-5p-electrico-hibrido-2021-en-castellon-70129222-covo.aspx,13.894709966696325
SEAT Ibiza 1.5 TSI DSG FR 75 Aniversario,22990.0,26696.326,https://www.coches.net/seat-ibiza-15-tsi-110kw-dsg-fr-75-aniversario-5p-gasolina-2026-en-madrid-70282113-covo.aspx,13.88328172203587
FORD Kuga 1.5 EcoBoost 4x2 Trend,11470.0,13317.387,https://www.coches.net/ford-kuga-15-ecoboost-110kw-4x2-trend-5p-gasolina-2019-en-madrid-70139085-covo.aspx,13.871991237958131
MERCEDES-BENZ GLC GLC 300 de 4MATIC,39985.0,46420.6,https://www.coches.net/mercedes-benz-glc-glc-300-de-4matic-5p-electrico-hibrido-2023-en-las-palmas-70497364-covo.aspx,13.863675492949405
FORD Mondeo 2.0 Hibrido 138kW187CV Titanium HEV AT,20490.0,23786.602,https://www.coches.net/ford-mondeo-20-hibrido-138kw187cv-titanium-hev-at-4p-electrico-hibrido-2021-en-madrid-70413688-covo.aspx,13.859069164790446
JAGUAR XE 2.0 AJ200D Diesel Auto AWD XE Portfolio,17990.0,20879.95,https://www.coches.net/jaguar-xe-20-aj200d-diesel-auto-awd-xe-portfolio-4p-diesel-2017-en-las-palmas-62480635-covo.aspx,13.840786624877671
FIAT Panda Panda Hybrid 1.0,9990.0,11593.712,https://www.coches.net/fiat-panda-panda-hybrid-10-51kw-70cv-5p-electrico-hibrido-2023-en-sta-c-tenerife-61217048-covo.aspx,13.832601033645577
MITSUBISHI ASX 180 DID Challenge,8890.0,10315.226,https://www.coches.net/mitsubishi-asx-180-did-challenge-5p-diesel-2012-en-salamanca-70470730-covo.aspx,13.816717570195225
KIA EV6 GT 774kWh AWD Long Range,56950.0,66065.3,https://www.coches.net/kia-ev6-gt-774kwh-430kw-awd-long-range-5p-electrico-hibrido-2024-en-madrid-62408557-covo.aspx,13.797405455161666
CITROEN C3 PureTech SS 97 Edition,8470.0,9824.853,https://www.coches.net/citroen-c3-puretech-81kw-110cv-ss-97-edition-5p-gasolina-2017-en-madrid-70168763-covo.aspx,13.790054697266548
CUPRA Formentor 2.0 TSI 4Drive DSG L Ed Graphene,29995.0,34783.535,https://www.coches.net/cupra-formentor-20-tsi-228kw-4drive-dsg-l-ed-graphene-5p-gasolina-2021-en-sta-c-tenerife-70490249-covo.aspx,13.766671888695543
PEUGEOT 208 Allure Puretech 100,11900.0,13797.071,https://www.coches.net/peugeot-208-allure-puretech-100-5p-gasolina-2023-en-madrid-70495090-covo.aspx,13.74981145865634
CITROEN C4 Spacetourer BlueHDi EAT8 Feel,11990.0,13892.898,https://www.coches.net/citroen-c4-spacetourer-bluehdi-96kw-130cv-eat8-feel-5p-diesel-2019-en-valencia-70388194-covo.aspx,13.696914621960074
CITROEN C3 PureTech CSeries,11985.0,13883.698,https://www.coches.net/citroen-c3-puretech-60kw-83cv-cseries-5p-gasolina-2023-en-sta-c-tenerife-70497342-covo.aspx,13.67573833042588
RENAULT Captur Zen ETECH Hibrido enchufable,18499.0,21425.346,https://www.coches.net/renault-captur-zen-etech-hibrido-enchufable-160cv-5p-electrico-hibrido-2021-en-alicante-70163543-covo.aspx,13.658335989874725
SEAT León SP 2.0 TDI Style,12470.0,14439.986,https://www.coches.net/seat-leon-sp-20-tdi-85kw-style-5p-diesel-2021-en-madrid-70269290-covo.aspx,13.642577516074411
SEAT León 2.0 TDI DSG7 SS FR,18390.0,21284.309,https://www.coches.net/seat-leon-20-tdi-110kw-dsg7-ss-fr-5p-diesel-2023-en-madrid-70419031-covo.aspx,13.598320946163575
MG ZS 1.5 Comfort,11900.0,13769.908,https://www.coches.net/mg-zs-15-comfort-5p-gasolina-2022-en-madrid-70473949-covo.aspx,13.57967079766469
VOLKSWAGEN Golf eHybrid 1.4 TSI DSG,17990.0,20809.02,https://www.coches.net/volkswagen-golf-ehybrid-14-tsi-150kw-204cv-dsg-5p-electrico-hibrido-2023-en-madrid-70427592-covo.aspx,13.547104067140356
MERCEDES-BENZ CLA CLA 200 D DCT,28900.0,33426.176,https://www.coches.net/mercedes-benz-cla-cla-200-d-dct-4p-diesel-2021-en-valladolid-70205725-covo.aspx,13.540812478431654
LEXUS UX 300e Business,22000.0,25443.055,https://www.coches.net/lexus-ux-300e-business-5p-electrico-hibrido-2021-en-vizcaya-70253802-covo.aspx,13.532395106596809
MERCEDES-BENZ Clase GLC GLC 300 de 4MATIC,30900.0,35735.656,https://www.coches.net/mercedes-benz-clase-glc-glc-300-de-4matic-5p-electrico-hibrido-2022-en-cadiz-70282994-covo.aspx,13.531740444811335
AUDI A4 Allroad Quattro 40 TDI quattro S tronic,24800.0,28674.752,https://www.coches.net/audi-a4-allroad-quattro-40-tdi-150kw-204cv-quattro-s-tronic-5p-electrico-hibrido-2021-en-almeria-70380487-covo.aspx,13.51276537442803
VOLKSWAGEN T-Roc Advance 2.0 TDI,23900.0,27612.535,https://www.coches.net/volkswagen-t-roc-advance-20-tdi-110kw-150cv-5p-diesel-2021-en-guipuzcoa-70511399-covo.aspx,13.445107938267961
CITROEN C3 PureTech FEEL,7490.0,8653.337,https://www.coches.net/citroen-c3-puretech-60kw-82cv-feel-5p-gasolina-2019-en-las-palmas-70402156-covo.aspx,13.443795446956033
LEXUS UX 2.0 250h Business,23000.0,26565.645,https://www.coches.net/lexus-ux-20-250h-business-5p-electrico-hibrido-2022-en-vizcaya-62384358-covo.aspx,13.422014011576572
SUBARU XV 2.0i Hybrid CVT Executive Plus,20800.0,24021.36,https://www.coches.net/subaru-xv-20i-hybrid-cvt-executive-plus-5p-electrico-hibrido-2022-en-madrid-70472666-covo.aspx,13.410395826110486
VOLKSWAGEN Taigo RLine 1.5 TSI DSG,19990.0,23085.912,https://www.coches.net/volkswagen-taigo-rline-15-tsi-110kw-150cv-dsg-5p-gasolina-2022-en-toledo-70475249-covo.aspx,13.410395459825802
CITROEN C3 HDI 70 Collection,7990.0,9223.939,https://www.coches.net/citroen-c3-hdi-70-collection-5p-diesel-2013-en-murcia-70129859-covo.aspx,13.377575377589354
PEUGEOT 308 Business Line PureTech 110 SS 6V MAN,10490.0,12107.846,https://www.coches.net/peugeot-308-5p-business-line-puretech-110-ss-6v-man-5p-gasolina-2019-en-vizcaya-62309419-covo.aspx,13.361961679999265
MAZDA Mazda2 1.5 116 CV CVT Centreline,20500.0,23661.092,https://www.coches.net/km-0/mazda/mazda2/madrid/15-85-kw-116-cv-cvt-centreline-electrico-hibrido-de-km0-70218135-kovn.aspx,13.3598729256124
FORD EcoSport 1.5 TiVCT Trend,8999.0,10386.02,https://www.coches.net/ford-ecosport-15-tivct-82kw-112cv-trend-5p-gasolina-2017-en-alicante-62468821-covo.aspx,13.354678633875691
VOLVO XC60 2.0 T6 AWD Recharge RDesign Auto,31990.0,36917.12,https://www.coches.net/volvo-xc60-20-t6-awd-recharge-rdesign-auto-5p-electrico-hibrido-2021-en-sta-c-tenerife-62467478-covo.aspx,13.346439125731699
PEUGEOT 308 Active 1.6 BlueHDi 120,9970.0,11505.225,https://www.coches.net/peugeot-308-5p-active-16-bluehdi-120-5p-diesel-2015-en-madrid-70382381-covo.aspx,13.343716976407627
AUDI Q5 SPORTBACK SQ5 TDI Quattro,59999.0,69225.63,https://www.coches.net/audi-q5-sportback-sq5-tdi-quattro-5p-electrico-hibrido-2024-en-alicante-70173510-covo.aspx,13.328347373133663
FIAT 500 Dolcevita 1.0 Hybrid 70 CV,9990.0,11526.114,https://www.coches.net/fiat-500-dolcevita-10-hybrid-51kw-70-cv-3p-electrico-hibrido-2021-en-las-palmas-62354356-covo.aspx,13.327251695178264
CUPRA León SP 1.4 eHybrid DSG,22990.0,26521.473,https://www.coches.net/cupra-leon-sp-14-ehybrid-180kw-245cv-dsg-5p-electrico-hibrido-2022-en-madrid-70490418-covo.aspx,13.315522490104936
BMW X2 xDrive25e Auto,22990.0,26521.355,https://www.coches.net/bmw-x2-xdrive25e-auto-5p-electrico-hibrido-2021-en-sta-c-tenerife-62332640-covo.aspx,13.315139465292342
VOLKSWAGEN Polo 1.4 Advance,8306.0,9581.71,https://www.coches.net/volkswagen-polo-14-85cv-advance-5p-gasolina-2012-en-barcelona-70501736-covo.aspx,13.31401144616447
LEXUS UX 2.0 250h Business,24900.0,28720.068,https://www.coches.net/lexus-ux-20-250h-business-5p-electrico-hibrido-2022-en-granada-70482041-covo.aspx,13.301042015549477
BMW X4 M40i,30000.0,34597.59,https://www.coches.net/bmw-x4-m40i-5p-gasolina-2017-en-murcia-61799970-covo.aspx,13.288757582576368
BMW Serie 1 116d,17490.0,20167.957,https://www.coches.net/bmw-serie-1-116d-5p-diesel-2022-en-vizcaya-70434357-covo.aspx,13.27827616401869
TESLA Model 3 Gran Autonomia AWD,28500.0,32862.875,https://www.coches.net/tesla-model-3-gran-autonomia-awd-4p-electrico-hibrido-2019-en-a-coruna-70020612-covo.aspx,13.275999132759992
DACIA Sandero Stepway Essential TCE 74kW100CV GLPSS,11490.0,13247.936,https://www.coches.net/dacia-sandero-stepway-essential-tce-74kw100cv-glpss-5p-otros-2020-en-barcelona-62477444-covo.aspx,13.26950558186911
SKODA Kamiq 1.5 TSI DSG SELECTION,20990.0,24197.676,https://www.coches.net/skoda-kamiq-15-tsi-110kw-150cv-dsg-selection-5p-gasolina-2025-en-barcelona-70417505-covo.aspx,13.256131746899117
MERCEDES-BENZ Clase C C 300 e Estate,36900.0,42537.484,https://www.coches.net/mercedes-benz-clase-c-c-300-e-estate-5p-electrico-hibrido-2024-en-valencia-70394041-covo.aspx,13.25298018402152
RENAULT Austral Techno Esprit Alpine ETech F Hybr,31990.0,36864.258,https://www.coches.net/renault-austral-techno-esprit-alpine-etech-f-hybr-147kw-5p-electrico-hibrido-2024-en-las-palmas-62282354-covo.aspx,13.222178070942276
VOLKSWAGEN Polo GTI 2.0 TSI DSG,27490.0,31665.363,https://www.coches.net/volkswagen-polo-gti-20-tsi-152kw-207cv-dsg-5p-gasolina-2024-en-madrid-70490063-covo.aspx,13.185900455853467
SKODA Fabia 1.5 TSI DSG Monte Carlo,22500.0,25916.85,https://www.coches.net/skoda-fabia-15-tsi-110kw-150cv-dsg-monte-carlo-5p-gasolina-2024-en-jaen-70512852-covo.aspx,13.183892567478612
MINI MINI COOPER S automatico,18000.0,20726.03,https://www.coches.net/mini-mini-cooper-s-automatico-3p-gasolina-2016-en-valencia-62518778-covo.aspx,13.152684760925343
FORD Mondeo 1.5 TDCi Trend SportBreak,8970.0,10328.382,https://www.coches.net/ford-mondeo-15-tdci-88kw-trend-sportbreak-5p-diesel-2017-en-madrid-70027363-covo.aspx,13.15193277625566
KIA Sportage 1.6 MHEV Drive 4x2,16490.0,18985.572,https://www.coches.net/kia-sportage-16-mhev-drive-100kw-136cv-4x2-5p-electrico-hibrido-2021-en-madrid-70478742-covo.aspx,13.144572261029216
MG MG3 1.5 Standard,14990.0,17257.678,https://www.coches.net/mg-mg3-15-standard-5p-gasolina-2024-en-huelva-70498114-covo.aspx,13.140109401035385
MG MG3 1.5 Standard,14990.0,17257.678,https://www.coches.net/mg-mg3-15-standard-5p-gasolina-2024-en-huelva-70397401-covo.aspx,13.140109401035385
AUDI A4 Avant 2.0 TDI S line edition,9999.0,11511.3545,https://www.coches.net/audi-a4-avant-20-tdi-136cv-s-line-edition-5p-diesel-2015-en-sevilla-70504050-covo.aspx,13.137936923182247
MERCEDES-BENZ Clase C C 220 d,22999.0,26467.72,https://www.coches.net/mercedes-benz-clase-c-c-220-d-4p-diesel-2018-en-valencia-70462134-covo.aspx,13.105475692568625
SEAT Ibiza 1.0 EcoTSI Style,9490.0,10921.283,https://www.coches.net/seat-ibiza-10-ecotsi-70kw-95cv-style-5p-gasolina-2019-en-vizcaya-70460644-covo.aspx,13.105449025582036
DACIA Sandero Stepway Essential ECOG,11290.0,12992.046,https://www.coches.net/dacia-sandero-stepway-essential-74kw-100cv-ecog-5p-otros-2021-en-madrid-70316952-covo.aspx,13.100676458064223
KIA Stonic 1.0 TGDi MHEV MT Concept,17985.0,20696.21,https://www.coches.net/kia-stonic-10-tgdi-74kw-100cv-mhev-mt-concept-5p-electrico-hibrido-2024-en-las-palmas-70373825-covo.aspx,13.100035294806
DACIA Duster Prestige 1.6 4X2 GLP GPF,15990.0,18399.604,https://www.coches.net/dacia-duster-prestige-16-84kw-4x2-glp-gpf-5p-otros-2018-en-madrid-70460991-covo.aspx,13.09595347301238
VOLKSWAGEN T-Roc Advance 1.5 TSI DSG,19990.0,23000.297,https://www.coches.net/volkswagen-t-roc-advance-15-tsi-110kw-150cv-dsg-5p-gasolina-2022-en-sta-c-tenerife-62451024-covo.aspx,13.088078346814816
KIA Sportage 1.6 TGDi MHEV Tech 4x2,22875.0,26317.402,https://www.coches.net/kia-sportage-16-tgdi-110kw-150cv-mhev-tech-4x2-5p-electrico-hibrido-2022-en-valencia-70315426-covo.aspx,13.080327225257172
TOYOTA C-HR 2.0 200H GR Sport,27485.0,31620.533,https://www.coches.net/toyota-c-hr-20-200h-gr-sport-5p-electrico-hibrido-2024-en-sta-c-tenerife-70273584-covo.aspx,13.078632091872166
FIAT Panda Panda Hybrid 1.0,9990.0,11489.606,https://www.coches.net/fiat-panda-panda-hybrid-10-51kw-70cv-5p-electrico-hibrido-2023-en-sta-c-tenerife-70177143-covo.aspx,13.05185214524302
RENAULT Captur Intens ETECH hibrido enchufable,17990.0,20674.97,https://www.coches.net/renault-captur-intens-etech-hibrido-enchufable-160cv-5p-electrico-hibrido-2021-en-las-palmas-70452155-covo.aspx,12.986575612023332
VOLVO V40 Cross Country 2.0 D2 Cross Country,10500.0,12066.621,https://www.coches.net/volvo-v40-cross-country-20-d2-cross-country-5p-diesel-2018-en-sevilla-70408592-covo.aspx,12.983096772313862
KIA XCeed 1.6 GDi PHEV eMotion,17900.0,20569.291,https://www.coches.net/kia-xceed-16-gdi-phev-104kw-141cv-emotion-5p-electrico-hibrido-2024-en-madrid-70085391-covo.aspx,12.977068648585568
OPEL Corsa 1.2T XHL Edition,10990.0,12627.85,https://www.coches.net/opel-corsa-12t-xhl-74kw-100cv-edition-5p-gasolina-2022-en-las-palmas-61835242-covo.aspx,12.970138701676092
BMW Serie 4 430d Auto. Gran Coupe,25490.0,29276.074,https://www.coches.net/bmw-serie-4-430d-auto-gran-coupe-5p-diesel-2019-en-castellon-61928425-covo.aspx,12.932315277180132
HYUNDAI i10 1.0 Klass,10990.0,12618.713,https://www.coches.net/hyundai-i10-10-klass-5p-gasolina-2023-en-las-palmas-61893621-covo.aspx,12.907123767234951
HYUNDAI i10 1.0 Klass,10990.0,12618.713,https://www.coches.net/hyundai-i10-10-klass-5p-gasolina-2023-en-las-palmas-61689927-covo.aspx,12.907123767234951
RENAULT Mégane Dynamique 1.5dCi eco2,6990.0,8021.6494,https://www.coches.net/renault-megane-dynamique-15dci-105cv-eco2-3p-diesel-2009-en-madrid-70438548-covo.aspx,12.860814039740356
KIA Sportage 1.6 MHEV Drive 4x2,18485.0,21212.584,https://www.coches.net/kia-sportage-16-mhev-drive-100kw-136cv-4x2-5p-electrico-hibrido-2020-en-sta-c-tenerife-70430303-covo.aspx,12.858329689509368
LAND-ROVER Range Rover Evoque 2.0L TD4 4x4 SE Auto.,16999.0,19505.46,https://www.coches.net/land-rover-range-rover-evoque-20l-td4-110kw-110kw-4x4-se-auto-5p-diesel-2017-en-sevilla-70487163-covo.aspx,12.850047202325952
RENAULT Clio Business Blue dCi,10970.0,12587.396,https://www.coches.net/renault-clio-business-blue-dci-63-kw-85cv-5p-diesel-2019-en-madrid-70307206-covo.aspx,12.849332952868437
BMW X1 xDrive25e,23500.0,26963.69,https://www.coches.net/bmw-x1-xdrive25e-5p-electrico-hibrido-2020-en-sta-c-tenerife-70465937-covo.aspx,12.845754877671498
BMW X2 xDrive25e Auto,26900.0,30864.56,https://www.coches.net/bmw-x2-xdrive25e-auto-5p-electrico-hibrido-2022-en-madrid-70487893-covo.aspx,12.845025092302528
DACIA Lodgy Stepway Comfort 85kW115CV 7Pl,15985.0,18339.713,https://www.coches.net/dacia-lodgy-stepway-comfort-85kw115cv-7pl-5p-diesel-2021-en-las-palmas-70459106-covo.aspx,12.839420685962297
FIAT 500 Dolcevita 1.0 Hybrid 70 CV,9400.0,10781.59,https://www.coches.net/fiat-500-dolcevita-10-hybrid-51kw-70-cv-3p-electrico-hibrido-2022-en-madrid-70252274-covo.aspx,12.814342446451867
FIAT Panda City Life Hybrid 1.0 Gse,9990.0,11455.909,https://www.coches.net/fiat-panda-city-life-hybrid-10-gse-51kw-70cv-5p-electrico-hibrido-2022-en-valencia-70361883-covo.aspx,12.79609637868557
OPEL Crossland 1.2 Edition,12990.0,14891.375,https://www.coches.net/opel-crossland-12-81kw-110cv-edition-5p-gasolina-2022-en-sta-c-tenerife-62597889-covo.aspx,12.76829708472186
DACIA Lodgy Essential 1.6 5Pl 18,11990.0,13741.867,https://www.coches.net/dacia-lodgy-essential-16-75kw-100cv-5pl--18-5p-gasolina-2018-en-valencia-70460680-covo.aspx,12.748392657247837
DS DS 3 PureTech 110 SS Style,7690.0,8808.116,https://www.coches.net/ds-ds-3-puretech-110-ss-style-3p-gasolina-2014-en-madrid-70070058-covo.aspx,12.694158253146984
LYNK & CO 01 1.5 PHEV 6.6kW,23490.0,26905.295,https://www.coches.net/lynk--co-01-15-phev-66kw-5p-electrico-hibrido-2022-en-madrid-70424636-covo.aspx,12.693765044360243
MERCEDES-BENZ CLA CLA 200 D DCT Shooting Brake,26990.0,30909.05,https://www.coches.net/mercedes-benz-cla-cla-200-d-dct-shooting-brake-5p-diesel-2021-en-murcia-70372997-covo.aspx,12.679298400283997
SEAT Arona 1.0 TSI StartStop Style,18800.0,21522.826,https://www.coches.net/seat-arona-10-tsi-85kw-115cv-startstop-style-5p-gasolina-2026-en-valencia-61735008-covo.aspx,12.650876563009458
AUDI Q2 S line 35 TDI S tronic,26900.0,30786.318,https://www.coches.net/audi-q2-s-line-35-tdi-110kw-150cv-s-tronic-5p-diesel-2024-en-madrid-70487905-covo.aspx,12.623524235698499
TOYOTA C-HR 2.0 180H Advance,25490.0,29172.3,https://www.coches.net/toyota-c-hr-20-180h-advance-5p-electrico-hibrido-2022-en-madrid-70499577-covo.aspx,12.62259294822826
KIA Ceed 1.6 MHEV iMT Drive,19640.0,22474.81,https://www.coches.net/kia-ceed-16-mhev-imt-100kw-136cv-drive-5p-electrico-hibrido-2024-en-huelva-70507243-covo.aspx,12.61327894605619
VOLVO XC90 2.0 T8 AWD Recharge Inscription Exp Auto,41990.0,48044.1,https://www.coches.net/volvo-xc90-20-t8-awd-recharge-inscription-exp-auto-5p-electrico-hibrido-2022-en-madrid-70449340-covo.aspx,12.601133886590201
KIA Niro 1.6 GDi HEV Concept,19990.0,22860.727,https://www.coches.net/kia-niro-16-gdi-hev-104kw-141cv-concept-5p-electrico-hibrido-2024-en-sta-c-tenerife-62487766-covo.aspx,12.557459863104473
MERCEDES-BENZ Clase A Sedan A 200 d,28990.0,33147.875,https://www.coches.net/mercedes-benz-clase-a-sedan-a-200-d-4p-diesel-2022-en-barcelona-70489119-covo.aspx,12.543413416395472
OPEL Corsa 1.2T XHL GS,14500.0,16579.174,https://www.coches.net/opel-corsa-12t-xhl-74kw-100cv-gs-5p-gasolina-2023-en-navarra-62045129-covo.aspx,12.540877185314736
DS DS 7 Crossback E-Tense 1.6 ETense 225 PERFORMANCE LINE Auto,20990.0,23994.02,https://www.coches.net/ds-ds-7-crossback-e-tense-16-etense-225-performance-line--auto-5p-electrico-hibrido-2021-en-madrid-70413461-covo.aspx,12.519867825136766
BMW Serie 2 Active Tourer 218d,29900.0,34178.734,https://www.coches.net/bmw-serie-2-active-tourer-218d-5p-diesel-2023-en-albacete-62542993-covo.aspx,12.518703378699932
FIAT Panda City Cross 1.0 Gse,10500.0,11995.648,https://www.coches.net/fiat-panda-city-cross-10-gse-51kw-70cv-5p-electrico-hibrido-2022-en-madrid-70487993-covo.aspx,12.468258346288335
MG MG3 1.5 Standard,15290.0,17466.154,https://www.coches.net/mg-mg3-15-standard-5p-gasolina-2024-en-huelva-70378977-covo.aspx,12.45926412813353
DS DS 7 ETENSE 225 PERFORMANCE LINE,27900.0,31866.219,https://www.coches.net/ds-ds-7-etense-225-performance-line-5p-electrico-hibrido-2024-en-pontevedra-70451548-covo.aspx,12.446468095622421
FORD Fiesta 1.5 TDCi Trend,9985.0,11401.1,https://www.coches.net/ford-fiesta-15-tdci-75cv-trend-5p-5p-diesel-2016-en-las-palmas-70364807-covo.aspx,12.42072833229662
AUDI Q2 Design 35 TDI S tronic,18690.0,21337.076,https://www.coches.net/audi-q2-design-35-tdi-110kw-150cv-s-tronic-5p-diesel-2020-en-madrid-70283895-covo.aspx,12.405992979320125
SEAT León 2.0 TDI SS Style XS,12470.0,14235.338,https://www.coches.net/seat-leon-20-tdi-85kw-ss-style-xs-5p-diesel-2023-en-madrid-70187808-covo.aspx,12.401095809517825
FIAT Panda Panda Hybrid 1.0,9985.0,11396.913,https://www.coches.net/fiat-panda-panda-hybrid-10-51kw-70cv-5p-electrico-hibrido-2023-en-las-palmas-70459103-covo.aspx,12.388557105692426
KIA cee'd 1.6 CRDi Drive Plus,6500.0,7417.7744,https://www.coches.net/kia-ceed-16-crdi-90cv-drive-plus-5p-diesel-2011-en-valencia-70512084-covo.aspx,12.372638514358131
PEUGEOT 3008 Hybrid 225 eEAT8 Allure Pack,18990.0,21671.037,https://www.coches.net/peugeot-3008-hybrid-225-eeat8-allure-pack-5p-electrico-hibrido-2023-en-madrid-70375982-covo.aspx,12.37152193429252
MINI COUNTRYMAN Cooper S E ALL4,20985.0,23943.219,https://www.coches.net/mini-countryman-cooper-s-e-all4-5p-electrico-hibrido-2020-en-las-palmas-70516606-covo.aspx,12.35514230934385
AUDI Q2 Advanced 30 TDI,22490.0,25650.521,https://www.coches.net/audi-q2-advanced-30-tdi-85kw-116cv-5p-diesel-2024-en-castellon-70125713-covo.aspx,12.321470681600879
KIA Sportage 1.6 MHEV Drive 4x2,18485.0,21074.398,https://www.coches.net/kia-sportage-16-mhev-drive-100kw-136cv-4x2-5p-electrico-hibrido-2021-en-las-palmas-70380998-covo.aspx,12.286938795331865
BMW Serie 3 318d Touring,19480.0,22207.383,https://www.coches.net/bmw-serie-3-318d-touring-5p-diesel-2020-en-cordoba-70467068-covo.aspx,12.281423864881646
VOLVO XC40 2.0 B3 G Essential Auto,29900.0,34082.652,https://www.coches.net/volvo-xc40-20-b3-g-essential-auto-5p-electrico-hibrido-2025-en-valencia-70190306-covo.aspx,12.272085815284282
FORD Focus 1.5 Ecoblue STLine,14500.0,16523.137,https://www.coches.net/ford-focus-15-ecoblue-88kw-stline-5p-diesel-2021-en-madrid-70512726-covo.aspx,12.24426543934724
OPEL Astra 1.2T SHL GS Line,12900.0,14693.777,https://www.coches.net/opel-astra-12t-shl-81kw-110cv-gs-line-5p-gasolina-2020-en-guipuzcoa-70137040-covo.aspx,12.20773461980478
BMW Serie 2 220dA Gran Coupe,24900.0,28358.863,https://www.coches.net/bmw-serie-2-220da-gran-coupe-4p-diesel-2022-en-murcia-70392968-covo.aspx,12.1967627790529
RENAULT Clio Business Blue dCi,11890.0,13539.41,https://www.coches.net/renault-clio-business-blue-dci-74kw-100cv-5p-diesel-2021-en-madrid-70503035-covo.aspx,12.182289606527704
MERCEDES-BENZ GLE Coupé MercedesAMG GLE 63 S 4MATIC,129900.0,147895.22,https://www.coches.net/mercedes-benz-gle-coupe-mercedesamg-gle-63-s-4matic-5p-gasolina-2023-en-malaga-70313205-covo.aspx,12.16754598430857
LAND-ROVER Discovery Sport 2.0L eD4 4x2 HSE,15000.0,17062.764,https://www.coches.net/land-rover-discovery-sport-20l-ed4-110kw-150cv-4x2-hse-5p-diesel-2017-en-murcia-62181217-covo.aspx,12.089270598496933
FIAT Tipo SW Life 1.0,12490.0,14204.144,https://www.coches.net/fiat-tipo-sw-life-10-73kw-100cv-5p-gasolina-2021-en-barcelona-70485923-covo.aspx,12.067912071487173
PEUGEOT 2008 N2008 Allure Hybrid 145 eDCS6,24990.0,28417.078,https://www.coches.net/peugeot-2008-n2008-allure-hybrid-145-edcs6-5p-electrico-hibrido-2025-en-madrid-70424176-covo.aspx,12.05992435226836
MERCEDES-BENZ CLA CLA 250 e Shooting Brake,28900.0,32861.9,https://www.coches.net/mercedes-benz-cla-cla-250-e-shooting-brake-5p-electrico-hibrido-2021-en-valencia-70444778-covo.aspx,12.056206810556393
PEUGEOT 208 Allure Gasolina 100 SS 6 Vel. MAN,15990.0,18180.652,https://www.coches.net/peugeot-208-allure-gasolina-100-ss-6-vel-man-5p-gasolina-2024-en-madrid-70384639-covo.aspx,12.049360508799813
KIA Sportage 1.6 TGDi HEV Drive 4x2,33400.0,37968.336,https://www.coches.net/kia-sportage-16-tgdi-hev-158kw-215cv-drive-4x2-5p-electrico-hibrido-2025-en-malaga-70375108-covo.aspx,12.031962488479813
FIAT Panda Pandina 1.0 Hybrid,14990.0,17038.771,https://www.coches.net/km-0/fiat/panda/vizcaya/pandina-10-hybrid-51kw-70cv-electrico-hibrido-de-km0-70483144-kovn.aspx,12.02417372786399
CITROEN C3 PureTech SS Shine EAT6,13990.0,15894.763,https://www.coches.net/citroen-c3-puretech-81kw-110cv-ss-shine-eat6-5p-gasolina-2023-en-valencia-70306875-covo.aspx,11.983586869618573
CITROEN C4 Hybrid 145 eDCS6 Max,23990.0,27255.48,https://www.coches.net/km-0/citroen/c4/guipuzcoa/hybrid-145-edcs6-max-electrico-hibrido-de-km0-70236573-kovn.aspx,11.981004967034297
AUDI Q7 3.0 TDI quattro tiptronic,9970.0,11325.379,https://www.coches.net/audi-q7-30-tdi-quattro-tiptronic-5p-diesel-2007-en-madrid-70379817-covo.aspx,11.967625255363627
FORD Focus 1.5 Ecoblue Active Sytle SIP,14990.0,17027.777,https://www.coches.net/ford-focus-15-ecoblue-88kw-active-sytle-sip-5p-diesel-2022-en-vizcaya-62399073-covo.aspx,11.967371328695231
NISSAN Micra 1.5dCi 90 CV SS Energy Touch,9990.0,11345.265,https://www.coches.net/nissan-micra-15dci-66-kw-90-cv-ss-energy-touch-5p-diesel-2018-en-valencia-70446685-covo.aspx,11.945641555608406
RENAULT Mégane Intens Blue dCi,15890.0,18043.445,https://www.coches.net/renault-megane-intens-blue-dci-85-kw-115cv-5p-diesel-2021-en-madrid-70326914-covo.aspx,11.934778947167882
AUDI A1 Active Kit 1.0 TFSI S tronic,13590.0,15416.882,https://www.coches.net/audi-a1-active-kit-10-tfsi-70kw-95cv-s-tronic-3p-gasolina-2018-en-madrid-70447784-covo.aspx,11.849878953336399
VOLKSWAGEN Golf Advance 1.6 TDI Variant,13990.0,15865.554,https://www.coches.net/volkswagen-golf-advance-16-tdi-85kw-115cv-variant-5p-diesel-2019-en-vizcaya-70409752-covo.aspx,11.821545879262432
FIAT Tipo City Cross 1.5 Hybrid DCT,14900.0,16894.428,https://www.coches.net/fiat-tipo-city-cross-15-hybrid-97kw-130cv-dct-5p-electrico-hibrido-2022-en-madrid-70085356-covo.aspx,11.805239962741968
BMW X3 sDrive18d,13490.0,15294.426,https://www.coches.net/bmw-x3-sdrive18d-5p-diesel-2016-en-valencia-70378712-covo.aspx,11.797930874018899
BMW Serie 1 120d,35400.0,40130.094,https://www.coches.net/bmw-serie-1-120d-5p-diesel-2024-en-sta-c-tenerife-70174204-covo.aspx,11.786899326643113
HYUNDAI Tucson 1.6 TGDI PHEV Style Auto 4x4,27490.0,31158.574,https://www.coches.net/hyundai-tucson-16-tgdi-phev-195kw-style-auto-4x4-5p-electrico-hibrido-2022-en-madrid-70418485-covo.aspx,11.773883467820543
TOYOTA Corolla 2.0 180H STYLE ECVT,22990.0,26057.908,https://www.coches.net/toyota-corolla-20-180h-style-ecvt-5p-electrico-hibrido-2021-en-madrid-70406615-covo.aspx,11.7734247093444
PEUGEOT 308 SW Style BlueHDi,12485.0,14150.459,https://www.coches.net/peugeot-308-sw-style-bluehdi-75kw-100cv-5p-diesel-2019-en-sta-c-tenerife-70446850-covo.aspx,11.769646385421188
SEAT León 1.5 TGI SS FR Fast Edition,14490.0,16421.982,https://www.coches.net/seat-leon-15-tgi-96kw-130cv-ss-fr-fast-edition-5p-otros-2020-en-barcelona-70485747-covo.aspx,11.764611435105978
KIA Rio 1.0 TGDi MHEV Drive Pack Sport DCT,14890.0,16873.668,https://www.coches.net/kia-rio-10-tgdi-88kw-mhev-drive-pack-sport-dct-5p-electrico-hibrido-2022-en-cadiz-70486288-covo.aspx,11.755997406276746
FORD Puma 1.0 EcoBoost Titanium MHEV,14985.0,16980.6,https://www.coches.net/ford-puma-10-ecoboost-92kw-125cv-titanium-mhev-5p-electrico-hibrido-2020-en-sta-c-tenerife-70314672-covo.aspx,11.752232873291636
MERCEDES-BENZ Clase A A 200 d,25000.0,28322.207,https://www.coches.net/mercedes-benz-clase-a-a-200-d-5p-diesel-2020-en-murcia-70514843-covo.aspx,11.730042886786194
BMW Serie 5 520dA Touring,11200.0,12687.392,https://www.coches.net/bmw-serie-5-520da-touring-5p-diesel-2015-en-murcia-70360082-covo.aspx,11.72338372041202
TOYOTA Rav4 2.5l hybrid 2WD Advance Pack Drive,21950.0,24859.006,https://www.coches.net/toyota-rav4-25l-hybrid-2wd-advance-pack-drive-5p-electrico-hibrido-2019-en-castellon-70350019-covo.aspx,11.702020088136129
CITROEN C3 Aircross BlueHDi SS EAT6 FEEL,13890.0,15729.697,https://www.coches.net/citroen-c3-aircross-bluehdi-88kw-120cv-ss-eat6-feel-5p-diesel-2019-en-madrid-70070083-covo.aspx,11.695694040122405
SKODA Kamiq 1.5 TSI DSG Style,20900.0,23666.246,https://www.coches.net/skoda-kamiq-15-tsi-110kw-150cv-dsg-style-5p-gasolina-2022-en-guipuzcoa-70129175-covo.aspx,11.688571490349437
PEUGEOT 208 PureTech Allure,13485.0,15268.049,https://www.coches.net/peugeot-208-puretech-73kw-100cv-allure-5p-gasolina-2023-en-las-palmas-70466450-covo.aspx,11.67830184588143
PEUGEOT 208 PureTech Allure,13485.0,15268.049,https://www.coches.net/peugeot-208-puretech-73kw-100cv-allure-5p-gasolina-2023-en-las-palmas-70466448-covo.aspx,11.67830184588143
MAZDA CX-60 eSkyactiv PHEV AWD ExclusiveLine,34900.0,39496.72,https://www.coches.net/mazda-cx-60-eskyactiv-phev-awd-exclusiveline-5p-electrico-hibrido-2022-en-madrid-70511749-covo.aspx,11.638229441527976
MERCEDES-BENZ Clase C C 220 CDI Coupe,21490.0,24318.107,https://www.coches.net/mercedes-benz-clase-c-c-220-cdi-coupe-2p-diesel-2014-en-madrid-70070094-covo.aspx,11.62963619171703
HONDA Jazz 1.5 iMMD ELEGANCE,20550.0,23251.766,https://www.coches.net/honda-jazz-15-immd-elegance-5p-electrico-hibrido-2023-en-navarra-70489395-covo.aspx,11.619614908276453
BMW X2 xDrive20dA,23999.0,27152.492,https://www.coches.net/bmw-x2-xdrive20da-5p-diesel-2018-en-jaen-70308896-covo.aspx,11.614006426090608
CITROEN C5 Aircross Hybrid 225 eEAT8 Shine Pack,20990.0,23746.252,https://www.coches.net/citroen-c5-aircross-hybrid-225-eeat8-shine-pack-5p-electrico-hibrido-2022-en-madrid-70376712-covo.aspx,11.607103127541263
VOLKSWAGEN Polo GTI 2.0 TSI DSG,27990.0,31665.363,https://www.coches.net/volkswagen-polo-gti-20-tsi-152kw-207cv-dsg-5p-gasolina-2024-en-madrid-70463616-covo.aspx,11.606888096010861
AUDI Q2 Advanced 35 TDI S tronic,34900.0,39460.03,https://www.coches.net/audi-q2-advanced-35-tdi-110kw-150cv-s-tronic-5p-diesel-2025-en-jaen-62395581-covo.aspx,11.556076124496228
VOLVO XC90 2.0 T8 AWD Plus Dark Recharge Auto,70900.0,80161.13,https://www.coches.net/volvo-xc90-20-t8-awd-plus-dark-recharge-auto-5p-electrico-hibrido-2026-en-navarra-70387062-covo.aspx,11.553146129012609
MAZDA Mazda2 1.5 116 CV CVT Exclusiveline,20900.0,23620.727,https://www.coches.net/mazda-mazda2-15-85-kw-116-cv-cvt-exclusiveline-5p-electrico-hibrido-2024-en-madrid-70359836-covo.aspx,11.518386427703689
BMW Serie 1 118i,21950.0,24803.43,https://www.coches.net/bmw-serie-1-118i-5p-gasolina-2022-en-las-palmas-70462988-covo.aspx,11.504173912440914
MINI COUNTRYMAN C,29990.0,33879.133,https://www.coches.net/mini-countryman-c-5p-electrico-hibrido-2024-en-sta-c-tenerife-70487123-covo.aspx,11.479434358677182
MERCEDES-BENZ Clase E Coupe E 220 CDI Blue Efficiency Avantg.,9470.0,10697.8125,https://www.coches.net/mercedes-benz-clase-e-coupe-e-220-cdi-blue-efficiency-avantg-2p-diesel-2011-en-madrid-70307026-covo.aspx,11.477229573803054
NISSAN QASHQAI DIGT mHEV Xtronic Tekna,24990.0,28225.176,https://www.coches.net/nissan-qashqai-digt-116kw-mhev-xtronic-tekna-5p-electrico-hibrido-2024-en-sta-c-tenerife-62467483-covo.aspx,11.462021729548018
MINI CLUBMAN Cooper S,24490.0,27658.03,https://www.coches.net/mini-clubman-cooper-s-5p-gasolina-2020-en-madrid-70406249-covo.aspx,11.454284261796435
VOLVO XC60 2.0 T6 AWD Recharge Core Auto,29990.0,33866.617,https://www.coches.net/volvo-xc60-20-t6-awd-recharge-core-auto-5p-electrico-hibrido-2023-en-madrid-70448734-covo.aspx,11.446721017447354
JAGUAR XF 2.0D RSport Auto 4WD,19800.0,22359.332,https://www.coches.net/jaguar-xf-20d-132kw-180cv-rsport-auto-4wd-4p-diesel-2017-en-sta-c-tenerife-61887297-covo.aspx,11.446370704066693
KIA Stonic 1.0 TGDi MHEV iMT Concept,11990.0,13539.41,https://www.coches.net/kia-stonic-10-tgdi-74kw-100cv-mhev-imt-concept-5p-electrico-hibrido-2021-en-madrid-70189846-covo.aspx,11.443704994303378
MERCEDES-BENZ Clase E E 220 d,24490.0,27654.496,https://www.coches.net/mercedes-benz-clase-e-e-220-d-4p-diesel-2017-en-madrid-70429917-covo.aspx,11.442971453980627
MERCEDES-BENZ Clase C C 180,19990.0,22567.824,https://www.coches.net/mercedes-benz-clase-c-c-180-4p-gasolina-2019-en-madrid-70108677-covo.aspx,11.42256423908278
MG MG3 1.5 Standard,15290.0,17257.678,https://www.coches.net/mg-mg3-15-standard-5p-gasolina-2024-en-sevilla-70378958-covo.aspx,11.401752684578456
MG MG3 1.5 Standard,15290.0,17257.678,https://www.coches.net/mg-mg3-15-standard-5p-gasolina-2024-en-huelva-70380176-covo.aspx,11.401752684578456
SEAT Arona 1.5 TSI DSG FR XM,21990.0,24819.078,https://www.coches.net/seat-arona-15-tsi-110kw-150cv-dsg-fr-xm-5p-gasolina-2024-en-murcia-61806498-covo.aspx,11.398804221299013
VOLKSWAGEN Polo Polo 1.0 TSI,15985.0,18037.703,https://www.coches.net/volkswagen-polo-polo-10-tsi-70kw-95cv-5p-gasolina-2023-en-las-palmas-70355049-covo.aspx,11.38006935126337
TOYOTA Yaris 1.5 120H Business Plus,16290.0,18379.44,https://www.coches.net/toyota-yaris-15-120h-business-plus-5p-electrico-hibrido-2022-en-madrid-70316757-covo.aspx,11.36835243780919
SEAT Ibiza 1.0 MPI Reference XL Edition,10490.0,11834.471,https://www.coches.net/seat-ibiza-10-mpi-59kw-80cv-reference-xl-edition-5p-gasolina-2023-en-madrid-70048425-covo.aspx,11.360632315985034
SEAT Ibiza 1.6 TDI Reference Business,11500.0,12968.168,https://www.coches.net/seat-ibiza-16-tdi-70kw-95cv-reference-business-5p-diesel-2021-en-madrid-70512544-covo.aspx,11.32132134845811
JEEP Renegade eHybrid 1.5 96kW130CV Limited ATX,19500.0,21987.994,https://www.coches.net/jeep-renegade-ehybrid-15-96kw130cv-limited-atx-5p-electrico-hibrido-2023-en-pontevedra-70484479-covo.aspx,11.315239237890209
VOLVO XC40 2.0 B3 G Essential Auto,29900.0,33710.242,https://www.coches.net/volvo-xc40-20-b3-g-essential-auto-5p-electrico-hibrido-2025-en-valencia-70190321-covo.aspx,11.30292142757985
MAZDA CX-60 eSkyactiv PHEV Takumi,36985.0,41693.37,https://www.coches.net/mazda-cx-60-eskyactiv-phev-takumi-5p-electrico-hibrido-2022-en-las-palmas-70497382-covo.aspx,11.29285296495443
FORD Focus 1.0 Ecoboost AutoSS Pow.Trend,8750.0,9860.525,https://www.coches.net/ford-focus-10-ecoboost-autoss-125cv-powtrend-5p-gasolina-2015-en-madrid-62232541-covo.aspx,11.262334882082895
BMW Serie 4 430i Auto. Gran Coupe,22990.0,25905.137,https://www.coches.net/bmw-serie-4-430i-auto-gran-coupe-5p-gasolina-2018-en-valencia-70512386-covo.aspx,11.253122306974893
LAND-ROVER Range Rover Sport SVR 5.0 V8 SC,56900.0,64105.62,https://www.coches.net/land-rover-range-rover-sport-svr-50-v8-sc-550cv-5p-gasolina-2016-en-malaga-70177340-covo.aspx,11.240232870082144
VOLVO V60 2.0 B4 D Plus Dark Auto,25990.0,29276.209,https://www.coches.net/volvo-v60-20-b4-d-plus-dark-auto-5p-electrico-hibrido-2024-en-murcia-62579100-covo.aspx,11.224844672098365
VOLVO V60 2.0 B4 D Momentum Auto,21990.0,24768.398,https://www.coches.net/volvo-v60-20-b4-d-momentum-auto-5p-electrico-hibrido-2022-en-murcia-62604425-covo.aspx,11.217513496122674
MERCEDES-BENZ Clase A Sedan A 200 d,29800.0,33562.31,https://www.coches.net/mercedes-benz-clase-a-sedan-a-200-d-4p-diesel-2022-en-alicante-62545324-covo.aspx,11.209921937403973
PORSCHE Cayenne Turbo,64900.0,73091.766,https://www.coches.net/porsche-cayenne-turbo-5p-gasolina-2019-en-malaga-70505474-covo.aspx,11.207508198704838
NISSAN QASHQAI dCi ACENTA,19790.0,22286.83,https://www.coches.net/nissan-qashqai-dci-150cv-110kw-acenta-5p-diesel-2020-en-madrid-70070089-covo.aspx,11.203163793920123
OPEL Corsa 1.3 CDTi Selective 75 CV,7950.0,8952.236,https://www.coches.net/opel-corsa-13-cdti-selective-75-cv-5p-diesel-2016-en-valencia-70308979-covo.aspx,11.19537388636961
AUDI Q2 Design 35 TFSI S tronic,21990.0,24748.078,https://www.coches.net/audi-q2-design-35-tfsi-110kw-150cv-s-tronic-5p-gasolina-2020-en-sta-c-tenerife-70233439-covo.aspx,11.144615396271302
KIA e-Soul eSoul Drive Long Range,25190.0,28349.164,https://www.coches.net/kia-e-soul-esoul-150kw-204cv-drive-long-range-5p-electrico-hibrido-2019-en-sevilla-62035197-covo.aspx,11.14376443529392
MITSUBISHI Outlander 2.4 PHEV Kaiteki Auto 4WD,19990.0,22490.074,https://www.coches.net/mitsubishi-outlander-24-phev-kaiteki-auto-4wd-5p-electrico-hibrido-2020-en-sta-c-tenerife-70074534-covo.aspx,11.116344901457396
KIA Sportage 1.6 MHEV Drive 4x2,18485.0,20790.514,https://www.coches.net/kia-sportage-16-mhev-drive-100kw-136cv-4x2-5p-electrico-hibrido-2020-en-sta-c-tenerife-70415799-covo.aspx,11.089257861838469
SEAT Altea 1.9 TDI DPF Style DSG,3999.0,4496.629,https://www.coches.net/seat-altea-19-tdi-105cv-dpf-style-dsg-5p-diesel-2010-en-sevilla-70417652-covo.aspx,11.06671056529327
JEEP Compass 4Xe 1.3 PHEV S AT AWD,26990.0,30338.016,https://www.coches.net/jeep-compass-4xe-13-phev-177kw-240cv-s-at-awd-5p-electrico-hibrido-2023-en-sta-c-tenerife-62460920-covo.aspx,11.035710662107617
PEUGEOT 208 PureTech Allure,13485.0,15157.223,https://www.coches.net/peugeot-208-puretech-73kw-100cv-allure-5p-gasolina-2023-en-sta-c-tenerife-70314664-covo.aspx,11.032513635078574
AUDI A3 Sedan Black line 35 TFSI S tronic,38900.0,43705.23,https://www.coches.net/km-0/audi/a3/jaen/sedan-black-line-35-tfsi-110kw-s-tronic-electrico-hibrido-de-km0-70518161-kovn.aspx,10.994634777605905
LAND-ROVER Range Rover Evoque 2.0L TD4 Diesel 4x4 Pure,11990.0,13469.226,https://www.coches.net/land-rover-range-rover-evoque-20l-td4-diesel-150cv-4x4-pure-5p-diesel-2016-en-valencia-70318023-covo.aspx,10.98226157472543
AUDI A3 Sportback S line 40 etron S tron,21900.0,24601.387,https://www.coches.net/audi-a3-sportback-s-line-40-etron-150kw-s-tron-5p-electrico-hibrido-2020-en-madrid-70372738-covo.aspx,10.980627838719077
MERCEDES-BENZ Clase C Coupe C 220 d,32990.0,37059.19,https://www.coches.net/mercedes-benz-clase-c-coupe-c-220-d-2p-diesel-2020-en-barcelona-70498311-covo.aspx,10.980248763775604
HYUNDAI i10 1.0 Klass,13950.0,15664.488,https://www.coches.net/hyundai-i10-10-klass-5p-gasolina-2025-en-valencia-70354487-covo.aspx,10.945064086786669
CITROEN C4 PureTech 130 SS 6v You,14900.0,16729.736,https://www.coches.net/citroen-c4-puretech-130-ss-6v-you-5p-gasolina-2024-en-lugo-70495327-covo.aspx,10.937030280919373
DACIA Sandero Stepway Essential TCe 90V,13985.0,15697.961,https://www.coches.net/dacia-sandero-stepway-essential-tce-67kw-90v-5p-gasolina-2023-en-sta-c-tenerife-70430301-covo.aspx,10.911996432657704
FIAT 500 Monotrim 1.0 Hybrid 70 CV,10990.0,12327.776,https://www.coches.net/fiat-500-monotrim-10-hybrid-51kw-70-cv-3p-electrico-hibrido-2023-en-madrid-70326877-covo.aspx,10.851724815094975
SEAT Ibiza 1.0 TSI FR XS,16985.0,19037.414,https://www.coches.net/seat-ibiza-10-tsi-81kw-110cv-fr-xs-5p-gasolina-2024-en-sta-c-tenerife-70519875-covo.aspx,10.780949848345507
PEUGEOT 3008 Hybrid 225 eEAT8 Allure Pack,19990.0,22399.98,https://www.coches.net/peugeot-3008-hybrid-225-eeat8-allure-pack-5p-electrico-hibrido-2023-en-madrid-70474502-covo.aspx,10.758850759321602
JEEP Avenger 1.2 G Altitude,14900.0,16694.496,https://www.coches.net/jeep-avenger-12-g-74kw-100cv-altitude-5p-gasolina-2023-en-madrid-70487922-covo.aspx,10.749028204701634
JEEP Avenger 1.2 G Altitude,14900.0,16694.496,https://www.coches.net/jeep-avenger-12-g-74kw-100cv-altitude-5p-gasolina-2023-en-madrid-70487924-covo.aspx,10.749028204701634
FORD Focus 1.6 TDCi Trend,6990.0,7828.5303,https://www.coches.net/ford-focus-16-tdci-115cv-trend-5p-diesel-2015-en-castellon-70508725-covo.aspx,10.711209437136176
SKODA Fabia 1.0 TSI Essence,15985.0,17901.268,https://www.coches.net/skoda-fabia-10-tsi-70kw-95cv-essence-5p-gasolina-2025-en-las-palmas-70355053-covo.aspx,10.704647420982868
VOLVO XC60 2.0 T6 AWD Recharge Inscription Exp Auto,30500.0,34149.598,https://www.coches.net/volvo-xc60-20-t6-awd-recharge-inscription-exp-auto-5p-electrico-hibrido-2022-en-madrid-62480389-covo.aspx,10.687088301850189
PORSCHE Macan Macan,48990.0,54823.668,https://www.coches.net/porsche-macan-macan-5p-gasolina-2022-en-murcia-70329606-covo.aspx,10.640783779872672
BMW Serie 3 320d EfficientDynamics,14990.0,16772.82,https://www.coches.net/bmw-serie-3-320d-efficientdynamics-4p-diesel-2016-en-asturias-70404371-covo.aspx,10.629222034718557
SEAT Ateca 1.5 TSI Style Evo Edition,24900.0,27860.182,https://www.coches.net/seat-ateca-15-tsi-110kw-150cv-style-evo-edition-5p-gasolina-2025-en-guipuzcoa-70487029-covo.aspx,10.625134031102435
TOYOTA Yaris 1.5 120H Business Plus,15985.0,17881.674,https://www.coches.net/toyota-yaris-15-120h-business-plus-5p-electrico-hibrido-2022-en-las-palmas-70466457-covo.aspx,10.606802508285531
NISSAN QASHQAI EPOWER 190 CV NConnecta,33450.0,37410.227,https://www.coches.net/nissan-qashqai-epower-140-kw-190-cv-nconnecta-5p-electrico-hibrido-2024-en-sevilla-70457898-covo.aspx,10.585946481462184
PEUGEOT E-308 First Edition Electrico,24900.0,27825.256,https://www.coches.net/peugeot-e-308-5p-first-edition-electrico-115kw-156cv-5p-electrico-hibrido-2023-en-asturias-70033359-covo.aspx,10.51295224079462
CITROEN C4 PureTech 130 SS 6v Shine,15990.0,17867.88,https://www.coches.net/citroen-c4-puretech-130-ss-6v-shine-5p-gasolina-2022-en-vizcaya-70430726-covo.aspx,10.50981296637483
MAZDA Mazda3 2.0 eSKYACTIVX HOMURA AT,23690.0,26454.666,https://www.coches.net/mazda-mazda3-20-eskyactivx-homura-at-5p-electrico-hibrido-2022-en-madrid-70118598-covo.aspx,10.45057992413171
VOLKSWAGEN Golf GTI Clubsport 2.0 TSI DSG,36990.0,41301.81,https://www.coches.net/volkswagen-golf-gti-clubsport-20-tsi-221kw-300cv-dsg-5p-gasolina-2022-en-sta-c-tenerife-70382136-covo.aspx,10.439757338865022
FORD Focus 1.5 Ecoblue Trend,17900.0,19982.922,https://www.coches.net/ford-focus-15-ecoblue-88kw-trend-5p-diesel-2022-en-vizcaya-70213513-covo.aspx,10.423510075400323
AUDI A4 Avant S line 40 TDI quattro S tron,28990.0,32362.71,https://www.coches.net/audi-a4-avant-s-line-40-tdi-150kw-quattro-s-tron-5p-diesel-2021-en-madrid-70418454-covo.aspx,10.421595842244171
MAZDA CX-5 2.2 D 2WD AT Zenith,18900.0,21097.863,https://www.coches.net/mazda-cx-5-22-d-110kw-150cv-2wd-at-zenith-5p-diesel-2019-en-almeria-70280172-covo.aspx,10.417468593624243
AUDI Q3 Advanced 35 TFSI S tronic,25985.0,28998.84,https://www.coches.net/audi-q3-advanced-35-tfsi-110kw-150cv-s-tronic-5p-gasolina-2024-en-las-palmas-70516612-covo.aspx,10.392966960019818
VOLVO XC90 2.0 T8 AWD Plus Bright Recharge Auto,72500.0,80907.74,https://www.coches.net/volvo-xc90-20-t8-awd-plus-bright-recharge-auto-5p-electrico-hibrido-2026-en-valencia-62553263-covo.aspx,10.39176469418148
RENAULT Mégane S.T. Equilibre Blue dCi,14990.0,16726.158,https://www.coches.net/renault-megane-st-equilibre-blue-dci-85-kw-115cv-5p-diesel-2023-en-madrid-70316388-covo.aspx,10.379898253028768
FORD Puma Puma GenE Premium 43kWh FWD,28740.0,32062.578,https://www.coches.net/ford-puma-puma-gene-premium-43kwh-168cv-fwd-5p-electrico-hibrido-2025-en-huelva-62279394-covo.aspx,10.362791513665902
HYUNDAI IONIQ 5 73KWH Energy AWD,27990.0,31224.371,https://www.coches.net/hyundai-ioniq-5-73kwh-225kw-energy-awd-5p-electrico-hibrido-2021-en-madrid-70347845-covo.aspx,10.35848275066589
CUPRA León SP 1.5 eTSI DSG,25980.0,28981.09,https://www.coches.net/cupra-leon-sp-15-etsi-110kw-150cv-dsg-5p-electrico-hibrido-2025-en-madrid-70484627-covo.aspx,10.355338118511815
TOYOTA Aygo 1.0 70 xplay,10950.0,12213.272,https://www.coches.net/toyota-aygo-10-70-xplay-5p-gasolina-2018-en-las-palmas-70314432-covo.aspx,10.343439606198142
FORD Puma 1.0 EcoBoost Titanium MHEV,16900.0,18846.184,https://www.coches.net/ford-puma-10-ecoboost-92kw-125cv-titanium-mhev-5p-electrico-hibrido-2020-en-vizcaya-70509127-covo.aspx,10.326672156560212
PEUGEOT 3008 1.5 BlueHDi SS Allure,16700.0,18619.67,https://www.coches.net/peugeot-3008-15-bluehdi-96kw-130cv-ss-allure-5p-diesel-2020-en-madrid-70438637-covo.aspx,10.309903075240387
TOYOTA Yaris 1.5 120H Business Plus,17290.0,19277.035,https://www.coches.net/toyota-yaris-15-120h-business-plus-5p-electrico-hibrido-2021-en-madrid-70316759-covo.aspx,10.307784055712341
BMW Serie 1 118d,21990.0,24503.383,https://www.coches.net/bmw-serie-1-118d-5p-diesel-2021-en-madrid-70354566-covo.aspx,10.257289092418043
ALFA ROMEO Stelvio 2.2 Diesel SPRINT AWD,28590.0,31853.875,https://www.coches.net/alfa-romeo-stelvio-22-diesel-140kw-190cv-sprint-awd-5p-diesel-2022-en-madrid-70461184-covo.aspx,10.246398593577705
LEXUS IS 300h Executive,17985.0,20035.389,https://www.coches.net/lexus-is-300h-executive-4p-electrico-hibrido-2015-en-sta-c-tenerife-70354384-covo.aspx,10.233835267459853
AUDI A7 Sportback 3.0 TDI 272 quat S tron S line,23000.0,25616.795,https://www.coches.net/audi-a7-sportback-30-tdi-272-quat-s-tron-s-line-5p-diesel-2017-en-murcia-62471027-covo.aspx,10.215153495414194
PEUGEOT 208 STYLE 1.2L PureTech 82,8990.0,10010.925,https://www.coches.net/peugeot-208-5p-style-12l-puretech-82-5p-gasolina-2015-en-madrid-70070088-covo.aspx,10.198106814362083
BMW X3 xDrive20d,28590.0,31831.021,https://www.coches.net/bmw-x3-xdrive20d-5p-electrico-hibrido-2021-en-madrid-70490391-covo.aspx,10.181958772406757
KIA Niro 1.6 GDi PHEV Drive,27990.0,31154.924,https://www.coches.net/kia-niro-16-gdi-phev-135kw-183cv-drive-5p-electrico-hibrido-2024-en-sevilla-61872879-covo.aspx,10.158663348320808
VOLKSWAGEN Tiguan Life 1.4 TSI eHybrid DSG,25985.0,28920.625,https://www.coches.net/volkswagen-tiguan-life-14-tsi-ehybrid-180kw-245cv-dsg-5p-electrico-hibrido-2022-en-sta-c-tenerife-70381068-covo.aspx,10.1506277959069
KIA Ceed 1.0 TGDi Drive,14490.0,16125.755,https://www.coches.net/kia-ceed-10-tgdi-88kw-120cv-drive-5p-gasolina-2022-en-madrid-70422444-covo.aspx,10.143741453964154
TOYOTA Yaris 1.5 120H Active Tech,19964.0,22215.953,https://www.coches.net/toyota-yaris-15-120h-active-tech-5p-electrico-hibrido-2022-en-barcelona-70413678-covo.aspx,10.136648706131082
VOLKSWAGEN T-Roc Life 1.5 TSI,25900.0,28816.584,https://www.coches.net/volkswagen-t-roc-life-15-tsi-110kw-150cv-5p-gasolina-2024-en-guipuzcoa-61109601-covo.aspx,10.121199604909581
VOLKSWAGEN T-Roc Life 1.5 TSI,25900.0,28816.584,https://www.coches.net/volkswagen-t-roc-life-15-tsi-110kw-150cv-5p-gasolina-2024-en-guipuzcoa-61651612-covo.aspx,10.121199604909581
VOLKSWAGEN T-Roc Life 1.5 TSI,25900.0,28816.584,https://www.coches.net/volkswagen-t-roc-life-15-tsi-110kw-150cv-5p-gasolina-2024-en-guipuzcoa-61297758-covo.aspx,10.121199604909581
KIA Picanto 1.0 DPi Concept,14537.0,16171.029,https://www.coches.net/kia-picanto-10-dpi-46kw-63cv-concept-5p-gasolina-2025-en-malaga-70516212-covo.aspx,10.104670932670755
BMW Serie 3 320d Auto.,29990.0,33359.688,https://www.coches.net/bmw-serie-3-320d-auto-4p-electrico-hibrido-2024-en-asturias-70368518-covo.aspx,10.101076336521437
MAZDA Mazda2 Hybrid 1.5 116 CV CVT Select,18900.0,21019.996,https://www.coches.net/mazda-mazda2-hybrid-15-85-kw-116-cv-cvt-select-5p-electrico-hibrido-2022-en-madrid-70245085-covo.aspx,10.08561602150036
KIA EV6 GTLine 774kWh AWD Long Range,42990.0,47808.203,https://www.coches.net/kia-ev6-gtline-774kwh-239kw-awd-long-range-5p-electrico-hibrido-2023-en-huelva-62020880-covo.aspx,10.078193301685609
FIAT 500 Lounge 1.2 8v 69 CV,9990.0,11106.432,https://www.coches.net/fiat-500-lounge-12-8v-51kw-69-cv-3p-gasolina-2020-en-murcia-61656897-covo.aspx,10.052118238780915
AUDI A3 RS3 Sportback TFSI quattro S tron,62999.0,70027.18,https://www.coches.net/audi-a3-rs3-sportback-tfsi-294kw-quattro-s-tron-5p-gasolina-2022-en-alicante-70023040-covo.aspx,10.036359766113137
AUDI A3 Sportback Advanced 35 TDI S tronic,22799.0,25333.99,https://www.coches.net/audi-a3-sportback-advanced-35-tdi-110kw-s-tronic-5p-diesel-2022-en-almeria-70358883-covo.aspx,10.006280932939418
RENAULT Clio Zen TCe,12990.0,14432.086,https://www.coches.net/renault-clio-zen-tce-74-kw-100cv-5p-gasolina-2019-en-sta-c-tenerife-62613636-covo.aspx,9.99222110888986
NISSAN QASHQAI DIGT mHEV 4x2 Acenta,21500.0,23877.615,https://www.coches.net/nissan-qashqai-digt-103kw-140cv-mhev-4x2-acenta-5p-electrico-hibrido-2024-en-madrid-70487930-covo.aspx,9.957507108800828
RENAULT Captur Life Energy dCi eco2,9990.0,11091.58,https://www.coches.net/renault-captur-life-energy-dci-66kw-90cv-eco2-5p-diesel-2015-en-madrid-70317049-covo.aspx,9.931678537826677
BMW Serie 1 116d,8999.0,9990.748,https://www.coches.net/bmw-serie-1-116d-5p-diesel-2017-en-sevilla-70318024-covo.aspx,9.926664572281034
JEEP Renegade Limited 1.0G 4x2,16985.0,18855.152,https://www.coches.net/jeep-renegade-limited-10g-88kw-120cv-4x2-5p-gasolina-2022-en-sta-c-tenerife-70398602-covo.aspx,9.918521524807025
RENAULT Mégane Bose Energy dCi,9970.0,11060.409,https://www.coches.net/renault-megane-bose-energy-dci-81kw-110cv-5p-diesel-2017-en-madrid-70405830-covo.aspx,9.85866943955421
OPEL Corsa 1.2 XEL Edition,9800.0,10867.758,https://www.coches.net/opel-corsa-12-xel-55kw-75cv-edition-5p-gasolina-2021-en-valencia-70460662-covo.aspx,9.825005589210631
AUDI Q5 S line 45 TFSI quattro S tronic,37900.0,42016.223,https://www.coches.net/audi-q5-s-line-45-tfsi-180kw-quattro-s-tronic-5p-electrico-hibrido-2020-en-madrid-70413838-covo.aspx,9.796746104299556
CITROEN C3 PureTech Feel Pack,9800.0,10862.626,https://www.coches.net/citroen-c3-puretech-60kw-83cv-feel-pack-5p-gasolina-2021-en-valencia-70460679-covo.aspx,9.782404170550022
LAND-ROVER Range Rover Evoque 2.0L eD4 Diesel 4x2 SE Dynamic,17500.0,19396.855,https://www.coches.net/land-rover-range-rover-evoque-20l-ed4-diesel-110kw-4x2-se-dynamic-5p-diesel-2018-en-murcia-61144929-covo.aspx,9.77919061059148
CITROEN C3 Aircross PureTech SS Feel,11985.0,13280.054,https://www.coches.net/citroen-c3-aircross-puretech-81kw-110cv-ss-feel-5p-gasolina-2021-en-sta-c-tenerife-70273662-covo.aspx,9.75187103250109
HYUNDAI i10 1.0 Klass,13950.0,15456.012,https://www.coches.net/hyundai-i10-10-klass-5p-gasolina-2025-en-valencia-70354484-covo.aspx,9.743857252146276
RENAULT Clio Intens Blue dCi,12490.0,13835.211,https://www.coches.net/renault-clio-intens-blue-dci-74kw-100cv-5p-diesel-2021-en-madrid-70462571-covo.aspx,9.72309669564805
PEUGEOT 3008 Hybrid 225 eEAT8 Allure,16490.0,18261.842,https://www.coches.net/peugeot-3008-hybrid-225-eeat8-allure-5p-electrico-hibrido-2020-en-madrid-70490016-covo.aspx,9.702426603970476
LAND-ROVER Range Rover Velar 2.0 D180 S 4WD Auto,24890.0,27554.258,https://www.coches.net/land-rover-range-rover-velar-20-d180-132kw-180cv-s-4wd-auto-5p-diesel-2020-en-madrid-70316383-covo.aspx,9.66913291814871
KIA Sportage 1.6 TGDi PHEV Drive 4x4,29990.0,33198.402,https://www.coches.net/kia-sportage-16-tgdi-phev-198kw-265cv-drive-4x4-5p-electrico-hibrido-2022-en-sevilla-62250366-covo.aspx,9.664327549647943
RENAULT Mégane R.S.Line TCe GPF,15490.0,17145.658,https://www.coches.net/renault-megane-rsline-tce-103-kw-140cv-gpf-5p-gasolina-2020-en-madrid-70430282-covo.aspx,9.656428371021864
DACIA Duster Essent. Blue dCi 4X2,15985.0,17684.2,https://www.coches.net/dacia-duster-essent-blue-dci-85kw-115cv-4x2-5p-diesel-2021-en-sta-c-tenerife-70273586-covo.aspx,9.60857315466336
CITROEN Xsara Picasso 1.6 HDi 92 Exclusive,4290.0,4745.857,https://www.coches.net/citroen-xsara-picasso-16-hdi-92-exclusive-5p-diesel-2005-en-castellon-62511125-covo.aspx,9.605366111374899
HYUNDAI Kona EV 65kWh N Line,32900.0,36393.223,https://www.coches.net/hyundai-kona-ev-150kw-65kwh-n-line-5p-electrico-hibrido-2023-en-valencia-70354403-covo.aspx,9.598552700993327
AUDI A3 S3 Sportback TFSI quattro S tronic,30900.0,34145.414,https://www.coches.net/audi-a3-s3-sportback-tfsi-221kw-quattro-s-tronic-5p-gasolina-2020-en-a-coruna-70486825-covo.aspx,9.504685040748289
FORD Kuga 1.6 EcoBoost 150 ASS 4x2 Titanium,10990.0,12144.245,https://www.coches.net/ford-kuga-16-ecoboost-150-ass-4x2-titanium-5p-gasolina-2013-en-valencia-70310767-covo.aspx,9.50446162811652
SEAT Ateca 1.5 TSI StSp Style XL,19990.0,22087.506,https://www.coches.net/seat-ateca-15-tsi-110kw-stsp-style-xl-5p-gasolina-2023-en-sta-c-tenerife-62519464-covo.aspx,9.496345457605019
AUDI Q2 Advanced 35 TFSI S tronic,28790.0,31806.488,https://www.coches.net/audi-q2-advanced-35-tfsi-110kw-150cv-s-tronic-5p-gasolina-2024-en-malaga-70349579-covo.aspx,9.483877171778902
OPEL Astra 1.5D DVH GS Line ST,14740.0,16283.373,https://www.coches.net/opel-astra-15d-dvh-90kw-122cv-gs-line-st-5p-diesel-2021-en-huelva-60710285-covo.aspx,9.47821463300071
FORD Puma 1.5 Ecoblue Titanium,14800.0,16343.226,https://www.coches.net/ford-puma-15-ecoblue-120cv-titanium-5p-diesel-2021-en-almeria-70513834-covo.aspx,9.442601020360177
MAZDA CX-60 eSkyactiv PHEV AWD ExclusiveLine,36490.0,40286.28,https://www.coches.net/mazda-cx-60-eskyactiv-phev-awd-exclusiveline-5p-electrico-hibrido-2022-en-madrid-70511746-covo.aspx,9.423260554732884
MAZDA Mazda3 2.5L ESKY G MHEV Centreline,23490.0,25933.293,https://www.coches.net/mazda-mazda3-25l-esky-g-mhev-103kw-centreline-5p-electrico-hibrido-2026-en-murcia-70370666-covo.aspx,9.421452847095832
TOYOTA Yaris 1.5 110 Active,13890.0,15334.465,https://www.coches.net/toyota-yaris-15-110-active-5p-gasolina-2019-en-madrid-70254013-covo.aspx,9.419727773145818
LAND-ROVER Range Rover Sport 3.0 TDV6 HSE,23490.0,25932.543,https://www.coches.net/land-rover-range-rover-sport-30-tdv6-190kw-258cv-hse-5p-diesel-2017-en-barcelona-70485740-covo.aspx,9.418833207732021
KIA Sportage 1.6 TGDi MHEV Drive 17,25990.0,28684.906,https://www.coches.net/kia-sportage-16-tgdi-mhev-118kw-160cv-drive-17-5p-electrico-hibrido-2025-en-madrid-70321152-covo.aspx,9.394858140768719
MAZDA CX-60 eSkyactiv PHEV AWD ExclusiveLine,37490.0,41372.02,https://www.coches.net/mazda-cx-60-eskyactiv-phev-awd-exclusiveline-5p-electrico-hibrido-2022-en-madrid-70511748-covo.aspx,9.383200470351102
FIAT Panda City Cross 1.0 Gse,9900.0,10923.8125,https://www.coches.net/fiat-panda-city-cross-10-gse-51kw-70cv-5p-electrico-hibrido-2022-en-madrid-70468315-covo.aspx,9.37230019281272
VOLKSWAGEN Polo Advance 1.0 TSI,14985.0,16532.09,https://www.coches.net/volkswagen-polo-advance-10-tsi-70kw-95cv-5p-gasolina-2021-en-las-palmas-70516607-covo.aspx,9.358102081297854
CITROEN C1 VTi Feel,7890.0,8704.18,https://www.coches.net/citroen-c1-vti-53kw-72cv-feel-5p-gasolina-2018-en-madrid-70070095-covo.aspx,9.353893379168593
BMW Serie 2 220d Gran Coupe,36500.0,40266.383,https://www.coches.net/bmw-serie-2-220d-gran-coupe-4p-electrico-hibrido-2025-en-ciudad-real-70178016-covo.aspx,9.353665637259057
RENAULT Kadjar Techno GPF TCe EDC,16990.0,18737.73,https://www.coches.net/renault-kadjar-techno-gpf-tce-103kw-140cv-edc-5p-gasolina-2022-en-vizcaya-62309607-covo.aspx,9.327332740028423
CITROEN C3 PureTech SS Shine EAT6,13990.0,15423.341,https://www.coches.net/citroen-c3-puretech-81kw-110cv-ss-shine-eat6-5p-gasolina-2022-en-madrid-70427463-covo.aspx,9.29332261415629
FORD Kuga STLine 2.5 Duratec FHEV Auto,27900.0,30752.074,https://www.coches.net/ford-kuga-stline-25-duratec-fhev-140kw-auto-5p-electrico-hibrido-2023-en-vizcaya-70509109-covo.aspx,9.27441251104632
MERCEDES-BENZ Clase GLC GLC 300 de 4MATIC,36990.0,40768.66,https://www.coches.net/mercedes-benz-clase-glc-glc-300-de-4matic-5p-electrico-hibrido-2022-en-las-palmas-62413460-covo.aspx,9.268541428067305
MERCEDES-BENZ Clase B B 180 BlueEFFICIENCY,10990.0,12112.129,https://www.coches.net/mercedes-benz-clase-b-b-180-blueefficiency-5p-gasolina-2012-en-malaga-70108785-covo.aspx,9.264505975254014
SEAT León 1.5 TSI SS Style EVO Edition,22900.0,25234.736,https://www.coches.net/seat-leon-15-tsi-85kw-ss-style-evo-edition-5p-gasolina-2026-en-guipuzcoa-70171075-covo.aspx,9.25207340297372
FORD Focus 1.5 Ecoblue Trend,16450.0,18126.256,https://www.coches.net/ford-focus-15-ecoblue-88kw-trend-5p-diesel-2022-en-madrid-70281262-covo.aspx,9.247667429939929
PORSCHE Panamera 4 EHybrid Sport Turismo,66900.0,73700.25,https://www.coches.net/porsche-panamera-4-ehybrid-sport-turismo-5p-electrico-hibrido-2018-en-lugo-70494902-covo.aspx,9.226902215392757
AUDI A4 2.0 TDI S tronic,15375.0,16931.54,https://www.coches.net/audi-a4-20-tdi-110kw-150cv-s-tronic-4p-diesel-2018-en-valencia-70315523-covo.aspx,9.193133930437696
SKODA Kodiaq 2.0 TDI DSG 4x2 Ambition,24985.0,27513.23,https://www.coches.net/skoda-kodiaq-20-tdi-110kw-150cv-dsg-4x2-ambition-5p-diesel-2023-en-sta-c-tenerife-70446854-covo.aspx,9.189144370456997
CITROEN C4 BlueHdi 130 SS EAT8 Shine,15400.0,16957.818,https://www.coches.net/citroen-c4-bluehdi-130-ss-eat8-shine-5p-diesel-2021-en-madrid-70208472-covo.aspx,9.186431452214324
SEAT Ibiza 1.0 TSI FR Salta,18900.0,20807.8,https://www.coches.net/seat-ibiza-10-tsi-85kw-115cv-fr-salta-5p-gasolina-2025-en-guipuzcoa-70488659-covo.aspx,9.168680541045585
SEAT Ibiza 1.0 TSI FR Salta,18900.0,20807.8,https://www.coches.net/seat-ibiza-10-tsi-85kw-115cv-fr-salta-5p-gasolina-2025-en-guipuzcoa-70397554-covo.aspx,9.168680541045585
SEAT Ibiza 1.0 TSI FR Salta,18900.0,20807.8,https://www.coches.net/seat-ibiza-10-tsi-85kw-115cv-fr-salta-5p-gasolina-2025-en-guipuzcoa-70488628-covo.aspx,9.168680541045585
MERCEDES-BENZ CLA CLA 200 Shooting Brake,24890.0,27398.953,https://www.coches.net/mercedes-benz-cla-cla-200-shooting-brake-5p-gasolina-2019-en-madrid-70326874-covo.aspx,9.157113096816541
PEUGEOT 3008 1.2 PURETECH ACTIVE SS,12489.0,13745.6,https://www.coches.net/peugeot-3008-12-puretech-96kw-130cv-active-ss-5p-gasolina-2018-en-madrid-70255132-covo.aspx,9.141831895917827
MERCEDES-BENZ Clase C C 220 d,33900.0,37299.074,https://www.coches.net/mercedes-benz-clase-c-c-220-d-4p-electrico-hibrido-2023-en-valladolid-70383614-covo.aspx,9.11302569821239
BMW Serie 5 M5,69970.0,76984.77,https://www.coches.net/bmw-serie-5-m5-4p-gasolina-2019-en-madrid-70381407-covo.aspx,9.11189722886557
LAND-ROVER Range Rover Evoque 2.0 D163 AUTO 4WD MHEV,26590.0,29254.287,https://www.coches.net/land-rover-range-rover-evoque-20-d163-auto-4wd-mhev-5p-electrico-hibrido-2022-en-madrid-70281254-covo.aspx,9.10733903517747
LAND-ROVER Range Rover Sport 2.0 Si4 PHEV HSE Dynamic,54900.0,60397.336,https://www.coches.net/land-rover-range-rover-sport-20-si4-phev-297kw-404cv-hse-dynamic-5p-electrico-hibrido-2021-en-madrid-70150570-covo.aspx,9.101951025106008
PEUGEOT 2008 Allure 1.2 PureTech,13485.0,14834.631,https://www.coches.net/peugeot-2008-allure-12-puretech-96kw-130cv-5p-gasolina-2019-en-las-palmas-70497393-covo.aspx,9.097839185678676
MERCEDES-BENZ Clase A Sedan A 250 e,23490.0,25839.96,https://www.coches.net/mercedes-benz-clase-a-sedan-a-250-e-4p-electrico-hibrido-2022-en-madrid-70504997-covo.aspx,9.094289821814867
BMW Serie 5 520d,24990.0,27487.99,https://www.coches.net/bmw-serie-5-520d-4p-diesel-2018-en-murcia-70292328-covo.aspx,9.087569564293384
VOLKSWAGEN Taigo Life 1.0 TSI,16485.0,18132.705,https://www.coches.net/volkswagen-taigo-life-10-tsi-70kw-95cv-5p-gasolina-2023-en-las-palmas-70516616-covo.aspx,9.086923716157301
DS DS 7 Crossback BlueHDi Auto. PERF.LINE,19990.0,21987.635,https://www.coches.net/ds-ds-7-crossback-bluehdi-132kw-180cv-auto-perfline-5p-diesel-2020-en-castellon-70437691-covo.aspx,9.085264453946905
OPEL Corsa 1.2T XHL GS,14490.0,15937.925,https://www.coches.net/opel-corsa-12t-xhl-74kw-100cv-gs-5p-gasolina-2023-en-madrid-70417628-covo.aspx,9.084776232986437
MERCEDES-BENZ Clase C C Coupe 220 d,18990.0,20884.146,https://www.coches.net/mercedes-benz-clase-c-c-coupe-220-d-2p-diesel-2017-en-zamora-70352356-covo.aspx,9.069781644139267
PEUGEOT 2008 Active Puretech 100 SS 6 Vel. MAN,13700.0,15058.922,https://www.coches.net/peugeot-2008-active-puretech-100-ss-6-vel-man-5p-gasolina-2023-en-madrid-70472659-covo.aspx,9.024031642371476
PEUGEOT 2008 Active Puretech 100 SS 6 Vel. MAN,13700.0,15058.922,https://www.coches.net/peugeot-2008-active-puretech-100-ss-6-vel-man-5p-gasolina-2023-en-madrid-70472649-covo.aspx,9.024031642371476
PEUGEOT 2008 Active Puretech 100 SS 6 Vel. MAN,13700.0,15058.922,https://www.coches.net/peugeot-2008-active-puretech-100-ss-6-vel-man-5p-gasolina-2023-en-madrid-70472656-covo.aspx,9.024031642371476
FIAT Grande Panda Icon MHEV,19990.0,21972.816,https://www.coches.net/km-0/fiat/grande-panda/vizcaya/icon-mhev-81kw-110cv-electrico-hibrido-de-km0-70302802-kovn.aspx,9.023952003194289
FIAT Grande Panda Icon MHEV,19990.0,21972.816,https://www.coches.net/km-0/fiat/grande-panda/vizcaya/icon-mhev-81kw-110cv-electrico-hibrido-de-km0-70466902-kovn.aspx,9.023952003194289
BMW Serie 7 730d xDrive,51490.0,56589.707,https://www.coches.net/bmw-serie-7-730d-xdrive-4p-electrico-hibrido-2022-en-malaga-70509627-covo.aspx,9.011721916909442
MERCEDES-BENZ Clase E Coupe E 350 d,34990.0,38452.645,https://www.coches.net/mercedes-benz-clase-e-coupe-e-350-d-2p-diesel-2019-en-asturias-70093240-covo.aspx,9.004958107461116
SEAT Ibiza 1.0 MPI Reference XL Edition,10890.0,11967.393,https://www.coches.net/seat-ibiza-10-mpi-59kw-80cv-reference-xl-edition-5p-gasolina-2023-en-madrid-70071627-covo.aspx,9.00273448114628
CITROEN C3 PureTech CSeries,10985.0,12070.201,https://www.coches.net/citroen-c3-puretech-60kw-83cv-cseries-5p-gasolina-2023-en-las-palmas-70484080-covo.aspx,8.990746354780295
KIA Sportage 1.6 TGDi PHEV Drive 4x4,29990.0,32951.625,https://www.coches.net/kia-sportage-16-tgdi-phev-198kw-265cv-drive-4x4-5p-electrico-hibrido-2023-en-sevilla-62247361-covo.aspx,8.987796504724729
MERCEDES-BENZ Clase E E 300 de,28950.0,31802.49,https://www.coches.net/mercedes-benz-clase-e-e-300-de-4p-electrico-hibrido-2019-en-madrid-70326948-covo.aspx,8.969392690172958
NISSAN QASHQAI DIGT mHEV 4x2 Acenta,20490.0,22503.783,https://www.coches.net/nissan-qashqai-digt-103kw-140cv-mhev-4x2-acenta-5p-electrico-hibrido-2025-en-murcia-70445940-covo.aspx,8.948642923494548
DACIA Sandero Stepway Expression TCe CVT,13999.0,15371.227,https://www.coches.net/dacia-sandero-stepway-expression-tce-67kw-90cv-cvt-5p-gasolina-2022-en-alicante-70451518-covo.aspx,8.92724179765664
FIAT 500 Lounge 1.0 6v GSE 70 CV,10990.0,12064.696,https://www.coches.net/fiat-500-lounge-10-6v-gse-52kw-70-cv-3p-electrico-hibrido-2020-en-murcia-61013744-covo.aspx,8.907777397072051
MERCEDES-BENZ Clase C C 200 d Berlina,38900.0,42700.492,https://www.coches.net/mercedes-benz-clase-c-c-200-d-berlina-4p-electrico-hibrido-2025-en-valencia-70502765-covo.aspx,8.900347496726381
TOYOTA Rav4 2.5l hybrid 2WD Feel,18890.0,20735.256,https://www.coches.net/toyota-rav4-25l-hybrid-2wd-feel-5p-electrico-hibrido-2016-en-madrid-70068679-covo.aspx,8.899122691754522
FIAT 500 Cult 1.0 Hybrid 70 CV,11400.0,12512.935,https://www.coches.net/fiat-500-cult-10-hybrid-51kw-70-cv-3p-electrico-hibrido-2021-en-valladolid-70421693-covo.aspx,8.894273074463182
PORSCHE Macan GTS,40999.0,44990.21,https://www.coches.net/porsche-macan-gts-5p-gasolina-2018-en-alicante-62464597-covo.aspx,8.8712874519405
VOLKSWAGEN Tiguan Advance 1.5 TSI,19490.0,21386.168,https://www.coches.net/volkswagen-tiguan-advance-15-tsi-110kw-150cv-5p-gasolina-2020-en-vizcaya-62309189-covo.aspx,8.866328794951613
KIA Niro 1.6 GDi PHEV Drive,30900.0,33903.984,https://www.coches.net/kia-niro-16-gdi-phev-135kw-183cv-drive-5p-electrico-hibrido-2024-en-sevilla-60714320-covo.aspx,8.860269465010335
BMW X1 sDrive18d,21900.0,24023.559,https://www.coches.net/bmw-x1-sdrive18d-5p-diesel-2021-en-madrid-70396914-covo.aspx,8.839483898536447
MERCEDES-BENZ Clase C C 200 CDI Blue Efficiency,13490.0,14797.833,https://www.coches.net/mercedes-benz-clase-c-c-200-cdi-blue-efficiency-4p-diesel-2012-en-castellon-70019539-covo.aspx,8.83800355850773
KIA Rio 1.2 DPi Concept,12475.0,13673.815,https://www.coches.net/kia-rio-12-dpi-62kw-84cv-concept-5p-gasolina-2023-en-valencia-62532610-covo.aspx,8.767234250396033
VOLVO XC40 2.0 B3 G Core Auto,29900.0,32772.53,https://www.coches.net/volvo-xc40-20-b3-g-core-auto-5p-electrico-hibrido-2025-en-madrid-70473966-covo.aspx,8.765057627338443
KIA Stonic 1.0 TGDi MHEV iMT Concept,14985.0,16417.258,https://www.coches.net/kia-stonic-10-tgdi-74kw-100cv-mhev-imt-concept-5p-electrico-hibrido-2021-en-las-palmas-70380996-covo.aspx,8.724098926006313
SEAT Alhambra 1.9 TDI Reference Plus,4990.0,5466.8647,https://www.coches.net/seat-alhambra-19-tdi-115cv-reference-plus-5p-diesel-2008-en-castellon-62298956-covo.aspx,8.722819536270494
SEAT Ibiza 1.0 TSI StartStop FR,21990.0,24091.43,https://www.coches.net/km-0/seat/ibiza/a-coruna/10-tsi-85kw-115cv-startstop-fr-gasolina-de-km0-70184503-kovn.aspx,8.72272718870786
VOLKSWAGEN Taigo Style 1.5 TSI DSG,26900.0,29470.145,https://www.coches.net/volkswagen-taigo-style-15-tsi-110kw-150cv-dsg-5p-gasolina-2025-en-jaen-70448032-covo.aspx,8.721180612211219
MG ZS 1.5 Comfort,15490.0,16964.39,https://www.coches.net/mg-zs-15-comfort-5p-gasolina-2024-en-jaen-70502696-covo.aspx,8.691090989305723
MERCEDES-BENZ CLA CLA 250 e,28790.0,31524.938,https://www.coches.net/mercedes-benz-cla-cla-250-e-4p-electrico-hibrido-2021-en-madrid-70489976-covo.aspx,8.67547318690164
OPEL Corsa 1.4 120 Aniversario,8990.0,9843.759,https://www.coches.net/opel-corsa-14-66kw-90cv-120-aniversario-5p-gasolina-2019-en-huelva-70314419-covo.aspx,8.673097414893181
PEUGEOT 3008 1.6BLUEHDI ALLURE SS,9990.0,10938.424,https://www.coches.net/peugeot-3008-16bluehdi-88kw-120cv-allure-ss-5p-diesel-2016-en-pontevedra-70234737-covo.aspx,8.670571217823923
VOLVO XC60 2.0 T6 AWD Recharge Core Auto,33590.0,36772.43,https://www.coches.net/volvo-xc60-20-t6-awd-recharge-core-auto-5p-electrico-hibrido-2023-en-madrid-70070069-covo.aspx,8.654390570720974
RENAULT Clio Evolution dCi 100,18990.0,20788.902,https://www.coches.net/renault-clio-evolution-dci-100-74kw-5p-diesel-2024-en-valencia-62474774-covo.aspx,8.65318579117201
VOLKSWAGEN Tiguan Advance 2.0 TDI,21900.0,23972.842,https://www.coches.net/volkswagen-tiguan-advance-20-tdi-110kw-150cv-5p-diesel-2020-en-cadiz-70428994-covo.aspx,8.646625270539294
BMW X1 sDrive18d,22490.0,24611.37,https://www.coches.net/bmw-x1-sdrive18d-5p-diesel-2020-en-barcelona-70434515-covo.aspx,8.619468216107249
VOLKSWAGEN T-Cross Sport 1.5 TSI DSG,23890.0,26142.451,https://www.coches.net/volkswagen-t-cross-sport-15-tsi-110kw-150cv-dsg-5p-gasolina-2023-en-alicante-70503120-covo.aspx,8.616067242762107
FIAT 500 Dolcevita 1.0 Hybrid 70 CV,10500.0,11489.606,https://www.coches.net/fiat-500-dolcevita-10-hybrid-51kw-70-cv-3p-electrico-hibrido-2021-en-valencia-70361868-covo.aspx,8.613057810315489
JAGUAR i-Pace EV400 S AUTO 4WD,38900.0,42564.414,https://www.coches.net/jaguar-i-pace-ev400-s-auto-4wd-5p-electrico-hibrido-2021-en-sta-c-tenerife-61887262-covo.aspx,8.60910256422022
TOYOTA Yaris 1.5 120H Active Tech,17490.0,19135.021,https://www.coches.net/toyota-yaris-15-120h-active-tech-5p-electrico-hibrido-2022-en-madrid-70347870-covo.aspx,8.596914749838499
FORD Focus 1.0 Ecoboost MHEV STLine X,20900.0,22863.805,https://www.coches.net/ford-focus-10-ecoboost-mhev-114kw-stline-x-5p-electrico-hibrido-2023-en-guipuzcoa-70465787-covo.aspx,8.589142158713607
RENAULT Mégane Coupecabrio Dynamique 1.5dCi105 eco2,5990.0,6552.5864,https://www.coches.net/renault-megane-coupecabrio-dynamique-15dci105-eco2-2p-diesel-2008-en-madrid-70511674-covo.aspx,8.585715459894512
HYUNDAI i20 1.0 TGDI Klass,10890.0,11911.595,https://www.coches.net/hyundai-i20-10-tgdi-74kw-100cv-klass-5p-gasolina-2019-en-murcia-61039832-covo.aspx,8.576473176042283
MERCEDES-BENZ Clase C C 220 d,42890.0,46906.977,https://www.coches.net/mercedes-benz-clase-c-c-220-d-4p-electrico-hibrido-2024-en-malaga-70314016-covo.aspx,8.563708123774898
FORD EcoSport 1.0L EcoBoost SS Titanium,9990.0,10920.606,https://www.coches.net/ford-ecosport-10l-ecoboost-92kw-125cv-ss-titanium-5p-gasolina-2018-en-albacete-70469400-covo.aspx,8.521563797511888
AUDI A1 Sportback S line 30 TFSI,17900.0,19563.854,https://www.coches.net/audi-a1-sportback-s-line-30-tfsi-85kw-116cv-5p-gasolina-2020-en-madrid-70487885-covo.aspx,8.504733049121102
PEUGEOT 3008 1.5 BlueHDi SS Allure,15500.0,16932.824,https://www.coches.net/peugeot-3008-15-bluehdi-96kw-130cv-ss-allure-5p-diesel-2020-en-madrid-70427154-covo.aspx,8.461814758363875
DACIA Sandero Stepway Essential TCe 90V,14990.0,16368.867,https://www.coches.net/dacia-sandero-stepway-essential-tce-67kw-90v-5p-gasolina-2022-en-granada-61616543-covo.aspx,8.42371785234451
NISSAN QASHQAI EPOWER 190 CV NConnecta,29900.0,32650.066,https://www.coches.net/nissan-qashqai-epower-140-kw-190-cv-nconnecta-5p-electrico-hibrido-2023-en-valencia-62443212-covo.aspx,8.422850881931351
MITSUBISHI Eclipse Cross PHEV Kaiteki 4WD,32190.0,35148.48,https://www.coches.net/mitsubishi-eclipse-cross-phev-kaiteki-4wd-5p-electrico-hibrido-2021-en-huelva-70261337-covo.aspx,8.417093510999264
KIA Ceed Tourer Tourer 1.5 MHEV 118kW160CV GT Line DCT,22800.0,24893.006,https://www.coches.net/kia-ceed-tourer-tourer-15-mhev-118kw160cv-gt-line-dct-5p-electrico-hibrido-2024-en-vizcaya-70425644-covo.aspx,8.408007740000388
HYUNDAI i10 1.0 Klass,13950.0,15230.219,https://www.coches.net/hyundai-i10-10-klass-5p-gasolina-2025-en-valencia-70521121-covo.aspx,8.405780448819883
RENAULT Mégane Bose TCe EDC,8900.0,9714.052,https://www.coches.net/renault-megane-bose-tce-96kw-130cv-edc-5p-gasolina-2016-en-navarra-70329926-covo.aspx,8.38014639110607
BMW Serie 1 116d,18950.0,20676.738,https://www.coches.net/bmw-serie-1-116d-5p-diesel-2023-en-caceres-70224954-covo.aspx,8.351115431082444
MERCEDES-BENZ Clase GLA GLA 220 CDI Urban,13999.0,15273.746,https://www.coches.net/mercedes-benz-clase-gla-gla-220-cdi-urban-5p-diesel-2015-en-alicante-70487345-covo.aspx,8.345995055342872
LAND-ROVER Range Rover Evoque 1.5 P300e I3 SE AUTO 4WD PHEV,42900.0,46798.773,https://www.coches.net/land-rover-range-rover-evoque-15-p300e-i3-se-auto-4wd-phev-5p-electrico-hibrido-2023-en-madrid-58266880-covo.aspx,8.330930815327525
LEXUS IS 2.5 300h Business,22990.0,25078.58,https://www.coches.net/lexus-is-25-300h-business-4p-electrico-hibrido-2017-en-malaga-70483651-covo.aspx,8.328143266559104
VOLVO V60 2.0 B4 D Plus Dark Auto,26990.0,29441.844,https://www.coches.net/volvo-v60-20-b4-d-plus-dark-auto-5p-electrico-hibrido-2024-en-murcia-70242123-covo.aspx,8.327752062063029
AUDI A3 2.0 TDI DPF Ambition,7750.0,8453.25,https://www.coches.net/audi-a3-20-tdi-140cv-dpf-ambition-3p-diesel-2010-en-pontevedra-70200930-covo.aspx,8.319285481915239
VOLKSWAGEN Golf Life 1.5 eTSI DSG,21590.0,23546.223,https://www.coches.net/volkswagen-golf-life-15-etsi-110kw-150cv-dsg-5p-electrico-hibrido-2021-en-madrid-70326902-covo.aspx,8.308010523848289
MERCEDES-BENZ Clase E E 250 BlueTEC 4MATIC Avantgarde Estate,15999.0,17446.645,https://www.coches.net/mercedes-benz-clase-e-e-250-bluetec-4matic-avantgarde-estate-5p-diesel-2015-en-alicante-70318073-covo.aspx,8.297552739479586
PORSCHE Taycan 4 Cross Turismo,69900.0,76187.87,https://www.coches.net/porsche-taycan-4-cross-turismo-5p-electrico-hibrido-2022-en-madrid-70502921-covo.aspx,8.25310829613516
LAND-ROVER Range Rover Velar 2.0D D240 RDynamic SE 4WD Auto,28900.0,31498.791,https://www.coches.net/land-rover-range-rover-velar-20d-d240-rdynamic-se-4wd-auto-5p-diesel-2018-en-asturias-62355735-covo.aspx,8.250446864249069
VOLKSWAGEN Polo Polo 1.0 TSI,13985.0,15242.447,https://www.coches.net/volkswagen-polo-polo-10-tsi-70kw-95cv-5p-gasolina-2022-en-sta-c-tenerife-70497348-covo.aspx,8.249641568128068
BMW Serie 3 M3 Competition M xDrive,84990.0,92625.89,https://www.coches.net/bmw-serie-3-m3-competition-m-xdrive-4p-gasolina-2022-en-las-palmas-62193501-covo.aspx,8.243797250937364
KIA Picanto 1.0 DPi Concept,11490.0,12522.306,https://www.coches.net/kia-picanto-10-dpi-49kw-67cv-concept-5p-gasolina-2022-en-madrid-70448233-covo.aspx,8.243734754256096
PEUGEOT 5008 GTLine 1.6L THP EAT6,17900.0,19500.305,https://www.coches.net/peugeot-5008-gtline-16l-thp-121kw-165cv-eat6-5p-gasolina-2018-en-madrid-70319733-covo.aspx,8.206562477589491
BMW Serie 1 116d,9900.0,10784.107,https://www.coches.net/bmw-serie-1-116d-3p-diesel-2017-en-lugo-70495381-covo.aspx,8.198243835012569
TOYOTA Camry 2.5 220H Advance,26900.0,29302.045,https://www.coches.net/toyota-camry-25-220h-advance-4p-electrico-hibrido-2019-en-valladolid-70322247-covo.aspx,8.197533408604494
CITROEN C4 BlueHdi 110 SS Feel Pack,13500.0,14702.865,https://www.coches.net/citroen-c4-bluehdi-110-ss-feel-pack-5p-diesel-2021-en-valencia-70512016-covo.aspx,8.181162074197115
SEAT Ibiza 1.0 TSI FR Salta,18900.0,20582.008,https://www.coches.net/seat-ibiza-10-tsi-85kw-115cv-fr-salta-5p-gasolina-2025-en-guipuzcoa-70357540-covo.aspx,8.172224147531768
SEAT Arona 1.0 TSI Style Special Edition,18900.0,20582.008,https://www.coches.net/seat-arona-10-tsi-85kw-style-special-edition-5p-gasolina-2025-en-guipuzcoa-70488633-covo.aspx,8.172224147531768
MERCEDES-BENZ Clase A A 180 d,20490.0,22311.945,https://www.coches.net/mercedes-benz-clase-a-a-180-d-5p-diesel-2020-en-sevilla-70462559-covo.aspx,8.165784233431573
KIA Stonic 1.2 DPi Concept,13900.0,15135.467,https://www.coches.net/kia-stonic-12-dpi-62kw-84cv-concept-5p-gasolina-2024-en-malaga-70354567-covo.aspx,8.16272674939953
SUZUKI Across 2.5 PHEV 4WD,36999.0,40273.117,https://www.coches.net/suzuki-across-25-phev-4wd-5p-electrico-hibrido-2020-en-alicante-70509135-covo.aspx,8.129783379460438
MAZDA CX-30 eSKYACTIVG 2.0 2WD Homura,21900.0,23836.746,https://www.coches.net/mazda-cx-30-eskyactivg-20-110-kw-2wd-homura-5p-electrico-hibrido-2022-en-valencia-70354560-covo.aspx,8.12504393902075
FIAT 500 Dolcevita 1.0 Hybrid 70 CV,9990.0,10872.008,https://www.coches.net/fiat-500-dolcevita-10-hybrid-52kw-70-cv-3p-electrico-hibrido-2020-en-madrid-70347752-covo.aspx,8.11264881070007
BMW Serie 2 Active Tourer 225e xDrive,35900.0,39062.273,https://www.coches.net/bmw-serie-2-active-tourer-225e-xdrive-5p-electrico-hibrido-2025-en-sta-c-tenerife-70507402-covo.aspx,8.095466953708332
MERCEDES-BENZ Clase GLC GLC 350 d 4MATIC,26890.0,29254.47,https://www.coches.net/mercedes-benz-clase-glc-glc-350-d-4matic-5p-diesel-2018-en-alicante-70426458-covo.aspx,8.08242516885607
KIA Stonic 1.0 TGDi MHEV MT Concept,14985.0,16300.163,https://www.coches.net/kia-stonic-10-tgdi-74kw-100cv-mhev-mt-concept-5p-electrico-hibrido-2024-en-las-palmas-70371974-covo.aspx,8.068404463217423
BMW X2 sDrive18d Business Auto,21990.0,23919.096,https://www.coches.net/bmw-x2-sdrive18d-business-auto-5p-diesel-2021-en-murcia-70479597-covo.aspx,8.065086268595707
SKODA Fabia 1.0 TSI Selection,18700.0,20340.41,https://www.coches.net/skoda-fabia-10-tsi-85kw-115cv-selection-5p-gasolina-2025-en-guipuzcoa-70459955-covo.aspx,8.064784061131387
CITROEN C3 PureTech Feel,9990.0,10865.5625,https://www.coches.net/citroen-c3-puretech-60kw-83cv-feel-5p-gasolina-2022-en-sta-c-tenerife-70099361-covo.aspx,8.05814241094283
AUDI A3 Sportback Genuine 35 TDI,26990.0,29344.578,https://www.coches.net/audi-a3-sportback-genuine-35-tdi-110kw-150cv-5p-diesel-2023-en-zaragoza-70430539-covo.aspx,8.023894959300936
DACIA Sandero Serie Limitada Xplore TCE SS,11800.0,12829.105,https://www.coches.net/dacia-sandero-serie-limitada-xplore-tce-66kw--ss-5p-gasolina-2019-en-valencia-70485501-covo.aspx,8.021646335800765
AUDI A5 Sportback 2.0 clean TDI 140 quatt S line,20990.0,22820.459,https://www.coches.net/audi-a5-sportback-20-clean-tdi-140-quatt-s-line-5p-diesel-2016-en-jaen-70292051-covo.aspx,8.021131326185428
FORD Focus 1.5 Ecoblue STLine,16990.0,18466.875,https://www.coches.net/ford-focus-15-ecoblue-88kw-stline-5p-diesel-2022-en-madrid-70462565-covo.aspx,7.997427826852134
LAND-ROVER Discovery Sport 2.0D TD4 AWD Auto MHEV Dynamic SE,51900.0,56410.668,https://www.coches.net/land-rover-discovery-sport-20d-td4-150kw-awd-auto-mhev-dynamic-se-5p-electrico-hibrido-2024-en-madrid-62654028-covo.aspx,7.996125788208694
CITROEN C3 Aircross PureTech SS CSeries,11290.0,12268.667,https://www.coches.net/citroen-c3-aircross-puretech-81kw-110cv-ss-cseries-5p-gasolina-2021-en-madrid-70473858-covo.aspx,7.97696271983501
BMW Serie 1 120d,36900.0,40097.09,https://www.coches.net/bmw-serie-1-120d-5p-electrico-hibrido-2026-en-malaga-70334031-covo.aspx,7.973371275093511
CUPRA León 1.5 eTSI DSG,25500.0,27708.752,https://www.coches.net/cupra-leon-15-etsi-110kw-150cv-dsg-5p-electrico-hibrido-2025-en-castellon-70468402-covo.aspx,7.9713151890115945
VOLKSWAGEN Golf R 2.0 TSI BMT 4Motion DSG,22000.0,23905.225,https://www.coches.net/volkswagen-golf-r-20-tsi-300cv-bmt-4motion-dsg-5p-gasolina-2015-en-murcia-70189465-covo.aspx,7.9699088400442015
SEAT Arona 1.0 TSI Style Ecomotive,15340.0,16660.176,https://www.coches.net/seat-arona-10-tsi-85kw-115cv-style-ecomotive-5p-gasolina-2020-en-sevilla-62323035-covo.aspx,7.924140768885382
CITROEN C3 PureTech 105g BUSINESS,7990.0,8677.249,https://www.coches.net/citroen-c3-puretech-60kw-82cv-105g-business-5p-gasolina-2016-en-guipuzcoa-70430772-covo.aspx,7.920125624852077
DS DS 7 Crossback E-Tense 1.6 ETense 225 PERFORMANCE LINE Auto,21990.0,23879.863,https://www.coches.net/ds-ds-7-crossback-e-tense-16-etense-225-performance-line--auto-5p-electrico-hibrido-2021-en-madrid-70373261-covo.aspx,7.91404565005983
FORD Focus 1.5 Ecoblue Trend,15100.0,16397.416,https://www.coches.net/ford-focus-15-ecoblue-88kw-trend-5p-diesel-2022-en-madrid-70281266-covo.aspx,7.912319931315398
FOTON Tunland G7 4WD 6MT,30900.0,33544.625,https://www.coches.net/foton-tunland-g7-4wd-6mt-4p-diesel-2024-en-jaen-70408937-covo.aspx,7.88390092302418
KIA XCeed 1.0 TGDi Drive,17000.0,18454.502,https://www.coches.net/kia-xceed-10-tgdi-drive-88kw-120cv-5p-gasolina-2023-en-murcia-60523693-covo.aspx,7.881556255592698
HYUNDAI Tucson 1.6 TGDI Klass,19690.0,21368.85,https://www.coches.net/hyundai-tucson-16-tgdi-110kw-150cv-klass-5p-gasolina-2023-en-castellon-70349597-covo.aspx,7.856527796603756
LAND-ROVER Range Rover Velar 2.0 D180 S 4WD Auto,28900.0,31363.209,https://www.coches.net/land-rover-range-rover-velar-20-d180-132kw-180cv-s-4wd-auto-5p-diesel-2020-en-madrid-70426688-covo.aspx,7.853816825957314
AUDI Q2 Sport 35 TDI S tronic,23500.0,25501.633,https://www.coches.net/audi-q2-sport-35-tdi-110kw-150cv-s-tronic-5p-diesel-2020-en-cuenca-70317421-covo.aspx,7.849037852662008
PEUGEOT 2008 Allure Puretech 130 SS EAT8,16990.0,18433.521,https://www.coches.net/peugeot-2008-allure-puretech-130-ss-eat8-5p-gasolina-2020-en-vizcaya-70236446-covo.aspx,7.830958862627455
DACIA Spring Expression Electric,10985.0,11918.296,https://www.coches.net/dacia-spring-expression-electric-33kw-45cv-5p-electrico-hibrido-2023-en-las-palmas-70497390-covo.aspx,7.830783078307831
SEAT Ibiza 1.0 TSI Style XL,16590.0,17997.434,https://www.coches.net/seat-ibiza-10-tsi-81kw-110cv-style-xl-5p-gasolina-2023-en-madrid-70282108-covo.aspx,7.820190508933241
SEAT León SP 1.5 TSI SS Style,14985.0,16253.547,https://www.coches.net/seat-leon-sp-15-tsi-96kw-ss-style-5p-gasolina-2021-en-sta-c-tenerife-70446853-covo.aspx,7.804738773363891
VOLKSWAGEN Touran 1.6 TDI Advance Bluemotion Tech,11500.0,12472.169,https://www.coches.net/volkswagen-touran-16-tdi-105cv-advance-bluemotion-tech-5p-diesel-2014-en-murcia-62181241-covo.aspx,7.794706354405798
CITROEN C-Elysée PureTech Shine,8490.0,9207.692,https://www.coches.net/citroen-c-elysee-puretech-60kw-82cv-shine-4p-gasolina-2018-en-madrid-70400805-covo.aspx,7.794486967789862
AUDI A5 S line 35 TDI S tronic Coupe,29990.0,32519.025,https://www.coches.net/audi-a5-s-line-35-tdi-120kw-s-tronic-coupe-2p-electrico-hibrido-2022-en-zaragoza-70468636-covo.aspx,7.777063919492802
MAZDA Mazda3 2.5L ESKY G MHEV Primeline,23490.0,25469.715,https://www.coches.net/mazda-mazda3-25l-esky-g-mhev-103kw-primeline-5p-electrico-hibrido-2025-en-madrid-70281235-covo.aspx,7.772819035843274
LAND-ROVER Range Rover Evoque 2.0 D150 FWD,28900.0,31334.398,https://www.coches.net/land-rover-range-rover-evoque-20-d150-fwd-5p-diesel-2020-en-sta-c-tenerife-61887294-covo.aspx,7.769092623098167
DACIA Sandero Stepway Comfort TCE,8900.0,9645.464,https://www.coches.net/dacia-sandero-stepway-comfort-tce-66kw-90cv-5p-gasolina-2019-en-valencia-70376321-covo.aspx,7.72864713871836
KIA e-Niro eNiro Emotion Long Range,26350.0,28537.664,https://www.coches.net/kia-e-niro-eniro-150kw-emotion-long-range-5p-electrico-hibrido-2022-en-sevilla-62250255-covo.aspx,7.665883436390669
AUDI A5 RS 5 4.2 FSI quattro S tronic,25990.0,28137.648,https://www.coches.net/audi-a5-rs-5-42-fsi-quattro-s-tronic-2p-gasolina-2011-en-a-coruna-62170286-covo.aspx,7.632650760671798
MAZDA CX-30 eSKYACTIVX 2.0 AT Zenith,24900.0,26951.357,https://www.coches.net/mazda-cx-30-eskyactivx-20-137kw-at-zenith-5p-electrico-hibrido-2022-en-guadalajara-70484341-covo.aspx,7.611332482311339
SEAT Ateca 1.5 TSI StSp Style Edition Nav,14990.0,16223.252,https://www.coches.net/seat-ateca-15-tsi-110kw-stsp-style-edition-nav-5p-gasolina-2020-en-pontevedra-70405861-covo.aspx,7.601755533898647
FORD Puma 1.0 EcoBoost STLine MHEV,18500.0,20020.914,https://www.coches.net/ford-puma-10-ecoboost-125cv-stline-mhev-5p-electrico-hibrido-2021-en-huelva-70064013-covo.aspx,7.596626496433221
PORSCHE Macan Macan S,59985.0,64916.277,https://www.coches.net/porsche-macan-macan-s-5p-gasolina-2019-en-las-palmas-70497353-covo.aspx,7.596364957339582
VOLKSWAGEN Polo Polo 1.0 TSI,14990.0,16221.902,https://www.coches.net/volkswagen-polo-polo-10-tsi-70kw-95cv-5p-gasolina-2023-en-valencia-70286361-covo.aspx,7.594068301271887
SEAT León ST 2.0 TDI 4Drive DSG6 StSp Xp,16790.0,18166.363,https://www.coches.net/seat-leon-st-20-tdi-110kw-4drive-dsg6-stsp-xp-5p-diesel-2018-en-madrid-70070067-covo.aspx,7.5764381672945085
CITROEN C4 Picasso 1.6 HDi Exclusive,6980.0,7552.156,https://www.coches.net/citroen-c4-picasso-16-hdi-exclusive-5p-diesel-2010-en-jaen-70162953-covo.aspx,7.576058807194628
CITROEN C4 BlueHdi 130 SS EAT8 Shine,14799.0,16009.76,https://www.coches.net/citroen-c4-bluehdi-130-ss-eat8-shine-5p-diesel-2020-en-madrid-70520855-covo.aspx,7.562635438319668
NISSAN QASHQAI DIGT mHEV Xtronic Acenta,21999.0,23797.209,https://www.coches.net/nissan-qashqai-digt-116kw-158cv-mhev-xtronic-acenta-5p-electrico-hibrido-2021-en-murcia-70382736-covo.aspx,7.556386068448974
HYUNDAI ix35 1.7 CRDi BlueDrive Tecno 4x2,7999.0,8652.729,https://www.coches.net/hyundai-ix35-17-crdi-bluedrive-tecno-4x2-5p-diesel-2014-en-sevilla-70466815-covo.aspx,7.555171925763121
MG ZS 1.5 Comfort,15490.0,16755.914,https://www.coches.net/mg-zs-15-comfort-5p-gasolina-2024-en-jaen-70502694-covo.aspx,7.555028378506283
MERCEDES-BENZ Clase A A 220 CDI Aut. AMG Line,18499.0,20009.22,https://www.coches.net/mercedes-benz-clase-a-a-220-cdi-aut-amg-line-5p-diesel-2015-en-alicante-70341890-covo.aspx,7.54762379570903
KIA Ceed 1.0 TGDi Drive,16590.0,17943.79,https://www.coches.net/kia-ceed-10-tgdi-88kw-120cv-drive-5p-gasolina-2023-en-madrid-70180094-covo.aspx,7.5446108833793035
VOLVO XC40 1.5 T5 Twin Business Plus Auto,23985.0,25941.58,https://www.coches.net/volvo-xc40-15-t5-twin-business-plus-auto-5p-electrico-hibrido-2020-en-las-palmas-70497376-covo.aspx,7.542254836569759
VOLKSWAGEN Touareg Prem Eleg 3.0 V6 TDI Tip 4M,38990.0,42169.05,https://www.coches.net/volkswagen-touareg-prem-eleg-30-v6-tdi-210kw-tip-4m-5p-diesel-2022-en-murcia-70382421-covo.aspx,7.538824617469288
SKODA Kamiq 1.5 TSI DSG STYLE,22900.0,24760.988,https://www.coches.net/skoda-kamiq-15-tsi-110kw-150cv-dsg-style-5p-gasolina-2023-en-jaen-70271880-covo.aspx,7.515807770319144
LAND-ROVER Range Rover Evoque 2.0 D150 FWD,19790.0,21396.8,https://www.coches.net/land-rover-range-rover-evoque-20-d150-fwd-5p-diesel-2020-en-barcelona-70485924-covo.aspx,7.509537513000721
OPEL Mokka X 1.4 T GLP 4X2 Innovation,13290.0,14368.792,https://www.coches.net/opel-mokka-x-14-t-103kw-glp-4x2-innovation-5p-otros-2019-en-madrid-70326884-covo.aspx,7.50788231031567
PEUGEOT 308 Allure 1.2 PureTech EAT8,9990.0,10799.636,https://www.coches.net/peugeot-308-5p-allure-12-puretech-96kw-130cv-eat8-5p-gasolina-2018-en-ciudad-real-70101181-covo.aspx,7.496880094064226
RENAULT Austral Iconic ETech Full Hybrid,29402.0,31783.996,https://www.coches.net/renault-austral-iconic-etech-full-hybrid-147kw-200cv-5p-electrico-hibrido-2022-en-barcelona-70356755-covo.aspx,7.4943254042823
KIA Ceed 1.0 TGDi Drive,16500.0,17835.195,https://www.coches.net/kia-ceed-10-tgdi-88kw-120cv-drive-5p-gasolina-2021-en-guadalajara-62370302-covo.aspx,7.486294874293938
RENAULT Mégane Techno Blue dCi,15850.0,17129.957,https://www.coches.net/renault-megane-techno-blue-dci-85-kw-115cv-5p-diesel-2022-en-sevilla-70486120-covo.aspx,7.472038773448106
VOLKSWAGEN Golf 1.4 TSI DSG GTE,12500.0,13508.877,https://www.coches.net/volkswagen-golf-14-tsi-dsg-gte-5p-electrico-hibrido-2017-en-murcia-70336349-covo.aspx,7.468251851177141
MERCEDES-BENZ Clase C C 200 d,24999.0,27010.83,https://www.coches.net/mercedes-benz-clase-c-c-200-d-4p-diesel-2019-en-valencia-70457570-covo.aspx,7.448234920237795
TESLA Model Y Gran Autonomia 4WD,36900.0,39847.113,https://www.coches.net/tesla-model-y-gran-autonomia-4wd-5p-electrico-hibrido-2021-en-madrid-70487935-covo.aspx,7.396052156773825
SEAT Ibiza 1.0 TSI FR XS,18990.0,20505.982,https://www.coches.net/seat-ibiza-10-tsi-85kw-115cv-fr-xs-5p-gasolina-2025-en-madrid-70255125-covo.aspx,7.392878774039168
RENAULT Twingo Zen Energy TCe 90 MY 2015,7500.0,8098.438,https://www.coches.net/renault-twingo-zen-energy-tce-90-my-2015-5p-gasolina-2015-en-barcelona-62642983-covo.aspx,7.389548319653898
LYNK & CO 01 1.5 PHEV 6.6kW,24990.0,26983.768,https://www.coches.net/lynk--co-01-15-phev-66kw-5p-electrico-hibrido-2023-en-madrid-70355561-covo.aspx,7.388766495829488
MG ZS 1.5 Luxury,15990.0,17264.598,https://www.coches.net/mg-zs-15-luxury-5p-gasolina-2023-en-huelva-70507251-covo.aspx,7.382724356675522
BMW Serie 1 116d,18990.0,20502.6,https://www.coches.net/bmw-serie-1-116d-5p-diesel-2022-en-madrid-70365674-covo.aspx,7.377599124958525
RENAULT Clio Intens Blue dCi,11990.0,12944.901,https://www.coches.net/renault-clio-intens-blue-dci-63-kw-85cv-5p-diesel-2019-en-madrid-70426928-covo.aspx,7.376660046309558
DFSK 500 1.5 T Intelligent,16985.0,18336.83,https://www.coches.net/dfsk-500-15-t-intelligent-5p-gasolina-2023-en-sta-c-tenerife-70430304-covo.aspx,7.372212494555814
OMODA 5 MY25 Premium 1.6 TGDI,24990.0,26975.014,https://www.coches.net/km-0/omoda/5/murcia/my25--premium-16-tgdi-108kw-145cv-gasolina-de-km0-70278171-kovn.aspx,7.358712384804601
FORD Puma 1.0 EcoBoost Titanium X MHEV Auto,25500.0,27523.342,https://www.coches.net/ford-puma-10-ecoboost-155cv-titanium-x-mhev-auto-5p-electrico-hibrido-2023-en-guipuzcoa-70465789-covo.aspx,7.351366748294824
MERCEDES-BENZ GLB 2.0 GLB 220 D 4MATIC DCT,33790.0,36459.977,https://www.coches.net/mercedes-benz-glb-20-glb-220-d-4matic-dct-140kw-190cv-5p-diesel-2021-en-madrid-70326941-covo.aspx,7.323034226100238
OPEL Astra 2.0 CDTi SS 165 CV Sportive Auto GTC,8980.0,9689.385,https://www.coches.net/opel-astra-20-cdti-ss-165-cv-sportive-auto-gtc-3p-diesel-2015-en-jaen-70137854-covo.aspx,7.321257053819166
BMW X1 xDrive25e,24985.0,26955.234,https://www.coches.net/bmw-x1-xdrive25e-5p-electrico-hibrido-2022-en-las-palmas-70516620-covo.aspx,7.309283041617033
VOLKSWAGEN Polo Polo 1.0 TSI,13985.0,15086.395,https://www.coches.net/volkswagen-polo-polo-10-tsi-70kw-95cv-5p-gasolina-2022-en-sta-c-tenerife-70446856-covo.aspx,7.300581520445911
CITROEN C3 PureTech Feel,9990.0,10776.198,https://www.coches.net/citroen-c3-puretech-60kw-83cv-feel-5p-gasolina-2022-en-sta-c-tenerife-70068430-covo.aspx,7.295692084705994
DACIA Sandero Ambiance dCi EU6,7990.0,8617.828,https://www.coches.net/dacia-sandero-ambiance-dci-55kw-75cv-eu6-5p-diesel-2012-en-las-palmas-70478436-covo.aspx,7.285224489203886
KIA Sportage 1.6 TGDi PHEV Tech 4x4,32990.0,35579.668,https://www.coches.net/kia-sportage-16-tgdi-phev-198kw-265cv-tech-4x4-5p-electrico-hibrido-2023-en-sevilla-62393448-covo.aspx,7.278505159251438
SKODA Kamiq 1.5 TSI Ambition,19990.0,21556.422,https://www.coches.net/skoda-kamiq-15-tsi-110kw-150cv-ambition-5p-gasolina-2022-en-sta-c-tenerife-62487756-covo.aspx,7.2666135599092785
KIA XCeed 1.0 TGDi Concept,16890.0,18212.164,https://www.coches.net/kia-xceed-10-tgdi-concept-88kw-120cv-5p-gasolina-2021-en-madrid-70225111-covo.aspx,7.259785591446651
AUDI Q2 Black Line 30 TDI,19990.0,21551.969,https://www.coches.net/audi-q2-black-line-30-tdi-85kw-116cv-5p-diesel-2022-en-sevilla-70438315-covo.aspx,7.247452741411385
MERCEDES-BENZ Clase T 180 d,25490.0,27481.531,https://www.coches.net/mercedes-benz-clase-t-180-d-5p-diesel-2022-en-madrid-70448101-covo.aspx,7.2467987023103015
PEUGEOT 208 STYLE S 1.2L PureTech,8990.0,9691.489,https://www.coches.net/peugeot-208-5p-style-s-12l-puretech-60kw-82cv-5p-gasolina-2017-en-a-coruna-61489746-covo.aspx,7.238198786084562
KIA Stonic 1.0 TGDi MHEV MT Concept,19290.0,20788.902,https://www.coches.net/kia-stonic-10-tgdi-74kw-100cv-mhev-mt-concept-5p-electrico-hibrido-2025-en-huelva-70178978-covo.aspx,7.210108157541237
LAND-ROVER Range Rover Evoque 2.0 D204 Dynamic SE AUTO 4WD MHEV,44900.0,48382.434,https://www.coches.net/land-rover-range-rover-evoque-20-d204-dynamic-se-auto-4wd-mhev-5p-electrico-hibrido-2024-en-sta-c-tenerife-61887290-covo.aspx,7.197723088901956
FORD Focus 1.0 Ecoboost MHEV STLine,15900.0,17133.197,https://www.coches.net/ford-focus-10-ecoboost-mhev-92kw-stline-5p-electrico-hibrido-2021-en-valencia-70446249-covo.aspx,7.197706572253222
SEAT León ST 1.5 EcoTSI DSG SS FR Fas Ed Pl,16990.0,18301.357,https://www.coches.net/seat-leon-st-15-ecotsi-110kw-dsg-ss-fr-fas-ed-pl-5p-gasolina-2020-en-barcelona-70212199-covo.aspx,7.1653560533579785
KIA Sportage 1.7 CRDI VGT Drive 4x2,9990.0,10758.548,https://www.coches.net/kia-sportage-17-crdi-vgt-115cv-drive-4x2-5p-diesel-2015-en-valencia-70511619-covo.aspx,7.1436021121649915
FORD Focus 1.5 Ecoblue Trend,15450.0,16637.984,https://www.coches.net/ford-focus-15-ecoblue-88kw-trend-5p-diesel-2022-en-madrid-70281260-covo.aspx,7.1401940777456705
CITROEN C1 VTi SS City Edition,10985.0,11829.631,https://www.coches.net/citroen-c1-vti-53kw-72cv-ss-city-edition-5p-gasolina-2020-en-las-palmas-70497391-covo.aspx,7.139959559309737
AUDI A6 Avant 2.0 TDI ultra S tron S line,15990.0,17219.08,https://www.coches.net/audi-a6-avant-20-tdi-190cv-ultra-s-tron-s-line-5p-diesel-2017-en-madrid-70320256-covo.aspx,7.137896290327466
CITROEN C5 Aircross Hybrid 225 eEAT8 Shine Pack,23500.0,25302.16,https://www.coches.net/citroen-c5-aircross-hybrid-225-eeat8-shine-pack-5p-electrico-hibrido-2022-en-alicante-70376460-covo.aspx,7.12255453732412
VOLKSWAGEN Golf GTE 1.4 TSI ePower DSG,19999.0,21528.973,https://www.coches.net/volkswagen-golf-gte-14-tsi-epower-150kw-204cv-dsg-5p-electrico-hibrido-2018-en-alicante-70410824-covo.aspx,7.106575314479017
RENAULT Clio Techno TCe,15995.0,17217.848,https://www.coches.net/renault-clio-techno-tce-67-kw-91cv-5p-gasolina-2022-en-las-palmas-70479016-covo.aspx,7.102209757362512
PEUGEOT Rifter Access Standard BlueHDi,11999.0,12915.09,https://www.coches.net/peugeot-rifter-access-standard-bluehdi-73kw-4p-diesel-2020-en-alicante-70212371-covo.aspx,7.093174378444787
SEAT León 2.0 TDI SS Reference Go,16890.0,18177.72,https://www.coches.net/seat-leon-20-tdi-85kw-ss-reference-go-5p-diesel-2022-en-madrid-70351132-covo.aspx,7.084060340434338
MAZDA Mazda2 1.5 116 CV CVT Centreline,21990.0,23661.092,https://www.coches.net/km-0/mazda/mazda2/madrid/15-85-kw-116-cv-cvt-centreline-electrico-hibrido-de-km0-70512990-kovn.aspx,7.062614908986181
JEEP Compass 1.4 Mair Longitude 4x2,14900.0,16032.24,https://www.coches.net/jeep-compass-14-mair-103kw-longitude-4x2-5p-gasolina-2019-en-malaga-70418959-covo.aspx,7.062270885558116
RENAULT Austral Techno ETech Full Hybrid,34160.0,36754.582,https://www.coches.net/renault-austral-techno-etech-full-hybrid-147kw-200cv-5p-electrico-hibrido-2024-en-barcelona-62218715-covo.aspx,7.059207010010338
MAZDA Mazda6 2.2 DE Style Nav WGN,17990.0,19354.623,https://www.coches.net/mazda-mazda6-22-de-110kw-style-nav-wgn-5p-diesel-2017-en-malaga-70109426-covo.aspx,7.050630971060593
VOLKSWAGEN Polo 1.2 TDI Sport,5980.0,6433.1562,https://www.coches.net/volkswagen-polo-12-tdi-75cv-sport-5p-diesel-2012-en-jaen-70423131-covo.aspx,7.044073428186981
SKODA Karoq 1.5 TSI ACT Ambition,22000.0,23666.246,https://www.coches.net/skoda-karoq-15-tsi-110kw-150cv-act-ambition-5p-gasolina-2022-en-guipuzcoa-70074873-covo.aspx,7.040601568788881
NISSAN QASHQAI 1.2 DIGT ACENTA,8888.0,9560.872,https://www.coches.net/nissan-qashqai-12-digt-acenta-5p-gasolina-2016-en-navarra-62231546-covo.aspx,7.037768786822675
OPEL Corsa 1.2T XHL GS,14990.0,16124.424,https://www.coches.net/opel-corsa-12t-xhl-74kw-100cv-gs-5p-gasolina-2024-en-las-palmas-62418353-covo.aspx,7.035437918384922
MITSUBISHI Colt 100T Motion,17900.0,19254.559,https://www.coches.net/mitsubishi-colt-100t-motion-5p-gasolina-2026-en-jaen-70498128-covo.aspx,7.035002060185828
KIA Stonic 1.0 TGDi MHEV MT Concept,19290.0,20748.537,https://www.coches.net/kia-stonic-10-tgdi-74kw-100cv-mhev-mt-concept-5p-electrico-hibrido-2025-en-huelva-70178976-covo.aspx,7.02959009440707
CITROEN C4 Spacetourer BlueHDi EAT8 Origins,10999.0,11829.546,https://www.coches.net/citroen-c4-spacetourer-bluehdi-96kw-130cv-eat8-origins-5p-diesel-2019-en-sevilla-70487071-covo.aspx,7.020944891445091
MAZDA CX-5 eSKY G MHEV 2.0 CenterLine Plus,30490.0,32772.53,https://www.coches.net/mazda-cx-5-esky-g-mhev-20-121kw-centerline-plus-5p-electrico-hibrido-2023-en-madrid-70511753-covo.aspx,6.964769466807663
MAZDA CX-5 eSKY G MHEV 2.0 CenterLine Plus,30490.0,32772.53,https://www.coches.net/mazda-cx-5-esky-g-mhev-20-121kw-centerline-plus-5p-electrico-hibrido-2023-en-madrid-70477337-covo.aspx,6.964769466807663
HYUNDAI Tucson 1.6T Klass,25990.0,27934.8,https://www.coches.net/hyundai-tucson-16t-118kw-160cv-klass-5p-gasolina-2025-en-murcia-70323774-covo.aspx,6.961928228803986
LYNK & CO 01 1.5 PHEV 6.6kW,28990.0,31157.697,https://www.coches.net/lynk--co-01-15-phev-66kw-5p-electrico-hibrido-2023-en-madrid-70364863-covo.aspx,6.957180587336056
MERCEDES-BENZ Clase E Cabrio E 320,32900.0,35359.445,https://www.coches.net/mercedes-benz-clase-e-cabrio-e-320-2p-gasolina-2016-en-madrid-70468937-covo.aspx,6.955553999119313
AUDI A4 Avant Advanced 35 TDI S tronic,21990.0,23632.66,https://www.coches.net/audi-a4-avant-advanced-35-tdi-110kw-s-tronic-5p-diesel-2019-en-cadiz-70429003-covo.aspx,6.950805137421547
TOYOTA Rav4 2.5l 220H Advance,27490.0,29538.066,https://www.coches.net/toyota-rav4-25l-220h-advance-5p-electrico-hibrido-2021-en-madrid-70424762-covo.aspx,6.933650896717623
VOLKSWAGEN T-Cross Advance 1.0 TSI DSG,16900.0,18159.01,https://www.coches.net/volkswagen-t-cross-advance-10-tsi-81kw-110cv-dsg-5p-gasolina-2023-en-madrid-70472676-covo.aspx,6.933251217300985
NISSAN X-TRAIL 5pl 1.5 ePOWER 4x2 AT NConnecta,34900.0,37475.383,https://www.coches.net/nissan-x-trail-5pl-15-epower-152kw-4x2-at-nconnecta-5p-electrico-hibrido-2024-en-valencia-70371305-covo.aspx,6.872198812178579
BMW Serie 2 Gran Tourer 216d,12490.0,13411.347,https://www.coches.net/bmw-serie-2-gran-tourer-216d-5p-diesel-2017-en-madrid-70481745-covo.aspx,6.869904280999233
KIA Niro 1.6 GDi PHEV Concept,27890.0,29938.135,https://www.coches.net/kia-niro-16-gdi-phev-135kw-183cv-concept-5p-electrico-hibrido-2024-en-sevilla-61872884-covo.aspx,6.841223682300577
FORD Focus 1.0 Ecoboost MHEV Trend,17020.0,18265.965,https://www.coches.net/ford-focus-10-ecoboost-mhev-92kw-trend-5p-electrico-hibrido-2022-en-madrid-70180110-covo.aspx,6.821237500499884
NISSAN QASHQAI DIGT mHEV 4x2 Acenta,20900.0,22429.164,https://www.coches.net/nissan-qashqai-digt-103kw-140cv-mhev-4x2-acenta-5p-electrico-hibrido-2024-en-valencia-70361934-covo.aspx,6.817748794555638
TOYOTA Proace City 1.5D GX L1,14800.0,15879.999,https://www.coches.net/toyota-proace-city-15d-75kw-100cv-gx-l1-4p-diesel-2020-en-valencia-70406439-covo.aspx,6.80100182527414
AUDI Q2 Advanced 35 TFSI S tronic,22999.0,24675.36,https://www.coches.net/audi-q2-advanced-35-tfsi-110kw-150cv-s-tronic-5p-gasolina-2021-en-madrid-70326925-covo.aspx,6.793657387208773
PEUGEOT 3008 1.2 PureTech SS Allure,15900.0,17057.2,https://www.coches.net/peugeot-3008-12-puretech-96kw-130cv-ss-allure-5p-gasolina-2020-en-madrid-70120860-covo.aspx,6.784227609172539
VOLKSWAGEN Polo 1.8 GTI,8990.0,9640.16,https://www.coches.net/volkswagen-polo-18-gti-150cv-3p-gasolina-2007-en-a-coruna-62643118-covo.aspx,6.744287913396148
AUDI A1 Sportback Advanced 30 TFSI,20985.0,22497.275,https://www.coches.net/audi-a1-sportback-advanced-30-tfsi-81kw-110cv-5p-gasolina-2023-en-sta-c-tenerife-70446847-covo.aspx,6.722037955116961
KIA Sportage 1.6 MHEV Concept 4x2,20490.0,21965.682,https://www.coches.net/kia-sportage-16-mhev-concept-100kw-136cv-4x2-5p-electrico-hibrido-2021-en-madrid-70417902-covo.aspx,6.718123592831112
KIA Picanto 1.0 TGDi xLine,13490.0,14460.825,https://www.coches.net/kia-picanto-10-tgdi-74kw-100cv-xline-5p-gasolina-2022-en-barcelona-70105576-covo.aspx,6.713484066090465
CITROEN C4 PureTech 130 SS 6v Shine,13985.0,14991.415,https://www.coches.net/citroen-c4-puretech-130-ss-6v-shine-5p-gasolina-2021-en-las-palmas-70497383-covo.aspx,6.713275807788169
CITROEN C4 BlueHDi 130 SS EAT8 Feel Pack,14990.0,16067.568,https://www.coches.net/citroen-c4-bluehdi-130-ss-eat8-feel-pack-5p-diesel-2021-en-madrid-70372111-covo.aspx,6.7064806277688405
OPEL Insignia GS Business Edition 1.5D DVH MT6,13990.0,14994.965,https://www.coches.net/opel-insignia-gs-business-edition-15d-dvh-90kw-mt6-5p-diesel-2021-en-madrid-70281215-covo.aspx,6.702015337961102
KIA Ceed 1.0 TGDi Concept,17985.0,19275.71,https://www.coches.net/kia-ceed-10-tgdi-88kw-120cv-concept-5p-gasolina-2023-en-las-palmas-70497380-covo.aspx,6.696048419096086
KIA Ceed 1.0 TGDi Drive,17985.0,19275.71,https://www.coches.net/kia-ceed-10-tgdi-88kw-120cv-drive-5p-gasolina-2023-en-las-palmas-70497389-covo.aspx,6.696048419096086
AUDI A3 RS 3 Sportback TFSI quattro S tron,69990.0,74996.77,https://www.coches.net/audi-a3-rs-3-sportback-tfsi-294kw-quattro-s-tron-5p-gasolina-2026-en-las-palmas-62543528-covo.aspx,6.675985123109984
HYUNDAI IONIQ 1.6 GDI HEV Tecno DT,16900.0,18107.303,https://www.coches.net/hyundai-ioniq-16-gdi-hev-tecno-dt-5p-electrico-hibrido-2019-en-guadalajara-70434087-covo.aspx,6.667490747161642
NISSAN JUKE DIGT 114 CV 6MT Acenta,17490.0,18734.748,https://www.coches.net/nissan-juke-digt-84-kw-114-cv-6mt-acenta-5p-gasolina-2022-en-vizcaya-70123931-covo.aspx,6.6440607781892576
OPEL Astra 1.6 CDTi SS Selective Pro Auto ST,10490.0,11236.193,https://www.coches.net/opel-astra-16-cdti-ss-100kw-selective-pro-auto-st-5p-diesel-2019-en-vizcaya-62201326-covo.aspx,6.640980049995385
MERCEDES-BENZ Clase GLC GLC 220 d 4MATIC,23700.0,25377.598,https://www.coches.net/mercedes-benz-clase-glc-glc-220-d-4matic-5p-diesel-2018-en-albacete-70224351-covo.aspx,6.6105455645319555
BMW Serie 1 118i,18250.0,19538.559,https://www.coches.net/bmw-serie-1-118i-5p-gasolina-2020-en-malaga-70509625-covo.aspx,6.594952168898398
NISSAN JUKE DIGT EU6 115 CV 6MT ACENTA,10890.0,11655.37,https://www.coches.net/nissan-juke-digt-eu6-85-kw-115-cv-6mt-acenta-5p-gasolina-2016-en-barcelona-62585070-covo.aspx,6.566673640495148
HYUNDAI i10 1.0 Klass,16900.0,18086.229,https://www.coches.net/km-0/hyundai/i10/valencia/10-klass-gasolina-de-demostracion-70521154-devn.aspx,6.558738957656081
MERCEDES-BENZ Clase GLA GLA 200 d Urban,19950.0,21348.406,https://www.coches.net/mercedes-benz-clase-gla-gla-200-d-urban-5p-diesel-2016-en-alicante-70333557-covo.aspx,6.550401156995034
PEUGEOT 208 Allure Puretech 100,16990.0,18180.652,https://www.coches.net/peugeot-208-allure-puretech-100-5p-gasolina-2024-en-madrid-70326917-covo.aspx,6.5490078201694075
FIAT 500L Urban 1.4 16v,9490.0,10154.441,https://www.coches.net/fiat-500l-urban-14-16v-70kw-95cv-5p-gasolina-2019-en-valencia-62101048-covo.aspx,6.543357528667605
LAND-ROVER Defender 4.4 V8 635 Octa 110 Auto 4WD,197900.0,211755.11,https://www.coches.net/land-rover-defender-44-v8-635-octa-110-auto-4wd-5p-electrico-hibrido-2025-en-madrid-70024210-covo.aspx,6.542987045693334
VOLKSWAGEN Passat Alltrack 2.0 TDI 4Mot DSG,25890.0,27696.701,https://www.coches.net/volkswagen-passat-alltrack-20-tdi-147kw-200cv-4mot-dsg-5p-diesel-2023-en-madrid-70281194-covo.aspx,6.5231637539189675
BENTLEY Flying Spur Flying Spur W8,109000.0,116540.875,https://www.coches.net/bentley-flying-spur-flying-spur-w8-4p-gasolina-2015-en-murcia-70358348-covo.aspx,6.47058381876745
MINI COUNTRYMAN John Cooper Works,30990.0,33133.1,https://www.coches.net/mini-countryman-john-cooper-works-5p-gasolina-2020-en-zaragoza-70468727-covo.aspx,6.46815861309392
MAZDA Mazda6e EV 245 CV Gran Autonomia RWD Takumi,38800.0,41480.258,https://www.coches.net/km-0/mazda/mazda6e/valencia/ev-245-cv-gran-autonomia-rwd-takumi-electrico-hibrido-de-demostracion-70354442-devn.aspx,6.461526407611452
CUPRA Formentor 1.4 eHybrid 204 CV DSG,24600.0,26294.543,https://www.coches.net/cupra-formentor-14-ehybrid-150kw-204-cv-dsg-5p-electrico-hibrido-2021-en-las-palmas-70314023-covo.aspx,6.444466331907331
MINI COUNTRYMAN Cooper SD ALL4,18300.0,19559.71,https://www.coches.net/mini-countryman-cooper-sd-all4-5p-diesel-2017-en-murcia-62419478-covo.aspx,6.440335143628705
AUDI A3 Sportback S line 35 TFSI S tronic,36900.0,39439.383,https://www.coches.net/audi-a3-sportback-s-line-35-tfsi-110kw-s-tronic-5p-electrico-hibrido-2025-en-jaen-70270003-covo.aspx,6.438698152485192
HYUNDAI Tucson 1.6 TGDI PHEV Maxx Auto 4X4,34900.0,37299.87,https://www.coches.net/hyundai-tucson-16-tgdi-phev-195kw-maxx-auto-4x4-5p-electrico-hibrido-2023-en-valencia-70354502-covo.aspx,6.4339929961637985
FORD Puma 1.0 EcoBoost STLine MHEV,15490.0,16553.98,https://www.coches.net/ford-puma-10-ecoboost-125cv-stline-mhev-5p-electrico-hibrido-2021-en-madrid-70359485-covo.aspx,6.427339157241025
CITROEN C4 PureTech 130 SS EAT8 Shine,15990.0,17083.053,https://www.coches.net/citroen-c4-puretech-130-ss-eat8-shine-5p-gasolina-2021-en-vizcaya-70483165-covo.aspx,6.398462566210596
FIAT 500X 120TH 10 Firefly T3 120 cv SS,11900.0,12710.019,https://www.coches.net/fiat-500x-120th-10-firefly-t3-88kw-120-cv-ss-5p-gasolina-2019-en-malaga-70479193-covo.aspx,6.373071378316457
BMW Serie 1 118d Business,25985.0,27747.871,https://www.coches.net/bmw-serie-1-118d-business-5p-diesel-2023-en-sta-c-tenerife-70354397-covo.aspx,6.35317602490619
VOLKSWAGEN Taigo Life 1.0 TSI,16485.0,17602.451,https://www.coches.net/volkswagen-taigo-life-10-tsi-70kw-95cv-5p-gasolina-2023-en-las-palmas-70516615-covo.aspx,6.348270254886154
VOLKSWAGEN T-Roc Advance 1.5 TSI,23900.0,25515.805,https://www.coches.net/volkswagen-t-roc-advance-15-tsi-110kw-150cv-5p-gasolina-2022-en-valladolid-70374412-covo.aspx,6.332564100130342
PEUGEOT 2008 Active Pack BlueHDI,14999.0,16012.357,https://www.coches.net/peugeot-2008-active-pack-bluehdi-81kw-110cv-5p-diesel-2022-en-alicante-70498660-covo.aspx,6.328596066002247
RENAULT Captur evolution EcoG,18990.0,20271.547,https://www.coches.net/renault-captur-evolution-ecog-100cv-74-kw-5p-otros-2024-en-valencia-70381796-covo.aspx,6.3218997686874845
CUPRA Formentor 1.5 TSI 150 CV,22900.0,24442.64,https://www.coches.net/cupra-formentor-15-tsi-110kw-150-cv-5p-gasolina-2023-en-madrid-70487908-covo.aspx,6.311268281800056
FORD Puma 1.0 EcoBoost STLine MHEV,21990.0,23468.76,https://www.coches.net/ford-puma-10-ecoboost-125cv-stline-mhev-5p-electrico-hibrido-2023-en-sta-c-tenerife-62451023-covo.aspx,6.300971079822287
RENAULT Clio Zen TCe,12890.0,13755.749,https://www.coches.net/renault-clio-zen-tce-67-kw-91cv-5p-gasolina-2021-en-malaga-70349572-covo.aspx,6.293725059699826
SKODA Kamiq 1.0 TSI Emotion,15500.0,16540.57,https://www.coches.net/skoda-kamiq-10-tsi-81kw-110cv-emotion-5p-gasolina-2022-en-madrid-70472663-covo.aspx,6.291018343627624
SEAT León ST 1.5 EcoTSI DSG SS Xcellence Ed,16990.0,18130.496,https://www.coches.net/seat-leon-st-15-ecotsi-110kw-dsg-ss-xcellence-ed-5p-gasolina-2019-en-madrid-70351134-covo.aspx,6.290484760332374
BMW Serie 5 M5,79990.0,85352.76,https://www.coches.net/bmw-serie-5-m5-4p-gasolina-2019-en-sta-c-tenerife-62540004-covo.aspx,6.283051596622949
KIA Sportage 1.6 MHEV Drive 4x2,18990.0,20258.271,https://www.coches.net/kia-sportage-16-mhev-drive-100kw-136cv-4x2-5p-electrico-hibrido-2021-en-cadiz-62635856-covo.aspx,6.260511837612627
PEUGEOT 3008 1.2 PureTech SS Allure,15990.0,17057.2,https://www.coches.net/peugeot-3008-12-puretech-96kw-130cv-ss-allure-5p-gasolina-2020-en-madrid-70164131-covo.aspx,6.256591161677289
NISSAN QASHQAI DIGT mHEV Xtronic Acenta,21240.0,22654.816,https://www.coches.net/nissan-qashqai-digt-116kw-158cv-mhev-xtronic-acenta-5p-electrico-hibrido-2023-en-madrid-70281232-covo.aspx,6.245102060768328
KIA Niro 1.6 GDi HEV Concept,19975.0,21300.855,https://www.coches.net/kia-niro-16-gdi-hev-104kw-141cv-concept-5p-electrico-hibrido-2024-en-valencia-62532114-covo.aspx,6.22442357160318
LAND-ROVER Range Rover Evoque 1.5 P300e RDynamic S AUTO 4WD PHEV,41900.0,44674.684,https://www.coches.net/land-rover-range-rover-evoque-15-p300e-rdynamic-s-auto-4wd-phev-5p-electrico-hibrido-2023-en-sta-c-tenerife-61887291-covo.aspx,6.210863447812262
VOLKSWAGEN Golf GTD 2.0 TDI DSG BMT,14500.0,15458.052,https://www.coches.net/volkswagen-golf-gtd-20-tdi-184cv-dsg-bmt-5p-diesel-2016-en-murcia-62650886-covo.aspx,6.197752296490408
BMW Serie 3 M3 Competition M xDrive,90000.0,95937.64,https://www.coches.net/bmw-serie-3-m3-competition-m-xdrive-4p-gasolina-2025-en-murcia-61456295-covo.aspx,6.189062589321938
RENAULT Clio Business Blue dCi,12990.0,13846.774,https://www.coches.net/renault-clio-business-blue-dci-74kw-100cv-5p-diesel-2021-en-madrid-70418566-covo.aspx,6.1875378946910375
HYUNDAI Kona EV 65kWh Tecno 2C,33990.0,36226.152,https://www.coches.net/hyundai-kona-ev-150kw-65kwh-tecno-2c-5p-electrico-hibrido-2023-en-murcia-70482905-covo.aspx,6.172756969967851
BMW Serie 3 320d Auto.Touring,29500.0,31440.559,https://www.coches.net/bmw-serie-3-320d-autotouring-5p-electrico-hibrido-2025-en-pontevedra-70339794-covo.aspx,6.1721504977833295
MERCEDES-BENZ Clase CLA CLA 200 CDI Urban,16000.0,17051.717,https://www.coches.net/mercedes-benz-clase-cla-cla-200-cdi-urban-4p-diesel-2015-en-murcia-61331957-covo.aspx,6.167805913054714
FORD Kuga Titanium 1.5T EcoBoost,24490.0,26099.438,https://www.coches.net/ford-kuga-titanium-15t-ecoboost-110kw-150cv-5p-gasolina-2025-en-madrid-70255117-covo.aspx,6.166560103067355
DACIA Sandero Stepway Expression TCe,16600.0,17684.588,https://www.coches.net/dacia-sandero-stepway-expression-tce-67kw-90cv-5p-gasolina-2024-en-madrid-70468273-covo.aspx,6.132955414810455
MERCEDES-BENZ Clase A A 180,33950.0,36166.902,https://www.coches.net/mercedes-benz-clase-a-a-180-5p-electrico-hibrido-2025-en-guipuzcoa-70521395-covo.aspx,6.129643956453193
RENAULT Clio Emotion 1.5DCI85,5490.0,5848.4233,https://www.coches.net/renault-clio-emotion-15dci85-3p-diesel-2007-en-madrid-70467748-covo.aspx,6.128546430657768
MITSUBISHI Space Star 120 MPI Kaiteki,13985.0,14895.928,https://www.coches.net/mitsubishi-space-star-120-mpi-kaiteki-5p-gasolina-2024-en-las-palmas-70497356-covo.aspx,6.115280300889701
LEXUS UX 2.0 300h UX Plus,35900.0,38230.645,https://www.coches.net/lexus-ux-20-300h-ux-plus-5p-electrico-hibrido-2024-en-vizcaya-70385157-covo.aspx,6.096273185624466
OPEL Crossland 1.2 Edition,12985.0,13827.925,https://www.coches.net/opel-crossland-12-81kw-110cv-edition-5p-gasolina-2022-en-las-palmas-70497366-covo.aspx,6.095815652698362
OPEL Crossland 1.2 Edition,12985.0,13827.925,https://www.coches.net/opel-crossland-12-81kw-110cv-edition-5p-gasolina-2022-en-las-palmas-70497397-covo.aspx,6.095815652698362
CITROEN C4 PureTech 130 SS EAT8 Shine,15990.0,17026.533,https://www.coches.net/citroen-c4-puretech-130-ss-eat8-shine-5p-gasolina-2023-en-madrid-70425696-covo.aspx,6.087752514027681
FORD Focus 1.0 Ecob. MHEV STLine Design SIP,17900.0,19059.266,https://www.coches.net/ford-focus-10-ecob-mhev-92kw-stline-design-sip-5p-electrico-hibrido-2022-en-las-palmas-70314111-covo.aspx,6.0824254607134165
VOLKSWAGEN Golf Sportsvan Advance 1.4 TSI 92kW125CV BMT DSG,14999.0,15970.128,https://www.coches.net/volkswagen-golf-sportsvan-advance-14-tsi-92kw125cv-bmt-dsg-5p-gasolina-2017-en-alicante-70457030-covo.aspx,6.08090263248444
VOLKSWAGEN Golf GTI 2.0 TSI DSG,32900.0,35025.938,https://www.coches.net/volkswagen-golf-gti-20-tsi-180kw-245cv-dsg-5p-gasolina-2024-en-guadalajara-70433969-covo.aspx,6.069609128949082
MERCEDES-BENZ Clase GLC GLC 220 d 4MATIC,31990.0,34056.242,https://www.coches.net/mercedes-benz-clase-glc-glc-220-d-4matic-5p-diesel-2020-en-sevilla-70462079-covo.aspx,6.067146739573027
JAGUAR E-Pace 2.0D 163PS MHEV RDynamic 4WD Auto,27990.0,29795.162,https://www.coches.net/jaguar-e-pace-20d-163ps-mhev-rdynamic-4wd-auto-5p-electrico-hibrido-2023-en-alicante-70426810-covo.aspx,6.058574552299579
MAZDA CX-30 eSKYACTIVG 2.0 2WD Homura,24790.0,26381.873,https://www.coches.net/mazda-cx-30-eskyactivg-20-110-kw-2wd-homura-5p-electrico-hibrido-2022-en-madrid-70511742-covo.aspx,6.033965230772579
TOYOTA Yaris 1.5 100H Active,15950.0,16972.9,https://www.coches.net/toyota-yaris-15-100h-active-5p-electrico-hibrido-2019-en-las-palmas-70376139-covo.aspx,6.026668200975245
BMW X1 sDrive18d,27900.0,29688.41,https://www.coches.net/bmw-x1-sdrive18d-5p-diesel-2022-en-albacete-70490225-covo.aspx,6.0239337399261315
CITROEN C3 Aircross BlueHDi SS Feel,14999.0,15959.875,https://www.coches.net/citroen-c3-aircross-bluehdi-81kw-110cv-ss-feel-5p-diesel-2021-en-alicante-70498663-covo.aspx,6.020567203690505
MAZDA Mazda2 1.5 116 CV CVT Exclusiveline,22200.0,23620.727,https://www.coches.net/mazda-mazda2-15-85-kw-116-cv-cvt-exclusiveline-5p-electrico-hibrido-2025-en-madrid-70286796-covo.aspx,6.0147453921063105
SEAT León SP 1.5 TSI FR Special Edition,27300.0,29039.432,https://www.coches.net/km-0/seat/leon/burgos/sp-15-tsi-110kw-fr-special-edition-gasolina-de-km0-70452744-kovn.aspx,5.989895608671642
VOLVO XC60 2.0 T6 AWD Recharge Ultimate Dark Auto,52900.0,56269.555,https://www.coches.net/volvo-xc60-20-t6-awd-recharge-ultimate-dark-auto-5p-electrico-hibrido-2024-en-asturias-62400414-covo.aspx,5.988237700143964
TOYOTA Aygo X Cross 1.0 VVTI Play,11790.0,12539.778,https://www.coches.net/toyota-aygo-x-cross-10-vvti-72cv-play-5p-gasolina-2023-en-sta-c-tenerife-70118637-covo.aspx,5.97919916254002
DS DS 3 PureTech Desire,8390.0,8921.926,https://www.coches.net/ds-ds-3-puretech-60kw-82cv-desire-3p-gasolina-2016-en-madrid-70281233-covo.aspx,5.962006345848294
AUDI A3 Sportback 30 gtron S tronic,14490.0,15408.404,https://www.coches.net/audi-a3-sportback-30-gtron-96kw-s-tronic-5p-otros-2020-en-madrid-62619372-covo.aspx,5.960411468832389
MAZDA Mazda6e EV 245 CV Gran Autonomia RWD Takumi,38400.0,40831.562,https://www.coches.net/km-0/mazda/mazda6e/madrid/ev-245-cv-gran-autonomia-rwd-takumi-electrico-hibrido-de-km0-70452695-kovn.aspx,5.955105195888597
MG ZS 1.5 Comfort,15890.0,16894.834,https://www.coches.net/mg-zs-15-comfort-5p-gasolina-2024-en-jaen-70502649-covo.aspx,5.947581286115682
VOLKSWAGEN Golf Advance 1.6 TDI,13900.0,14774.57,https://www.coches.net/volkswagen-golf-advance-16-tdi-85kw-115cv-5p-diesel-2018-en-malaga-70165340-covo.aspx,5.919429763450185
TOYOTA Yaris 1.5 120H Business Plus,17290.0,18377.582,https://www.coches.net/toyota-yaris-15-120h-business-plus-5p-electrico-hibrido-2022-en-madrid-70316758-covo.aspx,5.917982188302196
HYUNDAI Kona 1.6 GDI HEV Maxx DCT,20900.0,22214.38,https://www.coches.net/hyundai-kona-16-gdi-hev-maxx-dct-5p-electrico-hibrido-2023-en-madrid-70488000-covo.aspx,5.91680167768574
CUPRA León 1.5 eTSI DSG,26990.0,28684.906,https://www.coches.net/cupra-leon-15-etsi-110kw-150cv-dsg-5p-electrico-hibrido-2025-en-madrid-70255126-covo.aspx,5.9087041638840985
KIA Sportage 1.6 TGDi MHEV Tech 4x2,26990.0,28684.906,https://www.coches.net/kia-sportage-16-tgdi-118kw-160cv-mhev-tech-4x2-5p-electrico-hibrido-2025-en-madrid-70168474-covo.aspx,5.9087041638840985
MAZDA CX-5 eSky G MHEV 2.0 Advantage,27490.0,29208.69,https://www.coches.net/mazda-cx-5-esky-g-mhev-20-121kw-advantage-5p-electrico-hibrido-2023-en-madrid-70499572-covo.aspx,5.884171749243339
VOLVO V60 2.0 B4 G Core Auto,36750.0,39043.523,https://www.coches.net/volvo-v60-20-b4-g-core-auto-5p-electrico-hibrido-2025-en-navarra-70519024-covo.aspx,5.874273722174232
LAND-ROVER Range Rover Sport 3.0 I6 PHEV 460 PS AWD Auto S,95900.0,101869.99,https://www.coches.net/land-rover-range-rover-sport-30-i6-phev-460-ps-awd-auto-s-5p-electrico-hibrido-2025-en-madrid-70324986-covo.aspx,5.86040310723863
BMW Serie 7 745e,52990.0,56283.938,https://www.coches.net/bmw-serie-7-745e-4p-electrico-hibrido-2022-en-malaga-70315719-covo.aspx,5.852357966249252
NISSAN QASHQAI EPOWER 190 CV NConnecta,31490.0,33444.715,https://www.coches.net/nissan-qashqai-epower-140-kw-190-cv-nconnecta-5p-electrico-hibrido-2023-en-sevilla-70518195-covo.aspx,5.844615069622243
FORD Kuga STLine 2.5 Duratec PHEV Auto,22990.0,24412.5,https://www.coches.net/ford-kuga-stline-25-duratec-phev-165kw-auto-5p-electrico-hibrido-2023-en-valencia-70521561-covo.aspx,5.826932923707117
FORD Tourneo Connect 1.0 EcoBoost Titanium,8990.0,9544.493,https://www.coches.net/ford-tourneo-connect-10-ecoboost-74kw-100cv-titanium-5p-gasolina-2017-en-valencia-70295136-covo.aspx,5.8095611210693825
BMW X1 sDrive18dA,18999.0,20169.38,https://www.coches.net/bmw-x1-sdrive18da-5p-diesel-2019-en-alicante-70498665-covo.aspx,5.802760469124619
FORD Focus STLine X 1.0T EcoBoost mHEV Auto,27900.0,29613.67,https://www.coches.net/km-0/ford/focus/vizcaya/stline-x-10t-ecoboost-mhev-114kw-auto-electrico-hibrido-de-km0-70396291-kovn.aspx,5.786752963735669
HYUNDAI i20 1.2 MPI Klass,15900.0,16876.357,https://www.coches.net/hyundai-i20-12-mpi-klass-5p-gasolina-2025-en-valencia-70354495-covo.aspx,5.785356386262911
MERCEDES-BENZ Clase A MercedesAMG A 45 S 4MATIC,56490.0,59948.125,https://www.coches.net/mercedes-benz-clase-a-mercedesamg-a-45-s-4matic-5p-gasolina-2020-en-castellon-70501728-covo.aspx,5.768529040733133
MERCEDES-BENZ Clase A Sedan A 200,29999.0,31834.81,https://www.coches.net/mercedes-benz-clase-a-sedan-a-200-4p-gasolina-2020-en-alicante-62464636-covo.aspx,5.766676525911377
TOYOTA Yaris 1.5 125 SEdition,15985.0,16962.756,https://www.coches.net/toyota-yaris-15-125-sedition-5p-gasolina-2022-en-las-palmas-70459091-covo.aspx,5.764133301692322
PEUGEOT 2008 GT Line BlueHDi SS EAT6,11990.0,12719.963,https://www.coches.net/peugeot-2008-gt-line-bluehdi-88kw-120cv-ss-eat6-5p-diesel-2018-en-pontevedra-70153016-covo.aspx,5.738718712481504
CUPRA Formentor 1.4 eHybrid 245 CV VZ DSG,27985.0,29684.006,https://www.coches.net/cupra-formentor-14-ehybrid-180kw-245-cv-vz-dsg-5p-electrico-hibrido-2022-en-sta-c-tenerife-70372156-covo.aspx,5.723640762718717
MERCEDES-BENZ Clase GLC GLC 300 d 4MATIC,37990.0,40290.395,https://www.coches.net/mercedes-benz-clase-glc-glc-300-d-4matic-5p-diesel-2021-en-murcia-70471123-covo.aspx,5.709535878249517
TESLA Model 3 RWD,30000.0,31815.42,https://www.coches.net/tesla-model-3-rwd-4p-electrico-hibrido-2024-en-murcia-62650906-covo.aspx,5.706100772307551
MAZDA CX-60 eSkyactiv PHEV AWD Homura,33990.0,36045.824,https://www.coches.net/mazda-cx-60-eskyactiv-phev-awd-homura-5p-electrico-hibrido-2022-en-madrid-70477335-covo.aspx,5.703363047752476
FIAT 500X Lounge 1.3 MultiJet 4x2,8990.0,9533.409,https://www.coches.net/fiat-500x-lounge-13-multijet-95cv-4x2-5p-diesel-2015-en-valencia-62269161-covo.aspx,5.7000509413287626
VOLVO V60 2.0 B4 D Plus Dark Auto,25990.0,27557.807,https://www.coches.net/volvo-v60-20-b4-d-plus-dark-auto-5p-electrico-hibrido-2024-en-murcia-62498647-covo.aspx,5.6891561112624265
CITROEN C4 Picasso BlueHDi Feel Edition,9990.0,10590.715,https://www.coches.net/citroen-c4-picasso-bluehdi-120cv-feel-edition-5p-diesel-2015-en-vizcaya-62229209-covo.aspx,5.672089680561134
VOLKSWAGEN Golf Sport 2.0 TDI BMT,12000.0,12721.49,https://www.coches.net/volkswagen-golf-sport-20-tdi-150cv-bmt-5p-diesel-2014-en-murcia-70143295-covo.aspx,5.671428591168088
DS DS 7 Crossback E-Tense 1.6 ETense 225 PERFORMANCE LINE Auto,21840.0,23150.92,https://www.coches.net/ds-ds-7-crossback-e-tense-16-etense-225-performance-line--auto-5p-electrico-hibrido-2021-en-madrid-70224475-covo.aspx,5.662496031686106
MAZDA CX-5 2.0 GE 2WD Newground,23900.0,25333.07,https://www.coches.net/mazda-cx-5-20-ge-121kw-165cv-2wd-newground-5p-gasolina-2022-en-valencia-70354454-covo.aspx,5.656915229074643
PEUGEOT 3008 Hybrid 1.2 Allure eDCS6,30390.0,32206.297,https://www.coches.net/peugeot-3008-hybrid-12-107kw-allure-edcs6-5p-electrico-hibrido-2025-en-vizcaya-70517402-covo.aspx,5.639570677900236
MERCEDES-BENZ CLA CLA 250 con tecnologia EQ,50900.0,53936.203,https://www.coches.net/mercedes-benz-cla-cla-250-con-tecnologia-eq-4p-electrico-hibrido-2025-en-guipuzcoa-70372938-covo.aspx,5.6292489072014185
MERCEDES-BENZ Clase C C 200 d,16000.0,16953.379,https://www.coches.net/mercedes-benz-clase-c-c-200-d-4p-diesel-2018-en-murcia-62577412-covo.aspx,5.623533288095916
MERCEDES-BENZ Clase GLA GLA 200 d Style,17490.0,18532.125,https://www.coches.net/mercedes-benz-clase-gla-gla-200-d-style-5p-diesel-2017-en-madrid-70224471-covo.aspx,5.62334324854813
SEAT Arona 1.0 TSI Style XL,16490.0,17472.346,https://www.coches.net/seat-arona-10-tsi-81kw-110cv-style-xl-5p-gasolina-2023-en-las-palmas-70417551-covo.aspx,5.622288614340452
KIA Stonic 1.0 TGDi MHEV iMT Concept,14150.0,14990.817,https://www.coches.net/kia-stonic-10-tgdi-74kw-100cv-mhev-imt-concept-5p-electrico-hibrido-2021-en-malaga-70475532-covo.aspx,5.608882833677414
LAND-ROVER Range Rover Evoque 2.0 D163 RDynamic S AUTO 4WD MHEV,27900.0,29557.838,https://www.coches.net/land-rover-range-rover-evoque-20-d163-rdynamic-s-auto-4wd-mhev-5p-electrico-hibrido-2023-en-madrid-70495183-covo.aspx,5.608792824291198
PEUGEOT 2008 Style 1.6 BlueHDi,11590.0,12277.546,https://www.coches.net/peugeot-2008-style-16-bluehdi-73kw-100cv-5p-diesel-2018-en-madrid-70462576-covo.aspx,5.600027107412406
PORSCHE Cayenne Coupé EHybrid,59000.0,62498.9,https://www.coches.net/porsche-cayenne-coupe-ehybrid-5p-electrico-hibrido-2020-en-murcia-70362827-covo.aspx,5.598336170675008
DS DS 7 Crossback BlueHDi Auto. GRAND CHIC,24900.0,26373.965,https://www.coches.net/ds-ds-7-crossback-bluehdi-132kw-180cv-auto-grand-chic-5p-diesel-2021-en-pontevedra-70504521-covo.aspx,5.588711642266766
RENAULT Talisman Intens Energy TCe EDC,14890.0,15769.297,https://www.coches.net/renault-talisman-intens-energy-tce-110kw-150cv-edc-4p-gasolina-2015-en-madrid-70255116-covo.aspx,5.576005588391207
SEAT Ibiza 1.0 TSI FR XM,17985.0,19037.414,https://www.coches.net/seat-ibiza-10-tsi-81kw-110cv-fr-xm-5p-gasolina-2024-en-sta-c-tenerife-70372157-covo.aspx,5.528135591551012
CITROEN ë-C4 eC4 electrico 50kWh Feel,18900.0,20002.982,https://www.coches.net/citroen-e-c4-ec4-electrico-100kw-50kwh-feel-5p-electrico-hibrido-2022-en-huesca-70425422-covo.aspx,5.514089842266685
PORSCHE Macan Macan S,63990.0,67722.305,https://www.coches.net/porsche-macan-macan-s-5p-gasolina-2023-en-murcia-70156692-covo.aspx,5.511189710277091
PEUGEOT 5008 GT Line 1.5L BlueHDi SS,15500.0,16403.594,https://www.coches.net/peugeot-5008-gt-line-15l-bluehdi-96kw-130cv-ss-5p-diesel-2019-en-almeria-70262999-covo.aspx,5.508510901765048
VOLVO XC40 1.5 T3 Business Plus Auto,22900.0,24233.953,https://www.coches.net/volvo-xc40-15-t3-business-plus-auto-5p-gasolina-2020-en-valencia-70514002-covo.aspx,5.504480090884884
MERCEDES-BENZ Clase GLC GLC 220 d 4MATIC,31499.0,33330.59,https://www.coches.net/mercedes-benz-clase-glc-glc-220-d-4matic-5p-diesel-2020-en-sevilla-70469942-covo.aspx,5.495221813764125
PORSCHE Macan Macan,51990.0,55012.78,https://www.coches.net/porsche-macan-macan-5p-gasolina-2021-en-murcia-70470592-covo.aspx,5.494689018290636
OPEL Grandland X 1.2 Turbo Edition,15490.0,16385.893,https://www.coches.net/opel-grandland-x-12-turbo-edition-5p-gasolina-2021-en-madrid-70281258-covo.aspx,5.467462781496612
KIA Sportage 1.6 TGDi HEV Tech 4x2,33190.0,35102.863,https://www.coches.net/kia-sportage-16-tgdi-hev-171kw-230cv-tech-4x2-5p-electrico-hibrido-2023-en-sevilla-59692825-covo.aspx,5.449308410894633
RENAULT Clio Evolution dCi 100,19290.0,20399.943,https://www.coches.net/renault-clio-evolution-dci-100-74kw-5p-diesel-2025-en-madrid-70070064-covo.aspx,5.4409139271698725
OPEL Grandland X 1.2 Turbo Selective,14900.0,15751.141,https://www.coches.net/opel-grandland-x-12-turbo-selective-5p-gasolina-2020-en-madrid-70425175-covo.aspx,5.403676122661752
VOLKSWAGEN T-Roc R 2.0 TSI 4Motion DSG,42900.0,45350.324,https://www.coches.net/volkswagen-t-roc-r-20-tsi-221kw-300cv-4motion-dsg-5p-gasolina-2024-en-barcelona-70490177-covo.aspx,5.40310187625278
JAGUAR XE 2.0 AJ200D Diesel Auto AWD XE RSport,17990.0,19012.861,https://www.coches.net/jaguar-xe-20-aj200d-diesel-auto-awd-xe-rsport-4p-diesel-2017-en-las-palmas-70319439-covo.aspx,5.379838996731756
MITSUBISHI Colt 100T Motion,17500.0,18492.955,https://www.coches.net/mitsubishi-colt-100t-motion-5p-gasolina-2025-en-jaen-70312089-covo.aspx,5.3693694378761005
MERCEDES-BENZ GLC GLC 300 e 4MATIC,36990.0,39086.48,https://www.coches.net/mercedes-benz-glc-glc-300-e-4matic-5p-electrico-hibrido-2023-en-sta-c-tenerife-62487752-covo.aspx,5.363697226272792
AUDI A4 RS 4 2.9 TFSI quattro tiptro Avant,57900.0,61162.996,https://www.coches.net/audi-a4-rs-4-29-tfsi-331kw-quattro-tiptro-avant-5p-gasolina-2018-en-madrid-56752801-covo.aspx,5.3349186634816155
DACIA Duster Essential 1.6 4X2,11890.0,12559.598,https://www.coches.net/dacia-duster-essential-16-84kw-114cv-4x2-5p-gasolina-2018-en-barcelona-70485917-covo.aspx,5.331362314116726
VOLKSWAGEN Polo Match 1.0 TSI,18985.0,20049.057,https://www.coches.net/volkswagen-polo-match-10-tsi-70kw-95cv-5p-gasolina-2026-en-sta-c-tenerife-70398600-covo.aspx,5.307265372620692
AUDI A1 Sportback 25 TFSI,16990.0,17939.357,https://www.coches.net/audi-a1-sportback-25-tfsi-70kw-95cv-5p-gasolina-2022-en-las-palmas-60883646-covo.aspx,5.292036941732188
SEAT Ibiza 1.4 TDI Style Connect,9490.0,10017.738,https://www.coches.net/seat-ibiza-14-tdi-90cv-style-connect-5p-diesel-2016-en-valencia-70517103-covo.aspx,5.2680382181450796
NISSAN QASHQAI DIGT mHEV Xtronic Premiere Edit.,24490.0,25848.258,https://www.coches.net/nissan-qashqai-digt-116kw-mhev-xtronic-premiere-edit-5p-electrico-hibrido-2021-en-valencia-70517859-covo.aspx,5.254736401782398
NISSAN QASHQAI+2 1.6 dCi SS TEKNA SPORT 4x2,11500.0,12137.592,https://www.coches.net/nissan-qashqai2-16-dci-ss-tekna-sport-4x2-5p-diesel-2012-en-sevilla-70408545-covo.aspx,5.253033777583107
LAND-ROVER Range Rover Evoque 1.5 P300e I3 SE AUTO 4WD PHEV,36900.0,38939.645,https://www.coches.net/land-rover-range-rover-evoque-15-p300e-i3-se-auto-4wd-phev-5p-electrico-hibrido-2023-en-sta-c-tenerife-61887342-covo.aspx,5.237963920325816
BMW Serie 5 520dA,28800.0,30390.543,https://www.coches.net/bmw-serie-5-520da-4p-electrico-hibrido-2022-en-almeria-70375301-covo.aspx,5.233677365967184
AUDI Q3 Design edition 1.4 TFSI ultra CoD,18900.0,19943.354,https://www.coches.net/audi-q3-design-edition-14-tfsi-110kw-ultra-cod-5p-gasolina-2018-en-alicante-70379934-covo.aspx,5.23158512337238
HYUNDAI i40 1.7 CRDi BlueDrive Klass,11000.0,11607.105,https://www.coches.net/hyundai-i40-17-crdi-115cv-bluedrive-klass-4p-diesel-2014-en-murcia-61206874-covo.aspx,5.230463963513729
VOLKSWAGEN Passat 1.6 TDI Advance BMT,9900.0,10443.309,https://www.coches.net/volkswagen-passat-16-tdi-120cv-advance-bmt-4p-diesel-2015-en-malaga-70407070-covo.aspx,5.202456567022768
ALFA ROMEO Stelvio 2.2 Diesel Veloce Q4,28390.0,29941.082,https://www.coches.net/alfa-romeo-stelvio-22-diesel-154kw-210cv-veloce-q4-5p-diesel-2021-en-madrid-70449350-covo.aspx,5.180447485602258
PORSCHE Panamera 4S EHybrid Sport Turismo,117900.0,124331.76,https://www.coches.net/porsche-panamera-4s-ehybrid-sport-turismo-5p-electrico-hibrido-2022-en-asturias-60750259-covo.aspx,5.173061111385145
MG ZS 1.5 Comfort,15890.0,16755.914,https://www.coches.net/mg-zs-15-comfort-5p-gasolina-2024-en-jaen-70502653-covo.aspx,5.167811551611674
MERCEDES-BENZ Clase GLC GLC 300 de 4MATIC,35990.0,37935.566,https://www.coches.net/mercedes-benz-clase-glc-glc-300-de-4matic-5p-electrico-hibrido-2022-en-sta-c-tenerife-70216286-covo.aspx,5.128607769856474
RENAULT Kadjar Zen Energy dCi,11799.0,12436.672,https://www.coches.net/renault-kadjar-zen-energy-dci-96kw-130cv-5p-diesel-2016-en-madrid-70384880-covo.aspx,5.1273514442544545
SEAT León 1.0 TSI SS Style XL Vision,18900.0,19916.799,https://www.coches.net/seat-leon-10-tsi-81kw-ss-style-xl-vision-5p-gasolina-2024-en-guipuzcoa-60941172-covo.aspx,5.105232205735559
BMW Serie 2 Gran Tourer 218d Business,16500.0,17386.707,https://www.coches.net/bmw-serie-2-gran-tourer-218d-business-5p-diesel-2018-en-murcia-70195033-covo.aspx,5.099913569926018
PEUGEOT 2008 Active BlueHDI,13900.0,14644.867,https://www.coches.net/peugeot-2008-active-bluehdi-81kw-110cv-5p-diesel-2021-en-madrid-70495131-covo.aspx,5.086199676401129
TOYOTA Yaris 1.5 100H Active,14990.0,15789.069,https://www.coches.net/toyota-yaris-15-100h-active-5p-electrico-hibrido-2019-en-sta-c-tenerife-62540016-covo.aspx,5.060902064181442
FORD Puma 1.0 EcoBoost Titanium MHEV,22900.0,24117.83,https://www.coches.net/ford-puma-10-ecoboost-125cv-titanium-mhev-5p-electrico-hibrido-2023-en-vizcaya-70509358-covo.aspx,5.049501029653486
FORD Puma 1.0 EcoBoost Titanium MHEV,22900.0,24117.83,https://www.coches.net/ford-puma-10-ecoboost-125cv-titanium-mhev-5p-electrico-hibrido-2023-en-vizcaya-70473230-covo.aspx,5.049501029653486
MERCEDES-BENZ Clase GLC GLC 200 4MATIC,35499.0,37385.527,https://www.coches.net/mercedes-benz-clase-glc-glc-200-4matic-5p-electrico-hibrido-2022-en-alicante-70429957-covo.aspx,5.046143461890699
HYUNDAI i10 1.0 Klass,11990.0,12624.577,https://www.coches.net/hyundai-i10-10-klass-5p-gasolina-2021-en-granada-61946692-covo.aspx,5.0265220052620885
MAZDA CX-30 eSKYACTIVG 2.0 2WD AT Homura,24900.0,26216.238,https://www.coches.net/mazda-cx-30-eskyactivg-20-110-kw-2wd-at-homura-5p-electrico-hibrido-2022-en-madrid-70499582-covo.aspx,5.020698496593163
PEUGEOT 2008 Allure Puretech 130 SS EAT8,18900.0,19897.957,https://www.coches.net/peugeot-2008-allure-puretech-130-ss-eat8-5p-gasolina-2023-en-castellon-70453175-covo.aspx,5.015374340605398
TOYOTA Yaris 1.5 120H Active Tech,16985.0,17881.674,https://www.coches.net/toyota-yaris-15-120h-active-tech-5p-electrico-hibrido-2022-en-las-palmas-70364816-covo.aspx,5.014484867264921
DACIA Sandero Stepway Expression TCe,16600.0,17476.111,https://www.coches.net/dacia-sandero-stepway-expression-tce-67kw-90cv-5p-gasolina-2024-en-madrid-70473953-covo.aspx,5.013193791659128
MERCEDES-BENZ CLA CLA 180,21990.0,23146.926,https://www.coches.net/mercedes-benz-cla-cla-180-4p-gasolina-2019-en-valencia-62206980-covo.aspx,4.9981833103174305
AUDI A3 Sportback S line 35 TFSI S tronic,37300.0,39257.145,https://www.coches.net/audi-a3-sportback-s-line-35-tfsi-110kw-s-tronic-5p-electrico-hibrido-2025-en-guipuzcoa-62364796-covo.aspx,4.985448011105462
BMW Serie 3 320d Auto.Touring,31290.0,32928.527,https://www.coches.net/bmw-serie-3-320d-autotouring-5p-electrico-hibrido-2023-en-madrid-70278352-covo.aspx,4.976011610373462
VOLKSWAGEN Polo Advance 1.0 TSI DSG,13985.0,14715.973,https://www.coches.net/volkswagen-polo-advance-10-tsi-70kw-95cv-dsg-5p-gasolina-2020-en-las-palmas-70516617-covo.aspx,4.967205860766191
MG ZS 1.5 Comfort,13590.0,14300.161,https://www.coches.net/mg-zs-15-comfort-5p-gasolina-2022-en-madrid-70222127-covo.aspx,4.966105809696064
OPEL Mokka X 1.4 T 4X2 SS Selective,10990.0,11562.949,https://www.coches.net/opel-mokka-x-14-t-103kw-140cv-4x2-ss-selective-5p-gasolina-2018-en-madrid-70236716-covo.aspx,4.955043976332001
RENAULT Clio Evolution dCi 100,19390.0,20399.943,https://www.coches.net/renault-clio-evolution-dci-100-74kw-5p-diesel-2024-en-madrid-70316407-covo.aspx,4.9507164877047085
RENAULT Clio Evolution dCi 100,19390.0,20399.943,https://www.coches.net/renault-clio-evolution-dci-100-74kw-5p-diesel-2024-en-madrid-70316408-covo.aspx,4.9507164877047085
MERCEDES-BENZ Clase S S 580 e,94900.0,99842.71,https://www.coches.net/mercedes-benz-clase-s-s-580-e-4p-electrico-hibrido-2023-en-madrid-70371141-covo.aspx,4.950497528651902
LEXUS UX 2.0 250h Business,26200.0,27559.504,https://www.coches.net/lexus-ux-20-250h-business-5p-electrico-hibrido-2022-en-vizcaya-62384466-covo.aspx,4.932976699706445
HYUNDAI Tucson 1.6 TGDI 48V Maxx Safe,24699.0,25979.986,https://www.coches.net/hyundai-tucson-16-tgdi-110kw-150cv-48v-maxx-safe-5p-electrico-hibrido-2023-en-murcia-70183080-covo.aspx,4.930665905463739
LAND-ROVER Range Rover Evoque 1.5 P300e I3 S AUTO 4WD PHEV,44900.0,47211.598,https://www.coches.net/land-rover-range-rover-evoque-15-p300e-i3-s-auto-4wd-phev-5p-electrico-hibrido-2024-en-madrid-59042469-covo.aspx,4.896249589096429
VOLKSWAGEN Taigo Life 1.0 TSI,19290.0,20282.252,https://www.coches.net/volkswagen-taigo-life-10-tsi-81kw-110cv-5p-gasolina-2024-en-madrid-70316368-covo.aspx,4.892217863273896
PEUGEOT 508 Allure BlueHDi SS 6vel MAN,15900.0,16714.559,https://www.coches.net/peugeot-508-5p-allure-bluehdi-96kw-ss-6vel-man-5p-diesel-2019-en-murcia-70478566-covo.aspx,4.873347921102651
VOLVO V60 2.0 B4 G Core Auto,34900.0,36681.332,https://www.coches.net/volvo-v60-20-b4-g-core-auto-5p-electrico-hibrido-2025-en-valencia-62661517-covo.aspx,4.856235945118968
SEAT León ST 1.5 EcoTSI DSG SS Xcel Ed Plus,19490.0,20484.447,https://www.coches.net/seat-leon-st-15-ecotsi-110kw-dsg-ss-xcel-ed-plus-5p-gasolina-2020-en-barcelona-70485748-covo.aspx,4.85464534497733
VOLVO V40 Cross Country 2.0 D3 Cross Country,14500.0,15238.973,https://www.coches.net/volvo-v40-cross-country-20-d3-cross-country-5p-diesel-2018-en-pontevedra-70409111-covo.aspx,4.849228835297655
PEUGEOT 3008 1.5 BlueHDi SS Allure EAT8,15490.0,16278.671,https://www.coches.net/peugeot-3008-15-bluehdi-96kw-130cv-ss-allure-eat8-5p-diesel-2019-en-madrid-70354620-covo.aspx,4.844811369171424
BMW Serie 7 740d xDrive,54990.0,57778.48,https://www.coches.net/bmw-serie-7-740d-xdrive-4p-electrico-hibrido-2022-en-barcelona-70498923-covo.aspx,4.8261575003831645
BMW Serie 6 630d xDrive Gran Turismo,32990.0,34660.77,https://www.coches.net/bmw-serie-6-630d-xdrive-gran-turismo-5p-diesel-2019-en-madrid-70418412-covo.aspx,4.820347481736207
OPEL Astra 1.7 CDTi 125 CV Sport GTC,6900.0,7247.961,https://www.coches.net/opel-astra-17-cdti-125-cv-sport-gtc-3p-diesel-2011-en-lugo-70495159-covo.aspx,4.800811435112677
SEAT Ateca 1.5 TSI StSp Style XL,20890.0,21942.172,https://www.coches.net/seat-ateca-15-tsi-110kw-stsp-style-xl-5p-gasolina-2024-en-madrid-70281226-covo.aspx,4.79520387040082
PEUGEOT E-408 E408 GT Electrico 210,34900.0,36657.76,https://www.coches.net/km-0/peugeot/e-408/asturias/e408-gt-electrico-210-157kw-electrico-hibrido-de-km0-61537261-kovn.aspx,4.795060135520839
SEAT León SP 1.5 TSI SS Xcellence,15495.0,16270.478,https://www.coches.net/seat-leon-sp-15-tsi-96kw-ss-xcellence-5p-gasolina-2021-en-sta-c-tenerife-70509653-covo.aspx,4.766163360606457
CUPRA Formentor 1.5 TSI 150 CV DSG,19990.0,20985.47,https://www.coches.net/cupra-formentor-15-tsi-110kw-150-cv-dsg-5p-gasolina-2022-en-a-coruna-70451735-covo.aspx,4.743618655057196
VOLKSWAGEN T-Roc Sport 2.0 TDI DSG,22890.0,24024.568,https://www.coches.net/volkswagen-t-roc-sport-20-tdi-110kw-150cv-dsg-5p-diesel-2022-en-madrid-70326887-covo.aspx,4.722533792921455
VOLKSWAGEN Polo RLine 1.0 TSI,19990.0,20980.807,https://www.coches.net/volkswagen-polo-rline-10-tsi-70kw-95cv-5p-gasolina-2023-en-zaragoza-70468451-covo.aspx,4.722443028984918
FIAT 500 1.2 8v 69 CV Lounge,7650.0,8029.0425,https://www.coches.net/fiat-500-12-8v-69-cv-lounge-3p-gasolina-2015-en-caceres-70006225-covo.aspx,4.720892701599218
SKODA Kamiq 1.0 TSI SELECTION,15700.0,16476.475,https://www.coches.net/skoda-kamiq-10-tsi-85kw-115cv-selection-5p-gasolina-2023-en-madrid-70351154-covo.aspx,4.7126258971272375
PEUGEOT e-2008 Electrico Allure 136,19900.0,20883.31,https://www.coches.net/peugeot-e-2008-electrico-allure-136-100kw-5p-electrico-hibrido-2023-en-lugo-70494941-covo.aspx,4.708595146673924
VOLKSWAGEN Caddy Beach 2.0 TDI BMT,13500.0,14165.896,https://www.coches.net/volkswagen-caddy-beach-20-tdi-75kw-102cv-bmt-5p-diesel-2020-en-sevilla-70318540-covo.aspx,4.7007013294886395
SEAT Ibiza 1.0 TSI FR XS,19400.0,20356.217,https://www.coches.net/seat-ibiza-10-tsi-85kw-115cv-fr-xs-5p-gasolina-2025-en-barcelona-70486140-covo.aspx,4.697419006766495
FORD C-Max 1.0 EcoBoost Trend,10790.0,11319.672,https://www.coches.net/ford-c-max-10-ecoboost-92kw-125cv-trend-5p-gasolina-2019-en-madrid-70071110-covo.aspx,4.6792158010322185
KIA XCeed 1.6 GDi PHEV eDrive,22990.0,24117.684,https://www.coches.net/kia-xceed-16-gdi-phev-104kw-141cv-edrive-5p-electrico-hibrido-2022-en-sevilla-62257564-covo.aspx,4.675754159251988
PORSCHE Cayenne Coupé GTS,149890.0,157241.83,https://www.coches.net/porsche-cayenne-coupe-gts-5p-gasolina-2025-en-pontevedra-70351031-covo.aspx,4.6754913833459355
CITROEN C5 Aircross PureTech SS Feel,14112.0,14804.082,https://www.coches.net/citroen-c5-aircross-puretech-96kw-130cv-ss-feel-5p-gasolina-2021-en-barcelona-62569659-covo.aspx,4.674940531868717
KIA Sorento 2.2 CRDi GT Line Aut 4x4,21990.0,23066.652,https://www.coches.net/kia-sorento-22-crdi-147kw-200cv-gt-line-aut-4x4-5p-diesel-2019-en-valencia-70482077-covo.aspx,4.667570862495455
VOLKSWAGEN Touareg R 3.0 V6 TSI Tip 4M,54900.0,57577.633,https://www.coches.net/volkswagen-touareg-r-30-v6-tsi-340kw-tip-4m-5p-electrico-hibrido-2022-en-madrid-70380779-covo.aspx,4.650473945706727
FORD Kuga Titanium 1.5T EcoBoost,24890.0,26099.438,https://www.coches.net/ford-kuga-titanium-15t-ecoboost-110kw-150cv-5p-gasolina-2024-en-madrid-70316381-covo.aspx,4.633960023084788
BMW Serie 1 116d,22490.0,23580.725,https://www.coches.net/bmw-serie-1-116d-5p-diesel-2023-en-madrid-70235125-covo.aspx,4.625492335131042
VOLVO XC40 1.5 T5 Twin RDesign Auto,27990.0,29344.701,https://www.coches.net/volvo-xc40-15-t5-twin-rdesign-auto-5p-electrico-hibrido-2020-en-valencia-70124836-covo.aspx,4.616510367375605
BMW iX1 eDrive20,39900.0,41828.414,https://www.coches.net/bmw-ix1-edrive20-5p-electrico-hibrido-2024-en-ciudad-real-61789590-covo.aspx,4.610296865710865
BMW iX1 eDrive20,39900.0,41828.414,https://www.coches.net/bmw-ix1-edrive20-5p-electrico-hibrido-2024-en-cuenca-70291271-covo.aspx,4.610296865710865
MAZDA CX-30 2.5L eSKYACT G MHEV PrimeLine AT,24900.0,26100.271,https://www.coches.net/mazda-cx-30-25l-eskyact-g-mhev-103kw-primeline-at-5p-electrico-hibrido-2025-en-lugo-70495190-covo.aspx,4.598693485213539
BMW Serie 6 640d,26900.0,28192.834,https://www.coches.net/bmw-serie-6-640d-2p-diesel-2014-en-guadalajara-70239382-covo.aspx,4.585682961462878
FORD Puma 1.0 EcoBoost Titanium X MHEV,18900.0,19802.98,https://www.coches.net/ford-puma-10-ecoboost-125cv-titanium-x-mhev-5p-electrico-hibrido-2021-en-vizcaya-62506867-covo.aspx,4.559821033883986
VOLKSWAGEN Polo Life 1.0 TSI,16590.0,17381.734,https://www.coches.net/volkswagen-polo-life-10-tsi-70kw-95cv-5p-gasolina-2023-en-madrid-70418669-covo.aspx,4.554979140279262
VOLVO V60 Cross Country 2.0 B4 D AWD Cross Country AUTO,27590.0,28906.44,https://www.coches.net/volvo-v60-cross-country-20-b4-d-awd-cross-country-auto-5p-electrico-hibrido-2022-en-madrid-70255121-covo.aspx,4.554139070845279
OPEL Corsa 1.2T XHL GS,13985.0,14651.259,https://www.coches.net/opel-corsa-12t-xhl-74kw-100cv-gs-5p-gasolina-2023-en-sta-c-tenerife-70398613-covo.aspx,4.547450827637264
VOLVO XC40 2.0 B3 G Core Auto,32400.0,33936.08,https://www.coches.net/volvo-xc40-20-b3-g-core-auto-5p-electrico-hibrido-2026-en-navarra-70239174-covo.aspx,4.526386694838504
MITSUBISHI Space Star 120 MPI Kaiteki,13985.0,14643.343,https://www.coches.net/mitsubishi-space-star-120-mpi-kaiteki-5p-gasolina-2024-en-sta-c-tenerife-70497344-covo.aspx,4.495850323409148
BMW Serie 1 118d,13990.0,14646.408,https://www.coches.net/bmw-serie-1-118d-2p-diesel-2013-en-valencia-70482716-covo.aspx,4.481700864959826
BMW Serie 3 330e xDrive Touring,39840.0,41707.945,https://www.coches.net/bmw-serie-3-330e-xdrive-touring-5p-electrico-hibrido-2023-en-madrid-70326853-covo.aspx,4.478631825433441
NISSAN JUKE DIGT 114 CV 6MT Acenta,13750.0,14394.136,https://www.coches.net/nissan-juke-digt-84-kw-114-cv-6mt-acenta-5p-gasolina-2023-en-castellon-70367202-covo.aspx,4.474987270681454
MERCEDES-BENZ Clase GLC GLC 300 e 4MATIC,37900.0,39674.43,https://www.coches.net/mercedes-benz-clase-glc-glc-300-e-4matic-5p-electrico-hibrido-2020-en-valladolid-70398746-covo.aspx,4.472476860981973
OPEL Corsa 1.5D DT GSLine,13900.0,14549.019,https://www.coches.net/opel-corsa-15d-dt-74kw-100cv-gsline-5p-diesel-2022-en-murcia-62403853-covo.aspx,4.460909526288251
CITROEN C3 Aircross PureTech Plus,16990.0,17780.848,https://www.coches.net/citroen-c3-aircross-puretech-81kw-110cv-plus-5p-gasolina-2023-en-madrid-70373191-covo.aspx,4.447750025978181
DACIA Spring Essential Electric,9900.0,10358.923,https://www.coches.net/dacia-spring-essential-electric-33kw-45cv-5p-electrico-hibrido-2022-en-valladolid-70322246-covo.aspx,4.430217872442962
VOLVO S60 B4G FWD Core Auto,29950.0,31336.943,https://www.coches.net/volvo-s60-b4g-fwd-core-auto-4p-electrico-hibrido-2024-en-madrid-70255120-covo.aspx,4.425905052287339
OPEL Corsa-e 50kWh Elegancee,19890.0,20803.943,https://www.coches.net/opel-corsa-e-50kwh-elegancee-5p-electrico-hibrido-2020-en-huelva-70274079-covo.aspx,4.393125589640411
PEUGEOT 208 ACTIVE 1.4 HDi 68,4000.0,4182.5913,https://www.coches.net/peugeot-208-5p-active-14-hdi-68-5p-diesel-2012-en-huesca-70517931-covo.aspx,4.365506814366235
SKODA Fabia 1.0 TSI DSG Design,19900.0,20807.8,https://www.coches.net/skoda-fabia-10-tsi-85kw-115cv-dsg-design-5p-gasolina-2025-en-guipuzcoa-62058066-covo.aspx,4.362790622582389
VOLKSWAGEN T-Cross Advance 1.0 TSI DSG,15250.0,15941.674,https://www.coches.net/volkswagen-t-cross-advance-10-tsi-81kw-110cv-dsg-5p-gasolina-2022-en-malaga-70349567-covo.aspx,4.3387779450406185
HYUNDAI i20 1.0 TGDI Klass,17900.0,18708.984,https://www.coches.net/hyundai-i20-10-tgdi-klass-5p-gasolina-2024-en-valencia-70354534-covo.aspx,4.324042175592442
HYUNDAI i20 1.0 TGDI Klass,17900.0,18708.984,https://www.coches.net/hyundai-i20-10-tgdi-klass-5p-gasolina-2024-en-valencia-70354540-covo.aspx,4.324042175592442
BMW X1 xDrive20d,11900.0,12437.008,https://www.coches.net/bmw-x1-xdrive20d-5p-diesel-2014-en-a-coruna-70147712-covo.aspx,4.31782162233807
VOLVO XC60 2.0 T6 PHEV Black Edition Plus Auto eAWD,57900.0,60506.62,https://www.coches.net/volvo-xc60-20-t6-phev-black-edition-plus-auto-eawd-5p-electrico-hibrido-2026-en-valencia-62553717-covo.aspx,4.307993152867116
LAND-ROVER Defender 3.0 I6 400 XDynamic HSE 90 AT 4WD MHEV,96900.0,101261.55,https://www.coches.net/land-rover-defender-30-i6-400-xdynamic-hse-90-at-4wd-mhev-3p-electrico-hibrido-2024-en-madrid-70061042-covo.aspx,4.307209409297304
PORSCHE Cayenne,47990.0,50146.875,https://www.coches.net/porsche-cayenne--5p-gasolina-2019-en-asturias-70212556-covo.aspx,4.301115473297189
PORSCHE 718 Cayman GT4,114900.0,120058.55,https://www.coches.net/porsche-718-cayman-gt4-3p-gasolina-2021-en-madrid-70322254-covo.aspx,4.296692746390531
VOLKSWAGEN T-Cross Advance 1.0 TSI,13985.0,14612.628,https://www.coches.net/volkswagen-t-cross-advance-10-tsi-70kw-95cv-5p-gasolina-2021-en-sta-c-tenerife-70430307-covo.aspx,4.295106483977397
VOLVO XC40 1.5 T3 Business Plus,21500.0,22464.025,https://www.coches.net/volvo-xc40-15-t3-business-plus-5p-gasolina-2020-en-valencia-70513963-covo.aspx,4.291418718870041
HYUNDAI i20 1.2 MPI Klass,16400.0,17133.434,https://www.coches.net/hyundai-i20-12-mpi-klass-5p-gasolina-2024-en-valencia-70354434-covo.aspx,4.280715769765756
VOLVO XC90 2.0 T8 AWD Recharge Inscription Exp Auto,34900.0,36458.637,https://www.coches.net/volvo-xc90-20-t8-awd-recharge-inscription-exp-auto-5p-electrico-hibrido-2022-en-almeria-70402182-covo.aspx,4.275082282351008
KIA Sportage 1.6 TGDi Drive 4x2,24900.0,26011.852,https://www.coches.net/kia-sportage-16-tgdi-110kw-150cv-drive-4x2-5p-gasolina-2024-en-sevilla-62229263-covo.aspx,4.2744037648704
CUPRA Formentor 1.5 TSI 150 CV,20900.0,21828.016,https://www.coches.net/cupra-formentor-15-tsi-110kw-150-cv-5p-gasolina-2023-en-madrid-70473947-covo.aspx,4.251488733300739
MERCEDES-BENZ Clase E Coupe E 220 d,32900.0,34360.473,https://www.coches.net/mercedes-benz-clase-e-coupe-e-220-d-2p-diesel-2019-en-lugo-70495192-covo.aspx,4.250444022877396
BMW Serie 5 540dA xDrive Touring,48990.0,51163.906,https://www.coches.net/bmw-serie-5-540da-xdrive-touring-5p-electrico-hibrido-2022-en-pontevedra-70478341-covo.aspx,4.248905936496981
VOLVO XC60 2.0 T8 AWD Inscription Auto,32990.0,34449.816,https://www.coches.net/volvo-xc60-20-t8-awd-inscription-auto-5p-electrico-hibrido-2020-en-madrid-70154037-covo.aspx,4.237515779576564
CITROEN C4 PureTech 130 SS 6v Shine,14990.0,15652.424,https://www.coches.net/citroen-c4-puretech-130-ss-6v-shine-5p-gasolina-2023-en-madrid-70316364-covo.aspx,4.232084662406893
MERCEDES-BENZ Clase GLC GLC 220 d 4MATIC Exclusive,20999.0,21920.945,https://www.coches.net/mercedes-benz-clase-glc-glc-220-d-4matic-exclusive-5p-diesel-2016-en-alicante-70014441-covo.aspx,4.20577351641071
MG ZS 1.5 Luxury,13990.0,14602.641,https://www.coches.net/mg-zs-15-luxury-5p-gasolina-2024-en-valencia-70460669-covo.aspx,4.195409862728167
VOLVO V90 2.0 B4 D Inscription Auto,27990.0,29213.611,https://www.coches.net/volvo-v90-20-b4-d-inscription-auto-5p-electrico-hibrido-2021-en-murcia-62573791-covo.aspx,4.188497321955486
NISSAN QASHQAI DIGT mHEV 4x2 NConnecta,19990.0,20863.006,https://www.coches.net/nissan-qashqai-digt-103kw-140cv-mhev-4x2-nconnecta-5p-electrico-hibrido-2021-en-barcelona-70489176-covo.aspx,4.184468265308501
MERCEDES-BENZ Mercedes-AMG SL MercedesAMG SL 63 4MATIC,149900.0,156443.64,https://www.coches.net/mercedes-benz-mercedes-amg-sl-mercedesamg-sl-63-4matic-2p-gasolina-2023-en-murcia-70486459-covo.aspx,4.182746322482547
FIAT 500C Monotrim 1.0 Hybrid 70 CV CoTe,11500.0,11995.648,https://www.coches.net/fiat-500c-monotrim-10-hybrid-51kw-70-cv--cote-2p-electrico-hibrido-2023-en-madrid-70472772-covo.aspx,4.131901998315795
FORD Focus 1.6 TDCi 90 Trend,4590.0,4787.4746,https://www.coches.net/ford-focus-16-tdci-90-trend-5p-diesel-2007-en-castellon-70014822-covo.aspx,4.124817894350778
KIA XCeed 1.6 GDi PHEV eDrive,22990.0,23974.03,https://www.coches.net/kia-xceed-16-gdi-phev-104kw-141cv-edrive-5p-electrico-hibrido-2022-en-sevilla-59612247-covo.aspx,4.104563670501844
SEAT León 1.0 TSI SS Style 25 Aniversario,18900.0,19708.322,https://www.coches.net/seat-leon-10-tsi-81kw-ss-style-25-aniversario-5p-gasolina-2024-en-guipuzcoa-70480848-covo.aspx,4.101426061186675
DS DS 3 BlueHDi SS Desire,12290.0,12814.925,https://www.coches.net/ds-ds-3-bluehdi-73kw-100cv-ss-desire-3p-diesel-2016-en-madrid-70316428-covo.aspx,4.096198867241816
MERCEDES-BENZ Clase CLA CLA 200 d,16500.0,17202.271,https://www.coches.net/mercedes-benz-clase-cla-cla-200-d-4p-diesel-2018-en-murcia-61113253-covo.aspx,4.082434607620746
SEAT Ibiza 1.0 TSI FR Plus,14990.0,15626.8,https://www.coches.net/seat-ibiza-10-tsi-81kw-110cv-fr-plus-5p-gasolina-2022-en-zaragoza-70468416-covo.aspx,4.075049355252392
SEAT Ibiza 1.0 TSI FR XL,16900.0,17610.232,https://www.coches.net/seat-ibiza-10-tsi-81kw-110cv-fr-xl-5p-gasolina-2024-en-madrid-70494893-covo.aspx,4.033066712922918
MERCEDES-BENZ GLE AMG GLE 53 4MATIC,54900.0,57205.035,https://www.coches.net/mercedes-benz-gle-amg-gle-53-4matic-5p-gasolina-2020-en-murcia-70466921-covo.aspx,4.029427042486768
CITROEN C3 Aircross PureTech LIVE,8470.0,8825.571,https://www.coches.net/citroen-c3-aircross-puretech-60kw-82cv-live-5p-gasolina-2018-en-madrid-70381957-covo.aspx,4.028875609482168
MAZDA CX-60 eSkyac D MHEV 4WD Homura Plus,54890.0,57191.855,https://www.coches.net/mazda-cx-60-eskyac-d-mhev-187kw-4wd-homura-plus-5p-electrico-hibrido-2025-en-madrid-70284123-covo.aspx,4.024795925720138
AUDI A4 RS 4 2.9 TFSI quattro tiptro Avant,51999.0,54174.01,https://www.coches.net/audi-a4-rs-4-29-tfsi-331kw-quattro-tiptro-avant-5p-gasolina-2018-en-alicante-70257692-covo.aspx,4.014861830875289
FIAT 500 Dolcevita 1.0 Hybrid 70 CV,11450.0,11923.536,https://www.coches.net/fiat-500-dolcevita-10-hybrid-51kw-70-cv-3p-electrico-hibrido-2022-en-malaga-70475531-covo.aspx,3.9714404144704276
FORD Puma 1.0 EcoBoost Titanium X MHEV,16900.0,17593.197,https://www.coches.net/ford-puma-10-ecoboost-125cv-titanium-x-mhev-5p-electrico-hibrido-2021-en-vizcaya-62506870-covo.aspx,3.940143767838177
VOLKSWAGEN Golf GTD 2.0 TDI BMT,15000.0,15614.605,https://www.coches.net/volkswagen-golf-gtd-20-tdi-184cv-bmt-3p-diesel-2015-en-murcia-70187801-covo.aspx,3.936093486191689
PEUGEOT 308 Allure Hybrid 180 eEAT8,24990.0,26013.096,https://www.coches.net/peugeot-308-5p-allure-hybrid-180-eeat8-5p-electrico-hibrido-2023-en-ciudad-real-70229536-covo.aspx,3.933002495362725
BMW i4 M50,45900.0,47776.69,https://www.coches.net/bmw-i4-m50-5p-electrico-hibrido-2022-en-sta-c-tenerife-70465942-covo.aspx,3.928048073258788
MG ZS 1.0T Luxury Auto,17500.0,18214.559,https://www.coches.net/mg-zs-10t-luxury-auto-5p-gasolina-2022-en-jaen-70398794-covo.aspx,3.9230080162095606
VOLKSWAGEN Passat Alltrack 2.0 TDI 4Mot DSG,29500.0,30701.95,https://www.coches.net/volkswagen-passat-alltrack-20-tdi-147kw-200cv-4mot-dsg-5p-diesel-2022-en-guipuzcoa-61516186-covo.aspx,3.9148954686432647
CITROEN C4 Picasso BlueHDi SS Live Edition,9490.0,9876.591,https://www.coches.net/citroen-c4-picasso-bluehdi-100cv-ss-live-edition-5p-diesel-2015-en-valencia-62269165-covo.aspx,3.9142131869776913
MERCEDES-BENZ Clase A A 180 d,22250.0,23154.416,https://www.coches.net/mercedes-benz-clase-a-a-180-d-5p-diesel-2020-en-malaga-70356625-covo.aspx,3.9060195472634005
VOLKSWAGEN Touareg R 3.0 V6 TSI Tip 4M,51999.0,54110.504,https://www.coches.net/volkswagen-touareg-r-30-v6-tsi-340kw-tip-4m-5p-electrico-hibrido-2022-en-alicante-70478331-covo.aspx,3.9022070648396086
SEAT Arona 1.0 TSI Style,15990.0,16638.871,https://www.coches.net/seat-arona-10-tsi-81kw-110cv-style-5p-gasolina-2022-en-sta-c-tenerife-62548760-covo.aspx,3.8997302767357405
TOYOTA Yaris 1.5 120H Active Tech,18900.0,19665.994,https://www.coches.net/toyota-yaris-15-120h-active-tech-5p-electrico-hibrido-2021-en-valladolid-70421685-covo.aspx,3.895018655795532
KIA Sportage 1.6 TGDi MHEV Business 4x2 DCT,29569.0,30763.684,https://www.coches.net/kia-sportage-16-tgdi-mhev-118kw-business-4x2-dct-5p-electrico-hibrido-2025-en-malaga-70426942-covo.aspx,3.883421795407862
PORSCHE Macan Macan,59990.0,62401.99,https://www.coches.net/porsche-macan-macan-5p-gasolina-2022-en-asturias-70307854-covo.aspx,3.8652426752477904
BMW X5 xDrive30d,14999.0,15601.443,https://www.coches.net/bmw-x5-xdrive30d-5p-diesel-2013-en-sevilla-70364915-covo.aspx,3.8614591323243705
MG ZS 1.5 Luxury,12400.0,12897.021,https://www.coches.net/mg-zs-15-luxury-5p-gasolina-2022-en-madrid-70487928-covo.aspx,3.853769531028164
MERCEDES-BENZ Clase GLA GLA 200 d,20900.0,21737.451,https://www.coches.net/mercedes-benz-clase-gla-gla-200-d-5p-diesel-2018-en-cadiz-70369874-covo.aspx,3.85257298683912
FIAT 500C Dolcevita 1.0 Hybrid 70 CV,11990.0,12468.749,https://www.coches.net/fiat-500c-dolcevita-10-hybrid-51kw-70-cv-2p-electrico-hibrido-2022-en-las-palmas-61927784-covo.aspx,3.839591466133417
VOLKSWAGEN Golf Ready2Go 1.6 TDI,12990.0,13504.861,https://www.coches.net/volkswagen-golf-ready2go-16-tdi-85kw-115cv-5p-diesel-2019-en-murcia-70366682-covo.aspx,3.8124147713590983
MAZDA Mazda6e EV 245 CV Gran Autonomia RWD Takumi,39900.0,41480.258,https://www.coches.net/km-0/mazda/mazda6e/valencia/ev-245-cv-gran-autonomia-rwd-takumi-electrico-hibrido-de-demostracion-70354436-devn.aspx,3.8096624655591995
SKODA Fabia 1.0 TSI Ambition,13500.0,14034.398,https://www.coches.net/skoda-fabia-10-tsi-70kw-95cv-ambition-5p-gasolina-2022-en-guipuzcoa-61844234-covo.aspx,3.8077758721177823
KIA Sportage 1.6 TGDi HEV Tech 4x2,33840.0,35177.598,https://www.coches.net/kia-sportage-16-tgdi-hev-171kw-230cv-tech-4x2-5p-electrico-hibrido-2023-en-sevilla-62279406-covo.aspx,3.8024133123608834
SEAT León SP 2.0 TDI DSG SS FR XXL,32700.0,33991.688,https://www.coches.net/km-0/seat/leon/burgos/sp-20-tdi-110kw-dsg-ss-fr-xxl-diesel-de-km0-70158867-kovn.aspx,3.8000099288980578
HYUNDAI i20 1.0 TGDI 48V Essence,14850.0,15434.407,https://www.coches.net/hyundai-i20-10-tgdi-74kw-100cv-48v-essence-5p-electrico-hibrido-2021-en-las-palmas-70314312-covo.aspx,3.7863924281895294
NISSAN Micra IGT 92 CV E6DF Acenta,13990.0,14539.525,https://www.coches.net/nissan-micra-igt-68-kw-92-cv-e6df-acenta-5p-gasolina-2022-en-las-palmas-62036214-covo.aspx,3.7795277071377495
DS DS 3 Crossback PureTech Automatico SO CHIC,15850.0,16472.104,https://www.coches.net/ds-ds-3-crossback-puretech-96-kw-automatico-so-chic-5p-gasolina-2021-en-madrid-70070061-covo.aspx,3.776709605029431
BMW Serie 1 120d,37990.0,39480.12,https://www.coches.net/bmw-serie-1-120d-5p-electrico-hibrido-2025-en-pontevedra-70430605-covo.aspx,3.7743579615967726
VOLKSWAGEN T-Cross Advance 1.0 TSI DSG,14590.0,15159.816,https://www.coches.net/volkswagen-t-cross-advance-10-tsi-85kw-115cv-dsg-5p-gasolina-2021-en-caceres-70140675-covo.aspx,3.758728938267877
VOLKSWAGEN Golf Sport RLine 1.6 TDI,13000.0,13504.861,https://www.coches.net/volkswagen-golf-sport-rline-16-tdi-85kw-115cv-5p-diesel-2020-en-murcia-70344495-covo.aspx,3.738367361637281
CITROEN C3 PureTech Shine,10800.0,11215.517,https://www.coches.net/citroen-c3-puretech-60kw-83cv-shine-5p-gasolina-2021-en-valencia-70460681-covo.aspx,3.7048369355060466
KIA XCeed 1.6 GDi PHEV eDrive,23090.0,23974.03,https://www.coches.net/kia-xceed-16-gdi-phev-104kw-141cv-edrive-5p-electrico-hibrido-2022-en-sevilla-62247541-covo.aspx,3.6874456351408256
AUDI Q5 SPORTBACK S Line 55 TFSI e quattroultra,44610.0,46305.223,https://www.coches.net/audi-q5-sportback-s-line-55-tfsi-e-quattroultra-5p-electrico-hibrido-2023-en-madrid-70326886-covo.aspx,3.6609750671854053
BMW Serie 2 Active Tourer 218d,13990.0,14515.766,https://www.coches.net/bmw-serie-2-active-tourer-218d-5p-diesel-2016-en-a-coruna-70255552-covo.aspx,3.6220316487784294
LYNK & CO 01 1.5 PHEV 6.6kW,33900.0,35162.477,https://www.coches.net/lynk--co-01-15-phev-66kw-5p-electrico-hibrido-2023-en-asturias-62356176-covo.aspx,3.5904085431980155
VOLKSWAGEN Taigo Life 1.0 TSI,16485.0,17089.836,https://www.coches.net/volkswagen-taigo-life-10-tsi-70kw-95cv-5p-gasolina-2024-en-sta-c-tenerife-70519876-covo.aspx,3.5391559036141276
VOLKSWAGEN Taigo Life 1.0 TSI,16490.0,17089.836,https://www.coches.net/volkswagen-taigo-life-10-tsi-70kw-95cv-5p-gasolina-2024-en-sta-c-tenerife-62613644-covo.aspx,3.5098987473822847
MERCEDES-BENZ Clase B B 200 d,21900.0,22690.922,https://www.coches.net/mercedes-benz-clase-b-b-200-d-5p-diesel-2018-en-jaen-61012216-covo.aspx,3.4856312994114527
VOLKSWAGEN Polo Life 1.0 TSI,16990.0,17602.451,https://www.coches.net/volkswagen-polo-life-10-tsi-70kw-95cv-5p-gasolina-2024-en-las-palmas-70504553-covo.aspx,3.479351630604536
FORD Mustang Mach-E Base RWD Rango Estand. Bat. LFP,33900.0,35112.312,https://www.coches.net/ford-mustang-mach-e-base-rwd-rango-estand-bat-lfp-198kw-5p-electrico-hibrido-2023-en-madrid-70425187-covo.aspx,3.4526706265786395
MG ZS 1.5 Comfort,16790.0,17388.008,https://www.coches.net/mg-zs-15-comfort-5p-gasolina-2024-en-huelva-70429372-covo.aspx,3.4391968243199225
VOLKSWAGEN Golf RLine 1.5 eTSI DSG,26990.0,27945.512,https://www.coches.net/volkswagen-golf-rline-15-etsi-110kw-150cv-dsg-5p-electrico-hibrido-2021-en-zaragoza-70408031-covo.aspx,3.419195641742
BMW X1 sDrive18d,23900.0,24743.951,https://www.coches.net/bmw-x1-sdrive18d-5p-diesel-2020-en-madrid-70355310-covo.aspx,3.4107372990384413
AUDI A6 e-tron Sportback S Line etron Performance,69900.0,72346.4,https://www.coches.net/audi-a6-e-tron-sportback-s-line-etron-performance-5p-electrico-hibrido-2026-en-jaen-70347177-covo.aspx,3.3815068757202082
VOLKSWAGEN Polo Life 1.0 TSI,16900.0,17491.158,https://www.coches.net/volkswagen-polo-life-10-tsi-70kw-95cv-5p-gasolina-2022-en-jaen-70347128-covo.aspx,3.3797544808632667
NISSAN QASHQAI DIGT Xtronic NConnecta,22985.0,23786.28,https://www.coches.net/nissan-qashqai-digt-116kw-xtronic-nconnecta-5p-electrico-hibrido-2024-en-las-palmas-70466456-covo.aspx,3.368661768720889
NISSAN QASHQAI DIGT Xtronic NConnecta,22985.0,23786.28,https://www.coches.net/nissan-qashqai-digt-116kw-xtronic-nconnecta-5p-electrico-hibrido-2023-en-las-palmas-70516608-covo.aspx,3.368661768720889
AUDI A3 Sportback S line 35 TDI S tronic,37300.0,38598.234,https://www.coches.net/audi-a3-sportback-s-line-35-tdi-110kw-s-tronic-5p-diesel-2025-en-guipuzcoa-62328373-covo.aspx,3.3634553393998354
RENAULT Arkana Intens TCe 103kW140CV EDC mild hybrid,18990.0,19650.045,https://www.coches.net/renault-arkana-intens-tce-103kw140cv-edc-mild-hybrid-5p-electrico-hibrido-2021-en-murcia-70164988-covo.aspx,3.358999556994492
MERCEDES-BENZ Clase GLC GLC 200 4MATIC,34900.0,36110.234,https://www.coches.net/mercedes-benz-clase-glc-glc-200-4matic-5p-electrico-hibrido-2020-en-zaragoza-70457572-covo.aspx,3.351499639774908
AUDI TT Roadster 1.8 T,8490.0,8782.13,https://www.coches.net/audi-tt-roadster-18-t-150cv-2p-gasolina-2005-en-jaen-62663164-covo.aspx,3.326412689297925
MG ZS 1.5 Luxury,16890.0,17470.94,https://www.coches.net/mg-zs-15-luxury-5p-gasolina-2023-en-jaen-70502651-covo.aspx,3.325175813720128
MG ZS 1.5 Comfort,16790.0,17367.275,https://www.coches.net/mg-zs-15-comfort-5p-gasolina-2024-en-huelva-70430984-covo.aspx,3.3239260485074014
MG ZS 1.5 Comfort,16790.0,17367.275,https://www.coches.net/mg-zs-15-comfort-5p-gasolina-2024-en-sevilla-70518193-covo.aspx,3.3239260485074014
CITROEN C3 1.4 HDi Exclusive,4480.0,4633.8745,https://www.coches.net/citroen-c3-14-hdi-exclusive-5p-diesel-2006-en-jaen-70287520-covo.aspx,3.3206447720932437
SEAT Arona 1.0 TSI Xperience,19900.0,20582.008,https://www.coches.net/seat-arona-10-tsi-85kw-115cv-xperience-5p-gasolina-2025-en-jaen-70474014-covo.aspx,3.3136116685651946
SKODA Karoq 1.5 TSI ACT Selection,27700.0,28647.033,https://www.coches.net/skoda-karoq-15-tsi-110kw-150cv-act-selection-5p-gasolina-2025-en-guipuzcoa-70488663-covo.aspx,3.305868347378086
BMW Serie 2 218d,19750.0,20421.545,https://www.coches.net/bmw-serie-2-218d-2p-diesel-2017-en-alicante-70237081-covo.aspx,3.2884139003394375
LAND-ROVER Defender 4.4 V8 635 Octa Edition One 110 Auto 4WD,209900.0,216868.05,https://www.coches.net/land-rover-defender-44-v8-635-octa-edition-one-110-auto-4wd-5p-electrico-hibrido-2025-en-madrid-70190739-covo.aspx,3.2130352882351056
SKODA Octavia Combi 2.0 TDI DSG RS,28950.0,29909.246,https://www.coches.net/skoda-octavia-combi-20-tdi-147kw-200cv-dsg-rs-5p-diesel-2023-en-madrid-70070080-covo.aspx,3.2071891439298077
LAND-ROVER Range Rover Sport 3.0D I6 MHEV AWD Auto HSE,54900.0,56713.777,https://www.coches.net/land-rover-range-rover-sport-30d-i6-220kw-300cv-mhev-awd-auto-hse-5p-electrico-hibrido-2022-en-madrid-70380571-covo.aspx,3.1981247391730694
LAND-ROVER Discovery 3.0D I6 300 PS HSE AWD Auto,54900.0,56713.688,https://www.coches.net/land-rover-discovery-30d-i6-300-ps-hse-awd-auto-5p-electrico-hibrido-2021-en-madrid-70352688-covo.aspx,3.1979713891818444
KIA XCeed 1.6 GDi PHEV eTech,17990.0,18583.35,https://www.coches.net/kia-xceed-16-gdi-phev-104kw-141cv-etech-5p-electrico-hibrido-2021-en-las-palmas-62420946-covo.aspx,3.192909899707557
RENAULT Symbioz Techno ETech full hybr,26890.0,27764.756,https://www.coches.net/renault-symbioz-techno-etech-full-hybr-105kw-145cv-5p-electrico-hibrido-2024-en-madrid-70326881-covo.aspx,3.150598059660702
MERCEDES-BENZ Clase A A 180 d,21250.0,21941.05,https://www.coches.net/mercedes-benz-clase-a-a-180-d-5p-diesel-2020-en-malaga-70516381-covo.aspx,3.149579243672988
AUDI A5 S line 3.0 TDI quattro tiptronic Coupe,35990.0,37160.105,https://www.coches.net/audi-a5-s-line-30-tdi-quattro-tiptronic-coupe-2p-diesel-2018-en-pontevedra-70256378-covo.aspx,3.1488217107833743
VOLVO V60 2.0 B4 G Core Auto,36500.0,37677.223,https://www.coches.net/volvo-v60-20-b4-g-core-auto-5p-electrico-hibrido-2025-en-valencia-70514064-covo.aspx,3.124494252112076
BMW X2 sDrive18d,23490.0,24243.201,https://www.coches.net/bmw-x2-sdrive18d-5p-diesel-2020-en-madrid-70326870-covo.aspx,3.1068552644310152
PEUGEOT e-Rifter eRifter Active Pack Standard,21990.0,22693.639,https://www.coches.net/peugeot-e-rifter-erifter-active-pack-standard-100kw-4p-electrico-hibrido-2023-en-vizcaya-70236434-covo.aspx,3.1005987274620854
PEUGEOT 508 SW Allure BlueHDi 96kW130CV SS EAT8,11990.0,12373.401,https://www.coches.net/peugeot-508-sw-allure-bluehdi-96kw130cv-ss-eat8-5p-diesel-2019-en-castellon-61660432-covo.aspx,3.0985931500147235
MERCEDES-BENZ Clase C C 220 d Sportive AMG,25990.0,26815.492,https://www.coches.net/mercedes-benz-clase-c-c-220-d-sportive-amg-4p-diesel-2017-en-almeria-70511913-covo.aspx,3.0784152001685126
MERCEDES-BENZ Clase M ML 350 BlueTEC 4MATIC,24500.0,25276.133,https://www.coches.net/mercedes-benz-clase-m-ml-350-bluetec-4matic-5p-diesel-2015-en-sevilla-70508063-covo.aspx,3.0706153439586816
CITROEN C3 Aircross PureTech SS EAT6 SHINE,8990.0,9273.467,https://www.coches.net/citroen-c3-aircross-puretech-81kw-110cv-ss-eat6-shine-5p-gasolina-2017-en-a-coruna-70258686-covo.aspx,3.056751084400534
MERCEDES-BENZ Clase C C Cabrio 300,29990.0,30933.709,https://www.coches.net/mercedes-benz-clase-c-c-cabrio-300-2p-gasolina-2017-en-madrid-70470764-covo.aspx,3.0507463067286213
HYUNDAI IONIQ 1.6 GDI HEV Tecno DCT,17900.0,18462.027,https://www.coches.net/hyundai-ioniq-16-gdi-hev-tecno-dct-5p-electrico-hibrido-2019-en-valladolid-70260889-covo.aspx,3.044234163916265
DFSK 500 1.5 T Luxury,17650.0,18202.436,https://www.coches.net/dfsk-500-15-t-luxury-5p-gasolina-2024-en-huelva-70414197-covo.aspx,3.0349540063051745
BMW Serie 8 840d xDrive,89900.0,92706.58,https://www.coches.net/bmw-serie-8-840d-xdrive-2p-electrico-hibrido-2026-en-murcia-70445514-covo.aspx,3.0273775407995087
KIA Sportage 1.6 TGDi PHEV Tech 4x4,34900.0,35986.23,https://www.coches.net/kia-sportage-16-tgdi-phev-198kw-265cv-tech-4x4-5p-electrico-hibrido-2024-en-sevilla-62393437-covo.aspx,3.018461379813785
MITSUBISHI ASX 160 HEV Kaiteki,26790.0,27618.906,https://www.coches.net/mitsubishi-asx-160-hev-kaiteki-5p-electrico-hibrido-2025-en-huelva-70210430-covo.aspx,3.001227646369957
CITROEN C3 Aircross PureTech SS Feel,12990.0,13390.88,https://www.coches.net/citroen-c3-aircross-puretech-81kw-110cv-ss-feel-5p-gasolina-2021-en-las-palmas-70314677-covo.aspx,2.993678431295904
RENAULT Clio Evolution dCi 100,19790.0,20399.943,https://www.coches.net/renault-clio-evolution-dci-100-74kw-5p-diesel-2024-en-madrid-70316402-covo.aspx,2.989926729844053
MERCEDES-BENZ Clase B B 170 BE,9990.0,10295.318,https://www.coches.net/mercedes-benz-clase-b-b-170-be-5p-gasolina-2009-en-malaga-70108160-covo.aspx,2.965603866897177
OPEL Astra 1.4 Turbo Dynamic,12500.0,12881.67,https://www.coches.net/opel-astra-14-turbo-92kw-125cv-dynamic-5p-gasolina-2019-en-murcia-61068693-covo.aspx,2.9628916451807807
MG ZS 1.5 Comfort,16990.0,17506.195,https://www.coches.net/mg-zs-15-comfort-5p-gasolina-2024-en-huelva-70508862-covo.aspx,2.948643627501514
MG ZS 1.5 Comfort,16990.0,17506.195,https://www.coches.net/mg-zs-15-comfort-5p-gasolina-2024-en-huelva-70398929-covo.aspx,2.948643627501514
NISSAN JUKE DIGT EU6 115 CV 6MT NCONNECTA,13495.0,13903.828,https://www.coches.net/nissan-juke-digt-eu6-85-kw-115-cv-6mt-nconnecta-5p-gasolina-2016-en-sta-c-tenerife-70452884-covo.aspx,2.940399732537689
RENAULT Espace Zen Energy dCi TT EDC,13990.0,14412.893,https://www.coches.net/renault-espace-zen-energy-dci-118kw-160cv-tt-edc-5p-diesel-2016-en-castellon-61751887-covo.aspx,2.9341270382243763
TESLA Model S P100D 4WD,39900.0,41105.438,https://www.coches.net/tesla-model-s-p100d-4wd-5p-electrico-hibrido-2017-en-madrid-70413458-covo.aspx,2.932549981982311
MINI MINI COOPER 5 PUERTAS,17490.0,18017.463,https://www.coches.net/mini-mini-cooper-5-puertas-5p-gasolina-2022-en-sta-c-tenerife-61887195-covo.aspx,2.927509238270467
VOLKSWAGEN Golf Advance 1.4 TSI BMT,11990.0,12351.406,https://www.coches.net/volkswagen-golf-advance-14-tsi-140cv-bmt-5p-gasolina-2013-en-malaga-70109376-covo.aspx,2.92603321990158
CUPRA Formentor 2.0 TDI 150 CV 4Drive DSG,19490.0,20075.791,https://www.coches.net/cupra-formentor-20-tdi-110kw-150-cv-4drive-dsg-5p-diesel-2022-en-madrid-70426673-covo.aspx,2.9178975571576657
MERCEDES-BENZ GLC Coupé GLC 300 de 4MATIC,55990.0,57671.242,https://www.coches.net/mercedes-benz-glc-coupe-glc-300-de-4matic-5p-electrico-hibrido-2024-en-las-palmas-62413464-covo.aspx,2.9152175741836235
PEUGEOT 2008 Active Pack Puretech 100 SS BVM6,13990.0,14409.091,https://www.coches.net/peugeot-2008-active-pack-puretech-100-ss-bvm6-5p-gasolina-2021-en-guipuzcoa-70290411-covo.aspx,2.9085167519501476
CUPRA Formentor 1.4 eHybrid 204 CV DSG,21985.0,22640.889,https://www.coches.net/cupra-formentor-14-ehybrid-150kw-204-cv-dsg-5p-electrico-hibrido-2022-en-las-palmas-70497354-covo.aspx,2.896921058976625
LYNK & CO 01 1.5 PHEV More,38900.0,40058.684,https://www.coches.net/km-0/lynk--co/01/asturias/15-phev-more-electrico-hibrido-de-km0-62353265-kovn.aspx,2.8924654776493433
PEUGEOT 3008 1.2 PURETECH ALLURE SS,11890.0,12243.247,https://www.coches.net/peugeot-3008-12-puretech-96kw-130cv-allure-ss-5p-gasolina-2017-en-madrid-70316404-covo.aspx,2.885240069761033
NISSAN JUKE 1.6 Hybrid Tekna,25990.0,26761.828,https://www.coches.net/nissan-juke-16-hybrid-105kw-145cv-tekna-5p-electrico-hibrido-2024-en-sta-c-tenerife-61196023-covo.aspx,2.884063530319829
MERCEDES-BENZ Clase E E 200 d,23490.0,24186.883,https://www.coches.net/mercedes-benz-clase-e-e-200-d-4p-diesel-2018-en-vizcaya-62273749-covo.aspx,2.881242770729615
HYUNDAI i20 1.2 MPI Klass,15900.0,16369.816,https://www.coches.net/hyundai-i20-12-mpi-klass-5p-gasolina-2025-en-valencia-70521150-covo.aspx,2.870016343436961
KIA Sportage 1.6 MHEV Business 4x2,18995.0,19554.342,https://www.coches.net/kia-sportage-16-mhev-business-100kw-136cv-4x2-5p-electrico-hibrido-2021-en-las-palmas-70470858-covo.aspx,2.8604480922205675
MINI COUNTRYMAN Cooper S E ALL4,25900.0,26660.396,https://www.coches.net/mini-countryman-cooper-s-e-all4-5p-electrico-hibrido-2022-en-sta-c-tenerife-70473423-covo.aspx,2.852157449423716
VOLKSWAGEN Polo Polo 1.0 TSI,16900.0,17396.156,https://www.coches.net/volkswagen-polo-polo-10-tsi-70kw-95cv-5p-gasolina-2023-en-guipuzcoa-62127147-covo.aspx,2.852102745398139
KIA Stonic 1.6 CRDi VGT Tech EcoDynam,11000.0,11322.376,https://www.coches.net/kia-stonic-16-crdi-vgt-81kw-110cv-tech-ecodynam-5p-diesel-2018-en-murcia-60642106-covo.aspx,2.8472467018391145
MERCEDES-BENZ Clase T 180 d,22490.0,23148.22,https://www.coches.net/mercedes-benz-clase-t-180-d-5p-diesel-2022-en-barcelona-70485750-covo.aspx,2.8435045248905046
FORD Focus 1.0 Ecoboost MHEV STLine,17450.0,17959.736,https://www.coches.net/ford-focus-10-ecoboost-mhev-92kw-stline-5p-electrico-hibrido-2023-en-madrid-70070090-covo.aspx,2.838217214396135
TOYOTA Corolla 1.6 VVTi Sol,16900.0,17392.465,https://www.coches.net/toyota-corolla-16-vvti-sol-4p-gasolina-2006-en-madrid-70474995-covo.aspx,2.8314839108441134
DS DS 3 Crossback PureTech Manual SO CHIC,13900.0,14302.455,https://www.coches.net/ds-ds-3-crossback-puretech-73-kw-manual-so-chic-5p-gasolina-2020-en-pontevedra-70504520-covo.aspx,2.8138880767438175
MERCEDES-BENZ GLE Coupé MercedesAMG GLE 63 S 4MATIC,133000.0,136833.25,https://www.coches.net/mercedes-benz-gle-coupe-mercedesamg-gle-63-s-4matic-5p-gasolina-2023-en-murcia-70419738-covo.aspx,2.801402436907696
CITROEN C5 Aircross PureTech SS Feel,15990.0,16448.295,https://www.coches.net/citroen-c5-aircross-puretech-96kw-130cv-ss-feel-5p-gasolina-2020-en-vizcaya-70430729-covo.aspx,2.786276170580466
KIA Rio 1.2 DPi Concept,12985.0,13355.054,https://www.coches.net/kia-rio-12-dpi-62kw-84cv-concept-5p-gasolina-2023-en-las-palmas-70484083-covo.aspx,2.7708889754178525
LEXUS UX 2.0 300h F Sport,35900.0,36922.93,https://www.coches.net/lexus-ux-20-300h-f-sport-5p-electrico-hibrido-2024-en-granada-70473884-covo.aspx,2.770445617825136
OPEL Crossland 1.2 Business Elegance Auto,16999.0,17481.6,https://www.coches.net/opel-crossland-12-96kw-130cv-business-elegance-auto-5p-gasolina-2021-en-alicante-70314862-covo.aspx,2.76061470436717
MERCEDES-BENZ Clase CLA CLA 220 CDI Aut. AMG Line,16499.0,16964.762,https://www.coches.net/mercedes-benz-clase-cla-cla-220-cdi-aut-amg-line-4p-diesel-2015-en-alicante-70424907-covo.aspx,2.7454657275570526
VOLKSWAGEN Polo Life 1.0 TSI,16990.0,17468.176,https://www.coches.net/volkswagen-polo-life-10-tsi-70kw-95cv-5p-gasolina-2024-en-las-palmas-70214129-covo.aspx,2.737411091106975
FORD Kuga STLine X 2.5 Duratec PHEV Auto,34350.0,35308.395,https://www.coches.net/ford-kuga-stline-x-25-duratec-phev-178kw-auto-5p-electrico-hibrido-2024-en-madrid-70271850-covo.aspx,2.7143531842031634
LAND-ROVER Range Rover Sport 5.0 V8 SC SVR,74990.0,77075.375,https://www.coches.net/land-rover-range-rover-sport-50-v8-sc-423kw-575cv-svr-5p-gasolina-2018-en-asturias-70182791-covo.aspx,2.7056306894387476
MITSUBISHI Colt 100T Motion,17500.0,17986.406,https://www.coches.net/mitsubishi-colt-100t-motion-5p-gasolina-2025-en-jaen-70405917-covo.aspx,2.704299253776724
LAND-ROVER Range Rover 4.4 SDV8 Autobiography LWB,32500.0,33402.707,https://www.coches.net/land-rover-range-rover-44-sdv8-340cv-autobiography-lwb-5p-diesel-2015-en-murcia-70419668-covo.aspx,2.7024966282088148
OPEL Astra 1.6 Selective,6950.0,7142.4414,https://www.coches.net/opel-astra-16-selective-5p-gasolina-2012-en-valencia-70486238-covo.aspx,2.6943365063044684
HYUNDAI i10 1.0 Klass,15985.0,16427.146,https://www.coches.net/hyundai-i10-10-klass-5p-gasolina-2023-en-sta-c-tenerife-70354393-covo.aspx,2.6915598810515036
SUZUKI Vitara 1.4 T GLE Mild Hybrid,19590.0,20131.104,https://www.coches.net/suzuki-vitara-14-t-gle-mild-hybrid-5p-electrico-hibrido-2022-en-madrid-70317052-covo.aspx,2.6878979346811067
RENAULT Clio Business Blue dCi,13590.0,13960.93,https://www.coches.net/renault-clio-business-blue-dci-74kw-100cv-5p-diesel-2021-en-madrid-70418765-covo.aspx,2.6569125108631844
SEAT León ST 1.6 TDI StSp Style Ed,12790.0,13138.622,https://www.coches.net/seat-leon-st-16-tdi-85kw-115cv-stsp-style-ed-5p-diesel-2020-en-madrid-70427002-covo.aspx,2.6534142503438956
BMW X5 xDrive25d,20999.0,21568.178,https://www.coches.net/bmw-x5-xdrive25d-5p-diesel-2016-en-sevilla-70328917-covo.aspx,2.638969974120039
FIAT 500 Dolcevita 1.0 Hybrid 70 CV,10990.0,11285.546,https://www.coches.net/fiat-500-dolcevita-10-hybrid-51kw-70-cv-3p-electrico-hibrido-2021-en-las-palmas-62362117-covo.aspx,2.6188001989200957
ALFA ROMEO Junior Ibrida Speciale,25900.0,26593.066,https://www.coches.net/alfa-romeo-junior-ibrida-speciale-100kw-136cv-5p-electrico-hibrido-2024-en-pontevedra-70504514-covo.aspx,2.606192139192767
NISSAN X-TRAIL 5pl 1.5 ePOWER 4x2 AT Tekna,36500.0,37475.383,https://www.coches.net/nissan-x-trail-5pl-15-epower-152kw-4x2-at-tekna-5p-electrico-hibrido-2024-en-valencia-70486090-covo.aspx,2.6027294167483697
NISSAN X-TRAIL 5pl 1.5 ePOWER 4x2 AT Tekna,36500.0,37475.383,https://www.coches.net/nissan-x-trail-5pl-15-epower-152kw-4x2-at-tekna-5p-electrico-hibrido-2024-en-valencia-70486085-covo.aspx,2.6027294167483697
NISSAN QASHQAI DIGT mHEV 4x2 Acenta,25900.0,26587.785,https://www.coches.net/nissan-qashqai-digt-103kw-140cv-mhev-4x2-acenta-5p-electrico-hibrido-2025-en-valencia-70354491-covo.aspx,2.586846374032483
KIA Rio 1.0 TGDi MHEV iMT Concept,13490.0,13846.774,https://www.coches.net/kia-rio-10-tgdi-74kw-100cv-mhev-imt-concept-5p-electrico-hibrido-2021-en-madrid-70462578-covo.aspx,2.576588621969368
RENAULT Clio Techno TCe,16890.0,17336.686,https://www.coches.net/renault-clio-techno-tce-67-kw-91cv-5p-gasolina-2022-en-madrid-70351130-covo.aspx,2.5765337074797245
MG ZS 1.5 Comfort,13485.0,13840.292,https://www.coches.net/mg-zs-15-comfort-5p-gasolina-2022-en-sta-c-tenerife-70519877-covo.aspx,2.5670845122924684
MG eHS 1.5TGDI PHEV Luxury,24900.0,25555.504,https://www.coches.net/mg-ehs-15tgdi-phev-luxury-5p-electrico-hibrido-2022-en-madrid-70477311-covo.aspx,2.565020469385799
CUPRA León SP 1.5 eTSI DSG,27900.0,28628.803,https://www.coches.net/cupra-leon-sp-15-etsi-110kw-150cv-dsg-5p-electrico-hibrido-2025-en-barcelona-70489279-covo.aspx,2.5456975659688226
MERCEDES-BENZ CLA CLA 200,31985.0,32804.94,https://www.coches.net/mercedes-benz-cla-cla-200-4p-gasolina-2020-en-las-palmas-70380994-covo.aspx,2.499444812584804
BMW Serie 2 M235iA xDrive Gran Coupe,34900.0,35777.406,https://www.coches.net/bmw-serie-2-m235ia-xdrive-gran-coupe-4p-gasolina-2021-en-murcia-70505142-covo.aspx,2.452403183922814
PORSCHE Panamera 4 EHybrid Sport Turismo,57999.0,59451.574,https://www.coches.net/porsche-panamera-4-ehybrid-sport-turismo-5p-electrico-hibrido-2018-en-alicante-62404700-covo.aspx,2.443289749410678
NISSAN QASHQAI DIGT mHEV 4x2 Acenta,25900.0,26547.42,https://www.coches.net/nissan-qashqai-digt-103kw-140cv-mhev-4x2-acenta-5p-electrico-hibrido-2025-en-valencia-70354488-covo.aspx,2.43873010552535
LAND-ROVER Range Rover Evoque 1.5 P300e I3 S AUTO 4WD PHEV,49900.0,51144.11,https://www.coches.net/land-rover-range-rover-evoque-15-p300e-i3-s-auto-4wd-phev-5p-electrico-hibrido-2023-en-sta-c-tenerife-61887307-covo.aspx,2.4325565352559235
TOYOTA Yaris 1.5 120H Style Plus,18990.0,19462.477,https://www.coches.net/toyota-yaris-15-120h-style-plus-5p-electrico-hibrido-2020-en-sta-c-tenerife-70119610-covo.aspx,2.427628164292105
VOLKSWAGEN T-Cross Advance 1.0 TSI,16990.0,17412.445,https://www.coches.net/volkswagen-t-cross-advance-10-tsi-81kw-110cv-5p-gasolina-2023-en-sta-c-tenerife-62272006-covo.aspx,2.4261113526469256
AUDI A4 Avant Black line 40 TFSI S tronic,26990.0,27660.906,https://www.coches.net/audi-a4-avant-black-line-40-tfsi-140kw-s-tronic-5p-gasolina-2019-en-sta-c-tenerife-70021927-covo.aspx,2.4254673506946287
MAZDA CX-30 eSKYACTIV X MHEV 6AT Exclusiveline,32990.0,33808.79,https://www.coches.net/km-0/mazda/cx-30/madrid/eskyactiv-x-mhev-6at-exclusiveline-electrico-hibrido-de-km0-70417687-kovn.aspx,2.421823097497992
FORD Puma 1.5 Ecoblue STLine,17490.0,17922.188,https://www.coches.net/ford-puma-15-ecoblue-120cv-stline-5p-diesel-2021-en-madrid-70424755-covo.aspx,2.4114662342417743
CITROEN C5 Aircross BlueHdi SS Feel,16990.0,17408.8,https://www.coches.net/citroen-c5-aircross-bluehdi-96kw-130cv-ss-feel-5p-diesel-2019-en-madrid-70319710-covo.aspx,2.4056842657483095
VOLKSWAGEN Polo Life 1.0 TSI,15890.0,16278.604,https://www.coches.net/volkswagen-polo-life-10-tsi-70kw-95cv-5p-gasolina-2022-en-las-palmas-70415378-covo.aspx,2.3872042540504124
TOYOTA Corolla 1.8 125H ACTIVE TECH ECVT,18990.0,19451.871,https://www.coches.net/toyota-corolla-18-125h-active-tech-ecvt-5p-electrico-hibrido-2020-en-las-palmas-70313986-covo.aspx,2.374430159052421
SEAT Ibiza 1.0 MPI Reference Plus,12499.0,12802.472,https://www.coches.net/seat-ibiza-10-mpi-59kw-80cv-reference-plus-5p-gasolina-2022-en-alicante-70438553-covo.aspx,2.370414770524277
BMW Serie 8 M8 Competition,87500.0,89624.055,https://www.coches.net/bmw-serie-8-m8-competition-2p-gasolina-2021-en-murcia-70463110-covo.aspx,2.36996049208678
SKODA Karoq 1.5 TSI ACT Selection,27700.0,28366.73,https://www.coches.net/skoda-karoq-15-tsi-110kw-150cv-act-selection-5p-gasolina-2025-en-guipuzcoa-62364936-covo.aspx,2.350395895940488
AUDI Q5 SPORTBACK Advanced 40 TDI quattroultra,39990.0,40933.883,https://www.coches.net/audi-q5-sportback-advanced-40-tdi-150kw-quattroultra-5p-electrico-hibrido-2023-en-zaragoza-70416227-covo.aspx,2.3058716829368704
MAZDA Mazda6e EV 245 CV Gran Autonomia RWD Takumi Plus,39900.0,40831.562,https://www.coches.net/mazda-mazda6e-ev-245-cv-gran-autonomia-rwd-takumi-plus-5p-electrico-hibrido-2025-en-madrid-70271260-covo.aspx,2.2814764926029953
MG ZS 1.5 Comfort,16790.0,17179.531,https://www.coches.net/mg-zs-15-comfort-5p-gasolina-2024-en-sevilla-70518194-covo.aspx,2.267414892359185
MG ZS 1.5 Comfort,16790.0,17179.531,https://www.coches.net/mg-zs-15-comfort-5p-gasolina-2024-en-sevilla-70517498-covo.aspx,2.267414892359185
MG ZS 1.5 Comfort,16790.0,17179.531,https://www.coches.net/mg-zs-15-comfort-5p-gasolina-2024-en-huelva-70448565-covo.aspx,2.267414892359185
CITROEN C3 BlueHDi SS SHINE,8600.0,8797.057,https://www.coches.net/citroen-c3-bluehdi-73kw-100cv-ss-shine-5p-diesel-2016-en-pontevedra-62591031-covo.aspx,2.240029235630792
RENAULT Clio Equilibre TCe,12985.0,13279.533,https://www.coches.net/renault-clio-equilibre-tce-67-kw-91cv-5p-gasolina-2022-en-sta-c-tenerife-70459234-covo.aspx,2.2179484671621523
MAZDA CX-30 eSKYACTIVG 2.0 2WD AT Homura,25990.0,26573.615,https://www.coches.net/mazda-cx-30-eskyactivg-20-110-kw-2wd-at-homura-5p-electrico-hibrido-2022-en-madrid-70477320-covo.aspx,2.196220684418013
MG ZS 1.5 Comfort,14990.0,15325.289,https://www.coches.net/mg-zs-15-comfort-5p-gasolina-2023-en-huelva-70429345-covo.aspx,2.187815584636709
BMW Serie 2 218dA Gran Coupe,24990.0,25547.355,https://www.coches.net/bmw-serie-2-218da-gran-coupe-4p-diesel-2022-en-murcia-70190413-covo.aspx,2.181656216557395
SEAT Arona 1.0 TSI Xperience,19900.0,20340.41,https://www.coches.net/seat-arona-10-tsi-85kw-115cv-xperience-5p-gasolina-2025-en-jaen-70313200-covo.aspx,2.1651980115783216
LAND-ROVER Range Rover Sport 2.0 Si4 PHEV HSE,52900.0,54053.83,https://www.coches.net/land-rover-range-rover-sport-20-si4-phev-297kw-404cv-hse-5p-electrico-hibrido-2022-en-madrid-62473513-covo.aspx,2.1345909531731246
MITSUBISHI Eclipse Cross 87kWh Kaiteki,39900.0,40763.516,https://www.coches.net/mitsubishi-eclipse-cross-87-kwh-kaiteki-5p-electrico-hibrido-2026-en-jaen-70429868-covo.aspx,2.1183541501764176
BMW X1 sDrive20d,10900.0,11132.909,https://www.coches.net/bmw-x1-sdrive20d-5p-diesel-2010-en-malaga-70470641-covo.aspx,2.092078323179474
OPEL Astra 1.2T XHT GSLine,16990.0,17350.818,https://www.coches.net/opel-astra-12t-xht-96kw-130cv-gsline-5p-gasolina-2022-en-madrid-70418479-covo.aspx,2.0795466352170213
KIA Stonic 1.0 TGDi MHEV MT Concept,15985.0,16323.612,https://www.coches.net/kia-stonic-10-tgdi-74kw-100cv-mhev-mt-concept-5p-electrico-hibrido-2023-en-sta-c-tenerife-70415782-covo.aspx,2.074371152457865
VOLKSWAGEN Polo Advance 1.0 TSI DSG,14750.0,15061.492,https://www.coches.net/volkswagen-polo-advance-10-tsi-70kw-95cv-dsg-5p-gasolina-2021-en-castellon-70315519-covo.aspx,2.0681363016508887
KIA Niro 1.6 GDi PHEV Drive,25990.0,26535.059,https://www.coches.net/kia-niro-16-gdi-phev-135kw-183cv-drive-5p-electrico-hibrido-2023-en-sevilla-62249266-covo.aspx,2.0541073682738418
LAND-ROVER Range Rover Velar 2.0 D180 S 4WD Auto,26990.0,27554.258,https://www.coches.net/land-rover-range-rover-velar-20-d180-132kw-180cv-s-4wd-auto-5p-diesel-2019-en-madrid-70448139-covo.aspx,2.0478062459153743
BMW Serie 5 M550i xDrive,39800.0,40622.51,https://www.coches.net/bmw-serie-5-m550i-xdrive-4p-gasolina-2018-en-lugo-70495374-covo.aspx,2.02476824782441
HYUNDAI i20 1.0 TGDI Klass,12985.0,13252.721,https://www.coches.net/hyundai-i20-10-tgdi-74kw-100cv-klass-5p-gasolina-2021-en-las-palmas-70484076-covo.aspx,2.020118805204061
HYUNDAI i20 1.0 TGDI Klass,12985.0,13252.721,https://www.coches.net/hyundai-i20-10-tgdi-74kw-100cv-klass-5p-gasolina-2021-en-las-palmas-70484077-covo.aspx,2.020118805204061
AUDI Q3 35 TFSI S tronic,31900.0,32557.09,https://www.coches.net/audi-q3-35-tfsi-110kw-150cv-s-tronic-5p-electrico-hibrido-2021-en-valencia-70319977-covo.aspx,2.0182695901370367
PORSCHE Cayenne EHybrid,65990.0,67348.945,https://www.coches.net/porsche-cayenne-ehybrid-5p-electrico-hibrido-2022-en-asturias-70460812-covo.aspx,2.0177677708158246
TOYOTA C-HR 2.0 180H Advance,28990.0,29579.533,https://www.coches.net/toyota-c-hr-20-180h-advance-5p-electrico-hibrido-2023-en-madrid-70503038-covo.aspx,1.993044308970763
VOLKSWAGEN Arteon R 2.0 TSI DSG 4Motion,44900.0,45809.984,https://www.coches.net/volkswagen-arteon-r-20-tsi-235kw-320cv-dsg-4motion-5p-gasolina-2022-en-vizcaya-62373072-covo.aspx,1.986432406417951
AUDI Q3 Sportback 45 TFSI e S tronic,29990.0,30596.293,https://www.coches.net/audi-q3-sportback-45-tfsi-e-180kw-245cv-s-tronic-5p-electrico-hibrido-2022-en-sta-c-tenerife-62602980-covo.aspx,1.9815896303818463
MAZDA CX-60 eSkyactiv PHEV AWD ExclusiveLine,39490.0,40286.28,https://www.coches.net/mazda-cx-60-eskyactiv-phev-awd-exclusiveline-5p-electrico-hibrido-2022-en-madrid-70511745-covo.aspx,1.9765568458865883
AUDI A3 Sportb 1.6 TDI 110 clean S tr Attraction,10999.0,11219.098,https://www.coches.net/audi-a3-sportb-16-tdi-110-clean-s-tr-attraction-5p-diesel-2016-en-sevilla-70401898-covo.aspx,1.9618124647251531
PEUGEOT 2008 Allure Pack Puretech 100 SS BVM6,15990.0,16309.282,https://www.coches.net/peugeot-2008-allure-pack-puretech-100-ss-bvm6-5p-gasolina-2022-en-vizcaya-70251562-covo.aspx,1.9576718467873062
VOLKSWAGEN T-Cross Edition 1.6 TDI,15490.0,15797.837,https://www.coches.net/volkswagen-t-cross-edition-16-tdi-70kw-95cv-5p-diesel-2021-en-madrid-70213288-covo.aspx,1.9486016708305038
NISSAN Micra IGT 92 CV E6DF NDesign Black,14985.0,15278.533,https://www.coches.net/nissan-micra-igt-68-kw-92-cv-e6df-ndesign-black-5p-gasolina-2022-en-las-palmas-70497394-covo.aspx,1.9212132422827217
CUPRA Formentor 1.5 TSI 150 CV DSG,23990.0,24459.17,https://www.coches.net/cupra-formentor-15-tsi-110kw-150-cv-dsg-5p-gasolina-2022-en-madrid-70383185-covo.aspx,1.918175978062931
MERCEDES-BENZ GLA GLA 200,43900.0,44756.98,https://www.coches.net/km-0/mercedes-benz/gla/guipuzcoa/gla-200-electrico-hibrido-de-km0-70331002-kovn.aspx,1.9147414766917905
SEAT Arona 1.0 TSI Style Ecomotive,15990.0,16297.707,https://www.coches.net/seat-arona-10-tsi-81kw-110cv-style-ecomotive-5p-gasolina-2021-en-huelva-70311866-covo.aspx,1.8880387938007959
AUDI A1 Sportback Advanced 30 TFSI,21985.0,22404.68,https://www.coches.net/audi-a1-sportback-advanced-30-tfsi-81kw-110cv-5p-gasolina-2023-en-las-palmas-70286473-covo.aspx,1.8731786990650323
BMW Serie 3 318d Touring,25990.0,26479.707,https://www.coches.net/bmw-serie-3-318d-touring-5p-diesel-2020-en-vizcaya-70482768-covo.aspx,1.849367255733127
NISSAN QASHQAI dCi 115 CV E6D ACENTA,13750.0,14006.969,https://www.coches.net/nissan-qashqai-dci-85-kw-115-cv-e6d-acenta-5p-diesel-2020-en-madrid-70388958-covo.aspx,1.834577877529712
KIA Sportage 1.6 GDi Concept 4x2,11990.0,12212.045,https://www.coches.net/kia-sportage-16-gdi-97kw-132cv-concept-4x2-5p-gasolina-2017-en-sevilla-62314608-covo.aspx,1.8182452103272142
MERCEDES-BENZ Clase A A 250 e con tecnologia hibrida EQ,40900.0,41657.332,https://www.coches.net/km-0/mercedes-benz/clase-a/la-rioja/a-250-e-con-tecnologia-hibrida-eq-electrico-hibrido-de-km0-61862094-kovn.aspx,1.818004164745533
KIA e-Niro eNiro Winter Edition,34900.0,35540.633,https://www.coches.net/kia-e-niro-eniro-150kw-204cv-winter-edition-5p-electrico-hibrido-2024-en-huelva-70050443-covo.aspx,1.8025363135196708
SEAT León SP 1.5 TSI Style EVO Edition,19990.0,20356.217,https://www.coches.net/seat-leon-sp-15-tsi-85kw-style-evo-edition-5p-gasolina-2026-en-barcelona-70498495-covo.aspx,1.7990415435702183
BMW X3 M Competition,74985.0,76351.31,https://www.coches.net/bmw-x3-m-competition-5p-gasolina-2021-en-las-palmas-70497370-covo.aspx,1.7895075477582654
SEAT León 1.0 TSI SS Style 25 Aniversario,18900.0,19240.932,https://www.coches.net/seat-leon-10-tsi-81kw-ss-style-25-aniversario-5p-gasolina-2024-en-guipuzcoa-70074049-covo.aspx,1.7719081746809096
PEUGEOT 2008 Allure BlueHDI 130 SS EAT8,16990.0,17287.812,https://www.coches.net/peugeot-2008-allure-bluehdi-130-ss-eat8-5p-diesel-2022-en-madrid-70474709-covo.aspx,1.722673125937709
RENAULT Clio Evolution dCi 90 eco2,5500.0,5596.258,https://www.coches.net/renault-clio-evolution-dci-90-eco2-5p-5p-diesel-2011-en-sevilla-70423429-covo.aspx,1.7200389210982228
BMW X1 sDrive18dA Business,21900.0,22282.002,https://www.coches.net/bmw-x1-sdrive18da-business-5p-diesel-2020-en-murcia-70385624-covo.aspx,1.714396910693319
MG ZS 1.5 Comfort,14990.0,15251.432,https://www.coches.net/mg-zs-15-comfort-5p-gasolina-2022-en-madrid-70474214-covo.aspx,1.7141449195407246
MERCEDES-BENZ GLA GLA 250 e,39985.0,40678.293,https://www.coches.net/mercedes-benz-gla-gla-250-e-5p-electrico-hibrido-2023-en-las-palmas-70497395-covo.aspx,1.7043315197188917
CITROEN Berlingo M Plus Diesel Manual,23390.0,23794.734,https://www.coches.net/km-0/citroen/berlingo/guipuzcoa/m-plus-diesel-100cv-manual-diesel-de-km0-70447860-kovn.aspx,1.7009409250864982
LAND-ROVER Range Rover Sport 2.0 Si4 PHEV HSE Dynamic,50900.0,51775.473,https://www.coches.net/land-rover-range-rover-sport-20-si4-phev-297kw-404cv-hse-dynamic-5p-electrico-hibrido-2021-en-madrid-70503913-covo.aspx,1.6909022966578726
VOLKSWAGEN Polo Polo 1.0 TSI,14985.0,15242.447,https://www.coches.net/volkswagen-polo-polo-10-tsi-70kw-95cv-5p-gasolina-2022-en-sta-c-tenerife-70415778-covo.aspx,1.6890152948444113
HONDA CR-V 2.0 iMMD 4x2 Sport Line,24990.0,25410.031,https://www.coches.net/honda-cr-v-20-immd-4x2-sport-line-5p-electrico-hibrido-2022-en-madrid-70317044-covo.aspx,1.6530135121341105
NISSAN QASHQAI DIGT mHEV 4x2 Tekna,29500.0,29995.023,https://www.coches.net/nissan-qashqai-digt-116kw-158cv-mhev-4x2-tekna-5p-electrico-hibrido-2024-en-valencia-61844699-covo.aspx,1.6503518943116344
AUDI A3 Sportback Genuine 40 TFSI e S tron,42500.0,43197.09,https://www.coches.net/audi-a3-sportback-genuine-40-tfsi-e-150kw-s-tron-5p-electrico-hibrido-2025-en-jaen-62384075-covo.aspx,1.6137426069012355
AUDI A4 RS4 Avant TFSI quattro tiptronic,81900.0,83217.9,https://www.coches.net/audi-a4-rs4-avant-tfsi-331kw-quattro-tiptronic-5p-gasolina-2020-en-asturias-59834781-covo.aspx,1.5836718569500947
TOYOTA Corolla 1.8 125H ACTIVE TECH ECVT,17990.0,18276.91,https://www.coches.net/toyota-corolla-18-125h-active-tech-ecvt-5p-electrico-hibrido-2022-en-madrid-70417511-covo.aspx,1.5697957356970855
MAZDA MX-30 eSKYACTIV REV ADVANTAGE Mod.Conf,25900.0,26311.734,https://www.coches.net/mazda-mx-30-eskyactiv-rev-125kw-advantage-modconf-5p-electrico-hibrido-2022-en-madrid-70511755-covo.aspx,1.5648317557933695
LAND-ROVER Range Rover Sport 3.0 I6 PHEV 460 PS AWD Auto Dynamic SE,99900.0,101463.42,https://www.coches.net/land-rover-range-rover-sport-30-i6-phev-460-ps-awd-auto-dynamic-se-5p-electrico-hibrido-2025-en-madrid-70190241-covo.aspx,1.5408724110705536
OPEL Corsa 1.2T XHL Elegance Auto,10690.0,10857.174,https://www.coches.net/opel-corsa-12t-xhl-74kw-100cv-elegance-auto-5p-gasolina-2022-en-castellon-70165178-covo.aspx,1.5397545509674353
SSANGYONG Tivoli D16T Premium 4x4,11000.0,11171.761,https://www.coches.net/ssangyong-tivoli-d16t-premium-4x4-5p-diesel-2016-en-murcia-61651431-covo.aspx,1.537454535155648
LYNK & CO 01 1.5 PHEV More,38900.0,39489.324,https://www.coches.net/km-0/lynk--co/01/navarra/15-phev-more-electrico-hibrido-de-km0-70489433-kovn.aspx,1.4923633929146396
LEXUS UX 2.0 250h Business,26800.0,27204.78,https://www.coches.net/lexus-ux-20-250h-business-5p-electrico-hibrido-2022-en-vizcaya-70431748-covo.aspx,1.4878977420026223
OPEL Astra 1.2T XHL Edition,14985.0,15210.369,https://www.coches.net/opel-astra-12t-xhl-81kw-110cv-edition-5p-gasolina-2022-en-las-palmas-70497367-covo.aspx,1.4816809410829295
SUBARU XV 2.0i Hybrid CVT Executive Plus,22990.0,23334.146,https://www.coches.net/subaru-xv-20i-hybrid-cvt-executive-plus-5p-electrico-hibrido-2022-en-madrid-70238503-covo.aspx,1.4748621065075047
PEUGEOT 208 PureTech Active,11490.0,11660.763,https://www.coches.net/peugeot-208-puretech-55kw-75cv-active-5p-gasolina-2020-en-madrid-70347766-covo.aspx,1.4644213228105976
BMW X1 xDrive20i Auto,23990.0,24340.098,https://www.coches.net/bmw-x1-xdrive20i-auto-5p-gasolina-2020-en-malaga-70109111-covo.aspx,1.4383576483313847
MERCEDES-BENZ Clase A A 200 d,21999.0,22315.262,https://www.coches.net/mercedes-benz-clase-a-a-200-d-5p-diesel-2018-en-alicante-70291931-covo.aspx,1.417244049099665
SKODA Octavia 1.5 TSI 110kW150CV mHEV DSG Selection,28900.0,29315.463,https://www.coches.net/skoda-octavia-15-tsi-110kw150cv-mhev-dsg-selection-5p-electrico-hibrido-2025-en-guipuzcoa-62488815-covo.aspx,1.4172141581904334
CUPRA Ateca 2.0 TSI 4Drive DSG,34500.0,34993.125,https://www.coches.net/cupra-ateca-20-tsi-140kw-190cv-4drive-dsg-5p-gasolina-2025-en-vizcaya-70488367-covo.aspx,1.4092053796281412
BMW Serie 2 218d,18990.0,19261.39,https://www.coches.net/bmw-serie-2-218d-2p-diesel-2016-en-castellon-61379838-covo.aspx,1.40898770127092
TOYOTA Corolla 1.8 125H BUSINESS ECVT TOU SPORT,17985.0,18240.299,https://www.coches.net/toyota-corolla-18-125h-business-ecvt-tou-sport-5p-electrico-hibrido-2022-en-sta-c-tenerife-70446858-covo.aspx,1.3996416973791612
AUDI Q5 Black line 40 TDI quattro S tronic,23999.0,24339.482,https://www.coches.net/audi-q5-black-line-40-tdi-140kw-quattro-s-tronic-5p-diesel-2019-en-alicante-70479458-covo.aspx,1.3988893271164755
OPEL Corsa-e 50kWh Elegancee,19890.0,20168.934,https://www.coches.net/opel-corsa-e-50kwh-elegancee-5p-electrico-hibrido-2020-en-huelva-60716808-covo.aspx,1.382986326240058
KIA EV4 Earth Launch Edition 814kWh LR,35890.0,36393.223,https://www.coches.net/kia-ev4-earth-launch-edition-814kwh-150kw-lr-5p-electrico-hibrido-2026-en-sevilla-62091080-covo.aspx,1.3827372777705327
BMW Serie 3 320d Auto.,21999.0,22302.508,https://www.coches.net/bmw-serie-3-320d-auto-4p-diesel-2020-en-sevilla-70423507-covo.aspx,1.360868540218116
KIA XCeed 1.6 GDi PHEV eDrive,23790.0,24117.684,https://www.coches.net/kia-xceed-16-gdi-phev-104kw-141cv-edrive-5p-electrico-hibrido-2022-en-huelva-70322034-covo.aspx,1.3586860134234362
VOLVO XC90 2.0 T8 AWD Recharge RDesign Auto,48900.0,49572.176,https://www.coches.net/volvo-xc90-20-t8-awd-recharge-rdesign-auto-5p-electrico-hibrido-2022-en-madrid-70504317-covo.aspx,1.355953759657734
BMW X5 xDrive30d,32990.0,33436.38,https://www.coches.net/bmw-x5-xdrive30d-5p-diesel-2019-en-vizcaya-70480494-covo.aspx,1.3350097135266101
FORD Kuga STLine 2.5 Duratec PHEV Auto,31390.0,31813.46,https://www.coches.net/ford-kuga-stline-25-duratec-phev-165kw-auto-5p-electrico-hibrido-2023-en-huelva-70104563-covo.aspx,1.331074724412794
OPEL Astra 1.5D DTH Elegance Auto,20490.0,20759.547,https://www.coches.net/opel-astra-15d-dth-96kw-130cv-elegance-auto-5p-diesel-2023-en-madrid-70448216-covo.aspx,1.2984236921115362
MERCEDES-BENZ Clase C C 220 d,39990.0,40512.598,https://www.coches.net/mercedes-benz-clase-c-c-220-d-4p-electrico-hibrido-2022-en-valencia-70474813-covo.aspx,1.289963336057216
VOLKSWAGEN T-Roc Advance 1.5 TSI DSG,23900.0,24208.373,https://www.coches.net/volkswagen-t-roc-advance-15-tsi-110kw-150cv-dsg-5p-gasolina-2021-en-valladolid-70383616-covo.aspx,1.2738280522936967
VOLKSWAGEN T-Roc Cabrio Style 1.0 TSI,16985.0,17202.412,https://www.coches.net/volkswagen-t-roc-cabrio-style-10-tsi-81kw-110cv-2p-gasolina-2023-en-las-palmas-70497363-covo.aspx,1.263846651229303
FORD Puma 1.0 EcoBoost STLine X MHEV,19990.0,20244.486,https://www.coches.net/ford-puma-10-ecoboost-92kw-stline-x-mhev-5p-electrico-hibrido-2021-en-vizcaya-70290205-covo.aspx,1.2570648817670937
VOLKSWAGEN Scirocco 2.0 TSI DSG RLine BMT,17499.0,17721.31,https://www.coches.net/volkswagen-scirocco-20-tsi-220cv-dsg-rline-bmt-3p-gasolina-2015-en-alicante-70015015-covo.aspx,1.2544814125736459
OPEL Mokka X 1.4 T 4X2 SS Selective,10990.0,11129.021,https://www.coches.net/opel-mokka-x-14-t-103kw-140cv-4x2-ss-selective-5p-gasolina-2017-en-guipuzcoa-70302985-covo.aspx,1.2491797645478926
JEEP Compass 1.4 Mair Limited 4x2,15690.0,15884.246,https://www.coches.net/jeep-compass-14-mair-103kw-limited-4x2-5p-gasolina-2019-en-vizcaya-62309824-covo.aspx,1.2228851945729444
VOLVO XC40 1.5 T4 Twin Recharge Inscription Auto,23590.0,23879.863,https://www.coches.net/volvo-xc40-15-t4-twin-recharge-inscription-auto-5p-electrico-hibrido-2021-en-madrid-70518153-covo.aspx,1.213839785580326
KIA Stonic 1.0 TGDi MHEV MT Drive,20537.0,20788.902,https://www.coches.net/kia-stonic-10-tgdi-74kw-100cv-mhev-mt-drive-5p-electrico-hibrido-2025-en-malaga-70426956-covo.aspx,1.2117154604159859
VOLKSWAGEN Golf Advance 1.5 TSI EVO,16400.0,16600.047,https://www.coches.net/volkswagen-golf-advance-15-tsi-evo-110kw-150cv-5p-gasolina-2018-en-valencia-70211140-covo.aspx,1.205098253675865
AUDI A5 S Line 35 TDI S tronic Sportback,29990.0,30353.604,https://www.coches.net/audi-a5-s-line-35-tdi-120kw-s-tronic-sportback-5p-electrico-hibrido-2022-en-sevilla-70431364-covo.aspx,1.1978924197182363
KIA Picanto 1.0 DPi AMT GT Line,11900.0,12044.103,https://www.coches.net/kia-picanto-10-dpi-49kw-67cv-amt-gt-line-5p-gasolina-2023-en-madrid-70488001-covo.aspx,1.1964572586054785
AUDI Q8 RS Q8 TFSI quattro tipt,84900.0,85921.7,https://www.coches.net/audi-q8-rs-q8-tfsi-441kw-600cv-quattro-tipt-5p-gasolina-2021-en-malaga-70505312-covo.aspx,1.1891094890351663
CITROEN C5 X PureTech SS EAT8 Shine P,27990.0,28320.941,https://www.coches.net/citroen-c5-x-puretech-132kw-180cv-ss-eat8-shine-p-5p-gasolina-2022-en-madrid-70316430-covo.aspx,1.168539567604085
DS DS 7 ETENSE 225 PERFORMANCE LINE,26985.0,27295.176,https://www.coches.net/ds-ds-7-etense-225-performance-line--5p-electrico-hibrido-2023-en-sta-c-tenerife-70415784-covo.aspx,1.1363758333553964
PEUGEOT 2008 Allure Pack BlueHDI 130 SS EAT8,18900.0,19116.703,https://www.coches.net/peugeot-2008-allure-pack-bluehdi-130-ss-eat8-5p-diesel-2022-en-madrid-70423479-covo.aspx,1.1335800089744816
BMW Serie 2 218i Gran Coupe,20690.0,20926.69,https://www.coches.net/bmw-serie-2-218i-gran-coupe-4p-gasolina-2022-en-vizcaya-70429440-covo.aspx,1.1310410739126966
PORSCHE Cayenne Coupé EHybrid,73985.0,74816.77,https://www.coches.net/porsche-cayenne-coupe-ehybrid-5p-electrico-hibrido-2022-en-las-palmas-70497355-covo.aspx,1.1117472717462777
NISSAN QASHQAI DIGT NConnecta,26300.0,26587.785,https://www.coches.net/nissan-qashqai-digt-103kw-nconnecta-5p-electrico-hibrido-2025-en-valencia-70521159-covo.aspx,1.082396124982792
MINI COUNTRYMAN Cooper D,21900.0,22138.53,https://www.coches.net/mini-countryman-cooper-d-5p-diesel-2022-en-madrid-70379725-covo.aspx,1.077439669439424
FORD Focus 1.6 TDCi Trend,6990.0,7065.498,https://www.coches.net/ford-focus-16-tdci-115cv-trend-5p-diesel-2011-en-castellon-62298900-covo.aspx,1.068545293963984
HONDA CR-V 2.0 iMMD 4x2 Lifestyle,25900.0,26177.846,https://www.coches.net/honda-cr-v-20-immd-4x2-lifestyle-5p-electrico-hibrido-2022-en-valladolid-70201718-covo.aspx,1.061377266395271
PORSCHE Cayenne Coupé EHybrid,99990.0,101043.24,https://www.coches.net/porsche-cayenne-coupe-ehybrid-5p-electrico-hibrido-2024-en-las-palmas-62610898-covo.aspx,1.04236776720363
LEXUS NX 2.5 300h Luxury 4WD,21890.0,22113.85,https://www.coches.net/lexus-nx-25-300h-luxury-4wd-5p-electrico-hibrido-2016-en-madrid-70470771-covo.aspx,1.0122597979507857
SEAT León 1.0 TSI SS Style XS,18750.0,18939.113,https://www.coches.net/seat-leon-10-tsi-81kw-ss-style-xs-5p-gasolina-2024-en-madrid-70316418-covo.aspx,0.9985329220097381
TOYOTA Yaris 1.5 125 SEdition,17600.0,17773.076,https://www.coches.net/toyota-yaris-15-125-sedition-5p-gasolina-2022-en-granada-70474807-covo.aspx,0.9738110060479251
AUDI A6 Competition 3.0 TDI quattro tiptro Avant,31900.0,32213.406,https://www.coches.net/audi-a6-competition-30-tdi-quattro-tiptro-avant-5p-diesel-2018-en-burgos-70473599-covo.aspx,0.9729062725243469
PEUGEOT e-208 GT Electrico 156,25990.0,26244.975,https://www.coches.net/peugeot-e-208-gt-electrico-156-115-kw-5p-electrico-hibrido-2023-en-madrid-70417434-covo.aspx,0.9715178359666624
PEUGEOT 3008 1.2 PureTech SS Active Pack,17490.0,17660.035,https://www.coches.net/peugeot-3008-12-puretech-96kw-ss-active-pack-5p-gasolina-2022-en-vizcaya-70290208-covo.aspx,0.9628245626103606
CITROEN C3 PureTech CSeries,11985.0,12100.979,https://www.coches.net/citroen-c3-puretech-60kw-83cv-cseries-5p-gasolina-2023-en-sta-c-tenerife-70446851-covo.aspx,0.9584226223957548
KIA Stonic 1.0 TGDi MHEV iMT Drive,16900.0,17062.037,https://www.coches.net/kia-stonic-10-tgdi-88kw-120cv-mhev-imt-drive-5p-electrico-hibrido-2021-en-madrid-61004150-covo.aspx,0.9496938046510648
BMW X3 M40i,40900.0,41291.824,https://www.coches.net/bmw-x3-m40i-5p-gasolina-2018-en-ciudad-real-61898902-covo.aspx,0.9489147698446282
TOYOTA Rav4 150D AWD Advance,16999.0,17160.014,https://www.coches.net/toyota-rav4-150d-awd-advance-5p-diesel-2015-en-alicante-70129143-covo.aspx,0.9383073635826932
BMW Serie 1 118d,11500.0,11606.515,https://www.coches.net/bmw-serie-1-118d-5p-diesel-2014-en-murcia-60642191-covo.aspx,0.9177143325437432
LAND-ROVER Range Rover Sport 4.4 V8 635 PS AWD Auto MHEV SV,227600.0,229704.53,https://www.coches.net/land-rover-range-rover-sport-44-v8-635-ps-awd-auto-mhev-sv-5p-electrico-hibrido-2026-en-madrid-70065021-covo.aspx,0.9161905681823592
JEEP Avenger 1.2 G Altitude,15900.0,16046.263,https://www.coches.net/jeep-avenger-12-g-74kw-100cv-altitude-5p-gasolina-2024-en-madrid-70466083-covo.aspx,0.911506299564863
MERCEDES-BENZ Clase GLC GLC 220 d 4MATIC,24990.0,25210.422,https://www.coches.net/mercedes-benz-clase-glc-glc-220-d-4matic-5p-diesel-2019-en-valencia-70408958-covo.aspx,0.8743283872555188
JEEP Wrangler 2.0 4xe PlugIn Hybrid First Edition,45990.0,46389.91,https://www.coches.net/jeep-wrangler-4p-20-4xe-plugin-hybrid-first-edition-5p-electrico-hibrido-2021-en-sta-c-tenerife-70013687-covo.aspx,0.8620627953428384
HYUNDAI i20 1.0 TGDI Klass,12985.0,13096.668,https://www.coches.net/hyundai-i20-10-tgdi-74kw-100cv-klass-5p-gasolina-2021-en-las-palmas-70484078-covo.aspx,0.8526441154074554
LAND-ROVER Discovery 3.0D I6 350 PS AWD Auto MHEV Dynamic SE,93900.0,94687.34,https://www.coches.net/land-rover-discovery-30d-i6-350-ps-awd-auto-mhev-dynamic-se-5p-electrico-hibrido-2026-en-madrid-70325624-covo.aspx,0.8315195239596105
KIA Niro 1.6 GDi PHEV Drive,29690.0,29938.135,https://www.coches.net/kia-niro-16-gdi-phev-135kw-183cv-drive-5p-electrico-hibrido-2024-en-huelva-62255989-covo.aspx,0.8288250673181838
KIA Sportage 1.6 TGDi PHEV Drive 4x4,35690.0,35986.23,https://www.coches.net/kia-sportage-16-tgdi-phev-198kw-265cv-drive-4x4-5p-electrico-hibrido-2023-en-sevilla-62393441-covo.aspx,0.8231772677809166
MAZDA CX-30 2.5L eSKYACT G MHEV PrimeLine MT,25990.0,26198.826,https://www.coches.net/km-0/mazda/cx-30/madrid/25l-eskyact-g-mhev-103kw-primeline-mt-electrico-hibrido-de-km0-70453313-kovn.aspx,0.7970821688919001
RENAULT Captur Zen TCe 140 EDC GPF Micro Hibrido,20990.0,21157.28,https://www.coches.net/renault-captur-zen-tce-140-edc-gpf-micro-hibrido-5p-electrico-hibrido-2021-en-murcia-62512300-covo.aspx,0.7906465407379091
VOLVO XC40 2.0 B3 G Core Auto,32900.0,33161.492,https://www.coches.net/volvo-xc40-20-b3-g-core-auto-5p-electrico-hibrido-2026-en-valencia-70516592-covo.aspx,0.7885416796731715
VOLVO XC40 2.0 B3 G Core Auto,32900.0,33161.492,https://www.coches.net/volvo-xc40-20-b3-g-core-auto-5p-electrico-hibrido-2025-en-valencia-70120684-covo.aspx,0.7885416796731715
SKODA Kamiq 1.0 TSI Active,15490.0,15611.991,https://www.coches.net/skoda-kamiq-10-tsi-85kw-115cv-active-5p-gasolina-2021-en-madrid-70070063-covo.aspx,0.7813943095998862
SKODA Fabia 1.0 TSI DSG Monte Carlo,24900.0,25095.057,https://www.coches.net/skoda-fabia-10-tsi-85kw-115cv-dsg-monte-carlo-5p-gasolina-2026-en-guipuzcoa-70168828-covo.aspx,0.777271171045032
FORD Grand C-Max 1.5 TDCi Trend,12490.0,12586.654,https://www.coches.net/ford-grand-c-max-15-tdci-88kw-120cv-trend-5p-diesel-2019-en-madrid-70316951-covo.aspx,0.7679109523092027
MITSUBISHI Eclipse Cross PHEV Kaiteki 4WD,33900.0,34151.668,https://www.coches.net/mitsubishi-eclipse-cross-phev-kaiteki-4wd-5p-electrico-hibrido-2023-en-jaen-61368409-covo.aspx,0.7369126713819226
PORSCHE Cayenne Coupé EHybrid,73990.0,74535.445,https://www.coches.net/porsche-cayenne-coupe-ehybrid-5p-electrico-hibrido-2021-en-sta-c-tenerife-70135467-covo.aspx,0.7317931894190023
OPEL Corsa 1.2T XHL Edition,12890.0,12983.771,https://www.coches.net/opel-corsa-12t-xhl-74kw-100cv-edition-5p-gasolina-2023-en-madrid-70326865-covo.aspx,0.722220692869148
OPEL Grandland X PHEV 1.6 Turbo Ultimate Auto 4x2,25290.0,25472.76,https://www.coches.net/opel-grandland-x-phev-16-turbo-ultimate-auto-4x2-5p-electrico-hibrido-2021-en-sevilla-62212732-covo.aspx,0.7174713980996703
KIA Rio 1.2 DPi Concept,12985.0,13074.502,https://www.coches.net/kia-rio-12-dpi-62kw-84cv-concept-5p-gasolina-2022-en-las-palmas-70466451-covo.aspx,0.6845534418510504
VOLVO XC60 2.0 B4 G Core Auto,32499.0,32715.828,https://www.coches.net/volvo-xc60-20-b4-g-core-auto-5p-electrico-hibrido-2024-en-alicante-70486659-covo.aspx,0.6627621473359846
KIA Niro 1.6 GDi PHEV Drive,29740.0,29938.135,https://www.coches.net/kia-niro-16-gdi-phev-135kw-183cv-drive-5p-electrico-hibrido-2023-en-huelva-70045662-covo.aspx,0.661813994679784
FIAT 500L 0.9 T.TwinAir SS Cross,9990.0,10054.245,https://www.coches.net/fiat-500l-09-ttwinair-77kw-105cv-ss-cross-5p-gasolina-2017-en-madrid-70326910-covo.aspx,0.6389849903069744
AUDI Q2 S line 30 TDI,21990.0,22129.783,https://www.coches.net/audi-q2-s-line-30-tdi-85kw-116cv-5p-diesel-2023-en-murcia-70471387-covo.aspx,0.6316519318872535
AUDI Q3 45 TFSI e S tronic S Line,27990.0,28166.67,https://www.coches.net/audi-q3-45-tfsi-e-180kw-s-tronic-s-line-5p-electrico-hibrido-2022-en-madrid-70469307-covo.aspx,0.6272304193751826
SUZUKI Vitara 1.4 T S2 Mild Hybrid,24990.0,25147.432,https://www.coches.net/suzuki-vitara-14-t-s2-mild-hybrid-5p-electrico-hibrido-2025-en-murcia-70379399-covo.aspx,0.6260346697619547
FORD Puma 1.0 EcoBoost Titanium X MHEV,18900.0,19018.152,https://www.coches.net/ford-puma-10-ecoboost-125cv-titanium-x-mhev-5p-electrico-hibrido-2021-en-vizcaya-62506865-covo.aspx,0.6212608965077977
RENAULT Clio Techno TCe,14999.0,15092.578,https://www.coches.net/renault-clio-techno-tce-67-kw-91cv-5p-gasolina-2022-en-alicante-70498810-covo.aspx,0.6200274348422496
FIAT 500 Lounge 1.2 8v 69 CV,10400.0,10463.128,https://www.coches.net/fiat-500-lounge-12-8v-51kw-69-cv-3p-gasolina-2020-en-valladolid-70322219-covo.aspx,0.6033370719704603
PEUGEOT Rifter Active Pack Standard BlueHDi,11990.0,12059.351,https://www.coches.net/peugeot-rifter-active-pack-standard-bluehdi-73kw-5p-diesel-2021-en-castellon-61620583-covo.aspx,0.5750772849938557
SEAT León SP 1.5 TSI Style 25 Aniversario,20900.0,21016.277,https://www.coches.net/seat-leon-sp-15-tsi-85kw-style-25-aniversario-5p-gasolina-2025-en-guipuzcoa-70430619-covo.aspx,0.5532727887442899
SKODA Karoq 1.5 TSI ACT Selection,27500.0,27651.705,https://www.coches.net/skoda-karoq-15-tsi-110kw-150cv-act-selection-5p-gasolina-2025-en-jaen-70432355-covo.aspx,0.5486282950595058
BMW X5 xDrive45e,50990.0,51267.86,https://www.coches.net/bmw-x5-xdrive45e-5p-electrico-hibrido-2022-en-sta-c-tenerife-70275336-covo.aspx,0.5419757688098323
VOLKSWAGEN Polo RLine 1.0 TSI DSG,16190.0,16277.953,https://www.coches.net/volkswagen-polo-rline-10-tsi-81kw-110cv-dsg-5p-gasolina-2022-en-madrid-70234009-covo.aspx,0.540320544755224
HYUNDAI Kona EV 65kWh Flexx,36200.0,36393.223,https://www.coches.net/hyundai-kona-ev-150kw-65kwh-flexx-5p-electrico-hibrido-2023-en-valencia-70354532-covo.aspx,0.5309303275367312
NISSAN QASHQAI DIGT mHEV 4x2 Acenta,22990.0,23112.096,https://www.coches.net/nissan-qashqai-digt-103kw-140cv-mhev-4x2-acenta-5p-electrico-hibrido-2024-en-madrid-70438465-covo.aspx,0.5282762095368589
RENAULT Kadjar Zen Energy TCe,13290.0,13360.017,https://www.coches.net/renault-kadjar-zen-energy-tce-97kw-130cv-5p-gasolina-2016-en-madrid-70316390-covo.aspx,0.5240757077675436
PEUGEOT 3008 1.2 PureTech SS Allure,15690.0,15767.542,https://www.coches.net/peugeot-3008-12-puretech-96kw-130cv-ss-allure-5p-gasolina-2021-en-madrid-70326875-covo.aspx,0.4917823730922708
RENAULT Arkana RS Line ETECH Hibrido 105kW145CV SS,23990.0,24100.914,https://www.coches.net/renault-arkana-rs-line-etech-hibrido-105kw145cv-ss-5p-electrico-hibrido-2021-en-madrid-70449805-covo.aspx,0.46020687104385627
LEXUS NX 350h Business 2WD,39900.0,40083.574,https://www.coches.net/lexus-nx-350h-business-2wd-5p-electrico-hibrido-2022-en-valladolid-70322249-covo.aspx,0.457978666643278
MERCEDES-BENZ Clase GLC GLC 200 4MATIC,37500.0,37664.254,https://www.coches.net/mercedes-benz-clase-glc-glc-200-4matic-5p-electrico-hibrido-2021-en-madrid-70487927-covo.aspx,0.43610025213520487
HYUNDAI Bayon 1.0 TGDI 48V Maxx,15290.0,15354.041,https://www.coches.net/hyundai-bayon-10-tgdi-74kw-100cv-48v-maxx-5p-electrico-hibrido-2021-en-sevilla-62505387-covo.aspx,0.41709550964354486
KIA XCeed 1.6 GDi PHEV eTech,22990.0,23084.994,https://www.coches.net/kia-xceed-16-gdi-phev-104kw-141cv-etech-5p-electrico-hibrido-2022-en-sevilla-62250591-covo.aspx,0.4114973564486603
BMW Serie 4 M4,49900.0,50095.07,https://www.coches.net/bmw-serie-4-m4-2p-gasolina-2017-en-asturias-60682748-covo.aspx,0.3894002169936569
MERCEDES-BENZ Clase E E 350 Cabrio,59900.0,60132.89,https://www.coches.net/mercedes-benz-clase-e-e-350-cabrio-2p-electrico-hibrido-2023-en-malaga-62507480-covo.aspx,0.38729324763771905
POLESTAR 3 Long Range Dual Motor Performance,87900.0,88236.65,https://www.coches.net/km-0/polestar/3/asturias/long-range-dual-motor-performance-electrico-hibrido-de-km0-70464969-kovn.aspx,0.3815290397599991
MG ZS 1.0T Luxury Auto,18490.0,18558.412,https://www.coches.net/mg-zs-10t-luxury-auto-5p-gasolina-2023-en-madrid-70255130-covo.aspx,0.3686312652818008
VOLKSWAGEN Golf Life 2.0 TDI Variant,17890.0,17955.604,https://www.coches.net/volkswagen-golf-life-20-tdi-85kw-115cv-variant-5p-diesel-2021-en-madrid-70460850-covo.aspx,0.3653651383419761
VOLKSWAGEN Polo Polo 1.0 TSI,16900.0,16960.908,https://www.coches.net/volkswagen-polo-polo-10-tsi-70kw-95cv-5p-gasolina-2022-en-guipuzcoa-61805866-covo.aspx,0.3591093259603742
DS DS 7 Crossback BlueHDi DE AT. PERF.LINE,18500.0,18558.389,https://www.coches.net/ds-ds-7-crossback-bluehdi-de-96kw-130cv-at-perfline-5p-diesel-2021-en-madrid-70468304-covo.aspx,0.31462145182618834
PORSCHE Cayenne Coupé S,89000.0,89247.56,https://www.coches.net/porsche-cayenne-coupe-s-5p-gasolina-2022-en-murcia-70334609-covo.aspx,0.27738852811806486
CUPRA León 1.5 TSI,28290.0,28366.73,https://www.coches.net/cupra-leon-15-tsi-110kw-150cv-5p-gasolina-2026-en-a-coruna-70383516-covo.aspx,0.2704945810886791
RENAULT Kadjar Zen Blue dCi EDC,15900.0,15941.104,https://www.coches.net/renault-kadjar-zen-blue-dci-85kw-115cv-edc-5p-diesel-2020-en-malaga-70185340-covo.aspx,0.2578461120004117
FORD Kuga 1.5 EcoBoost 4x2 STLine,17500.0,17543.057,https://www.coches.net/ford-kuga-15-ecoboost-110kw-4x2-stline-5p-gasolina-2019-en-murcia-62321587-covo.aspx,0.24543408544490702
BMW Serie 4 420i Gran Coupe,23900.0,23949.691,https://www.coches.net/bmw-serie-4-420i-gran-coupe-5p-gasolina-2019-en-sta-c-tenerife-70465941-covo.aspx,0.2074824489681414
JEEP Renegade 1.6 Mjet Limited 4x2 E6,12900.0,12926.241,https://www.coches.net/jeep-renegade-16-mjet-limited-4x2-e6-5p-diesel-2017-en-madrid-70426999-covo.aspx,0.20300728192582448
SEAT León 1.6 TDI DSG7 StSp ITech,10500.0,10519.719,https://www.coches.net/seat-leon-16-tdi-105cv-dsg7-stsp-itech-5p-diesel-2014-en-valencia-70431743-covo.aspx,0.1874456006725465
NISSAN Micra IGT BOSE Limited Edition,10900.0,10919.855,https://www.coches.net/nissan-micra-5p-igt-bose-limited-edition-5p-gasolina-2017-en-malaga-70082272-covo.aspx,0.18182904349624018
VOLKSWAGEN Taigo Life 1.0 TSI DSG,19490.0,19522.885,https://www.coches.net/volkswagen-taigo-life-10-tsi-81kw-110cv-dsg-5p-gasolina-2024-en-malaga-70314018-covo.aspx,0.16844214377017677
KIA Rio 1.1 CRDi WGT Concept,8490.0,8504.155,https://www.coches.net/kia-rio-11-crdi-wgt-75cv-concept-5p-diesel-2015-en-madrid-70224474-covo.aspx,0.166451258030455
MAZDA Mazda3 Active 1.6 VVT AT,6490.0,6497.3564,https://www.coches.net/mazda-mazda3-active--16-vvt-at-5p-gasolina-2006-en-madrid-70389848-covo.aspx,0.11322212925238674
DACIA Spring Extreme Electric,12985.0,12999.1045,https://www.coches.net/dacia-spring-extreme-electric-48kw-65cv-5p-electrico-hibrido-2023-en-sta-c-tenerife-70286578-covo.aspx,0.10850356804175888
JEEP Compass 2.2 CRD Sport 4x2 136 CV,8490.0,8498.115,https://www.coches.net/jeep-compass-22-crd-sport-4x2-136-cv-5p-diesel-2013-en-valencia-70154152-covo.aspx,0.09549452026931524
SEAT Ateca 1.5 TSI FR Special Edition,32200.0,32230.559,https://www.coches.net/km-0/seat/ateca/burgos/15-tsi-110kw-150cv-fr-special-edition-gasolina-de-km0-70233660-kovn.aspx,0.09481248567601859
TOYOTA Rav4 2.5l 220H Advance,28990.0,29016.078,https://www.coches.net/toyota-rav4-25l-220h-advance-5p-electrico-hibrido-2022-en-barcelona-70430146-covo.aspx,0.08987474078218488
MINI COUNTRYMAN Cooper,18990.0,19006.168,https://www.coches.net/mini-countryman-cooper-5p-gasolina-2022-en-sta-c-tenerife-62487771-covo.aspx,0.08506695708773816
AUDI Q3 Advanced 35 TDI S tronic,32900.0,32921.117,https://www.coches.net/audi-q3-advanced-35-tdi-110kw-150cv-s-tronic-5p-diesel-2023-en-guipuzcoa-62328464-covo.aspx,0.06414480826919841
NISSAN GT-R 3.8G V6 419kW570CV E6D Black Ed.,185000.0,185064.5,https://www.coches.net/nissan-gt-r-38g-v6-419kw570cv-e6d-black-ed-2p-gasolina-2020-en-valencia-70164018-covo.aspx,0.03485271351339668
MINI MINI ONE 5 PUERTAS,10990.0,10988.142,https://www.coches.net/mini-mini-one-5-puertas-5p-gasolina-2018-en-barcelona-70509077-covo.aspx,-0.016912763822007338
VOLKSWAGEN T-Cross Life 1.0 TSI,15990.0,15986.939,https://www.coches.net/volkswagen-t-cross-life-10-tsi-70kw-95cv-5p-gasolina-2024-en-sta-c-tenerife-62613665-covo.aspx,-0.019144044949777728
LAND-ROVER Range Rover Velar 3.0D D300 RDynamic 4WD Auto,36900.0,36891.84,https://www.coches.net/land-rover-range-rover-velar-30d-d300-rdynamic-4wd-auto-5p-diesel-2018-en-malaga-70280796-covo.aspx,-0.022119136059793036
VOLKSWAGEN Polo Advance 1.0 TSI,14999.0,14993.533,https://www.coches.net/volkswagen-polo-advance-10-tsi-70kw-95cv-5p-gasolina-2020-en-alicante-70498809-covo.aspx,-0.03646103157233542
VOLKSWAGEN T-Roc RLine 1.5 TSI DSG,23490.0,23479.857,https://www.coches.net/volkswagen-t-roc-rline-15-tsi-110kw-150cv-dsg-5p-gasolina-2022-en-a-coruna-70457784-covo.aspx,-0.04319693234402127
SKODA Kamiq 1.0 TSI DSG Style,14990.0,14982.517,https://www.coches.net/skoda-kamiq-10-tsi-81kw-110cv-dsg-style-5p-gasolina-2021-en-sta-c-tenerife-62487780-covo.aspx,-0.04994753976591336
RENAULT Captur Zen TCe GPF,15890.0,15881.921,https://www.coches.net/renault-captur-zen-tce-gpf-96kw-130cv-5p-gasolina-2018-en-granada-70505275-covo.aspx,-0.0508698010408479
VOLKSWAGEN Golf 2.0 TDI,17990.0,17974.082,https://www.coches.net/volkswagen-golf-20-tdi-85kw-115cv-5p-diesel-2022-en-madrid-70462569-covo.aspx,-0.08856067710342475
VOLKSWAGEN Tiguan Advance 2.0 TDI 4Motion,15999.0,15981.998,https://www.coches.net/volkswagen-tiguan-advance-20-tdi-110kw-150cv-4motion-5p-diesel-2018-en-sevilla-70318299-covo.aspx,-0.10638189965443297
HONDA CR-V 2.0 iMMD 4x2Elegance Navi,28900.0,28867.766,https://www.coches.net/honda-cr-v-20-immd-4x2elegance-navi-5p-electrico-hibrido-2022-en-valladolid-70322245-covo.aspx,-0.11166217510122937
HYUNDAI i20 1.1 CRDi Essence,10900.0,10887.5205,https://www.coches.net/hyundai-i20-11-crdi-essence-5p-diesel-2015-en-valladolid-70322209-covo.aspx,-0.11462198558932825
JEEP Renegade 1.6 Mjet Longitude 4x2 E6,13490.0,13474.401,https://www.coches.net/jeep-renegade-16-mjet-longitude-4x2-e6-5p-diesel-2017-en-barcelona-70485759-covo.aspx,-0.11576494114599682
HYUNDAI Kona HEV 1.6GDI DT Maxx,23900.0,23870.137,https://www.coches.net/hyundai-kona-hev-16gdi-129cv-dt-maxx-5p-electrico-hibrido-2025-en-valencia-70521124-covo.aspx,-0.12510729034301
BMW Serie 3 M3 CS,164890.0,164668.05,https://www.coches.net/bmw-serie-3-m3-cs-5p-gasolina-2025-en-pontevedra-70499492-covo.aspx,-0.1347882173938003
KIA Carens 1.7 CRDi VGT Drive 5pl,9750.0,9735.747,https://www.coches.net/kia-carens-17-crdi-vgt-115cv-drive-5pl-5p-diesel-2014-en-pontevedra-70196039-covo.aspx,-0.14639790438847655
KIA Rio 1.2 DPi Concept,12985.0,12963.676,https://www.coches.net/kia-rio-12-dpi-62kw-84cv-concept-5p-gasolina-2022-en-sta-c-tenerife-70519880-covo.aspx,-0.1644920708433812
FIAT 500 Dolcevita 1.0 Hybrid 70 CV,11990.0,11970.035,https://www.coches.net/fiat-500-dolcevita-10-hybrid-52kw-70-cv-3p-electrico-hibrido-2020-en-madrid-70367239-covo.aspx,-0.1667901847353858
HYUNDAI Tucson 1.6 TGDI Maxx,24490.0,24442.64,https://www.coches.net/hyundai-tucson-16-tgdi-110kw-150cv-maxx-5p-gasolina-2023-en-madrid-70238169-covo.aspx,-0.1937571955771452
HYUNDAI Tucson 1.6T Klass,27990.0,27934.8,https://www.coches.net/hyundai-tucson-16t-118kw-160cv-klass-5p-gasolina-2025-en-murcia-70323773-covo.aspx,-0.19760018760201803
LEXUS UX 2.0 250h Business,27500.0,27445.348,https://www.coches.net/lexus-ux-20-250h-business-5p-electrico-hibrido-2023-en-vizcaya-70432080-covo.aspx,-0.19913154110676487
HYUNDAI i20 1.0 TGDI Klass,15700.0,15667.352,https://www.coches.net/hyundai-i20-10-tgdi-klass-5p-gasolina-2025-en-ciudad-real-70373805-covo.aspx,-0.20838517199131754
CITROEN C3 PureTech CSeries,11985.0,11959.375,https://www.coches.net/citroen-c3-puretech-60kw-83cv-cseries-5p-gasolina-2023-en-sta-c-tenerife-70446848-covo.aspx,-0.21426704990854453
OPEL Corsa-e 50kWh Elegancee,19890.0,19841.924,https://www.coches.net/opel-corsa-e-50kwh-elegancee-5p-electrico-hibrido-2021-en-huelva-62257570-covo.aspx,-0.24229591994932606
JAGUAR F-Pace 2.0L i4D AWD Automatico RSport,25900.0,25831.59,https://www.coches.net/jaguar-f-pace-20l-i4d-awd-automatico-rsport-5p-diesel-2020-en-madrid-70486752-covo.aspx,-0.2648313815130971
PEUGEOT 508 Business Line BlueHDi SS 6vel MAN,13990.0,13952.0625,https://www.coches.net/peugeot-508-business-line-bluehdi-96kw-ss-6vel-man-5p-diesel-2018-en-madrid-70316377-covo.aspx,-0.2719132027970775
SEAT Arona 1.0 TSI Style Edition Eco,12900.0,12863.087,https://www.coches.net/seat-arona-10-tsi-70kw-95cv-style-edition-eco-5p-gasolina-2020-en-malaga-70474826-covo.aspx,-0.2869691092357074
FIAT 500 Mirror 1.2 8v 69 CV,10495.0,10463.128,https://www.coches.net/fiat-500-mirror-12-8v-51kw-69-cv-3p-gasolina-2018-en-sta-c-tenerife-70309156-covo.aspx,-0.30461321439134803
FORD Puma 1.0 EcoBoost STLine X MHEV,23840.0,23766.908,https://www.coches.net/ford-puma-10-ecoboost-125cv-stline-x-mhev-5p-electrico-hibrido-2023-en-huelva-70094645-covo.aspx,-0.3075359918518535
MITSUBISHI Outlander PHEV Kaiteki 4WD,46790.0,46641.867,https://www.coches.net/mitsubishi-outlander-phev-kaiteki-4wd-5p-electrico-hibrido-2025-en-huelva-70168063-covo.aspx,-0.31759623152415206
MAZDA CX-5 2.2 D 2WD Evolution,22990.0,22915.527,https://www.coches.net/mazda-cx-5-22-d-110kw-150cv-2wd-evolution-5p-diesel-2020-en-murcia-62503570-covo.aspx,-0.3249877479704247
RENAULT Mégane S.T. Intens Blue dCi,15990.0,15936.501,https://www.coches.net/renault-megane-st-intens-blue-dci-85-kw-115cv-5p-diesel-2021-en-madrid-70426768-covo.aspx,-0.33570119009298194
KIA Sportage 1.6 TGDi Drive 4x2,26100.0,26011.852,https://www.coches.net/kia-sportage-16-tgdi-110kw-150cv-drive-4x2-5p-gasolina-2024-en-sevilla-61991499-covo.aspx,-0.3388779814009059
KIA Rio 1.2 DPi Concept,13985.0,13934.013,https://www.coches.net/kia-rio-12-dpi-62kw-84cv-concept-5p-gasolina-2023-en-las-palmas-70371971-covo.aspx,-0.36591975192223336
DACIA Sandero Stepway Comfort TCe,15900.0,15841.727,https://www.coches.net/dacia-sandero-stepway-comfort-tce-67kw-90cv-5p-gasolina-2021-en-pontevedra-70300241-covo.aspx,-0.3678477675403318
MAZDA CX-60 eSkyactiv PHEV AWD Homura,51900.0,51701.785,https://www.coches.net/km-0/mazda/cx-60/madrid/eskyactiv-phev-awd-homura-electrico-hibrido-de-km0-70286982-kovn.aspx,-0.38338104409928425
NISSAN JUKE G E6DTemp 112 CV 5MT ACENTA,12500.0,12447.429,https://www.coches.net/nissan-juke-g-e6dtemp-83-kw-112-cv-5mt-acenta-5p-gasolina-2018-en-valencia-70354529-covo.aspx,-0.42234657681795634
MITSUBISHI Eclipse Cross 2.4 PHEV Kaiteki Auto 4WD,26900.0,26784.275,https://www.coches.net/mitsubishi-eclipse-cross-24-phev-kaiteki-auto-4wd-5p-electrico-hibrido-2021-en-madrid-70473954-covo.aspx,-0.4320617514838792
PORSCHE Panamera Diesel Edition,38990.0,38822.11,https://www.coches.net/porsche-panamera-diesel-edition-5p-diesel-2016-en-a-coruna-61414323-covo.aspx,-0.43246136725408163
AUDI A3 30 TFSI S tronic Sportback,17990.0,17912.195,https://www.coches.net/audi-a3-30-tfsi-85kw-116cv-s-tronic-sportback-5p-gasolina-2019-en-vizcaya-61753951-covo.aspx,-0.4343671233067904
SEAT Arona 1.0 TSI FR Special Edition,20900.0,20807.8,https://www.coches.net/seat-arona-10-tsi-85kw-115cv-fr-special-edition-5p-gasolina-2025-en-jaen-70473909-covo.aspx,-0.4430992958808079
MERCEDES-BENZ Clase GLC GLC 250 d 4MATIC,34990.0,34823.84,https://www.coches.net/mercedes-benz-clase-glc-glc-250-d-4matic-5p-diesel-2018-en-badajoz-70321989-covo.aspx,-0.4771448438642574
MINI MINI COOPER 5 PUERTAS,20900.0,20797.291,https://www.coches.net/mini-mini-cooper-5-puertas-5p-gasolina-2023-en-sta-c-tenerife-61887196-covo.aspx,-0.49385751393214994
MINI COUNTRYMAN Cooper S ALL4,23990.0,23869.184,https://www.coches.net/mini-countryman-cooper-s-all4-5p-gasolina-2018-en-malaga-70109057-covo.aspx,-0.5061606140632101
FORD Tourneo Courier 1.0 EcoBoost Ambiente,11490.0,11430.888,https://www.coches.net/ford-tourneo-courier-10-ecoboost-74kw-100cv-ambiente-5p-gasolina-2017-en-barcelona-70485930-covo.aspx,-0.5171278579855209
BMW X2 xDrive25e Auto,28990.0,28837.172,https://www.coches.net/bmw-x2-xdrive25e-auto-5p-electrico-hibrido-2021-en-sta-c-tenerife-62307860-covo.aspx,-0.529969185821902
DACIA Duster Journey TCE 48v 4X2,24340.0,24210.29,https://www.coches.net/dacia-duster-journey-tce-96kw-48v-130cv-4x2-5p-electrico-hibrido-2024-en-madrid-70326844-covo.aspx,-0.5357678182410177
VOLVO XC60 2.0 B4 D AWD Core Auto,24990.0,24854.242,https://www.coches.net/volvo-xc60-20-b4-d-awd-core-auto-5p-electrico-hibrido-2024-en-vizcaya-70387262-covo.aspx,-0.5462158591513081
LAND-ROVER Defender 110 SW E,33990.0,33800.383,https://www.coches.net/land-rover-defender-110-sw-e-5p-diesel-2013-en-malaga-70517879-covo.aspx,-0.5609912424715974
RENAULT Mégane Sp. Tourer Intens En. dCi,14690.0,14602.718,https://www.coches.net/renault-megane-sp-tourer-intens-en-dci-81kw-110cv-5p-diesel-2016-en-madrid-70317051-covo.aspx,-0.5977122061570436
MAZDA CX-5 2.0 GE 2WD AT Zenith sin Pack Bos,25500.0,25343.695,https://www.coches.net/mazda-cx-5-20-ge-121kw-2wd-at-zenith-sin-pack-bos-5p-gasolina-2022-en-valencia-70521067-covo.aspx,-0.616739925147804
LAMBORGHINI Urus 4.0 V8 S,215000.0,213658.47,https://www.coches.net/lamborghini-urus-40-v8-s-5p-gasolina-2024-en-murcia-70325845-covo.aspx,-0.6278858300579298
VOLKSWAGEN T-Roc Advance RLine 2.0 TDI DSG,25990.0,25827.184,https://www.coches.net/volkswagen-t-roc-advance-rline-20-tdi-110kw-150cv-dsg-5p-diesel-2022-en-almeria-70511927-covo.aspx,-0.630407127664514
KIA Picanto 1.0 DPi Concept,12650.0,12570.667,https://www.coches.net/kia-picanto-10-dpi-49kw-67cv-concept-5p-gasolina-2022-en-las-palmas-70417616-covo.aspx,-0.6310962486064136
CITROEN Grand C4 Spacetourer PureTech SS 6v Feel,13990.0,13899.448,https://www.coches.net/citroen-grand-c4-spacetourer-puretech-96kw-130cv-ss-6v-feel-5p-gasolina-2021-en-malaga-70282373-covo.aspx,-0.6514773553216162
VOLVO V60 2.0 D3 Momentum Auto,22990.0,22841.111,https://www.coches.net/volvo-v60-20-d3-momentum-auto-5p-diesel-2020-en-sevilla-70417877-covo.aspx,-0.6518451301958699
MG eHS 1.5TGDI PHEV Luxury,22900.0,22748.57,https://www.coches.net/mg-ehs-15tgdi-phev-luxury-5p-electrico-hibrido-2022-en-madrid-70477334-covo.aspx,-0.6656668327714276
SEAT León 1.0 TSI SS Style Go S,14500.0,14403.503,https://www.coches.net/seat-leon-10-tsi-81kw-ss-style-go-s-5p-gasolina-2022-en-castellon-70427440-covo.aspx,-0.6699555711104619
BMW X1 xDrive25e,29900.0,29694.12,https://www.coches.net/bmw-x1-xdrive25e-5p-electrico-hibrido-2022-en-sta-c-tenerife-70465938-covo.aspx,-0.6933388338613187
BMW X2 xDrive25e Auto,29900.0,29694.12,https://www.coches.net/bmw-x2-xdrive25e-auto-5p-electrico-hibrido-2022-en-sta-c-tenerife-70465935-covo.aspx,-0.6933388338613187
PEUGEOT 208 PureTech Active Pack,11900.0,11817.588,https://www.coches.net/peugeot-208-puretech-55kw-75cv-active-pack-5p-gasolina-2021-en-madrid-70495061-covo.aspx,-0.6973682797009555
KIA Stonic 1.0 TGDi MHEV MT Concept,16990.0,16869.684,https://www.coches.net/kia-stonic-10-tgdi-74kw-100cv-mhev-mt-concept-5p-electrico-hibrido-2024-en-las-palmas-70314232-covo.aspx,-0.7132108055338731
PORSCHE Taycan 4S Cross Turismo,65990.0,65518.867,https://www.coches.net/porsche-taycan-4s-cross-turismo-5p-electrico-hibrido-2022-en-asturias-70186113-covo.aspx,-0.7190796067211079
BMW X2 sDrive18i,24985.0,24803.43,https://www.coches.net/bmw-x2-sdrive18i-5p-gasolina-2022-en-las-palmas-70380999-covo.aspx,-0.7320371206224946
MERCEDES-BENZ Clase C Cabrio C 300,35990.0,35724.188,https://www.coches.net/mercedes-benz-clase-c-cabrio-c-300-2p-gasolina-2018-en-murcia-70329608-covo.aspx,-0.7440687069509978
TOYOTA Yaris 1.5 100H Active Tech,16990.0,16859.836,https://www.coches.net/toyota-yaris-15-100h-active-tech-5p-electrico-hibrido-2019-en-murcia-61299561-covo.aspx,-0.7720363530376139
TOYOTA Yaris Hybrid Active,11500.0,11409.917,https://www.coches.net/toyota-yaris-hybrid-active-5p-electrico-hibrido-2015-en-granada-70398123-covo.aspx,-0.7895150146506837
DACIA Jogger S.L. Extreme Go TCe,17400.0,17263.219,https://www.coches.net/dacia-jogger-sl-extreme-go-tce-81kw-110cv-5p-5p-gasolina-2022-en-madrid-70405950-covo.aspx,-0.792327618509729
OPEL Adam 1.4 XEL GLAM EASYTRONIC,10999.0,10909.981,https://www.coches.net/opel-adam-14-xel-glam-easytronic-3p-gasolina-2018-en-alicante-70494415-covo.aspx,-0.8159368110176488
AUDI A6 40 TDI S tronic,33700.0,33425.742,https://www.coches.net/audi-a6-40-tdi-150kw-204cv-s-tronic-4p-electrico-hibrido-2022-en-murcia-62341639-covo.aspx,-0.820498796890028
CITROEN C3 PureTech FEEL,8900.0,8826.975,https://www.coches.net/citroen-c3-puretech-60kw-82cv-feel-5p-gasolina-2018-en-lugo-70495346-covo.aspx,-0.827298070478653
LEXUS UX 2.0 250h Business Navigation,25800.0,25587.865,https://www.coches.net/lexus-ux-20-250h-business-navigation-5p-electrico-hibrido-2020-en-vizcaya-70254191-covo.aspx,-0.8290444071122276
LAND-ROVER Range Rover Evoque 2.0 D163 SE AUTO 4WD MHEV,35900.0,35603.64,https://www.coches.net/land-rover-range-rover-evoque-20-d163-se-auto-4wd-mhev-5p-electrico-hibrido-2023-en-sta-c-tenerife-61887302-covo.aspx,-0.8323850308496367
LAND-ROVER Range Rover Evoque 2.0 D163 RDynamic S AUTO 4WD MHEV,35900.0,35603.64,https://www.coches.net/land-rover-range-rover-evoque-20-d163-rdynamic-s-auto-4wd-mhev-5p-electrico-hibrido-2023-en-sta-c-tenerife-61887303-covo.aspx,-0.8323850308496367
VOLKSWAGEN Golf 1.0 TSI,16995.0,16854.691,https://www.coches.net/volkswagen-golf-10-tsi-81kw-110cv-5p-gasolina-2022-en-las-palmas-70471479-covo.aspx,-0.8324601760312932
MERCEDES-BENZ Clase GLC GLC 220 d 4MATIC,36990.0,36682.902,https://www.coches.net/mercedes-benz-clase-glc-glc-220-d-4matic-5p-diesel-2022-en-almeria-70471381-covo.aspx,-0.8371683717177929
NISSAN JUKE DIGT 114 CV 6MT NConnecta,18900.0,18742.744,https://www.coches.net/nissan-juke-digt-84-kw-114-cv-6mt-nconnecta-5p-gasolina-2021-en-albacete-70224146-covo.aspx,-0.8390226009335904
TOYOTA Corolla 1.8 125H ACTIVE TECH ECVT,18490.0,18334.13,https://www.coches.net/toyota-corolla-18-125h-active-tech-ecvt-5p-electrico-hibrido-2021-en-madrid-70347962-covo.aspx,-0.8501583294050596
BMW X1 xDrive25e,42500.0,42137.45,https://www.coches.net/bmw-x1-xdrive25e-5p-electrico-hibrido-2025-en-madrid-70466076-covo.aspx,-0.860400399103121
MERCEDES-BENZ Clase GLC GLC 300 e 4MATIC,49890.0,49453.434,https://www.coches.net/mercedes-benz-clase-glc-glc-300-e-4matic-5p-electrico-hibrido-2022-en-madrid-70449336-covo.aspx,-0.8827828009604047
BMW Serie 1 118d,11500.0,11397.875,https://www.coches.net/bmw-serie-1-118d-3p-diesel-2014-en-murcia-60475140-covo.aspx,-0.89600035094261
MERCEDES-BENZ GLB 2.0 GLB 220 D 4MATIC DCT,39900.0,39545.64,https://www.coches.net/mercedes-benz-glb-20-glb-220-d-4matic-dct-140kw-190cv-5p-diesel-2022-en-asturias-60437212-covo.aspx,-0.8960769617068253
NISSAN JUKE DIGT 114 CV 6MT Acenta,14995.0,14860.628,https://www.coches.net/nissan-juke-digt-84-kw-114-cv-6mt-acenta-5p-gasolina-2021-en-las-palmas-70314193-covo.aspx,-0.9042152925722681
CUPRA Formentor 2.0 TDI 150 CV,22900.0,22692.607,https://www.coches.net/cupra-formentor-20-tdi-110kw-150-cv-5p-diesel-2022-en-guadalajara-70401181-covo.aspx,-0.9139213236689571
HYUNDAI Kona 1.6T XLS,28990.0,28721.652,https://www.coches.net/hyundai-kona-16t-150cv-xls-5p-gasolina-2026-en-murcia-70414419-covo.aspx,-0.9343043813716867
VOLKSWAGEN Golf 2.0 TDI,17490.0,17327.312,https://www.coches.net/volkswagen-golf-20-tdi-85kw-115cv-5p-diesel-2021-en-madrid-70355354-covo.aspx,-0.9389078658332041
TOYOTA Highlander 2.5 Advance P. Especial,39900.0,39524.96,https://www.coches.net/toyota-highlander-25-advance-p-especial-5p-electrico-hibrido-2021-en-madrid-70487940-covo.aspx,-0.9488663710333363
PEUGEOT 3008 1.2 PURETECH ACTIVE SS,12900.0,12777.16,https://www.coches.net/peugeot-3008-12-puretech-96kw-130cv-active-ss-5p-gasolina-2019-en-valencia-61195605-covo.aspx,-0.9614017688422914
LEXUS UX 2.0 250h F Sport,25985.0,25731.045,https://www.coches.net/lexus-ux-20-250h-f-sport-5p-electrico-hibrido-2019-en-las-palmas-70497368-covo.aspx,-0.9869598335242986
AUDI Q5 SPORTBACK SQ5 TDI Quattro,51990.0,51478.164,https://www.coches.net/audi-q5-sportback-sq5-tdi-quattro-5p-electrico-hibrido-2023-en-zaragoza-70407991-covo.aspx,-0.9942777618847798
MERCEDES-BENZ Clase A A 180 d,23900.0,23660.033,https://www.coches.net/mercedes-benz-clase-a-a-180-d-5p-diesel-2020-en-valladolid-70322210-covo.aspx,-1.0142284874025678
BMW Serie 2 216dA DCT Gran Coupe,19990.0,19786.568,https://www.coches.net/bmw-serie-2-216da-dct-gran-coupe-4p-diesel-2022-en-murcia-70410993-covo.aspx,-1.0281299765080933
CITROEN C5 Aircross BlueHdi SS Feel,15990.0,15827.0,https://www.coches.net/citroen-c5-aircross-bluehdi-96kw-130cv-ss-feel-5p-diesel-2020-en-madrid-70406595-covo.aspx,-1.0298856384659125
MERCEDES-BENZ Clase E Cabrio E 220 d,32800.0,32464.523,https://www.coches.net/mercedes-benz-clase-e-cabrio-e-220-d-2p-diesel-2018-en-almeria-70432500-covo.aspx,-1.0333635826992877
CITROEN C4 X PureTech 100 SS 6v You,15990.0,15823.179,https://www.coches.net/citroen-c4-x-puretech-100-ss-6v-you-4p-gasolina-2024-en-vizcaya-70466922-covo.aspx,-1.0542843009615233
FIAT 500C Dolcevita 1.0 Hybrid 70 CV,10990.0,10872.008,https://www.coches.net/fiat-500c-dolcevita-10-hybrid-52kw-70-cv-2p-electrico-hibrido-2020-en-madrid-70430120-covo.aspx,-1.0852842412819044
VOLKSWAGEN Arteon 2.0 TDI,22999.0,22751.398,https://www.coches.net/volkswagen-arteon-20-tdi-110kw-150cv-5p-diesel-2022-en-caceres-62285477-covo.aspx,-1.0882916194368546
FORD Puma 1.0 EcoBoost STLine X MHEV,22490.0,22245.379,https://www.coches.net/ford-puma-10-ecoboost-125cv-stline-x-mhev-5p-electrico-hibrido-2021-en-vizcaya-62506855-covo.aspx,-1.099649031742372
MAZDA CX-5 2.0 GE 2WD AT Zenith Black,27490.0,27190.984,https://www.coches.net/mazda-cx-5-20-ge-121kw-2wd-at-zenith-black-5p-gasolina-2022-en-madrid-70477323-covo.aspx,-1.099686649354709
NISSAN QASHQAI DIGT mHEV 4x2 Tekna,26900.0,26605.197,https://www.coches.net/nissan-qashqai-digt-116kw-158cv-mhev-4x2-tekna-5p-electrico-hibrido-2021-en-valencia-62634953-covo.aspx,-1.108064456097445
SEAT Arona 1.0 TSI DSG FR XM,20900.0,20668.375,https://www.coches.net/seat-arona-10-tsi-85kw-115cv-dsg-fr-xm-5p-gasolina-2025-en-guipuzcoa-62024245-covo.aspx,-1.12067349271532
BMW X2 sDrive20d,39900.0,39454.68,https://www.coches.net/bmw-x2-sdrive20d-5p-electrico-hibrido-2025-en-albacete-70505152-covo.aspx,-1.1286881962473163
MERCEDES-BENZ GLE Coupé GLE 350 de 4MATIC,99990.0,98872.52,https://www.coches.net/mercedes-benz-gle-coupe-gle-350-de-4matic-5p-electrico-hibrido-2025-en-badajoz-70308543-covo.aspx,-1.1302195227235068
AUDI Q3 35 TDI S tronic,26390.0,26094.002,https://www.coches.net/audi-q3-35-tdi-110kw-150cv-s-tronic-5p-diesel-2022-en-madrid-70326894-covo.aspx,-1.1343528194974764
VOLKSWAGEN T-Roc Edition 1.6 TDI,17990.0,17783.635,https://www.coches.net/volkswagen-t-roc-edition-16-tdi-85kw-115cv-5p-diesel-2020-en-madrid-70351129-covo.aspx,-1.1604221358273457
SEAT Alhambra 1.4 TSI DSG SS Xcellence,19990.0,19750.393,https://www.coches.net/seat-alhambra-14-tsi-110kw-dsg-ss-xcellence-5p-gasolina-2022-en-madrid-70418564-covo.aspx,-1.2131780212833982
RENAULT Mégane Dynamique 1.5dCi eco2,6490.0,6412.0654,https://www.coches.net/renault-megane-dynamique-15dci-105cv-eco2-5p-diesel-2009-en-castellon-70461401-covo.aspx,-1.2154362922073028
MAZDA MX-30 eSKYACTIV REV MAKOTO PREMIUM Urb.Expr.,28900.0,28552.37,https://www.coches.net/mazda-mx-30-eskyactiv-rev-makoto-premium-urbexpr-5p-electrico-hibrido-2022-en-madrid-70318838-covo.aspx,-1.2175201912768157
OPEL Mokka 1.2 T 130 CV Ultimate Auto,18990.0,18761.162,https://www.coches.net/opel-mokka-12-t-96kw-130-cv-ultimate-auto-5p-gasolina-2022-en-vizcaya-70290204-covo.aspx,-1.2197426219703582
BMW Serie 4 420d Gran Coupe,33900.0,33482.605,https://www.coches.net/bmw-serie-4-420d-gran-coupe-5p-electrico-hibrido-2023-en-valencia-70380980-covo.aspx,-1.2466011094613376
VOLKSWAGEN CC 2.0 TDI BluemotionTechnology,13990.0,13815.607,https://www.coches.net/volkswagen-cc-20-tdi-140cv-bluemotiontechnology-4p-diesel-2015-en-madrid-70316386-covo.aspx,-1.2622867225430479
LAMBORGHINI Huracán LP 6104,249980.0,246850.19,https://www.coches.net/lamborghini-huracan-lp-6104-2p-gasolina-2015-en-jaen-70356904-covo.aspx,-1.26789958383159
JEEP Compass 1.4 Mair Longitude 4x2,13490.0,13319.638,https://www.coches.net/jeep-compass-14-mair-103kw-longitude-4x2-5p-gasolina-2018-en-barcelona-70485755-covo.aspx,-1.279031071148839
LAND-ROVER Range Rover Sport 4.4 V8 530 PS AWD Auto MHEV Autobiograph,149900.0,147984.88,https://www.coches.net/land-rover-range-rover-sport-44-v8-530-ps-awd-auto-mhev-autobiograph-5p-electrico-hibrido-2025-en-madrid-70507340-covo.aspx,-1.2941356337936563
JEEP Renegade 2.0 Mjet Night Eagle 4x4,13800.0,13622.168,https://www.coches.net/jeep-renegade-20-mjet-103kw-140cv-night-eagle-4x4-5p-diesel-2019-en-madrid-70495243-covo.aspx,-1.305460567348431
SEAT Ibiza 1.0 MPI Style XL,15900.0,15693.953,https://www.coches.net/seat-ibiza-10-mpi-59kw-80cv-style-xl-5p-gasolina-2025-en-guipuzcoa-70488665-covo.aspx,-1.3129061451813149
VOLVO V60 Cross Country 2.0 B4 D AWD Cross Country Core Auto,26900.0,26550.57,https://www.coches.net/volvo-v60-cross-country-20-b4-d-awd-cross-country-core-auto-5p-electrico-hibrido-2023-en-jaen-62437005-covo.aspx,-1.316091079729043
NISSAN Micra 1.0G 70 CV E6C Acenta,10590.0,10451.899,https://www.coches.net/nissan-micra-10g-52-kw-70-cv-e6c-acenta-5p-gasolina-2018-en-huelva-70160968-covo.aspx,-1.3212965458861254
MERCEDES-BENZ GLE GLE 400 d 4MATIC,61990.0,61175.418,https://www.coches.net/mercedes-benz-gle-gle-400-d-4matic-5p-diesel-2020-en-murcia-70470591-covo.aspx,-1.331551231355885
TOYOTA Corolla 1.8 125H ACTIVE TECH ECVT TOU SPORT,19990.0,19725.877,https://www.coches.net/toyota-corolla-18-125h-active-tech-ecvt-tou-sport-5p-electrico-hibrido-2021-en-sta-c-tenerife-62460924-covo.aspx,-1.3389673245080103
MERCEDES-BENZ Clase GLC MercedesAMG GLC 43 4MATIC,54500.0,53757.82,https://www.coches.net/mercedes-benz-clase-glc-mercedesamg-glc-43-4matic-5p-gasolina-2022-en-murcia-70436681-covo.aspx,-1.3805985495424284
PORSCHE Macan Macan S,57990.0,57199.668,https://www.coches.net/porsche-macan-macan-s-5p-gasolina-2021-en-badajoz-70489677-covo.aspx,-1.3817073757871874
KIA Stonic 1.2 DPi Concept,13475.0,13291.081,https://www.coches.net/kia-stonic-12-dpi-62kw-84cv-concept-5p-gasolina-2021-en-valencia-70388413-covo.aspx,-1.3837771702372956
AUDI Q2 S line 35 TFSI S tronic,23990.0,23657.582,https://www.coches.net/audi-q2-s-line-35-tfsi-110kw-150cv-s-tronic-5p-gasolina-2021-en-murcia-70320120-covo.aspx,-1.4051223337655525
RENAULT Espace Zen Energy dCi TT EDC,17350.0,17108.857,https://www.coches.net/renault-espace-zen-energy-dci-118kw-160cv-tt-edc-5p-diesel-2016-en-madrid-70023904-covo.aspx,-1.4094604460066429
BMW Serie 1 116d,15900.0,15678.835,https://www.coches.net/bmw-serie-1-116d-5p-diesel-2017-en-guadalajara-62416130-covo.aspx,-1.4105961291991025
DACIA Duster Essent. Blue dCi 4X2,15290.0,15075.4795,https://www.coches.net/dacia-duster-essent-blue-dci-70kw-95cv-4x2-5p-diesel-2019-en-madrid-70281252-covo.aspx,-1.4229763499308266
PEUGEOT 308 Allure Hybrid 180 eEAT8,25990.0,25624.137,https://www.coches.net/peugeot-308-5p-allure-hybrid-180-eeat8-5p-electrico-hibrido-2023-en-madrid-70417469-covo.aspx,-1.4278072477746584
FORD Focus 1.5 Ecoblue STLine Auto,11990.0,11819.645,https://www.coches.net/ford-focus-15-ecoblue-88kw-stline-auto-5p-diesel-2019-en-madrid-70351137-covo.aspx,-1.4412909652197794
PORSCHE Panamera GTS,101000.0,99564.7,https://www.coches.net/porsche-panamera-gts-5p-gasolina-2022-en-madrid-70384835-covo.aspx,-1.441571992835689
OPEL Astra 1.7 CDTi 110 CV Enjoy,5990.0,5903.1304,https://www.coches.net/opel-astra-17-cdti-110-cv-enjoy-5p-diesel-2011-en-madrid-70503415-covo.aspx,-1.4715858103292159
SEAT Ateca 2.0 TDI SS FR Edition,17490.0,17234.691,https://www.coches.net/seat-ateca-20-tdi-110kw-150cv-ss-fr-edition-5p-diesel-2020-en-madrid-70503914-covo.aspx,-1.4813644627104534
MERCEDES-BENZ Clase E Coupe E 350 BlueTEC,22000.0,21678.342,https://www.coches.net/mercedes-benz-clase-e-coupe-e-350-bluetec-2p-diesel-2014-en-murcia-70187391-covo.aspx,-1.4837767857842707
LAND-ROVER Range Rover Sport 3.0 TDV6 HSE Dynamic,30000.0,29560.643,https://www.coches.net/land-rover-range-rover-sport-30-tdv6-190kw-258cv-hse-dynamic-5p-diesel-2018-en-murcia-61032591-covo.aspx,-1.4862918514502332
MAZDA Mazda3 2.0 eSKYACTIVG EVOLUTION,18490.0,18217.887,https://www.coches.net/mazda-mazda3-20-eskyactivg-88kw-evolution-5p-electrico-hibrido-2021-en-vizcaya-70369648-covo.aspx,-1.493659969736988
FERRARI 488 GTB,214900.0,211699.08,https://www.coches.net/ferrari-488-gtb-2p-gasolina-2016-en-malaga-70332580-covo.aspx,-1.5120150278169757
SMART fortwo 60kW81CV electric drive coupe,8990.0,8855.297,https://www.coches.net/smart-fortwo-60kw81cv-electric-drive-coupe-3p-electrico-hibrido-2017-en-madrid-70459450-covo.aspx,-1.5211587697335105
HYUNDAI i30 1.0 TGDI Essence Fastback LRR,18490.0,18212.164,https://www.coches.net/hyundai-i30-10-tgdi-essence-fastback-lrr-5p-gasolina-2020-en-madrid-70511750-covo.aspx,-1.5255514750829737
HONDA CR-V 2.0 iMMD 4x2 ELEGANCE NAVI,29900.0,29445.436,https://www.coches.net/honda-cr-v-20-immd-4x2-elegance-navi-5p-electrico-hibrido-2019-en-valladolid-70322225-covo.aspx,-1.5437518402516626
SEAT Arona 1.0 TSI DSG FR Special Ed,20900.0,20582.008,https://www.coches.net/seat-arona-10-tsi-85kw-115cv-dsg-fr-special-ed-5p-gasolina-2025-en-jaen-70499719-covo.aspx,-1.5450008104013784
SKODA Scala 1.0 TSI 115 CV SELECTION,20900.0,20582.008,https://www.coches.net/skoda-scala-10-tsi-85kw-115-cv-selection-5p-gasolina-2025-en-guipuzcoa-62127254-covo.aspx,-1.5450008104013784
SEAT Arona 1.0 TSI FR Special Edition,20900.0,20582.008,https://www.coches.net/seat-arona-10-tsi-85kw-115cv-fr-special-edition-5p-gasolina-2026-en-guipuzcoa-61946241-covo.aspx,-1.5450008104013784
NISSAN JUKE 1.6 Hybrid 105kW145CV Premiere Edition,24500.0,24124.943,https://www.coches.net/nissan-juke-16-hybrid-105kw145cv-premiere-edition-5p-electrico-hibrido-2023-en-valencia-62509985-covo.aspx,-1.5546425748570816
NISSAN QASHQAI DIGT NConnecta,22500.0,22155.283,https://www.coches.net/nissan-qashqai-digt-103kw-nconnecta-5p-electrico-hibrido-2021-en-valencia-62281732-covo.aspx,-1.5559123921574505
VOLVO XC40 1.5 T4 Recharge PHEV Core Auto,24900.0,24514.643,https://www.coches.net/volvo-xc40-15-t4-recharge-phev-core-auto-5p-electrico-hibrido-2024-en-madrid-70505473-covo.aspx,-1.5719479517064778
VOLVO XC40 2.0 B4 G AWD RDesign Auto,34450.0,33916.492,https://www.coches.net/volvo-xc40-20-b4-g-awd-rdesign-auto-5p-electrico-hibrido-2022-en-navarra-70375066-covo.aspx,-1.573004099452907
MINI MINI Cooper S,11999.0,11810.28,https://www.coches.net/mini-mini-cooper-s-3p-gasolina-2012-en-alicante-70489991-covo.aspx,-1.5979275867563407
PEUGEOT 2008 GT Puretech 130 SS BVM6,16490.0,16230.551,https://www.coches.net/peugeot-2008-gt-puretech-130-ss-bvm6-5p-gasolina-2021-en-guipuzcoa-70498345-covo.aspx,-1.5985238101083001
AUDI Q8 RS Q8 TFSI quattro tipt,99990.0,98401.586,https://www.coches.net/audi-q8-rs-q8-tfsi-441kw-600cv-quattro-tipt-5p-gasolina-2021-en-a-coruna-61518181-covo.aspx,-1.6142159167118353
FORD Focus 1.6 TDCi 90 Trend,6990.0,6878.875,https://www.coches.net/ford-focus-16-tdci-90-trend-5p-diesel-2009-en-valencia-70299975-covo.aspx,-1.6154531082480783
PORSCHE Cayenne Coupé Turbo,85000.0,83646.35,https://www.coches.net/porsche-cayenne-coupe-turbo-5p-gasolina-2021-en-murcia-70412310-covo.aspx,-1.6182994383067177
CUPRA León SP VZ 1.4 eHybrid DSG,28990.0,28526.7,https://www.coches.net/cupra-leon-sp-vz-14-ehybrid-180kw-245cv-dsg-5p-electrico-hibrido-2024-en-zaragoza-70416193-covo.aspx,-1.6240952999759681
RENAULT Arkana Techno TCe 103kW140CV EDC mild hybrid,26990.0,26547.305,https://www.coches.net/renault-arkana-techno-tce-103kw140cv-edc-mild-hybrid-5p-electrico-hibrido-2024-en-murcia-70015452-covo.aspx,-1.667571596104242
AUDI Q3 45 TFSI e S tronic S Line,26900.0,26444.887,https://www.coches.net/audi-q3-45-tfsi-e-180kw-s-tronic-s-line-5p-electrico-hibrido-2022-en-asturias-62084695-covo.aspx,-1.720987826835026
MERCEDES-BENZ Clase B B 180 CDI,12490.0,12275.972,https://www.coches.net/mercedes-benz-clase-b-b-180-cdi-5p-diesel-2011-en-barcelona-70485919-covo.aspx,-1.7434735587297179
FORD Focus 1.0 Ecoboost AutoStartStop Sport,8970.0,8816.15,https://www.coches.net/ford-focus-10-ecoboost-autostartstop-125cv-sport-5p-gasolina-2015-en-madrid-62567146-covo.aspx,-1.7450883045121601
RENAULT Arkana Zen TCe 103kW140CV EDC mild hybrid,19990.0,19645.21,https://www.coches.net/renault-arkana-zen-tce-103kw140cv-edc-mild-hybrid-5p-electrico-hibrido-2021-en-sta-c-tenerife-62438610-covo.aspx,-1.7550794623530623
MERCEDES-BENZ Clase C C Cabrio 220 d,24900.0,24466.176,https://www.coches.net/mercedes-benz-clase-c-c-cabrio-220-d-2p-diesel-2017-en-valladolid-70272299-covo.aspx,-1.7731590855423647
VOLVO XC40 1.5 T5 Twin Inscription Auto,26900.0,26431.172,https://www.coches.net/volvo-xc40-15-t5-twin-inscription-auto-5p-electrico-hibrido-2020-en-madrid-70430480-covo.aspx,-1.7737697262051495
FORD Kuga 2.0 TDCi 4WD Trend,7290.0,7162.9243,https://www.coches.net/ford-kuga-20-tdci-4wd-trend-5p-diesel-2009-en-valencia-70286249-covo.aspx,-1.7740754750499144
VOLKSWAGEN Passat CC 1.8 TSI DSG,8980.0,8819.815,https://www.coches.net/volkswagen-passat-cc-18-tsi-160cv-dsg-4p-gasolina-2011-en-jaen-70372872-covo.aspx,-1.8161895970443862
TOYOTA Yaris 1.0 70 Business,12900.0,12668.749,https://www.coches.net/toyota-yaris-10-70-business-5p-gasolina-2019-en-madrid-70472670-covo.aspx,-1.8253655205788664
RENAULT Kadjar Zen Energy dCi 130,11111.0,10911.728,https://www.coches.net/renault-kadjar-zen-energy-dci-130-5p-diesel-2015-en-navarra-62295060-covo.aspx,-1.826222843487722
RENAULT Arkana RS Line TCe 103kW140CV EDC mild hy SS,20471.0,20098.219,https://www.coches.net/renault-arkana-rs-line-tce-103kw140cv-edc-mild-hy-ss-5p-electrico-hibrido-2021-en-barcelona-70501740-covo.aspx,-1.8547974556202897
NISSAN Micra 1.0G 70 CV E6C Acenta,10990.0,10789.452,https://www.coches.net/nissan-micra-10g-52-kw-70-cv-e6c-acenta-5p-gasolina-2019-en-ciudad-real-70371871-covo.aspx,-1.858739895255412
VOLVO V90 2.0 T6 AWD Recharge Plus Bright Auto,66900.0,65676.57,https://www.coches.net/volvo-v90-20-t6-awd-recharge-plus-bright-auto-5p-electrico-hibrido-2025-en-valencia-70335282-covo.aspx,-1.8628099513703575
CITROEN C3 PureTech Feel,11900.0,11681.127,https://www.coches.net/citroen-c3-puretech-60kw-83cv-feel-5p-gasolina-2022-en-guipuzcoa-70511398-covo.aspx,-1.8737322841649782
CITROEN Berlingo Talla M BlueHDi 100 SS SHINE,13000.0,12760.556,https://www.coches.net/citroen-berlingo-talla-m-bluehdi-100-ss-shine-5p-diesel-2021-en-murcia-62577216-covo.aspx,-1.8764412948869154
MERCEDES-BENZ CLA CLA 180 Shooting Brake,19990.0,19618.693,https://www.coches.net/mercedes-benz-cla-cla-180-shooting-brake-5p-gasolina-2019-en-pontevedra-62595206-covo.aspx,-1.8926165663707017
PEUGEOT 2008 Allure Pack Puretech 100 SS 6 Vel. MAN,15985.0,15687.474,https://www.coches.net/peugeot-2008-allure-pack-puretech-100-ss-6-vel-man-5p-gasolina-2023-en-sta-c-tenerife-70354383-covo.aspx,-1.8965856080559895
LAND-ROVER Defender 4.4 V8 635 Octa Black 110 Auto 4WD,234100.0,229704.53,https://www.coches.net/land-rover-defender-44-v8-635-octa-black-110-auto-4wd-5p-electrico-hibrido-2026-en-madrid-70409614-covo.aspx,-1.9135315816718352
SUZUKI S-Cross 1.4T S2 4WD Mild Hybrid,18800.0,18443.957,https://www.coches.net/suzuki-s-cross-14t-s2-4wd-mild-hybrid-5p-electrico-hibrido-2022-en-lugo-70494863-covo.aspx,-1.9304044579303052
OPEL Mokka 1.5 D Business Elegance,16490.0,16177.625,https://www.coches.net/opel-mokka-15-d-business-elegance-5p-diesel-2022-en-madrid-70424746-covo.aspx,-1.9309076579535005
RENAULT Kadjar Zen Blue dCi,14490.0,14215.491,https://www.coches.net/renault-kadjar-zen-blue-dci-85kw-115cv-5p-diesel-2019-en-barcelona-70486089-covo.aspx,-1.9310538411172944
KIA Picanto 1.0 DPi Concept,12490.0,12253.23,https://www.coches.net/kia-picanto-10-dpi-49kw-67cv-concept-5p-gasolina-2023-en-las-palmas-70138488-covo.aspx,-1.9323029290426281
FIAT 500X Sport 1.0 Firefly T3 120 CV SS,15990.0,15686.542,https://www.coches.net/fiat-500x-sport-10-firefly-t3-88kw-120-cv-ss-5p-gasolina-2022-en-sta-c-tenerife-62344177-covo.aspx,-1.934511812505482
BMW X3 xDrive20d,9980.0,9790.103,https://www.coches.net/bmw-x3-xdrive20d-5p-diesel-2013-en-jaen-70242875-covo.aspx,-1.93968817159789
FIAT 500 Dolcevita 1.0 Hybrid 70 CV,12190.0,11957.531,https://www.coches.net/fiat-500-dolcevita-10-hybrid-51kw-70-cv-3p-electrico-hibrido-2024-en-madrid-70452091-covo.aspx,-1.9441199453273434
PORSCHE Panamera GTS,92990.0,91211.33,https://www.coches.net/porsche-panamera-gts-5p-gasolina-2020-en-badajoz-70148980-covo.aspx,-1.9500558884116128
FIAT Grande Panda Red 44kWh,22490.0,22057.566,https://www.coches.net/km-0/fiat/grande-panda/vizcaya/red-44kwh-87kw-118cv-electrico-hibrido-de-km0-70483161-kovn.aspx,-1.9604773517874128
MITSUBISHI L200 DC 220 DID MPro Auto,23990.0,23526.164,https://www.coches.net/mitsubishi-l200-dc-220-did-mpro-auto-4p-diesel-2020-en-vizcaya-70471373-covo.aspx,-1.9715748656167054
DFSK Fengon 5 1.5T Classic,21985.0,21554.55,https://www.coches.net/dfsk-fengon-5-15t-classic-5p-gasolina-2021-en-sta-c-tenerife-70430300-covo.aspx,-1.9970224530238956
AUDI Q2 Advanced 30 TFSI,19985.0,19589.668,https://www.coches.net/audi-q2-advanced-30-tfsi-81kw-110cv-5p-gasolina-2021-en-sta-c-tenerife-70430313-covo.aspx,-2.0180639706637447
AUDI A5 sport 2.0 TDI Sportback,27190.0,26648.752,https://www.coches.net/audi-a5-sport-20-tdi-140kw-190cv-sportback-5p-diesel-2018-en-jaen-70401770-covo.aspx,-2.031044635137331
HYUNDAI Bayon 1.2 MPI Essence,14800.0,14504.91,https://www.coches.net/hyundai-bayon-12-mpi-essence-5p-gasolina-2023-en-valencia-70505079-covo.aspx,-2.0344134542801644
CITROEN C3 Aircross PureTech LIVE,9290.0,9104.728,https://www.coches.net/citroen-c3-aircross-puretech-60kw-82cv-live-5p-gasolina-2019-en-sta-c-tenerife-62219876-covo.aspx,-2.0349039566820166
AUDI A1 Sportback Adrenalin 30 TFSI S tron,19990.0,19589.668,https://www.coches.net/audi-a1-sportback-adrenalin-30-tfsi-81kw-s-tron-5p-gasolina-2023-en-sta-c-tenerife-70330786-covo.aspx,-2.0435876294004633
OPEL Combo 100 Cv 1.5 Td SS MT6 6.4 ebis,24990.0,24488.666,https://www.coches.net/km-0/opel/combo/vizcaya/100-cv-15-td-ss-mt6-64-ebis-diesel-de-km0-70498688-kovn.aspx,-2.047208223000484
NISSAN JUKE DIGT 114 CV 6MT NConnecta,15850.0,15531.71,https://www.coches.net/nissan-juke-digt-84-kw-114-cv-6mt-nconnecta-5p-gasolina-2021-en-huelva-70322035-covo.aspx,-2.049291674020469
CITROEN C4 1.4 VTi Business,4500.0,4408.271,https://www.coches.net/citroen-c4-14-vti-95cv-business-5p-gasolina-2012-en-sevilla-70504029-covo.aspx,-2.0808385870000454
PORSCHE Macan S Diesel,30000.0,29387.203,https://www.coches.net/porsche-macan-s-diesel-5p-diesel-2015-en-murcia-62181153-covo.aspx,-2.0852507548725767
PORSCHE Macan GTS,79990.0,78348.93,https://www.coches.net/porsche-macan-gts-5p-gasolina-2023-en-zaragoza-70430694-covo.aspx,-2.0945663444867977
VOLVO XC60 2.0 D3 Momentum,16999.0,16647.264,https://www.coches.net/volvo-xc60-20-d3-momentum-5p-diesel-2016-en-sevilla-70316913-covo.aspx,-2.112877738094861
FIAT Grande Panda La Prima MHEV,21990.0,21534.387,https://www.coches.net/fiat-grande-panda-la-prima-mhev-81kw-110cv-5p-electrico-hibrido-2025-en-madrid-70164059-covo.aspx,-2.115747651421609
HYUNDAI Kona 1.0 TGDI Maxx 4X2,18590.0,18197.61,https://www.coches.net/hyundai-kona-10-tgdi-maxx-4x2-5p-gasolina-2020-en-murcia-70266723-covo.aspx,-2.156275678381518
MINI MINI COOPER 5 PUERTAS,17990.0,17608.812,https://www.coches.net/mini-mini-cooper-5-puertas-5p-gasolina-2020-en-las-palmas-70214161-covo.aspx,-2.1647541536375607
PEUGEOT 2008 Allure BlueHDI 130 SS EAT8,21990.0,21519.883,https://www.coches.net/peugeot-2008-allure-bluehdi-130-ss-eat8-5p-diesel-2023-en-toledo-70376708-covo.aspx,-2.184571317586026
FORD Focus 1.0 Ecoboost MHEV STLine Auto,18990.0,18581.922,https://www.coches.net/ford-focus-10-ecoboost-mhev-92kw-stline-auto-5p-electrico-hibrido-2022-en-madrid-70376695-covo.aspx,-2.19610289907109
HONDA CR-V 2.0 iMMD 4x2Elegance Navi,29450.0,28806.135,https://www.coches.net/honda-cr-v-20-immd-4x2elegance-navi-5p-electrico-hibrido-2022-en-navarra-70518996-covo.aspx,-2.235167055954132
MAZDA CX-30 eSKYACTIVG 2.0 2WD Homura,27900.0,27287.994,https://www.coches.net/mazda-cx-30-eskyactivg-20-110-kw-2wd-homura-5p-electrico-hibrido-2022-en-madrid-70511744-covo.aspx,-2.242766017249602
MERCEDES-BENZ Clase SL SL 350,17990.0,17595.105,https://www.coches.net/mercedes-benz-clase-sl-sl-350-2p-gasolina-2005-en-valencia-62425675-covo.aspx,-2.2443430756999847
BMW Serie 1 116d Business,19990.0,19549.484,https://www.coches.net/bmw-serie-1-116d-business-5p-diesel-2021-en-sevilla-70385401-covo.aspx,-2.2533362852440963
BMW iX3 80kWh M Sport,39990.0,39106.11,https://www.coches.net/bmw-ix3-80-kwh-m-sport-5p-electrico-hibrido-2022-en-madrid-70449337-covo.aspx,-2.260236671779625
TOYOTA Corolla 1.8 125H ACTIVE TECH ECVT TOU SPORT,18990.0,18567.94,https://www.coches.net/toyota-corolla-18-125h-active-tech-ecvt-tou-sport-5p-electrico-hibrido-2022-en-sta-c-tenerife-70019545-covo.aspx,-2.273060766599855
SKODA Scala 1.0 TSI 115 CV SELECTION,21500.0,21016.277,https://www.coches.net/skoda-scala-10-tsi-85kw-115-cv-selection-5p-gasolina-2025-en-guipuzcoa-70488664-covo.aspx,-2.3016571790429556
SEAT Arona 1.0 TSI DSG Xperience Special Ed,21500.0,21016.277,https://www.coches.net/seat-arona-10-tsi-85kw-dsg-xperience-special-ed-5p-gasolina-2026-en-guipuzcoa-62549317-covo.aspx,-2.3016571790429556
HYUNDAI Bayon 1.2 MPI Maxx,15985.0,15621.7295,https://www.coches.net/hyundai-bayon-12-mpi-maxx-5p-gasolina-2023-en-las-palmas-70286466-covo.aspx,-2.3254179890528337
HYUNDAI Bayon 1.2 MPI Maxx,15985.0,15621.7295,https://www.coches.net/hyundai-bayon-12-mpi-maxx-5p-gasolina-2023-en-las-palmas-70381000-covo.aspx,-2.3254179890528337
HYUNDAI Bayon 1.2 MPI Maxx,15985.0,15621.7295,https://www.coches.net/hyundai-bayon-12-mpi-maxx-5p-gasolina-2023-en-las-palmas-70466454-covo.aspx,-2.3254179890528337
LAND-ROVER Range Rover Sport 3.0 I6 PHEV 460 PS AWD Auto SE,107900.0,105422.66,https://www.coches.net/land-rover-range-rover-sport-30-i6-phev-460-ps-awd-auto-se-5p-electrico-hibrido-2026-en-madrid-62669884-covo.aspx,-2.3499158891663763
PEUGEOT Rifter GT Long BlueHDi,14500.0,14166.862,https://www.coches.net/peugeot-rifter-gt-long-bluehdi-96kw-5p-diesel-2020-en-sevilla-70500246-covo.aspx,-2.3515277282131284
KIA Niro 1.6 GDi PHEV Emotion,21490.0,20994.65,https://www.coches.net/kia-niro-16-gdi-phev-104kw-141cv-emotion-5p-electrico-hibrido-2020-en-huelva-61033211-covo.aspx,-2.3594087072590386
BMW Serie 1 118d Business Auto.,25900.0,25298.03,https://www.coches.net/bmw-serie-1-118d-business-auto-5p-diesel-2021-en-a-coruna-62281896-covo.aspx,-2.379516191007652
PEUGEOT Rifter Access Long BlueHDi,14490.0,14150.459,https://www.coches.net/peugeot-rifter-access-long-bluehdi-73kw-4p-diesel-2020-en-sevilla-70385330-covo.aspx,-2.3995053163994378
PORSCHE Cayenne Coupé Turbo,98990.0,96637.664,https://www.coches.net/porsche-cayenne-coupe-turbo-5p-gasolina-2020-en-sta-c-tenerife-70013611-covo.aspx,-2.4341812897905277
VOLKSWAGEN Arteon Elegance 2.0 TDI DSG,22590.0,22038.162,https://www.coches.net/volkswagen-arteon-elegance-20-tdi-110kw-150cv-dsg-5p-diesel-2022-en-madrid-70194130-covo.aspx,-2.5040104881987824
CITROEN C3 Aircross PureTech LIVE,9290.0,9060.423,https://www.coches.net/citroen-c3-aircross-puretech-60kw-82cv-live-5p-gasolina-2019-en-sta-c-tenerife-62219874-covo.aspx,-2.5338458502288184
KIA Sportage 1.6 MHEV Drive Plus 4x2,18900.0,18431.59,https://www.coches.net/kia-sportage-16-mhev-drive-plus-100kw-136cv-4x2-5p-electrico-hibrido-2021-en-asturias-70193691-covo.aspx,-2.541344291083137
HYUNDAI Bayon 1.0 TGDI Tecno,15490.0,15105.636,https://www.coches.net/hyundai-bayon-10-tgdi-74kw-100cv-tecno-5p-gasolina-2021-en-madrid-70373818-covo.aspx,-2.544508979115889
RENAULT Grand Scénic Zen TCe GPF,17900.0,17452.084,https://www.coches.net/renault-grand-scenic-zen-tce-103-kw-140cv-gpf-5p-gasolina-2020-en-madrid-70255131-covo.aspx,-2.5665474451419272
PORSCHE 718 Cayman GTS,75000.0,73082.164,https://www.coches.net/porsche-718-cayman-gts-3p-gasolina-2020-en-murcia-61919200-covo.aspx,-2.624218866671577
MERCEDES-BENZ GLA GLA 200,31790.0,30969.492,https://www.coches.net/mercedes-benz-gla-gla-200-5p-gasolina-2020-en-barcelona-70489155-covo.aspx,-2.649406737225016
BMW X5 xDrive40d,19900.0,19382.31,https://www.coches.net/bmw-x5-xdrive40d-5p-diesel-2013-en-madrid-70278442-covo.aspx,-2.6709377701538624
OPEL Antara 2.2 CDTI 163 CV StartStop Selective 4X2,8990.0,8754.066,https://www.coches.net/opel-antara-22-cdti-163-cv-startstop-selective-4x2-5p-diesel-2012-en-a-coruna-61489629-covo.aspx,-2.695131414373945
TOYOTA Corolla 1.8 125H ACTIVE TECH ECVT TOU SPORT,17790.0,17322.855,https://www.coches.net/toyota-corolla-18-125h-active-tech-ecvt-tou-sport-5p-electrico-hibrido-2022-en-barcelona-70397405-covo.aspx,-2.6966947342643195
FORD S-MAX 2.0 TDCi DPF Titanium S Powershift,8980.0,8743.547,https://www.coches.net/ford-s-max-20-tdci-163cv-dpf-titanium-s-powershift-5p-diesel-2011-en-jaen-70489514-covo.aspx,-2.7043158615192993
AUDI A3 Sportback 2.0 TDI 150 S tronic Ambition,15999.0,15575.968,https://www.coches.net/audi-a3-sportback-20-tdi-150-s-tronic-ambition-5p-diesel-2014-en-alicante-70024823-covo.aspx,-2.715929004963137
LAMBORGHINI Urus 4.0 V8 PHEV SE,359990.0,350419.97,https://www.coches.net/lamborghini-urus-40-v8-phev-se-5p-electrico-hibrido-2026-en-malaga-70349576-covo.aspx,-2.7310176654994063
OPEL Insignia GS GS Line 1.5D DVH MT6,20140.0,19602.355,https://www.coches.net/opel-insignia-gs-gs-line-15d-dvh-90kw-122cv-mt6-5p-diesel-2021-en-huelva-62505675-covo.aspx,-2.7427547271403725
KIA XCeed 1.6 GDi PHEV eTech,23490.0,22861.67,https://www.coches.net/kia-xceed-16-gdi-phev-104kw-141cv-etech-5p-electrico-hibrido-2023-en-madrid-70358965-covo.aspx,-2.7483997462660748
TOYOTA Rav4 2.5l 220H Business,30900.0,30070.855,https://www.coches.net/toyota-rav4-25l-220h-business-5p-electrico-hibrido-2021-en-madrid-70499573-covo.aspx,-2.757302771488018
MERCEDES-BENZ Clase E Cabrio E 250 CGI BE Avantgarde,17990.0,17507.191,https://www.coches.net/mercedes-benz-clase-e-cabrio-e-250-cgi-be-avantgarde-2p-gasolina-2013-en-malaga-70108499-covo.aspx,-2.75777297766699
CITROEN Berlingo Multispace LIVE Edition BlueHDi 100,11500.0,11191.043,https://www.coches.net/citroen-berlingo-multispace-live-edition-bluehdi-100-4p-diesel-2015-en-valencia-70457455-covo.aspx,-2.7607527923244977
DACIA Duster Prestige TCE 66kW90CV 4X2,14990.0,14585.959,https://www.coches.net/dacia-duster-prestige-tce-66kw90cv-4x2-5p-gasolina-2021-en-huelva-70370736-covo.aspx,-2.7700682283408526
KIA Ceed 1.0 TGDi Tech,13990.0,13611.566,https://www.coches.net/kia-ceed-10-tgdi-88kw-120cv-tech-5p-gasolina-2019-en-granada-70462895-covo.aspx,-2.7802354442926958
HONDA CR-V 2.2 iCTDi Executive,11900.0,11577.92,https://www.coches.net/honda-cr-v-22-ictdi-executive-5p-diesel-2007-en-murcia-70505212-covo.aspx,-2.781847519229001
RENAULT Mégane TECH ROAD Energy TCe,13985.0,13605.827,https://www.coches.net/renault-megane-tech-road-energy-tce-97kw-130cv-5p-gasolina-2017-en-las-palmas-70497365-covo.aspx,-2.786841604158145
AUDI A4 Allroad Quattro 2.0 TDI quattroultra,21990.0,21393.697,https://www.coches.net/audi-a4-allroad-quattro-20-tdi-110kw-150cv-quattroultra-5p-diesel-2018-en-sevilla-70486096-covo.aspx,-2.787282286793542
PEUGEOT 3008 Hybrid 1.2 Allure eDCS6,29750.0,28941.033,https://www.coches.net/peugeot-3008-hybrid-12-107kw-allure-edcs6-5p-electrico-hibrido-2025-en-ciudad-real-70233462-covo.aspx,-2.7952243142019175
HYUNDAI i20 1.2 MPI Klass,16400.0,15951.029,https://www.coches.net/hyundai-i20-12-mpi-klass-5p-gasolina-2024-en-valencia-70521144-covo.aspx,-2.814681703411822
AUDI A5 Coupe 2.0 TDI S line edition,10970.0,10669.341,https://www.coches.net/audi-a5-coupe-20-tdi-177cv-s-line-edition-2p-diesel-2014-en-madrid-70307083-covo.aspx,-2.817973338288146
BMW X5 xDrive30d xLine,79800.0,77574.09,https://www.coches.net/bmw-x5-xdrive30d-xline-5p-electrico-hibrido-2025-en-albacete-70128795-covo.aspx,-2.8693938174430818
BMW X6 xDrive40d M Sport,84900.0,82522.43,https://www.coches.net/bmw-x6-xdrive40d-m-sport-5p-electrico-hibrido-2025-en-malaga-70264076-covo.aspx,-2.881120104562481
KIA Sportage 1.6 TGDi PHEV Drive 4x4,39990.0,38869.97,https://www.coches.net/kia-sportage-16-tgdi-phev-185kw-252cv-drive-4x4-5p-electrico-hibrido-2025-en-sevilla-62193752-covo.aspx,-2.8814822497123824
PEUGEOT 508 SW GT Pack BlueHDi 130 SS EAT8,18490.0,17970.596,https://www.coches.net/peugeot-508-sw-gt-pack-bluehdi-130-ss-eat8-5p-diesel-2022-en-vizcaya-62457241-covo.aspx,-2.8903009419141186
SKODA Kamiq 1.0 TSI Ambition,17990.0,17482.41,https://www.coches.net/skoda-kamiq-10-tsi-85kw-115cv-ambition-5p-gasolina-2021-en-sta-c-tenerife-70006343-covo.aspx,-2.9034317305988586
KIA e-Niro eNiro Emotion,19990.0,19421.035,https://www.coches.net/kia-e-niro-eniro-100kw-136cv-emotion-5p-electrico-hibrido-2019-en-huelva-60714100-covo.aspx,-2.929631912884407
VOLKSWAGEN T-Cross TCross 1.0 TSI,16985.0,16499.555,https://www.coches.net/volkswagen-t-cross-tcross-10-tsi-70kw-95cv-5p-gasolina-2024-en-las-palmas-70286564-covo.aspx,-2.9421722082461508
KIA Sportage 1.6 TGDi PHEV Tech 4x4,36570.0,35524.402,https://www.coches.net/kia-sportage-16-tgdi-phev-198kw-265cv-tech-4x4-5p-electrico-hibrido-2024-en-sevilla-62393438-covo.aspx,-2.9433223003509803
MERCEDES-BENZ Clase G MercedesAMG G 63,129900.0,126166.18,https://www.coches.net/mercedes-benz-clase-g-mercedesamg-g-63-5p-gasolina-2019-en-madrid-70395822-covo.aspx,-2.9594462808878492
SKODA Karoq 2.0 TDI DSG 4X4 Ambition,23490.0,22813.523,https://www.coches.net/skoda-karoq-20-tdi-110kw-150cv-dsg-4x4-ambition-5p-diesel-2021-en-madrid-70354645-covo.aspx,-2.9652436825608164
VOLVO XC60 2.0 B4 D AWD Core Auto,30990.0,30095.297,https://www.coches.net/volvo-xc60-20-b4-d-awd-core-auto-5p-electrico-hibrido-2024-en-cadiz-70191272-covo.aspx,-2.9729001468771856
FIAT Tipo Garmin 1.5 Hybrid DCT,19900.0,19324.973,https://www.coches.net/fiat-tipo-garmin-15-hybrid-97kw-130cv-dct-5p-electrico-hibrido-2023-en-murcia-70488953-covo.aspx,-2.9755661442761583
TOYOTA Yaris 1.5 Hybrid Active,13999.0,13590.75,https://www.coches.net/toyota-yaris-15-hybrid-active-5p-electrico-hibrido-2017-en-malaga-70516948-covo.aspx,-3.0038813163364786
SEAT Ateca 1.5 TSI DSG FR 75 Aniversario,33200.0,32230.559,https://www.coches.net/km-0/seat/ateca/burgos/15-tsi-110kw-dsg-fr-75-aniversario-gasolina-de-km0-70407462-kovn.aspx,-3.007833089302987
MAZDA CX-30 eSKYACTIV G MHEV Homura,24800.0,24072.385,https://www.coches.net/mazda-cx-30-eskyactiv-g-mhev-90kw-homura-5p-electrico-hibrido-2024-en-valencia-70315984-covo.aspx,-3.022613843452783
RENAULT Captur Intens TCe GLP,12990.0,12606.291,https://www.coches.net/renault-captur-intens-tce-74kw-100cv-glp-5p-otros-2021-en-madrid-70317045-covo.aspx,-3.0437896753248666
BMW X1 sDrive18d,24990.0,24251.81,https://www.coches.net/bmw-x1-sdrive18d-5p-diesel-2023-en-murcia-70479526-covo.aspx,-3.043852959754052
PORSCHE Cayenne Coupé EHybrid,68990.0,66947.54,https://www.coches.net/porsche-cayenne-coupe-ehybrid-5p-electrico-hibrido-2022-en-badajoz-70453018-covo.aspx,-3.0508379637274285
BMW Serie 5 528i,18490.0,17936.36,https://www.coches.net/bmw-serie-5-528i-4p-gasolina-2013-en-madrid-70326943-covo.aspx,-3.0866945371961805
VOLKSWAGEN Tiguan Life 1.5 TSI,23200.0,22503.572,https://www.coches.net/volkswagen-tiguan-life-15-tsi-110kw-150cv-5p-gasolina-2021-en-guipuzcoa-62238059-covo.aspx,-3.0947430308156805
VOLKSWAGEN Tiguan Advance 1.5 TSI,20675.0,20052.947,https://www.coches.net/volkswagen-tiguan-advance-15-tsi-110kw-150cv-5p-gasolina-2019-en-valencia-70371588-covo.aspx,-3.1020514148627427
RENAULT Arkana Techno TCe 103kW140CV EDC mild hybrid,26990.0,26174.89,https://www.coches.net/renault-arkana-techno-tce-103kw140cv-edc-mild-hybrid-5p-electrico-hibrido-2024-en-murcia-70015450-covo.aspx,-3.114088943781403
VOLKSWAGEN Golf Life 1.0 eTSI DSG,22900.0,22206.115,https://www.coches.net/volkswagen-golf-life-10-etsi-81kw-110cv-dsg-5p-electrico-hibrido-2024-en-lugo-70494871-covo.aspx,-3.124746306597871
TOYOTA Rav4 2.5l PLUGIN 300PH eCVT Advance,34985.0,33924.316,https://www.coches.net/toyota-rav4-25l-plugin-300ph-ecvt-advance-5p-electrico-hibrido-2021-en-las-palmas-70355051-covo.aspx,-3.126617441743311
LAND-ROVER Range Rover Velar 2.0D I4 4WD Auto,38900.0,37715.465,https://www.coches.net/land-rover-range-rover-velar-20d-i4-150kw-204cv-4wd-auto-5p-electrico-hibrido-2023-en-sta-c-tenerife-70515974-covo.aspx,-3.1407147204929506
CITROEN C3 Aircross PureTech LIVE,9290.0,9006.513,https://www.coches.net/citroen-c3-aircross-puretech-60kw-82cv-live-5p-gasolina-2019-en-las-palmas-61978705-covo.aspx,-3.1475812479012313
PEUGEOT Rifter Active Standard BlueHDi,14990.0,14532.225,https://www.coches.net/peugeot-rifter-active-standard-bluehdi-73kw-4p-diesel-2020-en-madrid-70418024-covo.aspx,-3.1500709831423936
PORSCHE Cayenne Coupé EHybrid,72990.0,70744.98,https://www.coches.net/porsche-cayenne-coupe-ehybrid-5p-electrico-hibrido-2020-en-badajoz-70386873-covo.aspx,-3.1734033235796226
KIA Stonic 1.0 TGDi Concept,13990.0,13558.185,https://www.coches.net/kia-stonic-10-tgdi-74kw-100cv-concept-5p-gasolina-2020-en-sta-c-tenerife-62272012-covo.aspx,-3.184905969144416
VOLKSWAGEN Golf Edition 1.6 TDI,13470.0,13054.174,https://www.coches.net/volkswagen-golf-edition-16-tdi-85kw-115cv-5p-diesel-2018-en-madrid-70222411-covo.aspx,-3.185388653084345
HYUNDAI i20 1.2 MPI SLX,13985.0,13553.172,https://www.coches.net/hyundai-i20-12-mpi-slx-5p-gasolina-2021-en-sta-c-tenerife-70430308-covo.aspx,-3.1861775898861313
RENAULT Grand Scénic Dynamique 5 plazas 1.5dCi105 EU4 eco2,6490.0,6289.21,https://www.coches.net/renault-grand-scenic-dynamique-5-plazas-15dci105-eu4-eco2-5p-diesel-2008-en-madrid-70462687-covo.aspx,-3.1926114775880254
KIA Sportage 1.6 TGDi PHEV Drive 4x4,34890.0,33804.2,https://www.coches.net/kia-sportage-16-tgdi-phev-198kw-265cv-drive-4x4-5p-electrico-hibrido-2023-en-sevilla-60533468-covo.aspx,-3.2120292932356893
AUDI A5 B.Line 35 TDI S tronic Sportback,28990.0,28084.83,https://www.coches.net/audi-a5-bline-35-tdi-120kw-s-tronic-sportback-5p-electrico-hibrido-2022-en-murcia-70316027-covo.aspx,-3.222985217845516
MINI MINI COOPER D,12990.0,12583.493,https://www.coches.net/mini-mini-cooper-d-3p-diesel-2016-en-valencia-70513541-covo.aspx,-3.2304768686842267
LEXUS UX 2.0 250h Business Navigation,29900.0,28962.87,https://www.coches.net/lexus-ux-20-250h-business-navigation-5p-electrico-hibrido-2021-en-valladolid-70322220-covo.aspx,-3.235628538128931
FIAT 500 1.2 8v 69 CV Pop,5500.0,5327.2344,https://www.coches.net/fiat-500-12-8v-69-cv-pop-3p-gasolina-2007-en-sevilla-70487037-covo.aspx,-3.243064089891859
HYUNDAI IONIQ 5 77KWH Star RWD,37900.0,36707.797,https://www.coches.net/hyundai-ioniq-5-77kwh-168kw-star-rwd-5p-electrico-hibrido-2023-en-valencia-70354399-covo.aspx,-3.2478198815902104
AUDI A4 Allroad Quattro 40 TDI quattro S tronic,39990.0,38723.812,https://www.coches.net/audi-a4-allroad-quattro-40-tdi-150kw-204cv-quattro-s-tronic-5p-electrico-hibrido-2022-en-malaga-70483645-covo.aspx,-3.2697903906026817
SUZUKI Vitara 1.4 T GLE 4WD Mild Hybrid,18900.0,18295.453,https://www.coches.net/suzuki-vitara-14-t-gle-4wd-mild-hybrid-5p-electrico-hibrido-2022-en-lugo-70494866-covo.aspx,-3.304355846611479
SEAT Ateca 1.5 TSI DSG FR Special Edition,33300.0,32230.559,https://www.coches.net/km-0/seat/ateca/burgos/15-tsi-110kw-dsg-fr-special-edition-gasolina-de-km0-70233534-kovn.aspx,-3.3180976468008874
SKODA Kamiq 1.0 TSI SELECTION,21500.0,20807.8,https://www.coches.net/skoda-kamiq-10-tsi-85kw-115cv-selection-5p-gasolina-2025-en-guipuzcoa-70488661-covo.aspx,-3.326633246958726
FORD Kuga STLine X 2.5 Duratec PHEV Auto,39500.0,38225.684,https://www.coches.net/ford-kuga-stline-x-25-duratec-phev-178kw-auto-5p-electrico-hibrido-2024-en-huelva-70148707-covo.aspx,-3.3336654480610886
LAND-ROVER Range Rover Sport 3.0 I6 PHEV 460 PS AWD Auto SE,99900.0,96675.586,https://www.coches.net/land-rover-range-rover-sport-30-i6-phev-460-ps-awd-auto-se-5p-electrico-hibrido-2025-en-madrid-62502285-covo.aspx,-3.33529301243083
PORSCHE Panamera Turbo S EHybrid,84900.0,82147.08,https://www.coches.net/porsche-panamera-turbo-s-ehybrid-5p-electrico-hibrido-2018-en-madrid-70362201-covo.aspx,-3.3512109472852902
PORSCHE Panamera 4S,55990.0,54174.414,https://www.coches.net/porsche-panamera-4s-5p-gasolina-2018-en-asturias-70460992-covo.aspx,-3.351371618722803
TOYOTA Verso 130 Comfort 5pl.,12499.0,12091.029,https://www.coches.net/toyota-verso-130-comfort-5pl-5p-gasolina-2015-en-alicante-70517829-covo.aspx,-3.3741602398601627
LAND-ROVER Range Rover Sport 3.0 I6 PHEV 460 PS AWD Auto Dynamic SE,104900.0,101463.42,https://www.coches.net/land-rover-range-rover-sport-30-i6-phev-460-ps-awd-auto-dynamic-se-5p-electrico-hibrido-2025-en-madrid-70328946-covo.aspx,-3.3870118526396293
AUDI A6 Competition 3.0 TDI quat tip Avant,33900.0,32786.523,https://www.coches.net/audi-a6-competition-30-tdi-240kw-quat-tip-avant-5p-diesel-2017-en-burgos-70176942-covo.aspx,-3.3961409925715005
TOYOTA Aygo X Cross 1.0 VVTI Play,15590.0,15074.843,https://www.coches.net/toyota-aygo-x-cross-10-vvti-72cv-play-5p-gasolina-2023-en-madrid-70316413-covo.aspx,-3.417330676710131
VOLKSWAGEN Golf Sport 1.5 TSI,18250.0,17646.39,https://www.coches.net/volkswagen-golf-sport-15-tsi-110kw-150cv-5p-gasolina-2020-en-pontevedra-70299934-covo.aspx,-3.42058264393657
LAND-ROVER Range Rover Sport 3.0D I6 MHEV HSE AWD Auto.,42500.0,41088.098,https://www.coches.net/land-rover-range-rover-sport-30d-i6-183kw-249cv-mhev-hse-awd-auto-5p-electrico-hibrido-2022-en-murcia-70183289-covo.aspx,-3.4362806366997436
LAND-ROVER Range Rover Evoque 2.0 D163 S AUTO 4WD MHEV,48900.0,47271.137,https://www.coches.net/land-rover-range-rover-evoque-20-d163-s-auto-4wd-mhev-5p-electrico-hibrido-2025-en-madrid-62196798-covo.aspx,-3.445788263864437
VOLKSWAGEN Tiguan RLine 1.5 TSI DSG,33300.0,32183.88,https://www.coches.net/volkswagen-tiguan-rline-15-tsi-110kw-150cv-dsg-5p-gasolina-2021-en-zaragoza-70507847-covo.aspx,-3.467944544978267
VOLKSWAGEN Tiguan Advance 2.0 TDI DSG,23990.0,23184.186,https://www.coches.net/volkswagen-tiguan-advance-20-tdi-110kw-150cv-dsg-5p-diesel-2020-en-madrid-70426901-covo.aspx,-3.47570740190878
BMW X1 sDrive18i,21490.0,20765.771,https://www.coches.net/bmw-x1-sdrive18i-5p-gasolina-2022-en-madrid-70326946-covo.aspx,-3.4876070757589654
VOLKSWAGEN Golf Life 1.5 TSI Variant,18150.0,17537.443,https://www.coches.net/volkswagen-golf-life-15-tsi-96kw-130cv-variant-5p-gasolina-2023-en-malaga-70349575-covo.aspx,-3.492850286513087
PORSCHE Cayenne Coupé EHybrid,75990.0,73414.695,https://www.coches.net/porsche-cayenne-coupe-ehybrid-5p-electrico-hibrido-2022-en-badajoz-70414292-covo.aspx,-3.5078871832646756
VOLVO XC40 1.5 T5 Twin Inscription Auto,26900.0,25984.734,https://www.coches.net/volvo-xc40-15-t5-twin-inscription-auto-5p-electrico-hibrido-2020-en-madrid-70447310-covo.aspx,-3.522320497070696
SEAT Arona 1.6 TDI Reference Edition Eco,13999.0,13522.245,https://www.coches.net/seat-arona-16-tdi-70kw-reference-edition-eco-5p-diesel-2020-en-caceres-70461773-covo.aspx,-3.525708036504374
BMW Serie 1 118i Auto.,22990.0,22204.3,https://www.coches.net/bmw-serie-1-118i-auto-5p-gasolina-2021-en-madrid-70354594-covo.aspx,-3.5385001603539292
VOLVO XC40 1.5 T4 Recharge PHEV Core Auto,27900.0,26944.1,https://www.coches.net/volvo-xc40-15-t4-recharge-phev-core-auto-5p-electrico-hibrido-2023-en-madrid-70075124-covo.aspx,-3.5477169565258047
SKODA Kodiaq 2.0 TDI DSG 4x2 Clever,23500.0,22692.607,https://www.coches.net/skoda-kodiaq-20-tdi-110kw-dsg-4x2-clever-5p-diesel-2021-en-guipuzcoa-70290355-covo.aspx,-3.5579541967781876
KIA Stonic 1.0 TGDi Drive,15500.0,14966.983,https://www.coches.net/kia-stonic-10-tgdi-74kw-100cv-drive-5p-gasolina-2020-en-jaen-70405856-covo.aspx,-3.5612827740434656
MAZDA CX-5 2.0 GE 2WD AT Evolution,25390.0,24515.074,https://www.coches.net/mazda-cx-5-20-ge-121kw-165cv-2wd-at-evolution-5p-gasolina-2021-en-madrid-70511754-covo.aspx,-3.5689297672238975
BMW X3 xDrive20d xLine,39500.0,38134.625,https://www.coches.net/bmw-x3-xdrive20d-xline-5p-electrico-hibrido-2024-en-ciudad-real-70011377-covo.aspx,-3.580407569236619
BMW X3 xDrive20d xLine,37985.0,36666.785,https://www.coches.net/bmw-x3-xdrive20d-xline-5p-electrico-hibrido-2023-en-las-palmas-70474969-covo.aspx,-3.5951197742933427
OPEL Combo Life 1.5 TD SS Edition L,12990.0,12537.239,https://www.coches.net/opel-combo-life-15-td-75kw-100cv-ss-edition-l-5p-diesel-2022-en-vizcaya-70500045-covo.aspx,-3.6113272856730805
MERCEDES-BENZ GLA GLA 200 D 4MATIC,32990.0,31836.855,https://www.coches.net/mercedes-benz-gla-gla-200-d-4matic-5p-diesel-2020-en-murcia-62579102-covo.aspx,-3.6220427999928835
TOYOTA Corolla 1.8 125H BUSINESS PLUS ECVT,19990.0,19288.79,https://www.coches.net/toyota-corolla-18-125h-business-plus-ecvt-5p-electrico-hibrido-2021-en-madrid-70418633-covo.aspx,-3.6353289738817685
VOLKSWAGEN Tiguan R 2.0 TSI 320 CV DSG 4Motion,41999.0,40522.23,https://www.coches.net/volkswagen-tiguan-r-20-tsi-235-kw-320-cv-dsg-4motion-5p-gasolina-2022-en-alicante-70403231-covo.aspx,-3.6443441394196148
RENAULT Scénic Limited Blue dCi,14900.0,14374.473,https://www.coches.net/renault-scenic-limited-blue-dci-88-kw-120cv-5p-diesel-2019-en-valladolid-70383618-covo.aspx,-3.65597651000784
VOLKSWAGEN Sharan Sport 2.0 TSI BMT DSG,19999.0,19292.889,https://www.coches.net/volkswagen-sharan-sport-20-tsi-220cv-bmt-dsg-5p-gasolina-2017-en-alicante-70203003-covo.aspx,-3.6599564748142814
VOLVO V90 Cross Country 2.0 B4 D AWD Auto,28990.0,27965.873,https://www.coches.net/volvo-v90-cross-country-20-b4-d-awd-auto-5p-electrico-hibrido-2021-en-murcia-70373801-covo.aspx,-3.6620596518063624
MAZDA CX-60 eSkyactiv PHEV Takumi,42900.0,41372.02,https://www.coches.net/mazda-cx-60-eskyactiv-phev-takumi-5p-electrico-hibrido-2022-en-madrid-70243768-covo.aspx,-3.693270200638509
CITROEN Berlingo Talla M BlueHDi 100 SS LIVE PACK BUSINE,17990.0,17348.459,https://www.coches.net/citroen-berlingo-talla-m-bluehdi-100-ss-live-pack-busine-4p-diesel-2021-en-murcia-61975179-covo.aspx,-3.697971192731343
NISSAN JUKE DIGT 114 CV 6MT NConnecta,18500.0,17839.623,https://www.coches.net/nissan-juke-digt-84-kw-114-cv-6mt-nconnecta-5p-gasolina-2021-en-valencia-70123887-covo.aspx,-3.7017427520178425
JEEP Renegade Longitude 1.0G 4x2,16990.0,16381.911,https://www.coches.net/jeep-renegade-longitude-10g-88kw-120cv-4x2-5p-gasolina-2022-en-las-palmas-61038775-covo.aspx,-3.7119531552671856
VOLKSWAGEN T-Cross Advance 1.0 TSI DSG,19500.0,18800.236,https://www.coches.net/volkswagen-t-cross-advance-10-tsi-81kw-110cv-dsg-5p-gasolina-2022-en-jaen-70466150-covo.aspx,-3.722100401621863
SEAT Ibiza 1.0 MPI Reference,11900.0,11472.518,https://www.coches.net/seat-ibiza-10-mpi-59kw-80cv-reference-5p-gasolina-2019-en-valladolid-70429404-covo.aspx,-3.726143097745989
HYUNDAI i30 1.4 TGDI Tecno Tech DCT,13490.0,13004.486,https://www.coches.net/hyundai-i30-14-tgdi-tecno-tech-dct-5p-gasolina-2017-en-barcelona-70485749-covo.aspx,-3.73343213737687
KIA e-Niro eNiro Drive Long Range,33640.0,32427.729,https://www.coches.net/kia-e-niro-eniro-150kw-204cv-drive-long-range-5p-electrico-hibrido-2024-en-sevilla-62353437-covo.aspx,-3.7383792817646118
PEUGEOT E-5008 GT Electrico,43990.0,42404.344,https://www.coches.net/km-0/peugeot/e-5008/vizcaya/gt-electrico-157kw-electrico-hibrido-de-km0-70466905-kovn.aspx,-3.7393722193849537
RENAULT Arkana RS Line TCe 103kW140CV EDC Microhib.,21990.0,21193.137,https://www.coches.net/renault-arkana-rs-line-tce-103kw140cv-edc-microhib-5p-electrico-hibrido-2021-en-las-palmas-70304206-covo.aspx,-3.760006325750727
RENAULT Mégane S.T. GT Line TCe GPF,17490.0,16855.967,https://www.coches.net/renault-megane-st-gt-line-tce-103-kw-140cv-gpf-5p-gasolina-2018-en-madrid-70453500-covo.aspx,-3.7614763410814627
BMW Serie 2 Active Tourer 216d Business,19900.0,19178.516,https://www.coches.net/bmw-serie-2-active-tourer-216d-business-5p-diesel-2020-en-valladolid-70322224-covo.aspx,-3.7619406481047726
AUDI A1 Sportback Adrenalin 30 TFSI,16590.0,15987.447,https://www.coches.net/audi-a1-sportback-adrenalin-30-tfsi-81kw-110cv-5p-gasolina-2022-en-madrid-70224484-covo.aspx,-3.7689114738821585
VOLVO V60 2.0 T8 AWD Recharge RDesign Auto,37900.0,36515.4,https://www.coches.net/volvo-v60-20-t8-awd-recharge-rdesign-auto-5p-electrico-hibrido-2021-en-madrid-70422759-covo.aspx,-3.7918292603869386
NISSAN QASHQAI DIGT mHEV 4x2 Tekna,23990.0,23112.096,https://www.coches.net/nissan-qashqai-digt-103kw-140cv-mhev-4x2-tekna-5p-electrico-hibrido-2024-en-madrid-70156526-covo.aspx,-3.7984625373297414
OPEL Insignia GS Edition 1.5D DVH MT6,16990.0,16364.09,https://www.coches.net/opel-insignia-gs-edition-15d-dvh-90kw-122cv-mt6-5p-diesel-2022-en-madrid-70238163-covo.aspx,-3.8249005121971766
OPEL Corsa-e Elegancee,19990.0,19252.703,https://www.coches.net/opel-corsa-e-100kw-136cv-elegancee-5p-electrico-hibrido-2020-en-huelva-62246925-covo.aspx,-3.829575879361096
MERCEDES-BENZ GLB GLB 220 d 4MATIC,38990.0,37550.266,https://www.coches.net/mercedes-benz-glb-glb-220-d-4matic-5p-diesel-2023-en-madrid-70484630-covo.aspx,-3.834152305014487
CUPRA Formentor 1.4 eHybrid 204 CV DSG,25490.0,24548.098,https://www.coches.net/cupra-formentor-14-ehybrid-150kw-204-cv-dsg-5p-electrico-hibrido-2022-en-valencia-70512586-covo.aspx,-3.8369667456092653
LEXUS UX 2.0 250h Business Navigation,24990.0,24063.754,https://www.coches.net/lexus-ux-20-250h-business-navigation-5p-electrico-hibrido-2020-en-sta-c-tenerife-70019310-covo.aspx,-3.8491338357205738
CITROEN C5 Aircross PureTech SS Live,13900.0,13384.429,https://www.coches.net/citroen-c5-aircross-puretech-96kw-130cv-ss-live-5p-gasolina-2018-en-madrid-70425524-covo.aspx,-3.852023124761276
PORSCHE Macan Macan,42000.0,40431.273,https://www.coches.net/porsche-macan-macan-5p-gasolina-2020-en-murcia-70394029-covo.aspx,-3.8799830653985943
KIA e-Niro eNiro Drive Long Range,33900.0,32629.254,https://www.coches.net/kia-e-niro-eniro-150kw-204cv-drive-long-range-5p-electrico-hibrido-2023-en-sevilla-62387411-covo.aspx,-3.894499388190405
VOLKSWAGEN Golf 1.6 TDI BlueMotion,9999.0,9619.7705,https://www.coches.net/volkswagen-golf-16-tdi-105cv-bluemotion-5p-diesel-2013-en-sevilla-70505060-covo.aspx,-3.942188557196001
FORD Kuga 2.0 TDCi 2WD Trend,6980.0,6712.8555,https://www.coches.net/ford-kuga-20-tdci-140cv-2wd-trend-5p-diesel-2011-en-jaen-70208639-covo.aspx,-3.9795960525833416
OPEL Grandland X 1.6 CDTi Selective,12990.0,12492.141,https://www.coches.net/opel-grandland-x-16-cdti-selective-5p-diesel-2018-en-madrid-70470763-covo.aspx,-3.985380808183145
PORSCHE 911 Carrera,161900.0,155670.77,https://www.coches.net/porsche-911-carrera-2p-gasolina-2026-en-murcia-70478493-covo.aspx,-4.001544124222907
RENAULT Captur equilibre TCe,15485.0,14889.059,https://www.coches.net/renault-captur-equilibre-tce-67kw-90cv-5p-gasolina-2022-en-sta-c-tenerife-70415792-covo.aspx,-4.002545913145638
BMW Serie 3 318d Auto.,27990.0,26908.49,https://www.coches.net/bmw-serie-3-318d-auto-4p-electrico-hibrido-2023-en-barcelona-70510017-covo.aspx,-4.019213847395255
LAND-ROVER Range Rover Evoque 2.0 D163 SE AUTO 4WD MHEV,43900.0,42201.395,https://www.coches.net/land-rover-range-rover-evoque-20-d163-se-auto-4wd-mhev-5p-electrico-hibrido-2023-en-madrid-59704170-covo.aspx,-4.024998433386338
MERCEDES-BENZ GLE GLE 300 d 4MATIC,53900.0,51806.844,https://www.coches.net/mercedes-benz-gle-gle-300-d-4matic-5p-electrico-hibrido-2022-en-murcia-70488878-covo.aspx,-4.040308381071758
BMW Serie 1 116i,13990.0,13446.407,https://www.coches.net/bmw-serie-1-116i-3p-gasolina-2017-en-valencia-62375523-covo.aspx,-4.042661837309731
CITROEN Berlingo Talla M BlueHDi 100 SS LIVE,13000.0,12494.091,https://www.coches.net/citroen-berlingo-talla-m-bluehdi-100-ss-live-4p-diesel-2020-en-murcia-60828973-covo.aspx,-4.04918762768243
PEUGEOT 2008 Allure BlueHDI 130 SS EAT8,21990.0,21130.924,https://www.coches.net/peugeot-2008-allure-bluehdi-130-ss-eat8-5p-diesel-2023-en-madrid-70065444-covo.aspx,-4.065492729340968
BMW Serie 4 430i xDrive Gran Coupe,31900.0,30652.322,https://www.coches.net/bmw-serie-4-430i-xdrive-gran-coupe-5p-gasolina-2019-en-murcia-70192018-covo.aspx,-4.070418298368885
PORSCHE 911 GT3 Pack Touring,208000.0,199828.75,https://www.coches.net/porsche-911-gt3-pack-touring-2p-gasolina-2023-en-murcia-70428525-covo.aspx,-4.089126314406711
MINI COUNTRYMAN Cooper D,20900.0,20075.791,https://www.coches.net/mini-countryman-cooper-d-5p-diesel-2021-en-madrid-70287021-covo.aspx,-4.10548697051846
PEUGEOT 2008 Style 1.2L PureTech,8890.0,8539.358,https://www.coches.net/peugeot-2008-style-12l-puretech-60kw-82cv-5p-gasolina-2016-en-madrid-70070065-covo.aspx,-4.106182047900216
HYUNDAI Bayon 1.2 MPI Maxx,13985.0,13427.393,https://www.coches.net/hyundai-bayon-12-mpi-maxx-5p-gasolina-2021-en-las-palmas-70355055-covo.aspx,-4.152760252079144
MERCEDES-BENZ Clase C C Cabrio 220 d,30590.0,29359.783,https://www.coches.net/mercedes-benz-clase-c-c-cabrio-220-d-2p-diesel-2017-en-granada-60654728-covo.aspx,-4.190142646366878
FORD Ranger 2.0 Ecobl eAWD D Cab Wildtrack AT,39999.0,38385.21,https://www.coches.net/ford-ranger-20-ecobl-151kw-eawd-d-cab-wildtrack-at-4p-diesel-2025-en-alicante-62387177-covo.aspx,-4.2041948528760775
LAND-ROVER Range Rover Evoque 1.5 P160 AUTO MHEV,31900.0,30611.764,https://www.coches.net/land-rover-range-rover-evoque-15-p160-auto-mhev-5p-electrico-hibrido-2023-en-sta-c-tenerife-61887263-covo.aspx,-4.208304826646057
SEAT Arona 1.0 TSI Xperience XL,17990.0,17263.219,https://www.coches.net/seat-arona-10-tsi-81kw-xperience-xl-5p-gasolina-2023-en-madrid-70316379-covo.aspx,-4.209998497528162
NISSAN JUKE 1.6 Hybrid Tekna,25590.0,24553.408,https://www.coches.net/nissan-juke-16-hybrid-105kw-145cv-tekna-5p-electrico-hibrido-2023-en-huelva-70507244-covo.aspx,-4.221783747085136
MAZDA CX-60 eSkyactiv PHEV AWD Homura CS,41990.0,40286.28,https://www.coches.net/mazda-cx-60-eskyactiv-phev-awd-homura-cs-5p-electrico-hibrido-2022-en-madrid-70503023-covo.aspx,-4.229029578151992
HYUNDAI i20 1.2 MPI Klass,15790.0,15148.292,https://www.coches.net/hyundai-i20-12-mpi-klass-5p-gasolina-2025-en-barcelona-70469581-covo.aspx,-4.236174006570847
KIA XCeed 1.6 GDi PHEV eMotion,24990.0,23974.03,https://www.coches.net/kia-xceed-16-gdi-phev-104kw-141cv-emotion-5p-electrico-hibrido-2022-en-sevilla-61724140-covo.aspx,-4.2377970367185265
SEAT Ateca 1.5 TSI DSG FR 75 Aniversario,33600.0,32230.559,https://www.coches.net/km-0/seat/ateca/burgos/15-tsi-110kw-dsg-fr-75-aniversario-gasolina-de-km0-70169468-kovn.aspx,-4.248891319294589
BMW i5 M60 xDrive,79999.0,76693.46,https://www.coches.net/bmw-i5-m60-xdrive-4p-electrico-hibrido-2024-en-alicante-70487209-covo.aspx,-4.310066363015997
KIA XCeed 1.6 GDi PHEV eTech,25990.0,24911.477,https://www.coches.net/kia-xceed-16-gdi-phev-104kw-141cv-etech-5p-electrico-hibrido-2023-en-sevilla-70518209-covo.aspx,-4.3294239696876655
MERCEDES-BENZ Clase GLC GLC 200 d 4MATIC,33900.0,32492.797,https://www.coches.net/mercedes-benz-clase-glc-glc-200-d-4matic-5p-diesel-2020-en-murcia-70479777-covo.aspx,-4.330815627886757
LAND-ROVER Range Rover Sport 3.0 I6 PHEV 460 PS AWD Auto Dynamic SE,104900.0,100531.79,https://www.coches.net/land-rover-range-rover-sport-30-i6-phev-460-ps-awd-auto-dynamic-se-5p-electrico-hibrido-2025-en-madrid-70070451-covo.aspx,-4.345104148882012
VOLKSWAGEN T-Roc Advance 1.0 TSI,17950.0,17202.412,https://www.coches.net/volkswagen-t-roc-advance-10-tsi-81kw-110cv-5p-gasolina-2022-en-las-palmas-70314265-covo.aspx,-4.345831769822432
CUPRA Formentor 1.4 eHybrid 245 CV VZ DSG,29490.0,28260.096,https://www.coches.net/cupra-formentor-14-ehybrid-180kw-245-cv-vz-dsg-5p-electrico-hibrido-2023-en-madrid-70326913-covo.aspx,-4.35208822289656
MERCEDES-BENZ Clase G MercedesAMG G 63,168990.0,161940.61,https://www.coches.net/mercedes-benz-clase-g-mercedesamg-g-63-5p-gasolina-2019-en-badajoz-70446317-covo.aspx,-4.353071568772464
SKODA Kamiq 1.0 TSI AMBITION,15900.0,15235.677,https://www.coches.net/skoda-kamiq-10-tsi-81kw-110cv-ambition-5p-gasolina-2023-en-madrid-70494876-covo.aspx,-4.3603133142533395
KIA Sportage 1.6 TGDi Drive 4x2,22900.0,21942.172,https://www.coches.net/kia-sportage-16-tgdi-110kw-150cv-drive-4x2-5p-gasolina-2023-en-madrid-70410695-covo.aspx,-4.365238457052238
MAZDA CX-30 SKYACTIVG 2.0 2WD Origin,17800.0,17055.385,https://www.coches.net/mazda-cx-30-skyactivg-20-90-kw-2wd-origin-5p-gasolina-2019-en-almeria-70375888-covo.aspx,-4.365865939745707
NISSAN Micra IGT 100 CV E6D Acenta,12990.0,12446.16,https://www.coches.net/nissan-micra-igt-74-kw-100-cv-e6d-acenta-5p-gasolina-2020-en-murcia-62600428-covo.aspx,-4.369539174513223
CITROEN C1 VTi SS City Edition,10900.0,10443.069,https://www.coches.net/citroen-c1-vti-53kw-72cv-ss-city-edition-5p-gasolina-2021-en-las-palmas-61573905-covo.aspx,-4.375444128193948
VOLKSWAGEN T-Roc Edition 2.0 TDI,17900.0,17148.23,https://www.coches.net/volkswagen-t-roc-edition-20-tdi-85kw-115cv-5p-diesel-2022-en-lugo-70494874-covo.aspx,-4.383948143337493
BMW Serie 3 316d,11000.0,10538.017,https://www.coches.net/bmw-serie-3-316d-4p-diesel-2015-en-murcia-60935283-covo.aspx,-4.383969165212745
MERCEDES-BENZ GLA GLA 200 D,32800.0,31410.637,https://www.coches.net/mercedes-benz-gla-gla-200-d-5p-diesel-2023-en-alicante-70064026-covo.aspx,-4.423225462413646
AUDI A3 Cabrio 2.0 TDI clean S tr Ambition,21990.0,21055.506,https://www.coches.net/audi-a3-cabrio-20-tdi-clean-150cv-s-tr-ambition-2p-diesel-2016-en-malaga-70109040-covo.aspx,-4.438241222349522
BMW X2 sDrive18i,24985.0,23922.87,https://www.coches.net/bmw-x2-sdrive18i-5p-gasolina-2020-en-las-palmas-70381002-covo.aspx,-4.439813858160205
FORD Mondeo 1.5 TDCi Trend,11470.0,10980.514,https://www.coches.net/ford-mondeo-15-tdci-88kw-120cv-trend-5p-diesel-2017-en-madrid-70439439-covo.aspx,-4.457772584708387
MERCEDES-BENZ Clase GLA GLA 200 CDI Urban,14999.0,14356.1455,https://www.coches.net/mercedes-benz-clase-gla-gla-200-cdi-urban-5p-diesel-2015-en-sevilla-70317931-covo.aspx,-4.477904545044237
BMW X6 M Competition,94990.0,90915.875,https://www.coches.net/bmw-x6-m-competition-5p-gasolina-2021-en-malaga-70108958-covo.aspx,-4.481203090219393
SKODA Fabia Combi 1.0 TSI DSG Ambition,11900.0,11389.32,https://www.coches.net/skoda-fabia-combi-10-tsi-70kw-95cv-dsg-ambition-5p-gasolina-2021-en-lugo-70494862-covo.aspx,-4.483846915250238
VOLVO XC40 1.5 T5 Twin Inscription Auto,26900.0,25743.287,https://www.coches.net/volvo-xc40-15-t5-twin-inscription-auto-5p-electrico-hibrido-2020-en-madrid-70447314-covo.aspx,-4.493260265134349
BMW X2 sDrive20d,44500.0,42581.277,https://www.coches.net/bmw-x2-sdrive20d-5p-electrico-hibrido-2025-en-albacete-70128791-covo.aspx,-4.506024187016613
BMW X2 sDrive20d,44500.0,42581.277,https://www.coches.net/bmw-x2-sdrive20d-5p-electrico-hibrido-2025-en-albacete-70269476-covo.aspx,-4.506024187016613
RENAULT Clio Serie limitada Limited TCe,13490.0,12905.195,https://www.coches.net/renault-clio-serie-limitada-limited-tce-67-kw-91cv-5p-gasolina-2021-en-madrid-70347929-covo.aspx,-4.531544648019057
PORSCHE 911 Targa 4 GTS,242990.0,232436.16,https://www.coches.net/porsche-911-targa-4-gts-2p-gasolina-2025-en-madrid-70345007-covo.aspx,-4.54053445052183
RENAULT Scénic Intens Energy dCi,12490.0,11947.394,https://www.coches.net/renault-scenic-intens-energy-dci-81kw-110cv-5p-diesel-2018-en-vizcaya-70497904-covo.aspx,-4.541630296422362
HYUNDAI Bayon 1.2 MPI Klass,16900.0,16161.344,https://www.coches.net/hyundai-bayon-12-mpi-klass-5p-gasolina-2025-en-valencia-70354479-covo.aspx,-4.570512585007048
CITROEN C5 Aircross HYBRID eDCS6 Max,26900.0,25723.64,https://www.coches.net/citroen-c5-aircross-hybrid-100kw-136cv-edcs6-max-5p-electrico-hibrido-2024-en-madrid-70452471-covo.aspx,-4.573067211399048
MINI CLUBMAN Cooper,21900.0,20941.152,https://www.coches.net/mini-clubman-cooper-5p-gasolina-2023-en-murcia-62323381-covo.aspx,-4.5787721731377085
PORSCHE Cayenne,59900.0,57277.074,https://www.coches.net/porsche-cayenne--5p-gasolina-2019-en-asturias-60329863-covo.aspx,-4.579364112127378
HYUNDAI Bayon 1.2 MPI Maxx,14290.0,13661.689,https://www.coches.net/hyundai-bayon-12-mpi-maxx-5p-gasolina-2021-en-sevilla-70201896-covo.aspx,-4.599069163669791
BMW Serie 1 116d,14250.0,13614.546,https://www.coches.net/bmw-serie-1-116d-5p-diesel-2018-en-pontevedra-70250253-covo.aspx,-4.667464536113754
BMW X5 xDrive45e,48500.0,46332.375,https://www.coches.net/bmw-x5-xdrive45e-5p-electrico-hibrido-2022-en-murcia-70334524-covo.aspx,-4.678424104095678
PEUGEOT 2008 Allure Pack Puretech 100 SS 6 Vel. MAN,15985.0,15268.049,https://www.coches.net/peugeot-2008-allure-pack-puretech-100-ss-6-vel-man-5p-gasolina-2023-en-las-palmas-70364814-covo.aspx,-4.695761586472772
PEUGEOT 2008 Allure Puretech 100 SS 6 Vel. MAN,15985.0,15268.049,https://www.coches.net/peugeot-2008-allure-puretech-100-ss-6-vel-man-5p-gasolina-2023-en-las-palmas-70355054-covo.aspx,-4.695761586472772
MERCEDES-BENZ EQS SUV EQS 450 4MATIC,85990.0,82119.695,https://www.coches.net/mercedes-benz-eqs-suv-eqs-450-4matic-5p-electrico-hibrido-2023-en-jaen-70503083-covo.aspx,-4.7130041980451365
VOLVO XC40 1.5 T5 Recharge PHEV Plus Dark Auto,30890.0,29498.564,https://www.coches.net/volvo-xc40-15-t5-recharge-phev-plus-dark-auto-5p-electrico-hibrido-2023-en-madrid-70070057-covo.aspx,-4.71696020694863
MERCEDES-BENZ GLA GLA 180,28800.0,27496.52,https://www.coches.net/mercedes-benz-gla-gla-180-5p-gasolina-2023-en-alicante-70151203-covo.aspx,-4.740528950468021
KIA Niro 1.6 GDi HEV Drive,27900.0,26633.432,https://www.coches.net/kia-niro-16-gdi-hev-102kw-139cv-drive-5p-electrico-hibrido-2026-en-sevilla-70510443-covo.aspx,-4.755558264009263
HYUNDAI i10 1.0 Klass AT,17900.0,17085.44,https://www.coches.net/km-0/hyundai/i10/valencia/10-klass-at-gasolina-de-demostracion-70354474-devn.aspx,-4.767571528433899
HYUNDAI i10 1.0 Klass AT,17900.0,17085.44,https://www.coches.net/km-0/hyundai/i10/valencia/10-klass-at-gasolina-de-demostracion-70354444-devn.aspx,-4.767571528433899
AUDI Q3 Advanced 35 TDI S tronic,27990.0,26714.033,https://www.coches.net/audi-q3-advanced-35-tdi-110kw-150cv-s-tronic-5p-diesel-2021-en-barcelona-70466548-covo.aspx,-4.776391446296989
CITROEN C4 Spacetourer PureTech SS 6v Feel,11900.0,11353.86,https://www.coches.net/citroen-c4-spacetourer-puretech-96kw-130cv-ss-6v-feel-5p-gasolina-2018-en-madrid-70406321-covo.aspx,-4.810167040343606
MERCEDES-BENZ Clase A A 180,21490.0,20503.537,https://www.coches.net/mercedes-benz-clase-a-a-180-5p-gasolina-2018-en-barcelona-70485741-covo.aspx,-4.811183969686632
CITROEN C4 Spacetourer PureTech SS 6v Feel,10990.0,10484.868,https://www.coches.net/citroen-c4-spacetourer-puretech-96kw-130cv-ss-6v-feel-5p-gasolina-2018-en-guipuzcoa-70485763-covo.aspx,-4.8177223407431
AUDI A8 50 TDI quattro tiptronic,51490.0,49118.82,https://www.coches.net/audi-a8-50-tdi-210kw-286cv-quattro-tiptronic-4p-electrico-hibrido-2022-en-madrid-62250127-covo.aspx,-4.827436148535861
SEAT Ibiza 1.0 MPI Reference Plus,11500.0,10968.179,https://www.coches.net/seat-ibiza-10-mpi-59kw-80cv-reference-plus-5p-gasolina-2020-en-murcia-62496256-covo.aspx,-4.848765716519245
BMW X2 xDrive20d,43900.0,41863.24,https://www.coches.net/bmw-x2-xdrive20d-5p-electrico-hibrido-2025-en-albacete-70467894-covo.aspx,-4.865275125317382
SEAT Ateca 1.5 TSI DSG FR Special Edition,33800.0,32230.559,https://www.coches.net/km-0/seat/ateca/burgos/15-tsi-110kw-dsg-fr-special-edition-gasolina-de-km0-70233410-kovn.aspx,-4.86942043429039
OPEL Mokka 1.2 T Business Elegance Aut,15990.0,15243.801,https://www.coches.net/opel-mokka-12-t-96kw-130cv-business-elegance-aut-5p-gasolina-2022-en-malaga-70349570-covo.aspx,-4.895099519194918
NISSAN QASHQAI DIGT NConnecta,27900.0,26587.785,https://www.coches.net/nissan-qashqai-digt-103kw-nconnecta-5p-electrico-hibrido-2025-en-valencia-70405544-covo.aspx,-4.935404871215973
SKODA Citigo CITIGOe iV Ambition Auto.,11250.0,10720.606,https://www.coches.net/skoda-citigo-citigoe-iv-ambition-61kw-83cv-auto-5p-electrico-hibrido-2020-en-madrid-62609848-covo.aspx,-4.938093356826593
LAND-ROVER Range Rover Sport 2.0 Si4 PHEV HSE Silver,53900.0,51357.6,https://www.coches.net/land-rover-range-rover-sport-20-si4-phev-297kw-404cv-hse-silver-5p-electrico-hibrido-2022-en-madrid-62193109-covo.aspx,-4.9503838967363185
BMW Serie 1 116d EfficientDynamics,14990.0,14280.393,https://www.coches.net/bmw-serie-1-116d-efficientdynamics-5p-diesel-2016-en-malaga-70109527-covo.aspx,-4.969103041060588
PORSCHE Cayenne Diesel,32000.0,30482.225,https://www.coches.net/porsche-cayenne-diesel-5p-diesel-2018-en-murcia-62643626-covo.aspx,-4.979214640909767
HYUNDAI i30 1.0 TGDI Klass,15590.0,14850.208,https://www.coches.net/hyundai-i30-10-tgdi-klass-5p-gasolina-2019-en-madrid-70511747-covo.aspx,-4.981694477264596
TOYOTA Yaris 1.5 130H GR Sport Plus,25690.0,24468.475,https://www.coches.net/toyota-yaris-15-130h-gr-sport-plus-5p-electrico-hibrido-2025-en-barcelona-70409484-covo.aspx,-4.992241691098216
PEUGEOT 308 Active BlueHDi 130 SS EAT8,22990.0,21894.055,https://www.coches.net/peugeot-308-5p-active-bluehdi-130-ss-eat8-5p-diesel-2024-en-madrid-70423069-covo.aspx,-5.005675413452353
BMW X1 xDrive20iA,31490.0,29980.553,https://www.coches.net/bmw-x1-xdrive20ia-5p-gasolina-2022-en-barcelona-70405919-covo.aspx,-5.034754625768801
PEUGEOT 408 408 GT HYBRID 145 eDCS6,29990.0,28552.074,https://www.coches.net/peugeot-408-408-gt-hybrid-145-edcs6-5p-electrico-hibrido-2025-en-madrid-70474355-covo.aspx,-5.036151735364016
HYUNDAI Tucson 1.6T N Line,27900.0,26560.596,https://www.coches.net/hyundai-tucson-16t-118kw-160cv-n-line-5p-gasolina-2025-en-valencia-70521165-covo.aspx,-5.042824761333993
MERCEDES-BENZ Clase S S 350 d,32900.0,31312.664,https://www.coches.net/mercedes-benz-clase-s-s-350-d-4p-diesel-2016-en-murcia-70499770-covo.aspx,-5.069309766590544
KIA PV5 Passenger L2H1 Long Range Plus,37990.0,36154.535,https://www.coches.net/kia-pv5-passenger-l2h1-long-range-plus-5p-electrico-hibrido-2026-en-huelva-70413035-covo.aspx,-5.0767209032494085
AUDI Q8 RS Q8 TFSI quattro tipt,87990.0,83730.85,https://www.coches.net/audi-q8-rs-q8-tfsi-441kw-600cv-quattro-tipt-5p-gasolina-2022-en-murcia-62298799-covo.aspx,-5.086713389413942
MINI COUNTRYMAN Cooper D,22900.0,21788.22,https://www.coches.net/mini-countryman-cooper-d-5p-diesel-2020-en-vizcaya-61739946-covo.aspx,-5.102662177070484
SKODA Octavia Combi 2.0 TDI 110kW150CV DSG 4x4 Scout,24500.0,23310.256,https://www.coches.net/skoda-octavia-combi-20-tdi-110kw150cv-dsg-4x4-scout-5p-diesel-2023-en-guipuzcoa-70364037-covo.aspx,-5.103951444387533
BMW X6 xDrive30d,52999.0,50413.562,https://www.coches.net/bmw-x6-xdrive30d-5p-electrico-hibrido-2023-en-alicante-70410493-covo.aspx,-5.12845625619098
TOYOTA C-HR 1.8 140H Active,24990.0,23770.232,https://www.coches.net/toyota-c-hr-18-140h-active-5p-electrico-hibrido-2024-en-sta-c-tenerife-61709969-covo.aspx,-5.13149201268426
AUDI Q3 40 TDI S tronic Quattro Advanced,42710.0,40621.45,https://www.coches.net/audi-q3-40-tdi-142kw-s-tronic-quattro-advanced-5p-diesel-2025-en-madrid-70326880-covo.aspx,-5.141497463576384
HYUNDAI Bayon 1.0 TGDI 48V Maxx,15850.0,15074.709,https://www.coches.net/hyundai-bayon-10-tgdi-74kw-100cv-48v-maxx-5p-electrico-hibrido-2021-en-las-palmas-70407332-covo.aspx,-5.142991592266175
TOYOTA C-HR 1.8 125H Active,18990.0,18059.146,https://www.coches.net/toyota-c-hr-18-125h-active-5p-electrico-hibrido-2021-en-madrid-70413526-covo.aspx,-5.154471261586954
KIA Rio 1.2 DPi Concept,15490.0,14730.703,https://www.coches.net/kia-rio-12-dpi-62kw-84cv-concept-5p-gasolina-2023-en-valencia-62622855-covo.aspx,-5.154518888588354
SEAT León 1.5 TSI SS FR Special Edition,26700.0,25386.654,https://www.coches.net/km-0/seat/leon/burgos/15-tsi-85kw-ss-fr-special-edition-gasolina-de-km0-70179282-kovn.aspx,-5.173370574029
BMW X6 xDrive30d,53990.0,51332.316,https://www.coches.net/bmw-x6-xdrive30d-5p-electrico-hibrido-2022-en-madrid-70426097-covo.aspx,-5.177408267954984
AUDI Q3 Sportback 35 TFSI S tronic S Line,32490.0,30887.86,https://www.coches.net/audi-q3-sportback-35-tfsi-110kw-150cv-s-tronic-s-line-5p-electrico-hibrido-2021-en-madrid-70449334-covo.aspx,-5.1869590752434585
VOLKSWAGEN T-Roc Style 1.5 TSI Cabrio,22990.0,21848.295,https://www.coches.net/volkswagen-t-roc-style-15-tsi-110kw-150cv-cabrio-2p-gasolina-2022-en-madrid-70417510-covo.aspx,-5.2256026486620675
BMW Serie 3 318d Auto.,41100.0,39051.043,https://www.coches.net/bmw-serie-3-318d-auto-4p-electrico-hibrido-2025-en-albacete-70128793-covo.aspx,-5.24686890665032
AUDI A3 RS3 Sportback TFSI quattro S tron,57999.0,55106.98,https://www.coches.net/audi-a3-rs3-sportback-tfsi-294kw-quattro-s-tron-5p-gasolina-2022-en-alicante-70072269-covo.aspx,-5.248009429386179
CITROEN Berlingo Talla M BlueHDi 100 SS SHINE,15000.0,14249.757,https://www.coches.net/citroen-berlingo-talla-m-bluehdi-100-ss-shine-5p-diesel-2021-en-murcia-70120935-covo.aspx,-5.264954151150195
MERCEDES-BENZ GLE GLE 350 d 4MATIC,42990.0,40837.598,https://www.coches.net/mercedes-benz-gle-gle-350-d-4matic-5p-diesel-2020-en-madrid-70418528-covo.aspx,-5.270638987797033
LAND-ROVER Range Rover Evoque 2.0L TD4 4x4 Dynamic Auto Conv,31900.0,30299.322,https://www.coches.net/land-rover-range-rover-evoque-20l-td4-110kw-4x4-dynamic-auto-conv-2p-diesel-2018-en-sta-c-tenerife-70107984-covo.aspx,-5.2828829646496445
TOYOTA Yaris 1.5 100H Active,14900.0,14152.213,https://www.coches.net/toyota-yaris-15-100h-active-5p-electrico-hibrido-2019-en-valladolid-70421681-covo.aspx,-5.28388821701774
HYUNDAI i20 1.0 TGDI Klass,19700.0,18708.984,https://www.coches.net/hyundai-i20-10-tgdi-klass-5p-gasolina-2024-en-valencia-70354535-covo.aspx,-5.2970038626161395
PEUGEOT 5008 Allure BlueHDi SS EAT8,14499.0,13767.121,https://www.coches.net/peugeot-5008-allure-bluehdi-96kw-130cv-ss-eat8-5p-diesel-2019-en-alicante-70173530-covo.aspx,-5.316136186106902
FORD Focus 1.0 Ecoboost STLine X SB,21499.0,20413.695,https://www.coches.net/ford-focus-10-ecoboost-92kw-stline-x-sb-5p-gasolina-2024-en-alicante-70290365-covo.aspx,-5.3165518093896065
NISSAN X-TRAIL dCi TEKNA LIMITED EDITION,11999.0,11392.959,https://www.coches.net/nissan-x-trail-dci-130cv-96kw-tekna-limited-edition-5p-diesel-2014-en-alicante-62499404-covo.aspx,-5.319434718023313
RENAULT Kangoo Combi Life Edition One 1.5 Blue dCi 70kW95CV,14500.0,13767.026,https://www.coches.net/renault-kangoo-combi-life-edition-one-15-blue-dci-70kw95cv-5p-diesel-2021-en-murcia-62577266-covo.aspx,-5.3241245659228085
BMW X1 sDrive20d,42490.0,40341.117,https://www.coches.net/bmw-x1-sdrive20d-5p-electrico-hibrido-2025-en-valencia-70492100-covo.aspx,-5.326780620656305
KIA Niro 1.6 GDi HEV Drive,25875.0,24558.883,https://www.coches.net/kia-niro-16-gdi-hev-95kw-129cv-drive-5p-electrico-hibrido-2025-en-malaga-70511325-covo.aspx,-5.3590271086359085
VOLKSWAGEN T-Roc Advance 1.0 TSI,17900.0,16985.082,https://www.coches.net/volkswagen-t-roc-advance-10-tsi-85kw-115cv-5p-gasolina-2020-en-murcia-70401852-covo.aspx,-5.3865972920630485
CUPRA Formentor 1.5 TSI 150 CV,22999.0,21823.375,https://www.coches.net/cupra-formentor-15-tsi-110kw-150-cv-5p-gasolina-2022-en-murcia-70352967-covo.aspx,-5.386999032001237
AUDI A5 Black Line 40 TDI S tronic Sportback,40900.0,38798.434,https://www.coches.net/audi-a5-black-line-40-tdi-s-tronic-sportback-5p-electrico-hibrido-2023-en-murcia-70402377-covo.aspx,-5.416626939775577
BMW Serie 3 320e,28800.0,27313.434,https://www.coches.net/bmw-serie-3-320e-4p-electrico-hibrido-2022-en-valencia-70495157-covo.aspx,-5.44262002485899
SEAT Arona 1.0 TSI StartStop FR,22990.0,21803.129,https://www.coches.net/seat-arona-10-tsi-85kw-115cv-startstop-fr-5p-gasolina-2026-en-a-coruna-70348486-covo.aspx,-5.443581510036278
LAND-ROVER Range Rover Evoque 2.0 D163 RDynamic S AUTO 4WD MHEV,35900.0,34044.844,https://www.coches.net/land-rover-range-rover-evoque-20-d163-rdynamic-s-auto-4wd-mhev-5p-electrico-hibrido-2022-en-sta-c-tenerife-61887328-covo.aspx,-5.449154837140353
LAND-ROVER Range Rover Evoque 2.0 D163 RDynamic S AUTO 4WD MHEV,35900.0,34044.844,https://www.coches.net/land-rover-range-rover-evoque-20-d163-rdynamic-s-auto-4wd-mhev-5p-electrico-hibrido-2022-en-sta-c-tenerife-61887296-covo.aspx,-5.449154837140353
LAND-ROVER Discovery Sport 1.5 I3 PHEV 309PS AWD Auto SE,44900.0,42575.453,https://www.coches.net/land-rover-discovery-sport-15-i3-phev-309ps-awd-auto-se-5p-electrico-hibrido-2023-en-sta-c-tenerife-61887258-covo.aspx,-5.459828855315325
PEUGEOT 2008 Allure Puretech 100 SS 6 Vel. MAN,15985.0,15157.223,https://www.coches.net/peugeot-2008-allure-puretech-100-ss-6-vel-man-5p-gasolina-2023-en-sta-c-tenerife-70497347-covo.aspx,-5.461273232722952
PEUGEOT 2008 Allure Puretech 100 SS 6 Vel. MAN,15985.0,15157.223,https://www.coches.net/peugeot-2008-allure-puretech-100-ss-6-vel-man-5p-gasolina-2023-en-sta-c-tenerife-70415781-covo.aspx,-5.461273232722952
PEUGEOT 2008 Allure Puretech 100 SS 6 Vel. MAN,15985.0,15157.223,https://www.coches.net/peugeot-2008-allure-puretech-100-ss-6-vel-man-5p-gasolina-2023-en-sta-c-tenerife-70497345-covo.aspx,-5.461273232722952
PEUGEOT 2008 Allure Pack Puretech 100 SS 6 Vel. MAN,15985.0,15157.223,https://www.coches.net/peugeot-2008-allure-pack-puretech-100-ss-6-vel-man-5p-gasolina-2023-en-sta-c-tenerife-70381071-covo.aspx,-5.461273232722952
PORSCHE Panamera GTS,107999.0,102400.76,https://www.coches.net/porsche-panamera-gts-5p-gasolina-2023-en-alicante-62390479-covo.aspx,-5.466992927679902
NISSAN JUKE DIGT 114 CV DCT 7V NConnecta,18590.0,17625.707,https://www.coches.net/nissan-juke-digt-84-kw-114-cv-dct-7v-nconnecta-5p-gasolina-2023-en-madrid-70317048-covo.aspx,-5.470946311772511
MINI MINI COOPER CABRIO,22150.0,21000.809,https://www.coches.net/mini-mini-cooper-cabrio-2p-gasolina-2022-en-malaga-70475516-covo.aspx,-5.472129328353614
PEUGEOT 3008 Hybrid 1.2 Allure eDCS6,31900.0,30236.314,https://www.coches.net/km-0/peugeot/3008-hybrid/asturias/12-107kw-allure-edcs6-electrico-hibrido-de-km0-61479120-kovn.aspx,-5.502276242874085
PEUGEOT 207 Urban 1.4 75,5990.0,5675.614,https://www.coches.net/peugeot-207-urban-14-75-5p-gasolina-2008-en-valencia-70460668-covo.aspx,-5.5392463834746675
VOLVO XC40 1.5 T4 Recharge PHEV Essential Auto,26440.0,25051.725,https://www.coches.net/volvo-xc40-15-t4-recharge-phev-essential-auto-5p-electrico-hibrido-2023-en-madrid-70326849-covo.aspx,-5.541636004195382
TOYOTA Prius 1.8 Prius AWDi,17990.0,17041.28,https://www.coches.net/toyota-prius-18-prius-awdi-5p-electrico-hibrido-2019-en-madrid-70453430-covo.aspx,-5.5671917970323666
PEUGEOT 3008 1.2 PURETECH GT LINE SS,11900.0,11270.737,https://www.coches.net/peugeot-3008-12-puretech-96kw-130cv-gt-line-ss-5p-gasolina-2018-en-madrid-70474601-covo.aspx,-5.583154662390983
MERCEDES-BENZ Clase C C 200 d,23890.0,22625.52,https://www.coches.net/mercedes-benz-clase-c-c-200-d-4p-diesel-2018-en-madrid-70326900-covo.aspx,-5.588735617776733
VOLKSWAGEN Tiguan RLine 2.0 TDI DSG,41990.0,39766.82,https://www.coches.net/volkswagen-tiguan-rline-20-tdi-110kw-150cv-dsg-5p-diesel-2025-en-zaragoza-70424948-covo.aspx,-5.5905392234771725
PEUGEOT E-5008 GT Exclusive Electrico,43990.0,41656.87,https://www.coches.net/km-0/peugeot/e-5008/guipuzcoa/gt-exclusive-electrico-157kw-electrico-hibrido-de-km0-70498364-kovn.aspx,-5.6008260942095855
VOLVO XC60 2.0 B4 D RDesign Auto,33990.0,32187.164,https://www.coches.net/volvo-xc60-20-b4-d-rdesign-auto-5p-electrico-hibrido-2022-en-badajoz-70489708-covo.aspx,-5.601102147425325
MAZDA CX-5 2.2 DE Zenith 2WD,18990.0,17980.75,https://www.coches.net/mazda-cx-5-22-de-110kw-150cv-zenith-2wd-5p-diesel-2017-en-barcelona-70485760-covo.aspx,-5.612947179622652
VOLKSWAGEN Passat Variant RLine 2.0 TDI DSG,28500.0,26984.758,https://www.coches.net/volkswagen-passat-variant-rline-20-tdi-110kw-dsg-5p-diesel-2023-en-madrid-70448714-covo.aspx,-5.615178012819158
PEUGEOT 2008 Allure Puretech 100 SS 6 Vel. MAN,15985.0,15133.773,https://www.coches.net/peugeot-2008-allure-puretech-100-ss-6-vel-man-5p-gasolina-2023-en-las-palmas-70354414-covo.aspx,-5.624681550939202
AUDI Q5 Black line 35 TDI S tronic,33900.0,32089.502,https://www.coches.net/audi-q5-black-line-35-tdi-120kw-s-tronic-5p-diesel-2020-en-madrid-70487903-covo.aspx,-5.6420260106239715
AUDI A1 Sportback Adrenalin 30 TFSI S tron,22990.0,21750.44,https://www.coches.net/audi-a1-sportback-adrenalin-30-tfsi-81kw-s-tron-5p-gasolina-2023-en-valencia-70114736-covo.aspx,-5.699013804049398
VOLKSWAGEN Touran Advance 1.6 TDI DSG,13985.0,13226.909,https://www.coches.net/volkswagen-touran-advance-16-tdi-85kw-115cv-dsg-5p-diesel-2019-en-sta-c-tenerife-70273578-covo.aspx,-5.731428333058311
KIA XCeed 1.6 GDi PHEV eDrive,25450.0,24064.93,https://www.coches.net/kia-xceed-16-gdi-phev-104kw-141cv-edrive-5p-electrico-hibrido-2023-en-sevilla-61536039-covo.aspx,-5.755555202055896
VOLKSWAGEN T-Cross Advance 1.0 TSI DSG,16900.0,15979.326,https://www.coches.net/volkswagen-t-cross-advance-10-tsi-81kw-110cv-dsg-5p-gasolina-2022-en-madrid-70494442-covo.aspx,-5.76165614383331
AUDI A7 Sportback S line 50 TFSIe qua S tr,48800.0,46132.605,https://www.coches.net/audi-a7-sportback-s-line-50-tfsie-220kw-qua-s-tr-5p-electrico-hibrido-2022-en-vizcaya-70426131-covo.aspx,-5.7820157872004
SKODA Fabia 1.0 TSI Ambition,16490.0,15587.257,https://www.coches.net/skoda-fabia-10-tsi-70kw-95cv-ambition-5p-gasolina-2023-en-valencia-70512671-covo.aspx,-5.791546091555784
AUDI A1 Sportback Adrenalin 30 TFSI S tron,21490.0,20311.166,https://www.coches.net/audi-a1-sportback-adrenalin-30-tfsi-81kw-s-tron-5p-gasolina-2023-en-madrid-70347894-covo.aspx,-5.803871542717661
BMW Serie 1 116d,20000.0,18900.77,https://www.coches.net/bmw-serie-1-116d-5p-diesel-2021-en-murcia-62636455-covo.aspx,-5.815797430536166
SKODA Karoq 2.0 TDI DSG 4X4 Style,23990.0,22671.248,https://www.coches.net/skoda-karoq-20-tdi-110kw-150cv-dsg-4x4-style-5p-diesel-2023-en-murcia-61893999-covo.aspx,-5.816847623026102
BMW Serie 4 420d Auto.,25999.0,24569.37,https://www.coches.net/bmw-serie-4-420d-auto-2p-diesel-2018-en-alicante-70263385-covo.aspx,-5.818752818570061
MERCEDES-BENZ GLB GLB 200 d,37890.0,35801.98,https://www.coches.net/mercedes-benz-glb-glb-200-d-5p-diesel-2024-en-madrid-70481719-covo.aspx,-5.83213415546255
PEUGEOT 2008 Allure Gasolina 100 SS 6 Vel. MAN,17990.0,16998.236,https://www.coches.net/peugeot-2008-allure-gasolina-100-ss-6-vel-man-5p-gasolina-2024-en-madrid-70474663-covo.aspx,-5.834509255728162
KIA Niro 1.6 GDi PHEV Emotion,35890.0,33903.984,https://www.coches.net/kia-niro-16-gdi-phev-126kw-171cv-emotion-5p-electrico-hibrido-2025-en-huelva-60709879-covo.aspx,-5.8577646893456015
LAND-ROVER Range Rover Sport 4.4 V8 635PS AWD Auto MHEV SV EDIT.TWO,233900.0,220930.67,https://www.coches.net/land-rover-range-rover-sport-44-v8-635ps-awd-auto-mhev-sv-edittwo-5p-electrico-hibrido-2025-en-madrid-60728960-covo.aspx,-5.870315794059548
SEAT León 1.0 eTSI DSG7 SS FR XS ECO,22340.0,21095.611,https://www.coches.net/seat-leon-10-etsi-81kw-dsg7-ss-fr-xs-eco-5p-electrico-hibrido-2024-en-madrid-70326852-covo.aspx,-5.898803559278519
AUDI Q5 SPORTBACK S line 35 TDI S tronic,35800.0,33805.523,https://www.coches.net/audi-q5-sportback-s-line-35-tdi-120kw-s-tronic-5p-electrico-hibrido-2023-en-almeria-70376458-covo.aspx,-5.899854105757033
AUDI Q2 Advanced 30 TDI S tronic,23990.0,22643.479,https://www.coches.net/audi-q2-advanced-30-tdi-85kw-116cv-s-tronic-5p-diesel-2023-en-murcia-70319949-covo.aspx,-5.946619391741603
AUDI A4 2.0 TDI S line edition,13500.0,12741.498,https://www.coches.net/audi-a4-20-tdi-150cv-s-line-edition-4p-diesel-2015-en-a-coruna-70255650-covo.aspx,-5.953004508061212
BENTLEY Continental GT GT W12 Convertible,209900.0,198081.52,https://www.coches.net/bentley-continental-gt-gt-w12-convertible-2p-gasolina-2020-en-madrid-61592567-covo.aspx,-5.966475134092916
HYUNDAI i10 1.0 Klass,12990.0,12253.23,https://www.coches.net/hyundai-i10-10-klass-5p-gasolina-2023-en-las-palmas-70415205-covo.aspx,-6.012859491454262
SEAT Arona 1.0 TSI DSG FR XM,20900.0,19708.322,https://www.coches.net/seat-arona-10-tsi-81kw-110cv-dsg-fr-xm-5p-gasolina-2024-en-guipuzcoa-62096324-covo.aspx,-6.046571181015793
MERCEDES-BENZ Clase GLA GLA 220 CDI 4Matic AMG Line,17900.0,16872.463,https://www.coches.net/mercedes-benz-clase-gla-gla-220-cdi-4matic-amg-line-5p-diesel-2015-en-murcia-61716601-covo.aspx,-6.09002441455029
SEAT Arona 1.0 TSI DSG Style XL,20350.0,19180.71,https://www.coches.net/seat-arona-10-tsi-81kw-dsg-style-xl-5p-gasolina-2024-en-madrid-70326866-covo.aspx,-6.096171650311124
VOLKSWAGEN Touareg Prem Eleg 3.0 V6 TDI Tip 4M,36900.0,34773.125,https://www.coches.net/volkswagen-touareg-prem-eleg-30-v6-tdi-170kw-tip-4m-5p-diesel-2021-en-valencia-70481032-covo.aspx,-6.116433308769344
HYUNDAI i10 1.0 Klass,12890.0,12143.856,https://www.coches.net/hyundai-i10-10-klass-5p-gasolina-2023-en-madrid-70499578-covo.aspx,-6.144205986357075
VOLVO XC90 2.0 T8 AWD Inscription Auto,37990.0,35787.754,https://www.coches.net/volvo-xc90-20-t8-awd-inscription-auto-5p-electrico-hibrido-2020-en-sta-c-tenerife-62307720-covo.aspx,-6.153630371771944
VOLKSWAGEN Polo Life 1.0 TSI DSG,17990.0,16944.547,https://www.coches.net/volkswagen-polo-life-10-tsi-70kw-95cv-dsg-5p-gasolina-2024-en-valencia-70446464-covo.aspx,-6.169849997833005
KIA Stonic 1.0 TGDi Concept,11990.0,11292.1875,https://www.coches.net/kia-stonic-10-tgdi-74kw-100cv-concept-5p-gasolina-2019-en-madrid-70470765-covo.aspx,-6.179604261796043
VOLVO XC60 2.0 T8 AWD Business Plus Auto,36900.0,34732.31,https://www.coches.net/volvo-xc60-20-t8-awd-business-plus-auto-5p-electrico-hibrido-2020-en-madrid-70324243-covo.aspx,-6.24113827734466
VOLVO XC40 2.0 B3 G Plus Dark Auto,38900.0,36610.188,https://www.coches.net/volvo-xc40-20-b3-g-plus-dark-auto-5p-electrico-hibrido-2026-en-valencia-70516126-covo.aspx,-6.254577363199792
VOLKSWAGEN T-Cross Advance 1.0 TSI,17240.0,16221.902,https://www.coches.net/volkswagen-t-cross-advance-10-tsi-70kw-95cv-5p-gasolina-2022-en-sevilla-70500436-covo.aspx,-6.27606821121232
MAZDA CX-5 2.0 GE Homura sin Pack Bose,28900.0,27190.984,https://www.coches.net/mazda-cx-5-20-ge-121kw-homura-sin-pack-bose-5p-gasolina-2022-en-madrid-70499580-covo.aspx,-6.285228962035326
VOLVO XC40 2.0 D3 Momentum Pro Auto,23990.0,22567.781,https://www.coches.net/volvo-xc40-20-d3-momentum-pro-auto-5p-diesel-2021-en-sevilla-70417901-covo.aspx,-6.301987484923889
BMW X3 xDrive20d xLine,40990.0,38558.836,https://www.coches.net/bmw-x3-xdrive20d-xline-5p-electrico-hibrido-2023-en-zaragoza-70424923-covo.aspx,-6.305076394009074
VOLKSWAGEN Golf Life 1.0 TSI,16990.0,15979.326,https://www.coches.net/volkswagen-golf-life-10-tsi-81kw-110cv-5p-gasolina-2022-en-madrid-62671850-covo.aspx,-6.32488389844544
BMW Serie 4 420d,34990.0,32902.195,https://www.coches.net/bmw-serie-4-420d-2p-electrico-hibrido-2021-en-las-palmas-62414746-covo.aspx,-6.34548749003023
MERCEDES-BENZ Clase GLC GLC 300 d 4MATIC,39850.0,37470.414,https://www.coches.net/mercedes-benz-clase-glc-glc-300-d-4matic-5p-diesel-2020-en-madrid-70326949-covo.aspx,-6.350572837361476
VOLKSWAGEN Golf 1.0 TSI,17850.0,16782.854,https://www.coches.net/volkswagen-golf-10-tsi-81kw-110cv-5p-gasolina-2021-en-malaga-70357073-covo.aspx,-6.358552098315559
KIA Sportage 1.6 MHEV Drive Plus 4x2,21990.0,20670.475,https://www.coches.net/kia-sportage-16-mhev-drive-plus-100kw-136cv-4x2-5p-electrico-hibrido-2021-en-sevilla-61837336-covo.aspx,-6.3836240607002575
LAND-ROVER Defender 3.0D I6 250 XDyn SE 110 Auto 4WD MHEV,108900.0,102351.164,https://www.coches.net/land-rover-defender-30d-i6-250-xdyn-se-110-auto-4wd-mhev-5p-electrico-hibrido-2026-en-madrid-70384594-covo.aspx,-6.398399077807264
NISSAN JUKE DIGT 114 CV DCT 7V NConnecta,22900.0,21522.826,https://www.coches.net/nissan-juke-digt-84-kw-114-cv-dct-7v-nconnecta-5p-gasolina-2025-en-valencia-70251700-covo.aspx,-6.398666314206565
SKODA Kamiq 1.0 TSI DSG SELECTION,22900.0,21522.826,https://www.coches.net/skoda-kamiq-10-tsi-85kw-115cv-dsg-selection-5p-gasolina-2025-en-guipuzcoa-70397511-covo.aspx,-6.398666314206565
SKODA Kamiq 1.0 TSI SELECTION,21900.0,20582.008,https://www.coches.net/skoda-kamiq-10-tsi-85kw-115cv-selection-5p-gasolina-2025-en-jaen-70498861-covo.aspx,-6.403613289367952
JEEP Compass eHybrid 1.5 MHEV Night Eagle Dct,24990.0,23481.178,https://www.coches.net/jeep-compass-ehybrid-15-mhev-96kw-night-eagle-dct-5p-electrico-hibrido-2023-en-madrid-70458493-covo.aspx,-6.425666900924552
JEEP Compass eHybrid 1.5 MHEV Limited Dct,24990.0,23481.178,https://www.coches.net/jeep-compass-ehybrid-15-mhev-96kw-limited-dct-5p-electrico-hibrido-2023-en-madrid-70508986-covo.aspx,-6.425666900924552
AUDI A6 Competition 3.0 TDI quat tip Avant,34900.0,32786.523,https://www.coches.net/audi-a6-competition-30-tdi-240kw-quat-tip-avant-5p-diesel-2017-en-burgos-62478250-covo.aspx,-6.44617465016948
PORSCHE Cayenne Coupé,59990.0,56347.176,https://www.coches.net/porsche-cayenne-coupe--5p-gasolina-2020-en-alicante-70426245-covo.aspx,-6.464963271437253
SKODA Kamiq 1.5 TSI DSG MONTE CARLO,30500.0,28647.033,https://www.coches.net/skoda-kamiq-15-tsi-110kw-150cv-dsg-monte-carlo-5p-gasolina-2026-en-guipuzcoa-61965129-covo.aspx,-6.468267704150484
VOLKSWAGEN Taigo RLine 1.0 TSI,20985.0,19708.607,https://www.coches.net/volkswagen-taigo-rline-10-tsi-81kw-110cv-5p-gasolina-2024-en-las-palmas-70364817-covo.aspx,-6.476320476647706
VOLKSWAGEN Tiguan Allspace Advance 2.0 TDI DSG,25990.0,24407.87,https://www.coches.net/volkswagen-tiguan-allspace-advance-20-tdi-110kw-150cv-dsg-5p-diesel-2021-en-sta-c-tenerife-62487784-covo.aspx,-6.482052367044472
BMW Serie 2 Active Tourer 218d,38900.0,36527.76,https://www.coches.net/bmw-serie-2-active-tourer-218d-5p-diesel-2025-en-sta-c-tenerife-70465939-covo.aspx,-6.494343396990324
JEEP Renegade 2.0 Mjet Longitude 4x4 120 CV Active Dri,12990.0,12193.469,https://www.coches.net/jeep-renegade-20-mjet-longitude-4x4-120-cv-active-dri-5p-diesel-2016-en-madrid-70352158-covo.aspx,-6.532441804142073
AUDI A3 Sportback Advanced 30 TFSI S tronic,22900.0,21495.77,https://www.coches.net/audi-a3-sportback-advanced-30-tfsi-81kw-s-tronic-5p-electrico-hibrido-2023-en-madrid-70468264-covo.aspx,-6.53258989732173
BMW X1 sDrive16d Business,20500.0,19241.426,https://www.coches.net/bmw-x1-sdrive16d-business-5p-diesel-2021-en-caceres-62528125-covo.aspx,-6.540961325103206
KIA Stonic 1.2 DPi Concept,14985.0,14059.793,https://www.coches.net/kia-stonic-12-dpi-62kw-84cv-concept-5p-gasolina-2024-en-sta-c-tenerife-70497346-covo.aspx,-6.580516749474274
BMW X5 xDrive30d xLine,71990.0,67540.68,https://www.coches.net/bmw-x5-xdrive30d-xline-5p-electrico-hibrido-2025-en-barcelona-70499078-covo.aspx,-6.587615542346182
KIA XCeed 1.6 GDi PHEV eDrive,24090.0,22596.62,https://www.coches.net/kia-xceed-16-gdi-phev-104kw-141cv-edrive-5p-electrico-hibrido-2022-en-sevilla-62250544-covo.aspx,-6.608868566050871
TOYOTA Yaris 1.5 100H Feel,17900.0,16785.217,https://www.coches.net/toyota-yaris-15-100h-feel-5p-electrico-hibrido-2019-en-guipuzcoa-70421908-covo.aspx,-6.641458472746957
BMW X1 xDrive25e,47700.0,44727.05,https://www.coches.net/bmw-x1-xdrive25e-5p-electrico-hibrido-2025-en-albacete-62475884-covo.aspx,-6.646870667350793
CUPRA Formentor 1.5 TSI 150 CV,26500.0,24839.46,https://www.coches.net/cupra-formentor-15-tsi-110kw-150-cv-5p-gasolina-2023-en-jaen-70456195-covo.aspx,-6.685084940764931
BMW Serie 4 420d Gran Coupe,35999.0,33740.64,https://www.coches.net/bmw-serie-4-420d-gran-coupe-5p-electrico-hibrido-2022-en-alicante-70058131-covo.aspx,-6.693291334031984
BMW Serie 3 320e,31900.0,29897.637,https://www.coches.net/bmw-serie-3-320e-4p-electrico-hibrido-2023-en-valencia-70381294-covo.aspx,-6.697396520288301
LAND-ROVER Range Rover Evoque 2.0L TD4 4x4 HSE Dynamic Auto,19990.0,18734.51,https://www.coches.net/land-rover-range-rover-evoque-20l-td4-110kw-4x4-hse-dynamic-auto-5p-diesel-2017-en-zamora-70234420-covo.aspx,-6.701484320014796
AUDI A1 Sportback Adrenalin 30 TFSI S tron,26500.0,24828.348,https://www.coches.net/audi-a1-sportback-adrenalin-30-tfsi-85kw-s-tron-5p-gasolina-2025-en-jaen-70292299-covo.aspx,-6.732837669643302
CITROEN C4 Cactus PureTech SS Feel Edition,7990.0,7485.173,https://www.coches.net/citroen-c4-cactus-puretech-110cv-ss-feel-edition-5p-gasolina-2015-en-valencia-62058803-covo.aspx,-6.74436193323337
BMW X2 sDrive18i,20490.0,19189.707,https://www.coches.net/bmw-x2-sdrive18i-5p-gasolina-2021-en-madrid-70486632-covo.aspx,-6.775991768047852
VOLVO V90 Cross Country 2.0 B4 D AWD Auto,30990.0,29020.8,https://www.coches.net/volvo-v90-cross-country-20-b4-d-awd-auto-5p-electrico-hibrido-2021-en-murcia-61827194-covo.aspx,-6.785475127282761
VOLKSWAGEN T-Roc Advance RLine 1.0 TSI,17590.0,16470.871,https://www.coches.net/volkswagen-t-roc-advance-rline-10-tsi-81kw-110cv-5p-gasolina-2022-en-madrid-62250128-covo.aspx,-6.794594529215046
LAND-ROVER Range Rover Evoque 2.0L TD4 Diesel 4x4 SE,18985.0,17776.682,https://www.coches.net/land-rover-range-rover-evoque-20l-td4-diesel-110kw-150cv-4x4-se-5p-diesel-2019-en-las-palmas-70497387-covo.aspx,-6.797209871912391
BMW X2 sDrive18i,24490.0,22921.611,https://www.coches.net/bmw-x2-sdrive18i-5p-gasolina-2022-en-barcelona-70466377-covo.aspx,-6.842401476158766
PORSCHE Macan Macan,64999.0,60817.043,https://www.coches.net/porsche-macan-macan-5p-gasolina-2022-en-alicante-62388866-covo.aspx,-6.876291294528807
PEUGEOT 3008 1.5 BlueHDi SS Allure,18480.0,17287.812,https://www.coches.net/peugeot-3008-15-bluehdi-96kw-130cv-ss-allure-5p-diesel-2022-en-madrid-70281249-covo.aspx,-6.896115399215488
VOLKSWAGEN Polo Life 1.0 TSI DSG,17990.0,16826.633,https://www.coches.net/volkswagen-polo-life-10-tsi-70kw-95cv-dsg-5p-gasolina-2023-en-murcia-62179859-covo.aspx,-6.9138442638135515
VOLVO XC90 2.0 B5 D AWD Plus Bright Auto,46990.0,43939.754,https://www.coches.net/volvo-xc90-20-b5-d-awd-plus-bright-auto-5p-electrico-hibrido-2024-en-malaga-70483660-covo.aspx,-6.941882515450621
KIA Stonic 1.2 DPi Concept,13985.0,13074.502,https://www.coches.net/kia-stonic-12-dpi-62kw-84cv-concept-5p-gasolina-2022-en-las-palmas-70364810-covo.aspx,-6.9639214567357
MERCEDES-BENZ GLE Coupé GLE 400 d 4MATIC,63990.0,59821.62,https://www.coches.net/mercedes-benz-gle-coupe-gle-400-d-4matic-5p-diesel-2022-en-alicante-70427197-covo.aspx,-6.968013955552102
HYUNDAI i20 1.2 MPI Essence,10990.0,10273.85,https://www.coches.net/hyundai-i20-12-mpi-55kw-75cv-essence-5p-gasolina-2018-en-madrid-70470716-covo.aspx,-6.970613916437952
DACIA Dokker Ambiance dci EU6,6980.0,6525.0723,https://www.coches.net/dacia-dokker-ambiance-dci-55kw-75cv-eu6-4p-diesel-2016-en-jaen-62642476-covo.aspx,-6.9719953412872275
PORSCHE 911 Targa 4S,174900.0,163469.89,https://www.coches.net/porsche-911-targa-4s-2p-gasolina-2024-en-murcia-70445483-covo.aspx,-6.992180230438079
BMW X1 sDrive20d,41900.0,39159.383,https://www.coches.net/bmw-x1-sdrive20d-5p-electrico-hibrido-2025-en-madrid-70425176-covo.aspx,-6.998622017671771
MERCEDES-BENZ Clase A A 180 CDI Aut. Urban,12990.0,12137.574,https://www.coches.net/mercedes-benz-clase-a-a-180-cdi-aut-urban-5p-diesel-2014-en-valencia-70286667-covo.aspx,-7.023032493042815
KIA Sportage 1.6 TGDi Drive 4x2,23490.0,21942.172,https://www.coches.net/kia-sportage-16-tgdi-110kw-150cv-drive-4x2-5p-gasolina-2024-en-madrid-70499576-covo.aspx,-7.054124513369304
VOLVO XC90 2.0 B5 D5 AWD Business Plus Auto,32500.0,30356.994,https://www.coches.net/volvo-xc90-20-b5-d5-awd-business-plus-auto-5p-electrico-hibrido-2020-en-madrid-70487947-covo.aspx,-7.059348002136812
SEAT León 2.0 TDI SS Style XL,17500.0,16342.075,https://www.coches.net/seat-leon-20-tdi-85kw-ss-style-xl-5p-diesel-2023-en-jaen-70158939-covo.aspx,-7.08554324251081
MERCEDES-BENZ GLE Coupé GLE 400 d 4MATIC,82900.0,77377.65,https://www.coches.net/mercedes-benz-gle-coupe-gle-400-d-4matic-5p-diesel-2023-en-murcia-70478867-covo.aspx,-7.136882128125865
PEUGEOT 2008 Allure Gasolina 100 SS 6 Vel. MAN,19480.0,18180.652,https://www.coches.net/peugeot-2008-allure-gasolina-100-ss-6-vel-man-5p-gasolina-2025-en-madrid-70255095-covo.aspx,-7.1468703745203035
NISSAN QASHQAI DIGT mHEV Xtronic Tekna,25499.0,23797.209,https://www.coches.net/nissan-qashqai-digt-116kw-158cv-mhev-xtronic-tekna-5p-electrico-hibrido-2023-en-murcia-70439056-covo.aspx,-7.151221039166308
VOLKSWAGEN Golf 2.0 TDI,19990.0,18655.62,https://www.coches.net/volkswagen-golf-20-tdi-85kw-115cv-5p-diesel-2023-en-sevilla-70421913-covo.aspx,-7.152702085717514
MERCEDES-BENZ Clase C C Coupe 200,24000.0,22397.795,https://www.coches.net/mercedes-benz-clase-c-c-coupe-200-2p-gasolina-2018-en-murcia-61677775-covo.aspx,-7.15340542992557
PEUGEOT Rifter Active Pack Standard BlueHDi,14800.0,13809.492,https://www.coches.net/peugeot-rifter-active-pack-standard-bluehdi-73kw-5p-diesel-2021-en-valencia-70437337-covo.aspx,-7.172659204634494
AUDI A7 Sportback 3.0 Bi TDI quattro tip,24990.0,23315.578,https://www.coches.net/audi-a7-sportback-30-bi-tdi-313cv-quattro-tip-5p-diesel-2013-en-barcelona-62059283-covo.aspx,-7.181558467146094
VOLVO XC60 2.0 D4 AWD Momentum Auto,20990.0,19579.422,https://www.coches.net/volvo-xc60-20-d4-awd-momentum-auto-5p-diesel-2018-en-albacete-70224367-covo.aspx,-7.2043910898160775
LAND-ROVER Range Rover Evoque 1.5 P300e I3 S AUTO 4WD PHEV,47900.0,44674.684,https://www.coches.net/land-rover-range-rover-evoque-15-p300e-i3-s-auto-4wd-phev-5p-electrico-hibrido-2024-en-sta-c-tenerife-61887329-covo.aspx,-7.2195618341239305
BMW Serie 3 320e,33990.0,31698.762,https://www.coches.net/bmw-serie-3-320e-4p-electrico-hibrido-2023-en-castellon-70405062-covo.aspx,-7.228163363538329
PORSCHE Cayenne Coupé EHybrid,79990.0,74534.4,https://www.coches.net/porsche-cayenne-coupe-ehybrid-5p-electrico-hibrido-2022-en-madrid-70414145-covo.aspx,-7.3195754938234785
BMW X2 sDrive18i,26490.0,24678.027,https://www.coches.net/bmw-x2-sdrive18i-5p-gasolina-2022-en-barcelona-70498856-covo.aspx,-7.342453393905098
KIA EV6 Air 774kWh RWD Long Range,35990.0,33527.75,https://www.coches.net/kia-ev6-air-774kwh-168kw-rwd-long-range-5p-electrico-hibrido-2023-en-sevilla-62275176-covo.aspx,-7.343916606393211
SEAT León 1.0 eTSI DSG7 SS Style Go,17500.0,16300.642,https://www.coches.net/seat-leon-10-etsi-81kw-dsg7-ss-style-go-5p-electrico-hibrido-2021-en-madrid-70472662-covo.aspx,-7.357737368586371
BMW X3 xDrive20d xLine,34990.0,32585.861,https://www.coches.net/bmw-x3-xdrive20d-xline-5p-electrico-hibrido-2022-en-murcia-70372839-covo.aspx,-7.3778582915651745
MITSUBISHI L200 DC 220 DID MPro Auto,22990.0,21408.404,https://www.coches.net/mitsubishi-l200-dc-220-did-mpro-auto-4p-diesel-2020-en-vizcaya-62207621-covo.aspx,-7.387732785651226
MAZDA CX-30 2.5L eSKYACT G MHEV PrimeLine MT,27990.0,26063.83,https://www.coches.net/km-0/mazda/cx-30/madrid/25l-eskyact-g-mhev-103kw-primeline-mt-electrico-hibrido-de-km0-70453321-kovn.aspx,-7.390202883081281
SEAT Alhambra 2.0 TDI Eco SS Ref Plus,17990.0,16751.88,https://www.coches.net/seat-alhambra-20-tdi-110kw-150cv-eco-ss-ref-plus-5p-diesel-2018-en-madrid-70463081-covo.aspx,-7.390926135509737
MERCEDES-BENZ GLA GLA 250 e,34985.0,32570.865,https://www.coches.net/mercedes-benz-gla-gla-250-e-5p-electrico-hibrido-2020-en-las-palmas-70466453-covo.aspx,-7.411945455710963
KIA cee'd 1.4 CRDi WGT Tech,12890.0,11999.34,https://www.coches.net/kia-ceed-14-crdi-wgt-66kw-90cv-tech-5p-diesel-2017-en-madrid-70316366-covo.aspx,-7.422576307095019
LAND-ROVER Discovery 3.0D I6 350 PS AWD Auto MHEV Dynamic SE,92900.0,86472.05,https://www.coches.net/land-rover-discovery-30d-i6-350-ps-awd-auto-mhev-dynamic-se-5p-electrico-hibrido-2025-en-madrid-70170251-covo.aspx,-7.433561893465934
SEAT León 2.0 TDI StSp FR,15000.0,13961.956,https://www.coches.net/seat-leon-20-tdi-150cv-stsp-fr-5p-diesel-2015-en-murcia-70445245-covo.aspx,-7.434803126772438
HYUNDAI Kona HEV 1.6GDI DT Maxx,25990.0,24186.354,https://www.coches.net/hyundai-kona-hev-16gdi-129cv-dt-maxx-5p-electrico-hibrido-2025-en-murcia-70429681-covo.aspx,-7.457289844084179
HYUNDAI Kona HEV 1.6GDI DT Maxx,25990.0,24186.354,https://www.coches.net/hyundai-kona-hev-16gdi-129cv-dt-maxx-5p-electrico-hibrido-2025-en-murcia-70483192-covo.aspx,-7.457289844084179
NISSAN JUKE DIGT 114 CV 6MT NConnecta,15990.0,14879.993,https://www.coches.net/nissan-juke-digt-84-kw-114-cv-6mt-nconnecta-5p-gasolina-2023-en-murcia-62119424-covo.aspx,-7.45972678682635
KIA Picanto 1.0 DPi GT Line,12990.0,12086.152,https://www.coches.net/kia-picanto-10-dpi-49kw-67cv-gt-line-5p-gasolina-2021-en-madrid-70448250-covo.aspx,-7.478373849204361
VOLKSWAGEN Polo RLine 1.0 TSI,17490.0,16272.587,https://www.coches.net/volkswagen-polo-rline-10-tsi-70kw-95cv-5p-gasolina-2021-en-madrid-70459499-covo.aspx,-7.481373996444485
VOLVO XC40 1.5 T4 Twin Recharge RDesign Auto,25950.0,24140.215,https://www.coches.net/volvo-xc40-15-t4-twin-recharge-rdesign-auto-5p-electrico-hibrido-2021-en-las-palmas-70458163-covo.aspx,-7.496972035932649
VOLKSWAGEN Taigo Life 1.0 TSI,19990.0,18587.855,https://www.coches.net/volkswagen-taigo-life-10-tsi-70kw-95cv-5p-gasolina-2023-en-madrid-70228971-covo.aspx,-7.543336742677457
NISSAN QASHQAI 1.5 dCi ACENTA 4x2,9800.0,9112.459,https://www.coches.net/nissan-qashqai-15-dci-acenta-4x2-5p-diesel-2012-en-valencia-70376990-covo.aspx,-7.545065682094333
LAND-ROVER Range Rover Velar 2.0D D240 S 4WD Auto,38900.0,36159.94,https://www.coches.net/land-rover-range-rover-velar-20d-d240-s-4wd-auto-5p-diesel-2018-en-sta-c-tenerife-61887337-covo.aspx,-7.577607947330356
MERCEDES-BENZ Vito 116CDI AT Tourer Select Larga,48490.0,45069.1,https://www.coches.net/mercedes-benz-vito-116cdi-at-120kw-tourer-select-larga-4p-diesel-2024-en-barcelona-70499682-covo.aspx,-7.59034087412645
BMW X1 sDrive18d,18490.0,17179.893,https://www.coches.net/bmw-x1-sdrive18d-5p-diesel-2017-en-alicante-70468316-covo.aspx,-7.625818473062792
PEUGEOT e-2008 Electrico Allure 156,27990.0,26003.377,https://www.coches.net/peugeot-e-2008-electrico-allure-156-115kw-5p-electrico-hibrido-2023-en-madrid-70424165-covo.aspx,-7.639865585366805
BMW X4 xDrive20d,24990.0,23215.156,https://www.coches.net/bmw-x4-xdrive20d-5p-diesel-2015-en-las-palmas-62324600-covo.aspx,-7.645194074452977
PEUGEOT 3008 2.0BLUEHDI GT LINE SS,13900.0,12912.266,https://www.coches.net/peugeot-3008-20bluehdi-110kw-150cv-gt-line-ss-5p-diesel-2016-en-madrid-70495060-covo.aspx,-7.649582216521356
BMW Serie 4 420d,24999.0,23220.57,https://www.coches.net/bmw-serie-4-420d-2p-diesel-2017-en-alicante-70024704-covo.aspx,-7.658854470695937
MITSUBISHI ASX 160 MPI Motion,15990.0,14850.208,https://www.coches.net/mitsubishi-asx-160-mpi-motion-5p-gasolina-2019-en-madrid-70272594-covo.aspx,-7.675259441402238
KIA Niro 1.6 GDi HEV Concept,26490.0,24599.248,https://www.coches.net/kia-niro-16-gdi-hev-95kw-129cv-concept-5p-electrico-hibrido-2025-en-huelva-70362881-covo.aspx,-7.686218495468175
BMW X1 sDrive18dA Corporate,27990.0,25991.932,https://www.coches.net/bmw-x1-sdrive18da-corporate-5p-diesel-2022-en-murcia-70284100-covo.aspx,-7.687263828641536
OPEL Mokka-e BEV 50kWh Ultimate,21490.0,19954.064,https://www.coches.net/opel-mokka-e-bev-50kwh-ultimate-5p-electrico-hibrido-2021-en-huelva-61669152-covo.aspx,-7.697356849192985
VOLKSWAGEN Touareg Prem Eleg 3.0 V6 TDI Tip 4M,49890.0,46319.934,https://www.coches.net/volkswagen-touareg-prem-eleg-30-v6-tdi-210kw-tip-4m-5p-diesel-2022-en-madrid-70449333-covo.aspx,-7.707408299764301
VOLKSWAGEN Touareg Prem Eleg 3.0 V6 TDI Tip 4M,49890.0,46319.934,https://www.coches.net/volkswagen-touareg-prem-eleg-30-v6-tdi-210kw-tip-4m-5p-diesel-2022-en-madrid-70503033-covo.aspx,-7.707408299764301
PORSCHE Panamera Diesel,37950.0,35231.71,https://www.coches.net/porsche-panamera-diesel-5p-diesel-2016-en-alicante-70191552-covo.aspx,-7.715461412936101
MERCEDES-BENZ GLC Coupé GLC 300 de 4MATIC,38400.0,35647.543,https://www.coches.net/mercedes-benz-glc-coupe-glc-300-de-4matic-5p-electrico-hibrido-2021-en-murcia-70419844-covo.aspx,-7.721309246090001
OPEL Grandland 1.2T XHT Hybrid eDCT6 SS GS,28990.0,26907.867,https://www.coches.net/opel-grandland-12t-xht-hybrid-edct6-ss-gs-5p-electrico-hibrido-2025-en-madrid-70425251-covo.aspx,-7.738007616847652
VOLKSWAGEN T-Roc Cabrio Style 1.0 TSI,17990.0,16689.797,https://www.coches.net/volkswagen-t-roc-cabrio-style-10-tsi-81kw-110cv-2p-gasolina-2023-en-sta-c-tenerife-70099390-covo.aspx,-7.7904071256109875
SEAT León 1.5 TSI SS Style Visio Ed,14290.0,13249.728,https://www.coches.net/seat-leon-15-tsi-96kw-130cv-ss-style-visio-ed-5p-gasolina-2020-en-castellon-70485360-covo.aspx,-7.851274359194149
PORSCHE Taycan GTS,99900.0,92624.94,https://www.coches.net/porsche-taycan-gts-4p-electrico-hibrido-2024-en-lugo-70494903-covo.aspx,-7.854323788342637
SEAT León SP 1.0 TSI SS Style,16250.0,15055.467,https://www.coches.net/seat-leon-sp-10-tsi-81kw-ss-style-5p-gasolina-2022-en-malaga-70483649-covo.aspx,-7.934215652303416
KIA Niro 1.6 GDi HEV Drive,27900.0,25847.275,https://www.coches.net/kia-niro-16-gdi-hev-104kw-141cv-drive-5p-electrico-hibrido-2024-en-madrid-61634849-covo.aspx,-7.941744645625351
LAND-ROVER Defender 90 2.5TD5 HTOP,52900.0,48999.39,https://www.coches.net/land-rover-defender-90-25td5-htop-3p-diesel-1999-en-madrid-57512817-covo.aspx,-7.960526294810427
AUDI A3 Sportback S line 40 TFSI e S tron,31490.0,29163.135,https://www.coches.net/audi-a3-sportback-s-line-40-tfsi-e-150kw-s-tron-5p-electrico-hibrido-2022-en-madrid-70500632-covo.aspx,-7.978789842296752
VOLVO XC40 2.0 B3 G Plus Dark Auto,36650.0,33936.08,https://www.coches.net/volvo-xc40-20-b3-g-plus-dark-auto-5p-electrico-hibrido-2026-en-navarra-70426987-covo.aspx,-7.997158260313853
CITROEN C3 PureTech Feel,12790.0,11842.153,https://www.coches.net/citroen-c3-puretech-60kw-83cv-feel-5p-gasolina-2022-en-madrid-70326929-covo.aspx,-8.004006146936861
PORSCHE 911 GT3 Pack Touring,216900.0,200813.38,https://www.coches.net/porsche-911-gt3-pack-touring-2p-gasolina-2023-en-asturias-60788328-covo.aspx,-8.010733846786849
CITROEN C1 VTi City Edition,9999.0,9256.953,https://www.coches.net/citroen-c1-vti-53kw-72cv-city-edition-5p-gasolina-2018-en-alicante-70498656-covo.aspx,-8.01610276059381
FIAT 500C Monotrim 1.0 Hybrid 70 CV,13750.0,12729.072,https://www.coches.net/fiat-500c-monotrim-10-hybrid-51kw-70-cv-2p-electrico-hibrido-2023-en-malaga-70475529-covo.aspx,-8.020441027206882
FORD Tourneo Courier 1.0 EcoBoost Ambiente,13800.0,12772.792,https://www.coches.net/ford-tourneo-courier-10-ecoboost-74kw-100cv-ambiente-5p-gasolina-2017-en-valencia-70460675-covo.aspx,-8.042157176291555
MASERATI Levante V6 430 HP AWD S,56900.0,52652.582,https://www.coches.net/maserati-levante-v6-430-hp-awd-s-5p-gasolina-2018-en-asturias-60525064-covo.aspx,-8.066874984837593
PORSCHE 911 Carrera S Coupe 997,68990.0,63824.582,https://www.coches.net/porsche-911-carrera-s-coupe-997-2p-gasolina-2005-en-sta-c-tenerife-70013606-covo.aspx,-8.093148132518738
RENAULT Arkana RS Line TCe 103kW140CV EDC mild hybrid,20990.0,19409.07,https://www.coches.net/renault-arkana-rs-line-tce-103kw140cv-edc-mild-hybrid-5p-electrico-hibrido-2021-en-madrid-70448083-covo.aspx,-8.1453138251647
MINI COUNTRYMAN COOPER D COUNTRYMAN,12000.0,11094.252,https://www.coches.net/mini-countryman-cooper-d-countryman-5p-diesel-2016-en-murcia-62284718-covo.aspx,-8.164120038934858
AUDI Q8 RS Q8 TFSI quattro tipt,92999.0,85979.16,https://www.coches.net/audi-q8-rs-q8-tfsi-441kw-600cv-quattro-tipt-5p-gasolina-2021-en-alicante-70313483-covo.aspx,-8.164587856141004
MERCEDES-BENZ Clase GLC GLC 220 d 4MATIC,31495.0,29113.996,https://www.coches.net/mercedes-benz-clase-glc-glc-220-d-4matic-5p-diesel-2019-en-jaen-70257109-covo.aspx,-8.178210571241843
BMW X3 xDrive20d,35900.0,33178.55,https://www.coches.net/bmw-x3-xdrive20d-5p-electrico-hibrido-2021-en-albacete-70294444-covo.aspx,-8.202435473124874
MAZDA Mazda3 2.0 eSKYACTIVG HOMURA,22900.0,21160.758,https://www.coches.net/mazda-mazda3-20-eskyactivg-88kw-homura-5p-electrico-hibrido-2022-en-valencia-70518834-covo.aspx,-8.21918667994301
BMW Serie 2 230iA,40900.0,37785.16,https://www.coches.net/bmw-serie-2-230ia-2p-gasolina-2024-en-sta-c-tenerife-70515976-covo.aspx,-8.243553370872183
VOLVO V40 2.0 D2 Kinetic Auto,12470.0,11519.415,https://www.coches.net/volvo-v40-20-d2-kinetic-auto-5p-diesel-2018-en-madrid-70269369-covo.aspx,-8.252024583835663
KIA XCeed 1.0 TGDi Drive,19480.0,17993.959,https://www.coches.net/kia-xceed-10-tgdi-drive-74kw-100cv-5p-gasolina-2025-en-malaga-70426916-covo.aspx,-8.258555090157754
KIA e-Niro eNiro Emotion Long Range,34420.0,31792.719,https://www.coches.net/kia-e-niro-eniro-150kw-emotion-long-range-5p-electrico-hibrido-2023-en-sevilla-62021263-covo.aspx,-8.263782882676557
MG ZS 1.5 Luxury,14985.0,13840.292,https://www.coches.net/mg-zs-15-luxury-5p-gasolina-2022-en-sta-c-tenerife-70430311-covo.aspx,-8.27083712149035
HONDA CR-V 2.0 iMMD 4x2Elegance Navi,28990.0,26773.57,https://www.coches.net/honda-cr-v-20-immd-4x2elegance-navi-5p-electrico-hibrido-2023-en-barcelona-70489192-covo.aspx,-8.278424063843278
JEEP Avenger 1.2 G Altitude,16990.0,15689.9,https://www.coches.net/jeep-avenger-12-g-74kw-100cv-altitude-5p-gasolina-2023-en-sta-c-tenerife-62243682-covo.aspx,-8.28621965090252
JEEP Avenger 1.2 G Altitude,16990.0,15689.9,https://www.coches.net/jeep-avenger-12-g-74kw-100cv-altitude-5p-gasolina-2024-en-sta-c-tenerife-62487745-covo.aspx,-8.28621965090252
JEEP Avenger 1.2 G Altitude,16990.0,15689.9,https://www.coches.net/jeep-avenger-12-g-74kw-100cv-altitude-5p-gasolina-2023-en-sta-c-tenerife-62460923-covo.aspx,-8.28621965090252
SKODA Enyaq IV 60 180 CV 60kWh 58kwh net,23490.0,21690.352,https://www.coches.net/skoda-enyaq-iv-60-132-kw-180-cv-60-kwh-58-kwh-net-5p-electrico-hibrido-2022-en-valencia-70518152-covo.aspx,-8.296999854125808
VOLKSWAGEN T-Roc TRoc 2.0 TDI,27090.0,25006.22,https://www.coches.net/volkswagen-t-roc-troc-20-tdi-85kw-115cv-5p-diesel-2024-en-madrid-70326854-covo.aspx,-8.333043691862612
KIA Stonic 1.2 DPi Concept,13850.0,12784.6455,https://www.coches.net/kia-stonic-12-dpi-62kw-84cv-concept-5p-gasolina-2022-en-madrid-70326873-covo.aspx,-8.333078078203094
ALFA ROMEO Giulia 2.2 Diesel Competizione Q4,37900.0,34981.273,https://www.coches.net/alfa-romeo-giulia-22-diesel-154kw-210cv-competizione-q4-4p-diesel-2023-en-pontevedra-70504515-covo.aspx,-8.343682992887043
PORSCHE Macan Macan,59985.0,55360.375,https://www.coches.net/porsche-macan-macan-5p-gasolina-2021-en-las-palmas-70497372-covo.aspx,-8.35367354357697
SKODA Fabia 1.0 MPI Ambition,14400.0,13287.862,https://www.coches.net/skoda-fabia-10-mpi-59kw-80cv-ambition-5p-gasolina-2022-en-valencia-62373089-covo.aspx,-8.36957570609515
BMW X5 xDrive45e,52500.0,48441.35,https://www.coches.net/bmw-x5-xdrive45e-5p-electrico-hibrido-2022-en-murcia-70465541-covo.aspx,-8.378478937078068
SKODA Karoq 1.5 TSI DSG ACT Selection,28900.0,26665.412,https://www.coches.net/skoda-karoq-15-tsi-110kw-150cv-dsg-act-selection-5p-gasolina-2025-en-guipuzcoa-61608602-covo.aspx,-8.380098839122633
KIA Stonic 1.2 DPi Concept,14985.0,13823.187,https://www.coches.net/kia-stonic-12-dpi-62kw-84cv-concept-5p-gasolina-2023-en-sta-c-tenerife-70519878-covo.aspx,-8.404816607173904
CITROEN Berlingo Talla M BlueHDi 100 SS LIVE PACK,13990.0,12904.718,https://www.coches.net/citroen-berlingo-talla-m-bluehdi-100-ss-live-pack-4p-diesel-2021-en-sevilla-70385240-covo.aspx,-8.409964833143402
PEUGEOT Rifter Active Pack Standard BlueHDi,16800.0,15490.806,https://www.coches.net/peugeot-rifter-active-pack-standard-bluehdi-73kw-5p-diesel-2021-en-valencia-70460661-covo.aspx,-8.45142831385931
MINI COUNTRYMAN Cooper S E ALL4,25900.0,23879.863,https://www.coches.net/mini-countryman-cooper-s-e-all4-5p-electrico-hibrido-2021-en-madrid-70379772-covo.aspx,-8.459582431261957
MG ZS 1.5 Luxury,18990.0,17506.195,https://www.coches.net/mg-zs-15-luxury-5p-gasolina-2024-en-huelva-70397404-covo.aspx,-8.475883314523028
SMART forfour 60kW81CV electric drive,11985.0,11048.189,https://www.coches.net/smart-forfour-60kw81cv-electric-drive-5p-electrico-hibrido-2019-en-las-palmas-70497377-covo.aspx,-8.479312839897233
PEUGEOT 3008 1.2 PureTech SS GT EAT8,17990.0,16581.977,https://www.coches.net/peugeot-3008-12-puretech-96kw-ss-gt-eat8-5p-gasolina-2021-en-vizcaya-70430725-covo.aspx,-8.491288310491484
AUDI A6 Avant 3.0 TDI quattro S tro S line,22900.0,21106.14,https://www.coches.net/audi-a6-avant-30-tdi-218cv-quattro-s-tro-s-line-5p-diesel-2016-en-burgos-70442620-covo.aspx,-8.499229711732294
LEXUS RX 450h Executive,73000.0,67280.3,https://www.coches.net/lexus-rx-450h-executive-5p-electrico-hibrido-2024-en-vizcaya-62466032-covo.aspx,-8.50130482573023
SEAT Ateca 2.0 TDI SS Style,20900.0,19260.459,https://www.coches.net/seat-ateca-20-tdi-85kw-115cv-ss-style-5p-diesel-2022-en-guipuzcoa-70485906-covo.aspx,-8.512471156347177
LAND-ROVER Range Rover Sport 3.0 I6 PHEV 460 PS AWD Auto Dynamic HSE,112900.0,104009.37,https://www.coches.net/land-rover-range-rover-sport-30-i6-phev-460-ps-awd-auto-dynamic-hse-5p-electrico-hibrido-2025-en-madrid-70313589-covo.aspx,-8.54791549348883
BMW Serie 2 Gran Tourer 216d,22990.0,21175.63,https://www.coches.net/bmw-serie-2-gran-tourer-216d-5p-diesel-2021-en-cadiz-70102409-covo.aspx,-8.568194037164808
FORD Mondeo 1.5 EcoBoost Trend,14999.0,13812.386,https://www.coches.net/ford-mondeo-15-ecoboost-118kw-160cv-trend-5p-gasolina-2018-en-navarra-62300899-covo.aspx,-8.590943519541275
TOYOTA C-HR 1.8 125H Advance,21985.0,20240.8,https://www.coches.net/toyota-c-hr-18-125h-advance-5p-electrico-hibrido-2020-en-sta-c-tenerife-70354389-covo.aspx,-8.617244137720743
CITROEN C4 Cactus BlueHDi 100 Feel,8490.0,7815.9976,https://www.coches.net/citroen-c4-cactus-bluehdi-100-feel-5p-diesel-2015-en-madrid-70068678-covo.aspx,-8.623370674741052
KIA XCeed 1.6 GDi PHEV eTech,26380.0,24283.318,https://www.coches.net/kia-xceed-16-gdi-phev-104kw-141cv-etech-5p-electrico-hibrido-2023-en-sevilla-62402849-covo.aspx,-8.634246809252655
FIAT 500 1.2 8v Mirror,9990.0,9194.306,https://www.coches.net/fiat-500-12-8v-51kw-69cv-mirror-3p-gasolina-2018-en-valencia-70317204-covo.aspx,-8.65420799579903
VOLKSWAGEN Golf Advance 1.6 TDI DSG,16900.0,15549.145,https://www.coches.net/volkswagen-golf-advance-16-tdi-85kw-115cv-dsg-5p-diesel-2018-en-murcia-62419378-covo.aspx,-8.687651375515284
MG ZS 1.5 Luxury,14985.0,13786.963,https://www.coches.net/mg-zs-15-luxury-5p-gasolina-2022-en-las-palmas-70430248-covo.aspx,-8.689637586459694
AUDI Q3 Sportback 45 TFSI S tronic Quattro S Line,31999.0,29440.271,https://www.coches.net/audi-q3-sportback-45-tfsi-169kw-s-tronic-quattro-s-line-5p-gasolina-2020-en-alicante-70240116-covo.aspx,-8.69125312578387
VOLKSWAGEN Golf Life 2.0 TDI,20900.0,19227.434,https://www.coches.net/volkswagen-golf-life-20-tdi-85kw-115cv-5p-diesel-2022-en-jaen-70448084-covo.aspx,-8.698854155937266
LAND-ROVER Range Rover Sport 3.0 SDV6 S,37990.0,34939.484,https://www.coches.net/land-rover-range-rover-sport-30-sdv6-183kw-249cv-s-5p-diesel-2020-en-valencia-70512082-covo.aspx,-8.730854732311716
VOLKSWAGEN Golf Life 1.0 eTSI DSG,18790.0,17279.996,https://www.coches.net/volkswagen-golf-life-10-etsi-81kw-110cv-dsg-5p-electrico-hibrido-2022-en-madrid-70255128-covo.aspx,-8.738450506919692
FORD Tourneo Custom 2.0 EcoBlue L1 Titanium Auto,37985.0,34921.625,https://www.coches.net/ford-tourneo-custom-20-ecoblue-125kw-l1-titanium-auto-4p-diesel-2024-en-las-palmas-70459101-covo.aspx,-8.7721433352543
LAND-ROVER Range Rover Evoque 1.5 P300e I3 S AUTO 4WD PHEV,47900.0,44026.43,https://www.coches.net/land-rover-range-rover-evoque-15-p300e-i3-s-auto-4wd-phev-5p-electrico-hibrido-2024-en-sta-c-tenerife-61887301-covo.aspx,-8.79828398531209
BMW Serie 4 420d Automatica,22490.0,20668.986,https://www.coches.net/bmw-serie-4-420d-automatica-2p-diesel-2016-en-castellon-61555434-covo.aspx,-8.810367586324658
MAZDA CX-60 eSkyactiv PHEV AWD Homura,49900.0,45851.58,https://www.coches.net/mazda-cx-60-eskyactiv-phev-awd-homura-5p-electrico-hibrido-2024-en-madrid-70286883-covo.aspx,-8.829405749052393
RENAULT Grand Scénic Limited TCe EDC GPF MY21,20490.0,18827.197,https://www.coches.net/renault-grand-scenic-limited-tce-103-kw-140cv-edc-gpf-my21-5p-gasolina-2021-en-vizcaya-70500154-covo.aspx,-8.831918585199997
BMW X1 sDrive18d,32990.0,30311.19,https://www.coches.net/bmw-x1-sdrive18d-5p-diesel-2022-en-sevilla-70431042-covo.aspx,-8.83769523798355
VOLKSWAGEN Golf Mas 1.5 TSI,23900.0,21950.373,https://www.coches.net/volkswagen-golf-mas-15-tsi-85kw-116cv-5p-gasolina-2026-en-lugo-70494870-covo.aspx,-8.881976397219189
VOLVO XC90 2.0 T8 AWD Recharge Inscription Auto,38900.0,35725.51,https://www.coches.net/volvo-xc90-20-t8-awd-recharge-inscription-auto-5p-electrico-hibrido-2022-en-barcelona-70486979-covo.aspx,-8.885774138775785
BMW Serie 5 520dA,33990.0,31209.43,https://www.coches.net/bmw-serie-5-520da-4p-diesel-2020-en-almeria-70368563-covo.aspx,-8.909391617667636
SEAT Alhambra 1.4 TSI DSG SS Xcellence,22890.0,21012.518,https://www.coches.net/seat-alhambra-14-tsi-110kw-dsg-ss-xcellence-5p-gasolina-2022-en-madrid-70281216-covo.aspx,-8.935066514017082
VOLKSWAGEN Scirocco 2.0 TDI DPF,10999.0,10095.955,https://www.coches.net/volkswagen-scirocco-20-tdi-140cv-dpf-3p-diesel-2010-en-alicante-62544275-covo.aspx,-8.94462103770287
SKODA Kamiq 1.0 TSI DSG SELECTION,22900.0,21016.277,https://www.coches.net/skoda-kamiq-10-tsi-85kw-115cv-dsg-selection-5p-gasolina-2025-en-guipuzcoa-70488666-covo.aspx,-8.963160437213194
NISSAN JUKE DIGT 114 CV DCT 7V NConnecta,22900.0,21016.277,https://www.coches.net/nissan-juke-digt-84-kw-114-cv-dct-7v-nconnecta-5p-gasolina-2025-en-valencia-62281867-covo.aspx,-8.963160437213194
KIA e-Niro eNiro Emotion Long Range,29900.0,27432.42,https://www.coches.net/kia-e-niro-eniro-150kw-emotion-long-range-5p-electrico-hibrido-2024-en-madrid-61156022-covo.aspx,-8.99512359883831
BMW X2 sDrive18d,39985.0,36684.64,https://www.coches.net/bmw-x2-sdrive18d-5p-diesel-2025-en-las-palmas-70516613-covo.aspx,-8.996570005243168
FORD Focus 1.0 Ecoboost STLine,11999.0,11003.225,https://www.coches.net/ford-focus-10-ecoboost-92kw-stline-5p-gasolina-2018-en-madrid-70423741-covo.aspx,-9.049850620849606
VOLKSWAGEN Passat Alltrack 2.0 TDI 4Mot DSG,37300.0,34204.39,https://www.coches.net/volkswagen-passat-alltrack-20-tdi-147kw-200cv-4mot-dsg-5p-diesel-2024-en-guipuzcoa-62004103-covo.aspx,-9.050327511864568
AUDI Q5 Black Line 50 TFSI e quattro,39990.0,36669.53,https://www.coches.net/audi-q5-black-line-50-tfsi-e-quattro-5p-electrico-hibrido-2022-en-sta-c-tenerife-62540003-covo.aspx,-9.055116432665061
ALFA ROMEO Giulia 2.2 Diesel Giulia,19490.0,17868.863,https://www.coches.net/alfa-romeo-giulia-22-diesel-100-kw-136cv-giulia-4p-diesel-2016-en-alicante-70426730-covo.aspx,-9.072411004739608
AUDI Q3 45 TFSI e S tronic S Line,38985.0,35739.316,https://www.coches.net/audi-q3-45-tfsi-e-180kw-s-tronic-s-line-5p-electrico-hibrido-2023-en-sta-c-tenerife-70354395-covo.aspx,-9.081549173622143
BMW Serie 5 530e,52900.0,48464.574,https://www.coches.net/bmw-serie-5-530e-4p-electrico-hibrido-2025-en-madrid-70422247-covo.aspx,-9.151892599386585
MERCEDES-BENZ GLC Coupé GLC 300 de 4MATIC,38985.0,35704.117,https://www.coches.net/mercedes-benz-glc-coupe-glc-300-de-4matic-5p-electrico-hibrido-2022-en-sta-c-tenerife-70406299-covo.aspx,-9.189088180700448
SEAT Ateca 1.5 TSI DSG StSp Style,19900.0,18220.064,https://www.coches.net/seat-ateca-15-tsi-110kw-150cv-dsg-stsp-style-5p-gasolina-2020-en-cuenca-70317459-covo.aspx,-9.220250297121574
RENAULT Arkana RS Line TCe 103kW140CV EDC mild hy SS,22990.0,21048.648,https://www.coches.net/renault-arkana-rs-line-tce-103kw140cv-edc-mild-hy-ss-5p-electrico-hibrido-2021-en-vizcaya-62309822-covo.aspx,-9.223164937475573
MERCEDES-BENZ Clase GLC GLC 220 d 4MATIC,41990.0,38441.75,https://www.coches.net/mercedes-benz-clase-glc-glc-220-d-4matic-5p-diesel-2021-en-valencia-70417451-covo.aspx,-9.230198937353268
AUDI A3 RS3 Sedan TFSI quattro S tronic,59990.0,54903.46,https://www.coches.net/audi-a3-rs3-sedan-tfsi-294kw-quattro-s-tronic-4p-gasolina-2023-en-sta-c-tenerife-70075898-covo.aspx,-9.264514432506035
FIAT 600 600 MHEV La prima 1.2 DDCT,21900.0,20039.588,https://www.coches.net/fiat-600-600-mhev-la-prima-12-74kw-100cv-ddct-5p-electrico-hibrido-2025-en-malaga-70463919-covo.aspx,-9.283684472600084
BMW X3 xDrive20d Business,31990.0,29268.64,https://www.coches.net/bmw-x3-xdrive20d-business-5p-diesel-2019-en-almeria-70513732-covo.aspx,-9.297867331342793
SEAT León SP 1.5 TSI Style 25 Aniversario,22500.0,20582.008,https://www.coches.net/seat-leon-sp-15-tsi-85kw-style-25-aniversario-5p-gasolina-2025-en-guipuzcoa-61746736-covo.aspx,-9.318780776747895
HONDA HR-V 1.5 iMMD Elegance 4x2,30990.0,28347.049,https://www.coches.net/km-0/honda/hr-v/murcia/15-immd-elegance-4x2-electrico-hibrido-de-demostracion-70429700-devn.aspx,-9.323549650264656
MG ZS 1.5 Luxury,18990.0,17367.275,https://www.coches.net/mg-zs-15-luxury-5p-gasolina-2024-en-huelva-70429356-covo.aspx,-9.343576196476738
MG ZS 1.5 Luxury,18990.0,17367.275,https://www.coches.net/mg-zs-15-luxury-5p-gasolina-2024-en-huelva-70397400-covo.aspx,-9.343576196476738
NISSAN Pathfinder 2.5 dCi CHROME 7 plazas,9980.0,9126.92,https://www.coches.net/nissan-pathfinder-25-dci-171cv-chrome-7-plazas-5p-diesel-2008-en-jaen-70474119-covo.aspx,-9.34685617302695
VOLKSWAGEN Tiguan RLine 1.4 TSI eHybrid DSG,32985.0,30159.61,https://www.coches.net/volkswagen-tiguan-rline-14-tsi-ehybrid-180kw-245cv-dsg-5p-electrico-hibrido-2023-en-sta-c-tenerife-70398597-covo.aspx,-9.3681273847732
BMW Serie 4 430i Auto.,34985.0,31975.78,https://www.coches.net/bmw-serie-4-430i-auto-2p-gasolina-2020-en-las-palmas-70497369-covo.aspx,-9.410937807602055
VOLKSWAGEN Scirocco 2.0 TDI DPF,9999.0,9135.791,https://www.coches.net/volkswagen-scirocco-20-tdi-140cv-dpf-3p-diesel-2011-en-alicante-62544400-covo.aspx,-9.448650728750781
MERCEDES-BENZ CLA CLA 200 D DCT,31990.0,29223.16,https://www.coches.net/mercedes-benz-cla-cla-200-d-dct-4p-diesel-2021-en-barcelona-70466293-covo.aspx,-9.467969339921822
VOLKSWAGEN Golf Advance 1.4 TSI DSG,15900.0,14520.623,https://www.coches.net/volkswagen-golf-advance-14-tsi-92kw-125cv-dsg-5p-gasolina-2018-en-murcia-70485974-covo.aspx,-9.499433658405293
OPEL Astra 1.2T XHT GS,17990.0,16428.418,https://www.coches.net/opel-astra-12t-xht-96kw-130cv-gs-5p-gasolina-2023-en-madrid-70316372-covo.aspx,-9.505370719325674
KIA Sportage 1.6 TGDi Drive 4x2,28750.0,26253.45,https://www.coches.net/kia-sportage-16-tgdi-110kw-150cv-drive-4x2-5p-gasolina-2024-en-malaga-70516177-covo.aspx,-9.509420116374589
HONDA HR-V 1.5 iMMD Advance 4x2,31900.0,29121.639,https://www.coches.net/honda-hr-v-15-immd-advance-4x2-5p-electrico-hibrido-2025-en-navarra-70176453-covo.aspx,-9.540539113989752
DS DS 7 Crossback BlueHDi DE Auto. Bastille,18990.0,17332.758,https://www.coches.net/ds-ds-7-crossback-bluehdi-de-96kw-130cv-auto-bastille-5p-diesel-2021-en-vizcaya-62309421-covo.aspx,-9.561330086230328
VOLKSWAGEN Golf Mas 2.0 TDI,28900.0,26374.707,https://www.coches.net/volkswagen-golf-mas-20-tdi-85kw-115cv-5p-diesel-2025-en-jaen-70448243-covo.aspx,-9.574676851416449
CITROEN Berlingo Talla M BlueHDi 100 FEEL,13990.0,12766.848,https://www.coches.net/citroen-berlingo-talla-m-bluehdi-100-feel-5p-diesel-2019-en-madrid-70470767-covo.aspx,-9.580691934952375
AUDI A3 Sportback 30 TFSI S tronic,21490.0,19610.875,https://www.coches.net/audi-a3-sportback-30-tfsi-81kw-110cv-s-tronic-5p-electrico-hibrido-2022-en-madrid-70316412-covo.aspx,-9.582055874610388
FIAT 500L Cross 1.4 16v 95 CV SS,13985.0,12760.474,https://www.coches.net/fiat-500l-cross-14-16v-70-kw-95-cv-ss-5p-gasolina-2021-en-las-palmas-70497352-covo.aspx,-9.596245424924762
BMW X1 sDrive18i,24990.0,22794.572,https://www.coches.net/bmw-x1-sdrive18i-5p-gasolina-2021-en-madrid-70406559-covo.aspx,-9.631361838211724
MERCEDES-BENZ Clase GLC GLC 220 d 4MATIC AMG Line,27990.0,25525.021,https://www.coches.net/mercedes-benz-clase-glc-glc-220-d-4matic-amg-line-5p-diesel-2017-en-murcia-70292325-covo.aspx,-9.657106526370303
BMW X3 xDrive20d,33990.0,30995.889,https://www.coches.net/bmw-x3-xdrive20d-5p-diesel-2020-en-albacete-70071105-covo.aspx,-9.659704742848014
BMW X1 sDrive20i,43000.0,39195.73,https://www.coches.net/bmw-x1-sdrive20i-5p-electrico-hibrido-2025-en-ciudad-real-62531505-covo.aspx,-9.705826338108613
MERCEDES-BENZ Clase G MercedesAMG G 63,175000.0,159450.6,https://www.coches.net/mercedes-benz-clase-g-mercedesamg-g-63-5p-gasolina-2019-en-murcia-70489716-covo.aspx,-9.751864752777065
KIA Stonic 1.0 TGDi MHEV iMT Concept,17000.0,15488.317,https://www.coches.net/kia-stonic-10-tgdi-74kw-100cv-mhev-imt-concept-5p-electrico-hibrido-2022-en-valencia-70513404-covo.aspx,-9.760147470021666
TOYOTA Aygo 1.0 70 xplay,11999.0,10927.9,https://www.coches.net/toyota-aygo-10-70-xplay-5p-gasolina-2015-en-alicante-70498669-covo.aspx,-9.801513292470087
KIA Ceed 1.0 TGDi Drive,19990.0,18202.436,https://www.coches.net/kia-ceed-10-tgdi-74kw-100cv-drive-5p-gasolina-2025-en-huelva-70362883-covo.aspx,-9.82046852203737
KIA Ceed 1.0 TGDi Drive,19990.0,18202.436,https://www.coches.net/kia-ceed-10-tgdi-74kw-100cv-drive-5p-gasolina-2025-en-huelva-70362884-covo.aspx,-9.82046852203737
NISSAN JUKE 1.2 DIGT ACENTA,10900.0,9924.461,https://www.coches.net/nissan-juke-12-digt-acenta-5p-gasolina-2016-en-jaen-70096616-covo.aspx,-9.82964282537386
VOLVO XC40 2.0 D3 AWD Inscription Auto,26990.0,24569.334,https://www.coches.net/volvo-xc40-20-d3-awd-inscription-auto-5p-diesel-2020-en-almeria-70498939-covo.aspx,-9.8523876030357
JEEP Compass 1.4 Mair Limited 4x2,14490.0,13189.87,https://www.coches.net/jeep-compass-14-mair-103kw-limited-4x2-5p-gasolina-2018-en-madrid-70326932-covo.aspx,-9.85703324794929
VOLKSWAGEN Golf Life 1.0 TSI,22290.0,20282.252,https://www.coches.net/volkswagen-golf-life-10-tsi-81kw-110cv-5p-gasolina-2024-en-madrid-70316410-covo.aspx,-9.899039078674175
OPEL Astra 1.7 CDTi 110 CV Selective,6490.0,5903.1304,https://www.coches.net/opel-astra-17-cdti-110-cv-selective-5p-diesel-2013-en-madrid-70405220-covo.aspx,-9.941668098336663
AUDI R8 Spyder 5.2 FSI quattro S tronic,118990.0,108213.11,https://www.coches.net/audi-r8-spyder-52-fsi-397kw-quattro-s-tronic-2p-gasolina-2018-en-valencia-70492101-covo.aspx,-9.958951080181915
VOLKSWAGEN Sharan Sport 2.0 TDI 135kW184CV BMT DSG,21990.0,19997.22,https://www.coches.net/volkswagen-sharan-sport-20-tdi-135kw184cv-bmt-dsg-5p-diesel-2017-en-valencia-70369764-covo.aspx,-9.96528130813491
RENAULT Trafic SL LIMITED Energy dCi 120 CV SS,18990.0,17261.39,https://www.coches.net/renault-trafic-sl-limited-energy-dci-88-kw-120-cv-ss-4p-diesel-2019-en-sta-c-tenerife-62344205-covo.aspx,-10.014311202113822
PEUGEOT Rifter Active Pack Standard BlueHDi,15490.0,14075.333,https://www.coches.net/peugeot-rifter-active-pack-standard-bluehdi-73kw-5p-diesel-2021-en-madrid-70449335-covo.aspx,-10.050682221175801
VOLVO EX90 Twin BEV eAWD Ultra,86900.0,78960.03,https://www.coches.net/volvo-ex90-twin-bev-449cv-eawd-ultra-5p-electrico-hibrido-2026-en-valencia-70314335-covo.aspx,-10.055680860688616
BMW X1 sDrive18d,17990.0,16346.215,https://www.coches.net/bmw-x1-sdrive18d-5p-diesel-2016-en-alicante-70259837-covo.aspx,-10.056059901100003
MAZDA CX-30 eSKYACTIVG 2.0 2WD Evolution,22900.0,20803.38,https://www.coches.net/mazda-cx-30-eskyactivg-20-90-kw-2wd-evolution-5p-electrico-hibrido-2022-en-valencia-70354519-covo.aspx,-10.078261580641893
MAZDA CX-30 2.0 2WD Zenith sin Pack Bose,23300.0,21160.758,https://www.coches.net/mazda-cx-30-20-90-kw-2wd-zenith-sin-pack-bose-5p-electrico-hibrido-2022-en-valencia-70521072-covo.aspx,-10.109478150335029
KIA Stonic 1.0 TGDi Black Edition,14490.0,13159.045,https://www.coches.net/kia-stonic-10-tgdi-74kw-100cv-black-edition-5p-gasolina-2020-en-barcelona-70469653-covo.aspx,-10.114374455189227
TOYOTA Corolla 1.8 125H ACTIVE TECH ECVT,21900.0,19888.17,https://www.coches.net/toyota-corolla-18-125h-active-tech-ecvt-5p-electrico-hibrido-2022-en-guipuzcoa-70511400-covo.aspx,-10.115712436226664
KIA XCeed 1.6 GDi PHEV eTech,26740.0,24283.318,https://www.coches.net/kia-xceed-16-gdi-phev-104kw-141cv-etech-5p-electrico-hibrido-2023-en-sevilla-70518196-covo.aspx,-10.116746007559364
SKODA Kodiaq 1.5 TSI DSG mHEV Selection,33900.0,30763.684,https://www.coches.net/skoda-kodiaq-15-tsi-110kw-dsg-mhev-selection-5p-electrico-hibrido-2025-en-guipuzcoa-70488668-covo.aspx,-10.194866283461513
TOYOTA Hilux 2.4 D4D Cabina Doble GX Plus,23990.0,21763.39,https://www.coches.net/toyota-hilux-24-d4d-cabina-doble-gx-plus-4p-diesel-2021-en-castellon-70509502-covo.aspx,-10.230985664716478
POLESTAR 4 Long Range Single Motor,47900.0,43448.285,https://www.coches.net/polestar-4-long-range-single-motor-5p-electrico-hibrido-2025-en-valencia-70332581-covo.aspx,-10.24600816290128
MERCEDES-BENZ Clase GLC GLC 220 d 4MATIC AMG Line,22500.0,20396.53,https://www.coches.net/mercedes-benz-clase-glc-glc-220-d-4matic-amg-line-5p-diesel-2016-en-murcia-61677614-covo.aspx,-10.312885454719385
KIA XCeed 1.6 GDi PHEV eMotion,26790.0,24283.318,https://www.coches.net/kia-xceed-16-gdi-phev-104kw-141cv-emotion-5p-electrico-hibrido-2023-en-sevilla-62247138-covo.aspx,-10.32264867399085
FORD Ranger 2.0 TDCi 4x4 Dob Cab Wildtrack SS,30000.0,27192.479,https://www.coches.net/ford-ranger-20-tdci-157kw-4x4-dob-cab-wildtrack-ss-4p-diesel-2020-en-murcia-70492731-covo.aspx,-10.324625181782446
SKODA Kodiaq 1.5 TSI 4x2 Ambition,20900.0,18943.143,https://www.coches.net/skoda-kodiaq-15-tsi-110kw-150cv-4x2-ambition-5p-gasolina-2020-en-valladolid-70421692-covo.aspx,-10.330162557793992
BMW X6 M50d,45000.0,40786.16,https://www.coches.net/bmw-x6-m50d-5p-diesel-2017-en-ciudad-real-70401941-covo.aspx,-10.33154341474403
SEAT León SP 1.0 TSI SS Style XL Vision,21500.0,19482.53,https://www.coches.net/seat-leon-sp-10-tsi-81kw-ss-style-xl-vision-5p-gasolina-2024-en-guipuzcoa-61665420-covo.aspx,-10.35528124907582
OPEL Grandland 1.2T XHT Hybrid eDCT6 SS GS,28990.0,26265.354,https://www.coches.net/opel-grandland-12t-xht-hybrid-edct6-ss-gs-5p-electrico-hibrido-2024-en-madrid-70407001-covo.aspx,-10.373538215482744
LEXUS ES 2.5 300h Premium,49000.0,44368.887,https://www.coches.net/lexus-es-25-300h-premium-4p-electrico-hibrido-2024-en-granada-70465640-covo.aspx,-10.437749566731684
AUDI Q8 Black line 55 TFSIe quattro tiptro,91900.0,83212.77,https://www.coches.net/audi-q8-black-line-55-tfsie-290kw-quattro-tiptro-5p-electrico-hibrido-2025-en-jaen-62294026-covo.aspx,-10.43977529366313
VOLVO XC90 2.0 T8 AWD Business Plus Auto,35900.0,32503.863,https://www.coches.net/volvo-xc90-20-t8-awd-business-plus-auto-5p-electrico-hibrido-2020-en-madrid-70413859-covo.aspx,-10.448409437868502
DS DS 7 Crossback BlueHDi DE AT. PERF.LINE,17490.0,15827.804,https://www.coches.net/ds-ds-7-crossback-bluehdi-de-96kw-130cv-at-perfline-5p-diesel-2021-en-castellon-70310025-covo.aspx,-10.501749449381098
BMW X2 sDrive20d,44500.0,40266.383,https://www.coches.net/bmw-x2-sdrive20d-5p-electrico-hibrido-2025-en-ciudad-real-70081819-covo.aspx,-10.514024086081422
KIA Sportage 1.6 TGDi Drive 4x2,28750.0,26011.852,https://www.coches.net/kia-sportage-16-tgdi-110kw-150cv-drive-4x2-5p-gasolina-2024-en-malaga-70256230-covo.aspx,-10.52654183775004
NISSAN JUKE DIGT 114 CV 6MT NConnecta,23790.0,21522.826,https://www.coches.net/nissan-juke-digt-84-kw-114-cv-6mt-nconnecta-5p-gasolina-2025-en-huelva-70168065-covo.aspx,-10.533810987553457
VOLVO XC60 2.0 B4 D Core Auto,46900.0,42427.516,https://www.coches.net/volvo-xc60-20-b4-d-core-auto-5p-electrico-hibrido-2024-en-asturias-62400608-covo.aspx,-10.541471281350804
PEUGEOT 3008 1.5L BlueHDi SS GT Line,16990.0,15367.371,https://www.coches.net/peugeot-3008-15l-bluehdi-96kw-130cv-ss-gt-line-5p-diesel-2018-en-vizcaya-70313533-covo.aspx,-10.558923164873221
NISSAN Micra IGT 92 CV E6DF CVT Acenta,14990.0,13558.185,https://www.coches.net/nissan-micra-igt-68-kw-92-cv-e6df-cvt-acenta-5p-gasolina-2022-en-sta-c-tenerife-62487776-covo.aspx,-10.560524694601487
MERCEDES-BENZ GLC Coupé GLC 200 4MATIC,39999.0,36177.523,https://www.coches.net/mercedes-benz-glc-coupe-glc-200-4matic-5p-electrico-hibrido-2021-en-alicante-70457780-covo.aspx,-10.563123728195361
RENAULT Clio Zen Energy dCi,9900.0,8953.753,https://www.coches.net/renault-clio-zen-energy-dci-66kw-90cv-5p-diesel-2016-en-pontevedra-70406724-covo.aspx,-10.568161504379656
OPEL Insignia ST GS Line 1.5D DVH MT6,17990.0,16269.457,https://www.coches.net/opel-insignia-st-gs-line-15d-dvh-90kw-122cv-mt6-5p-diesel-2021-en-huelva-61744792-covo.aspx,-10.575294341078626
BMW X2 sDrive16d,17990.0,16264.929,https://www.coches.net/bmw-x2-sdrive16d-5p-diesel-2019-en-malaga-70349566-covo.aspx,-10.60607961904229
PORSCHE Macan Macan,64999.0,58765.71,https://www.coches.net/porsche-macan-macan-5p-gasolina-2022-en-alicante-62391628-covo.aspx,-10.607017192609796
SKODA Kodiaq 1.5 TSI DSG mHEV Selection,33900.0,30648.584,https://www.coches.net/skoda-kodiaq-15-tsi-110kw-dsg-mhev-selection-5p-electrico-hibrido-2025-en-guipuzcoa-70488627-covo.aspx,-10.6086989770314
TOYOTA Yaris Cross 1.5 120H Business Plus,22850.0,20657.623,https://www.coches.net/toyota-yaris-cross-15-120h-business-plus-5p-electrico-hibrido-2021-en-las-palmas-70383417-covo.aspx,-10.612919735006269
MERCEDES-BENZ Clase E Cabrio E 220 d,39900.0,36065.742,https://www.coches.net/mercedes-benz-clase-e-cabrio-e-220-d-2p-diesel-2019-en-alicante-70476352-covo.aspx,-10.6313015619263
BMW X2 sDrive18d,39985.0,36135.895,https://www.coches.net/bmw-x2-sdrive18d-5p-diesel-2025-en-las-palmas-70459104-covo.aspx,-10.651750893896725
MAZDA Mazda3 2.5L ESKY G MHEV Nagisa,28990.0,26198.826,https://www.coches.net/km-0/mazda/mazda3/madrid/25l-esky-g-mhev-103kw-nagisa-electrico-hibrido-de-km0-70288940-kovn.aspx,-10.653812540354899
TOYOTA Highlander 2.5 Advance P. Metalizada,44900.0,40565.277,https://www.coches.net/toyota-highlander-25-advance-p-metalizada-5p-electrico-hibrido-2022-en-valladolid-70355295-covo.aspx,-10.685795685599725
VOLKSWAGEN Arteon RLine 2.0 TDI DSG,26990.0,24364.91,https://www.coches.net/volkswagen-arteon-rline-20-tdi-110kw-150cv-dsg-5p-diesel-2022-en-murcia-70177446-covo.aspx,-10.774059197901952
TOYOTA Corolla 1.8 125H ACTIVE TECH ECVT SEDAN,19900.0,17959.977,https://www.coches.net/toyota-corolla-18-125h-active-tech-ecvt-sedan-4p-electrico-hibrido-2022-en-madrid-70472681-covo.aspx,-10.801926331856816
PEUGEOT 2008 Allure Gasolina 100 SS 6 Vel. MAN,20150.0,18180.652,https://www.coches.net/peugeot-2008-allure-gasolina-100-ss-6-vel-man-5p-gasolina-2025-en-madrid-70254012-covo.aspx,-10.832106675902676
PORSCHE Macan S Diesel,48900.0,44112.54,https://www.coches.net/porsche-macan-s-diesel-5p-diesel-2018-en-malaga-70333880-covo.aspx,-10.852834679765266
MERCEDES-BENZ GLA GLA 200,37900.0,34183.223,https://www.coches.net/mercedes-benz-gla-gla-200-5p-gasolina-2020-en-lugo-70495158-covo.aspx,-10.873103981816739
VOLKSWAGEN T-Cross Sport 1.0 TSI,21500.0,19388.61,https://www.coches.net/volkswagen-t-cross-sport-10-tsi-81kw-110cv-5p-gasolina-2023-en-jaen-70456341-covo.aspx,-10.889850758056237
BMW Serie 2 M2 Competition,56990.0,51379.566,https://www.coches.net/bmw-serie-2-m2-competition-2p-gasolina-2019-en-pontevedra-70499119-covo.aspx,-10.919581433189219
DS DS 7 Crossback 1.6 ETense 225 Auto Bastille,29890.0,26944.1,https://www.coches.net/ds-ds-7-crossback-16-etense-225-auto-bastille--5p-electrico-hibrido-2022-en-madrid-70281214-covo.aspx,-10.933378488550405
TOYOTA Rav4 120D 4X2 Advance,12900.0,11628.056,https://www.coches.net/toyota-rav4-120d-4x2-advance-5p-diesel-2014-en-lugo-70494867-covo.aspx,-10.938581416225524
MINI MINI COOPER D,9500.0,8562.859,https://www.coches.net/mini-mini-cooper-d-3p-diesel-2015-en-pontevedra-70407183-covo.aspx,-10.944248690292195
RENAULT Trafic Combi 9 Energy Blue dCi,18990.0,17109.035,https://www.coches.net/renault-trafic-combi-9-energy-blue-dci-81-kw-110cv-4p-diesel-2021-en-sta-c-tenerife-62519545-covo.aspx,-10.9939854969722
CITROEN C1 VTi SS City Edition,11985.0,10795.96,https://www.coches.net/citroen-c1-vti-53kw-72cv-ss-city-edition-5p-gasolina-2021-en-las-palmas-70497361-covo.aspx,-11.013749989484456
VOLKSWAGEN T-Roc Dark 2.0 TDI,28200.0,25395.18,https://www.coches.net/volkswagen-t-roc-dark-20-tdi-85kw-115cv-5p-diesel-2024-en-guipuzcoa-58389554-covo.aspx,-11.044695674591297
KIA Ceed 1.0 TGDi Drive,17900.0,16117.508,https://www.coches.net/kia-ceed-10-tgdi-74kw-100cv-drive-5p-gasolina-2024-en-huelva-60714109-covo.aspx,-11.059353643480668
SKODA Scala 1.0 TSI 110 CV Emotion,16900.0,15211.52,https://www.coches.net/skoda-scala-10-tsi-81kw-110-cv-emotion-5p-gasolina-2022-en-guipuzcoa-61899581-covo.aspx,-11.100011838273266
HYUNDAI Inster 49KWH Maxx Cross,25700.0,23131.664,https://www.coches.net/hyundai-inster-49kwh-85kw-115cv-maxx-cross-5p-electrico-hibrido-2024-en-valencia-70354557-covo.aspx,-11.103117919059136
FIAT Panda 1.3 Lounge Diese E5l,10990.0,9886.988,https://www.coches.net/fiat-panda-13-lounge-75cv-diese-e5l-5p-diesel-2012-en-las-palmas-60930104-covo.aspx,-11.15619526769124
SEAT Ateca 1.0 TSI FR Special Edition,27900.0,25095.057,https://www.coches.net/seat-ateca-10-tsi-85kw-115cv-fr-special-edition-5p-gasolina-2026-en-guipuzcoa-70197376-covo.aspx,-11.177274470997736
VOLVO S60 2.0 D4 RDesign Momentum Auto,14990.0,13481.923,https://www.coches.net/volvo-s60-20-d4-rdesign-momentum-auto-4p-diesel-2015-en-madrid-70463406-covo.aspx,-11.185920324879474
FIAT 500C Sport 1.0 Hybrid 70 CV,11990.0,10781.59,https://www.coches.net/fiat-500c-sport-10-hybrid-51kw-70-cv-2p-electrico-hibrido-2021-en-madrid-70509173-covo.aspx,-11.208088730536392
PEUGEOT Rifter Active Pack Busin. Standard BlueHDi,15590.0,14018.084,https://www.coches.net/peugeot-rifter-active-pack-busin-standard-bluehdi-73kw-5p-diesel-2021-en-madrid-70326891-covo.aspx,-11.213486931431623
JEEP Compass eHybrid 1.5 MHEV Night Eagle Dct,22390.0,20131.104,https://www.coches.net/jeep-compass-ehybrid-15-mhev-96kw-night-eagle-dct-5p-electrico-hibrido-2023-en-madrid-70224485-covo.aspx,-11.220927271183768
PORSCHE Macan S Diesel,34750.0,31237.336,https://www.coches.net/porsche-macan-s-diesel-5p-diesel-2016-en-alicante-70134408-covo.aspx,-11.245082069508669
BMW Serie 4 435dA xDrive,40900.0,36760.742,https://www.coches.net/bmw-serie-4-435da-xdrive-2p-diesel-2019-en-a-coruna-61572326-covo.aspx,-11.259995218234465
SKODA Kamiq 1.0 TSI DSG SELECTION,22900.0,20582.008,https://www.coches.net/skoda-kamiq-10-tsi-85kw-115cv-dsg-selection-5p-gasolina-2025-en-guipuzcoa-61902438-covo.aspx,-11.262225768334524
NISSAN JUKE DIGT 114 CV DCT 7V NConnecta,22900.0,20582.008,https://www.coches.net/nissan-juke-digt-84-kw-114-cv-dct-7v-nconnecta-5p-gasolina-2025-en-valencia-62282008-covo.aspx,-11.262225768334524
AUDI A5 RS 5 2.9 TFSI quattro Sportback,62900.0,56531.543,https://www.coches.net/audi-a5-rs-5-29-tfsi-quattro-sportback-5p-gasolina-2022-en-murcia-62632811-covo.aspx,-11.265316134693885
AUDI Q3 Sportback Black line 35 TDI quattro S tronic,23690.0,21282.055,https://www.coches.net/audi-q3-sportback-black-line-35-tdi-quattro-110kw-s-tronic-5p-diesel-2021-en-madrid-70377304-covo.aspx,-11.314440019338475
MERCEDES-BENZ GLC GLC 200 4MATIC,46950.0,42167.035,https://www.coches.net/mercedes-benz-glc-glc-200-4matic-5p-electrico-hibrido-2023-en-madrid-70326918-covo.aspx,-11.342900505161717
AUDI A1 Sportback Adrenal Black 30TFSI S tr,27900.0,25054.14,https://www.coches.net/audi-a1-sportback-adrenal-black-30tfsi-85kw-s-tr-5p-gasolina-2025-en-jaen-70499289-covo.aspx,-11.358838515340217
AUDI A1 Sportback Adrenalin 30 TFSI S tron,27900.0,25054.14,https://www.coches.net/audi-a1-sportback-adrenalin-30-tfsi-85kw-s-tron-5p-gasolina-2026-en-jaen-70236986-covo.aspx,-11.358838515340217
LEXUS UX 2.0 250h Premium,33650.0,30204.582,https://www.coches.net/lexus-ux-20-250h-premium-5p-electrico-hibrido-2023-en-madrid-70503022-covo.aspx,-11.406938077094832
AUDI Q3 Sportback Advanced 35 TDI S tronic,30990.0,27810.988,https://www.coches.net/audi-q3-sportback-advanced-35-tdi-110kw-150cv-s-tronic-5p-diesel-2022-en-barcelona-70489135-covo.aspx,-11.430775801999351
MAZDA Mazda3 2.0 GE 120 AT Luxury SDN,9990.0,8964.596,https://www.coches.net/mazda-mazda3-20-ge-120-at-luxury-sdn-4p-gasolina-2013-en-madrid-70486935-covo.aspx,-11.438377488876055
BMW Serie 4 418d,22999.0,20635.281,https://www.coches.net/bmw-serie-4-418d-2p-diesel-2017-en-alicante-70355268-covo.aspx,-11.454744528863642
BMW X6 xDrive30d,28500.0,25564.041,https://www.coches.net/bmw-x6-xdrive30d-5p-diesel-2017-en-murcia-60887813-covo.aspx,-11.484721772197565
BMW X6 xDrive30d M Sport,74800.0,67088.01,https://www.coches.net/bmw-x6-xdrive30d-m-sport-5p-electrico-hibrido-2024-en-alicante-62561931-covo.aspx,-11.495336408041442
VOLVO XC60 2.0 B4 D AWD Plus Dark Auto,33490.0,30035.146,https://www.coches.net/volvo-xc60-20-b4-d-awd-plus-dark-auto-5p-electrico-hibrido-2023-en-vizcaya-70454417-covo.aspx,-11.502702400410456
VOLKSWAGEN Golf Sport 1.6 TDI,16500.0,14795.319,https://www.coches.net/volkswagen-golf-sport-16-tdi-85kw-115cv-5p-diesel-2020-en-pontevedra-70196375-covo.aspx,-11.521756478225305
MAZDA CX-30 eSKYACTIVG 2.0 2WD Zenith,22290.0,19986.97,https://www.coches.net/mazda-cx-30-eskyactivg-20-90-kw-2wd-zenith-5p-electrico-hibrido-2021-en-madrid-70499579-covo.aspx,-11.522653087768408
FORD Focus 1.0 Ecoboost STLine,13490.0,12089.89,https://www.coches.net/ford-focus-10-ecoboost-92kw-stline-5p-gasolina-2019-en-madrid-70316374-covo.aspx,-11.580836486323518
KIA Ceed 1.0 TGDi Style Edition,19490.0,17466.348,https://www.coches.net/kia-ceed-10-tgdi-74kw-100cv-style-edition-5p-gasolina-2025-en-madrid-70326906-covo.aspx,-11.586007467484908
BMW X2 sDrive18i,21950.0,19667.404,https://www.coches.net/bmw-x2-sdrive18i-5p-gasolina-2021-en-caceres-62285784-covo.aspx,-11.60598352822638
NISSAN X-TRAIL 5pl 1.5 e4ORCE 4x4 AT Tekna,37900.0,33952.29,https://www.coches.net/nissan-x-trail-5pl-15-e4orce-158kw-4x4-at-tekna-5p-electrico-hibrido-2023-en-jaen-61034284-covo.aspx,-11.627230582989503
FORD Kuga STLine X 1.5 EcoBlue Auto,21990.0,19695.127,https://www.coches.net/ford-kuga-stline-x-15-ecoblue-88kw-120cv-auto-5p-diesel-2022-en-vizcaya-70483145-covo.aspx,-11.651984028012958
CUPRA Formentor 2.0 TDI 150 CV 4Drive DSG,28490.0,25516.408,https://www.coches.net/cupra-formentor-20-tdi-110kw-150-cv-4drive-dsg-5p-diesel-2023-en-madrid-70070096-covo.aspx,-11.65364565891693
BMW X7 xDrive40d,99000.0,88638.5,https://www.coches.net/bmw-x7-xdrive40d-5p-electrico-hibrido-2025-en-ciudad-real-70294434-covo.aspx,-11.689615686186025
MAZDA CX-5 2.2 DE Evolution AT,29490.0,26403.188,https://www.coches.net/mazda-cx-5-22-de-135kw-184cv-evolution-at-5p-diesel-2022-en-madrid-70326878-covo.aspx,-11.691060028263633
MERCEDES-BENZ GLE Coupé MercedesAMG GLE 53 4MATIC,81610.0,73066.37,https://www.coches.net/mercedes-benz-gle-coupe-mercedesamg-gle-53-4matic-5p-electrico-hibrido-2022-en-madrid-70326889-covo.aspx,-11.692976045429589
AUDI Q8 55 TFSI S Line quattro tiptronic,50500.0,45212.453,https://www.coches.net/audi-q8-55-tfsi-s-line-250kw-quattro-tiptronic-5p-electrico-hibrido-2021-en-murcia-70393650-covo.aspx,-11.694890477146611
VOLKSWAGEN Golf Advance 1.5 TSI EVO DSG,15990.0,14314.973,https://www.coches.net/volkswagen-golf-advance-15-tsi-evo-96kw-130cv-dsg-3p-gasolina-2019-en-barcelona-70485753-covo.aspx,-11.70122628923551
BMW Serie 3 318d,13900.0,12443.793,https://www.coches.net/bmw-serie-3-318d-4p-diesel-2014-en-murcia-70357822-covo.aspx,-11.702276266625148
AUDI Q5 SPORTBACK S line 35 TDI S tronic,40990.0,36675.293,https://www.coches.net/audi-q5-sportback-s-line-35-tdi-120kw-s-tronic-5p-electrico-hibrido-2023-en-barcelona-70240297-covo.aspx,-11.764615036412776
AUDI A6 Avant S6 TDI quattro tiptr,49990.0,44725.594,https://www.coches.net/audi-a6-avant-s6-tdi-257kw-349cv-quattro-tiptr-5p-diesel-2020-en-pontevedra-70274842-covo.aspx,-11.770455814239469
MERCEDES-BENZ Clase C C 220 d,39999.0,35784.27,https://www.coches.net/mercedes-benz-clase-c-c-220-d-4p-electrico-hibrido-2023-en-madrid-70326935-covo.aspx,-11.778165445208609
MERCEDES-BENZ CLE CLE 220 d Coupe,53490.0,47849.188,https://www.coches.net/mercedes-benz-cle-cle-220-d-coupe-2p-electrico-hibrido-2025-en-alicante-70426850-covo.aspx,-11.788732044823123
MASERATI Levante GranLusso Diesel 3.0 V6 t 202kW275CV,40000.0,35781.652,https://www.coches.net/maserati-levante-granlusso-diesel-30-v6-t-202kw275cv-5p-diesel-2021-en-murcia-62668100-covo.aspx,-11.789135995523194
RENAULT Scénic Zen Energy TCe,14890.0,13319.638,https://www.coches.net/renault-scenic-zen-energy-tce-103-kw-140cv-5p-gasolina-2017-en-barcelona-70485918-covo.aspx,-11.789827475864064
LAND-ROVER Range Rover Velar 2.0 D180 RDynamic S 4WD Auto,30900.0,27637.996,https://www.coches.net/land-rover-range-rover-velar-20-d180-132kw-rdynamic-s-4wd-auto-5p-diesel-2019-en-asturias-62355810-covo.aspx,-11.802606437836724
JEEP Wrangler 2.0 Rubicon 8ATX E6D,59900.0,53527.336,https://www.coches.net/jeep-wrangler-4p-20-380cv-rubicon-8atx-e6d-5p-electrico-hibrido-2023-en-malaga-70477983-covo.aspx,-11.905438503311466
TOYOTA Yaris Cross 1.5 120H Active Tech,19990.0,17862.816,https://www.coches.net/toyota-yaris-cross-15-120h-active-tech-5p-electrico-hibrido-2021-en-madrid-70400491-covo.aspx,-11.908444588870779
MERCEDES-BENZ GLA GLA 200 D,37800.0,33766.363,https://www.coches.net/mercedes-benz-gla-gla-200-d-5p-diesel-2020-en-vizcaya-70425968-covo.aspx,-11.945724462988952
TOYOTA Yaris 1.0 70 Active,12890.0,11513.187,https://www.coches.net/toyota-yaris-10-70-active-5p-gasolina-2018-en-madrid-70499581-covo.aspx,-11.95857874585553
SKODA Kodiaq 1.5 TSI DSG mHEV Selection,33900.0,30276.17,https://www.coches.net/skoda-kodiaq-15-tsi-110kw-dsg-mhev-selection-5p-electrico-hibrido-2025-en-guipuzcoa-70488652-covo.aspx,-11.969248711035695
AUDI Q3 Advanced 35 TDI S tronic,29610.0,26442.656,https://www.coches.net/audi-q3-advanced-35-tdi-110kw-150cv-s-tronic-5p-diesel-2023-en-madrid-70326885-covo.aspx,-11.978160287887114
KIA Ceed Tourer Tourer 1.0 TGDi Style Edition,19290.0,17224.75,https://www.coches.net/kia-ceed-tourer-tourer-10-tgdi-74kw-style-edition-5p-gasolina-2025-en-madrid-70326898-covo.aspx,-11.990014368858764
HYUNDAI Bayon 1.2 MPI Maxx,18900.0,16876.357,https://www.coches.net/km-0/hyundai/bayon/valencia/12-mpi-maxx-gasolina-de-demostracion-70354552-devn.aspx,-11.990991465385598
VOLVO V60 Cross Country 2.0 B4 D AWD Cross Country Core Auto,32900.0,29375.584,https://www.coches.net/volvo-v60-cross-country-20-b4-d-awd-cross-country-core-auto-5p-electrico-hibrido-2023-en-madrid-70487943-covo.aspx,-11.997773448519872
BMW X3 xDrive20d xLine,36500.0,32585.861,https://www.coches.net/bmw-x3-xdrive20d-xline-5p-electrico-hibrido-2022-en-murcia-70183126-covo.aspx,-12.011769866879932
JEEP Grand Cherokee 3.0 V6 Diesel Overland 250 CV,23900.0,21329.918,https://www.coches.net/jeep-grand-cherokee-30-v6-diesel-overland-250-cv-5p-diesel-2015-en-barcelona-70056792-covo.aspx,-12.049188538912205
MAZDA CX-3 2.0 G 2WD Zenith,19990.0,17832.926,https://www.coches.net/mazda-cx-3-20-g-89kw-121cv-2wd-zenith-5p-gasolina-2021-en-madrid-70499574-covo.aspx,-12.096019717740337
TOYOTA C-HR 1.8 125H Advance,22985.0,20503.63,https://www.coches.net/toyota-c-hr-18-125h-advance-5p-electrico-hibrido-2019-en-sta-c-tenerife-70519874-covo.aspx,-12.10209624648226
HYUNDAI IONIQ 5 73KWH Energy RWD,27990.0,24963.32,https://www.coches.net/hyundai-ioniq-5-73kwh-160kw-energy-rwd-5p-electrico-hibrido-2021-en-madrid-70433100-covo.aspx,-12.124507676106038
CITROEN ë-Berlingo Talla M eBerlingo 50kWh MAX,26990.0,24060.867,https://www.coches.net/citroen-e-berlingo-talla-m-eberlingo-50-kwh-max-5p-electrico-hibrido-2024-en-madrid-70425463-covo.aspx,-12.173845562896963
SEAT Arona 1.0 TSI Reference XM,17990.0,16024.814,https://www.coches.net/seat-arona-10-tsi-70kw-95cv-reference-xm-5p-gasolina-2023-en-las-palmas-70214051-covo.aspx,-12.263390335179631
ASTON MARTIN V8 Vantage Coupe Manual,59990.0,53421.562,https://www.coches.net/aston-martin-v8-vantage-coupe-manual-3p-gasolina-2008-en-sta-c-tenerife-70019361-covo.aspx,-12.29547993846118
MAZDA CX-60 eSkyactiv PHEV AWD Homura,51500.0,45851.58,https://www.coches.net/mazda-cx-60-eskyactiv-phev-awd-homura-5p-electrico-hibrido-2024-en-madrid-70359732-covo.aspx,-12.318925773070106
HYUNDAI Bayon 1.2 MPI Maxx,17900.0,15935.551,https://www.coches.net/hyundai-bayon-12-mpi-maxx-5p-gasolina-2025-en-valencia-70354475-covo.aspx,-12.327463579491708
KIA Ceed Tourer Tourer 1.6 GDi PHEV eTech,24510.0,21811.791,https://www.coches.net/kia-ceed-tourer-tourer-16-gdi-phev-104kw-141cv-etech-5p-electrico-hibrido-2021-en-sevilla-62248126-covo.aspx,-12.370414618598366
KIA Sportage 1.6 TGDi PHEV GTline 4x4,39990.0,35579.668,https://www.coches.net/kia-sportage-16-tgdi-phev-198kw-265cv-gtline-4x4-5p-electrico-hibrido-2023-en-sevilla-59503770-covo.aspx,-12.395652582041073
PEUGEOT 2008 Allure Puretech 100 SS 6 Vel. MAN,16485.0,14666.842,https://www.coches.net/peugeot-2008-allure-puretech-100-ss-6-vel-man-5p-gasolina-2023-en-las-palmas-70355052-covo.aspx,-12.396385181657765
DS DS 7 Crossback BlueHDi DE Auto. CHIC,18890.0,16804.613,https://www.coches.net/ds-ds-7-crossback-bluehdi-de-96kw-130cv-auto-chic-5p-diesel-2021-en-madrid-70224486-covo.aspx,-12.409608503617287
KIA Sportage 1.6 CRDi MHEV Drive 4x2,27950.0,24861.8,https://www.coches.net/kia-sportage-16-crdi-mhev-100kw-136cv-drive-4x2-5p-electrico-hibrido-2025-en-madrid-61337932-covo.aspx,-12.421462330592819
FIAT 500X City Cross 10 GSE T3 120 CV SS,13790.0,12262.119,https://www.coches.net/fiat-500x-city-cross-10-gse-t3-88kw-120-cv-ss-5p-gasolina-2019-en-madrid-70070076-covo.aspx,-12.460169745970385
AUDI A1 Sportback Adrenalin 25 TFSI,21200.0,18850.424,https://www.coches.net/audi-a1-sportback-adrenalin-25-tfsi-70kw-95cv-5p-gasolina-2021-en-guipuzcoa-61484536-covo.aspx,-12.464314825481067
CUPRA Formentor 1.5 TSI 150 CV DSG,24990.0,22212.55,https://www.coches.net/cupra-formentor-15-tsi-110kw-150-cv-dsg-5p-gasolina-2022-en-a-coruna-70358304-covo.aspx,-12.503963394850146
FORD Tourneo Connect 1.5 TDCi Active,14500.0,12884.843,https://www.coches.net/ford-tourneo-connect-15-tdci-74kw-100cv-active-5p-diesel-2021-en-valencia-70511940-covo.aspx,-12.535327399510038
MERCEDES-BENZ SLS AMG SLS AMG Coupe,249900.0,222047.22,https://www.coches.net/mercedes-benz-sls-amg-sls-amg-coupe-2p-gasolina-2012-en-madrid-70322255-covo.aspx,-12.543629867014491
VOLKSWAGEN T-Roc Edition 1.6 TDI,17290.0,15362.121,https://www.coches.net/volkswagen-t-roc-edition-16-tdi-85kw-115cv-5p-diesel-2019-en-madrid-70426294-covo.aspx,-12.549561967939098
SKODA Scala 1.0 TSI 115 CV DSG SELECTION,22900.0,20340.41,https://www.coches.net/skoda-scala-10-tsi-85kw-115-cv-dsg-selection-5p-gasolina-2025-en-guipuzcoa-61902586-covo.aspx,-12.583767112304342
LAND-ROVER Range Rover Velar 2.0 D180 HSE 4WD Auto,27000.0,23972.305,https://www.coches.net/land-rover-range-rover-velar-20-d180-132kw-180cv-hse-4wd-auto-5p-diesel-2019-en-murcia-61723324-covo.aspx,-12.629971761032833
BMW X1 sDrive16d,16490.0,14637.619,https://www.coches.net/bmw-x1-sdrive16d-5p-diesel-2017-en-malaga-70483646-covo.aspx,-12.654932756338313
AUDI Q2 Design 30 TFSI,20900.0,18548.965,https://www.coches.net/audi-q2-design-30-tfsi-85kw-116cv-5p-gasolina-2019-en-guipuzcoa-70123382-covo.aspx,-12.674751265390272
MERCEDES-BENZ GLC Coupé GLC 300 de 4MATIC,46900.0,41623.227,https://www.coches.net/mercedes-benz-glc-coupe-glc-300-de-4matic-5p-electrico-hibrido-2022-en-guadalajara-70484358-covo.aspx,-12.677473308265949
CITROEN Berlingo Talla XL BlueHDi 130 SS SHINE,21990.0,19515.49,https://www.coches.net/citroen-berlingo-talla-xl-bluehdi-130-ss-shine-5p-diesel-2023-en-murcia-62137641-covo.aspx,-12.679721267090416
MERCEDES-BENZ CLA CLA 200 D DCT Shooting Brake,30800.0,27330.166,https://www.coches.net/mercedes-benz-cla-cla-200-d-dct-shooting-brake-5p-diesel-2019-en-alicante-70041830-covo.aspx,-12.695985755780818
BMW X4 xDrive20d,32990.0,29271.008,https://www.coches.net/bmw-x4-xdrive20d-5p-diesel-2018-en-almeria-70499073-covo.aspx,-12.705378001750345
SKODA Fabia 1.2 Urban,5990.0,5313.498,https://www.coches.net/skoda-fabia-12-60cv-urban-5p-gasolina-2010-en-asturias-62422443-covo.aspx,-12.73176252549613
KIA Ceed Tourer Tourer 1.6 GDi PHEV 104kW141CV eMotion,24590.0,21811.791,https://www.coches.net/kia-ceed-tourer-tourer-16-gdi-phev-104kw141cv-emotion-5p-electrico-hibrido-2021-en-sevilla-62246937-covo.aspx,-12.737188717720679
VOLVO XC90 2.0 T8 AWD Recharge Inscription Auto,47900.0,42482.02,https://www.coches.net/volvo-xc90-20-t8-awd-recharge-inscription-auto-5p-electrico-hibrido-2021-en-valladolid-70212530-covo.aspx,-12.753584995563841
AUDI A5 RS 5 2.9 TFSI quattro Coupe,72900.0,64653.98,https://www.coches.net/audi-a5-rs-5-29-tfsi-quattro-coupe-2p-gasolina-2022-en-barcelona-70036269-covo.aspx,-12.754078668421117
VOLKSWAGEN Touareg RLine Indiv. Atm 3.0 TDI Tip 4Mot,30990.0,27484.143,https://www.coches.net/volkswagen-touareg-rline-indiv-atm-30-tdi-170kw-tip-4mot-5p-diesel-2021-en-madrid-70368160-covo.aspx,-12.755927938844849
BMW X2 sDrive18i,22490.0,19937.873,https://www.coches.net/bmw-x2-sdrive18i-5p-gasolina-2021-en-madrid-70326931-covo.aspx,-12.800397249620426
MAZDA CX-30 eSKYACTIV G MHEV Primeline,21500.0,19058.54,https://www.coches.net/mazda-cx-30-eskyactiv-g-mhev-90kw-primeline-5p-electrico-hibrido-2024-en-cuenca-70317700-covo.aspx,-12.810325752113247
SKODA Karoq 2.0 TDI DSG Ambition,26985.0,23916.994,https://www.coches.net/skoda-karoq-20-tdi-85kw-115cv-dsg-ambition-5p-diesel-2023-en-las-palmas-70497360-covo.aspx,-12.827723422667638
HYUNDAI IONIQ 6 77kWh Star RWD,33900.0,30044.94,https://www.coches.net/hyundai-ioniq-6-77kwh-168kw-star-rwd-4p-electrico-hibrido-2023-en-valladolid-70322250-covo.aspx,-12.830981246906894
VOLKSWAGEN Golf Life 1.0 TSI,22890.0,20282.252,https://www.coches.net/volkswagen-golf-life-10-tsi-81kw-110cv-5p-gasolina-2024-en-madrid-70281227-covo.aspx,-12.85729046706379
NISSAN JUKE DIGT 114 CV DCT 7V NConnecta,23500.0,20807.8,https://www.coches.net/nissan-juke-digt-84-kw-114-cv-dct-7v-nconnecta-5p-gasolina-2025-en-valencia-62282651-covo.aspx,-12.93841308388512
SKODA Karoq 1.5 TSI DSG ACT Design,30500.0,26998.145,https://www.coches.net/skoda-karoq-15-tsi-110kw-150cv-dsg-act-design-5p-gasolina-2024-en-guipuzcoa-61288635-covo.aspx,-12.970726431576244
VOLKSWAGEN Caravelle Origin Corta 2.0 TDI BMT DSG,34950.0,30936.35,https://www.coches.net/volkswagen-caravelle-origin-corta-20-tdi-110kw-bmt-dsg-4p-diesel-2024-en-guipuzcoa-60584997-covo.aspx,-12.973897829912994
MERCEDES-BENZ Mercedes-AMG GT MercedesAMG GT 53 4MATIC,80000.0,70811.414,https://www.coches.net/mercedes-benz-mercedes-amg-gt-mercedesamg-gt-53-4matic-5p-gasolina-2021-en-murcia-61173322-covo.aspx,-12.976136769970326
MERCEDES-BENZ GLC Coupé GLC 220 d 4MATIC,31499.0,27877.129,https://www.coches.net/mercedes-benz-glc-coupe-glc-220-d-4matic-5p-diesel-2019-en-alicante-70498813-covo.aspx,-12.992267266583479
AUDI Q8 50 TDI quattro tiptronic,43990.0,38923.516,https://www.coches.net/audi-q8-50-tdi-210kw-286cv-quattro-tiptronic-5p-electrico-hibrido-2019-en-las-palmas-70504555-covo.aspx,-13.016512752372943
AUDI Q5 SPORTBACK Black line 35 TDI S tronic,36900.0,32641.46,https://www.coches.net/audi-q5-sportback-black-line-35-tdi-120kw-s-tronic-5p-electrico-hibrido-2022-en-jaen-70186943-covo.aspx,-13.046410730984151
MERCEDES-BENZ Clase GLC GLC 220 d 4MATIC,36900.0,32638.857,https://www.coches.net/mercedes-benz-clase-glc-glc-220-d-4matic-5p-diesel-2022-en-murcia-70293003-covo.aspx,-13.055428145193357
PEUGEOT 5008 1.5 BlueHDi SS Allure,18900.0,16715.93,https://www.coches.net/peugeot-5008-15-bluehdi-96kw-130cv-ss-allure-5p-diesel-2022-en-lugo-70495030-covo.aspx,-13.065802221776664
MERCEDES-BENZ Clase A A 180 d,22900.0,20247.422,https://www.coches.net/mercedes-benz-clase-a-a-180-d-5p-diesel-2020-en-cuenca-70317442-covo.aspx,-13.100819162933552
AUDI Q3 Advanced 35 TDI S tronic,31900.0,28203.637,https://www.coches.net/audi-q3-advanced-35-tdi-110kw-150cv-s-tronic-5p-diesel-2023-en-lugo-70494696-covo.aspx,-13.105981041064213
FIAT 500 Dolcevita 1.0 Hybrid 70 CV,13990.0,12365.619,https://www.coches.net/fiat-500-dolcevita-10-hybrid-51kw-70-cv-3p-electrico-hibrido-2022-en-valencia-70512236-covo.aspx,-13.13626791268697
FORD Kuga 1.5 TDCi 4x2 Titanium,14999.0,13248.697,https://www.coches.net/ford-kuga-15-tdci-88kw-4x2-titanium-5p-diesel-2019-en-sevilla-70505094-covo.aspx,-13.21113087032584
SKODA Kamiq 1.0 TSI Ambition,16490.0,14565.686,https://www.coches.net/skoda-kamiq-10-tsi-85kw-115cv-ambition-5p-gasolina-2020-en-madrid-70224480-covo.aspx,-13.211286533216782
VOLKSWAGEN Tiguan Allspace Advance 2.0 TDI DSG,26490.0,23397.922,https://www.coches.net/volkswagen-tiguan-allspace-advance-20-tdi-110kw-150cv-dsg-5p-diesel-2021-en-madrid-70406554-covo.aspx,-13.215182705194838
SKODA Karoq 2.0 TSI DSG 4X4 Sportline,39900.0,35223.477,https://www.coches.net/skoda-karoq-20-tsi-140kw-190cv-dsg-4x4-sportline-5p-gasolina-2024-en-guipuzcoa-59854818-covo.aspx,-13.276723066225586
KIA EV6 Air 774kWh RWD Long Range,37980.0,33527.75,https://www.coches.net/kia-ev6-air-774kwh-168kw-rwd-long-range-5p-electrico-hibrido-2023-en-sevilla-59506294-covo.aspx,-13.279298491548047
SKODA Kamiq 1.0 TSI DSG AMBITION,19900.0,17565.037,https://www.coches.net/skoda-kamiq-10-tsi-81kw-110cv-dsg-ambition-5p-gasolina-2023-en-jaen-70020463-covo.aspx,-13.2932420016281
KIA Ceed Tourer Tourer 1.0 TGDi Style Edition,19790.0,17466.348,https://www.coches.net/kia-ceed-tourer-tourer-10-tgdi-74kw-style-edition-5p-gasolina-2025-en-madrid-70326899-covo.aspx,-13.303596089354864
MAZDA Mazda3 2.0 eSKYACTIVG EXCLUSIVELINE AT,27290.0,24085.682,https://www.coches.net/mazda-mazda3-20-eskyactivg-90kw-exclusiveline-at-5p-electrico-hibrido-2024-en-madrid-70477329-covo.aspx,-13.303830911599857
VOLKSWAGEN Corrado CORRADO 1.8 G60,13999.0,12353.177,https://www.coches.net/volkswagen-corrado-corrado-18-g60-3p-gasolina-1989-en-alicante-62404532-covo.aspx,-13.323076925509339
MAZDA CX-80 eSKYACTIV D MHEV AWD Takumi Plus,56900.0,50191.2,https://www.coches.net/mazda-cx-80-eskyactiv-d-mhev-187kw-awd-takumi-plus-5p-electrico-hibrido-2024-en-madrid-70318867-covo.aspx,-13.366488320015641
AUDI Q5 SPORTBACK S line 40 TDI quattroultra,43900.0,38723.812,https://www.coches.net/audi-q5-sportback-s-line-40-tdi-150kw-quattroultra-5p-electrico-hibrido-2023-en-guipuzcoa-61678735-covo.aspx,-13.366936687858407
SEAT León 1.0 TSI SS Style XM,21985.0,19389.838,https://www.coches.net/seat-leon-10-tsi-81kw-ss-style-xm-5p-gasolina-2024-en-las-palmas-70497358-covo.aspx,-13.384135153753723
PEUGEOT 3008 Hybrid 1.2 GT Exclusive eDCS6,36990.0,32622.78,https://www.coches.net/km-0/peugeot/3008-hybrid/vizcaya/12-107kw-gt-exclusive-edcs6-electrico-hibrido-de-km0-70119995-kovn.aspx,-13.387028319635979
PEUGEOT 3008 1.6BLUEHDI ALLURE AUTO SS,12750.0,11237.879,https://www.coches.net/peugeot-3008-16bluehdi-88kw-120cv-allure-auto-ss-5p-diesel-2017-en-madrid-70209110-covo.aspx,-13.455573835281557
NISSAN QASHQAI DIGT NConnecta,25990.0,22902.08,https://www.coches.net/nissan-qashqai-digt-103kw-nconnecta-5p-electrico-hibrido-2023-en-sevilla-70515837-covo.aspx,-13.483141755426997
AUDI Q5 35 TDI S tronic,33900.0,29866.902,https://www.coches.net/audi-q5-35-tdi-120kw-163cv-s-tronic-5p-electrico-hibrido-2021-en-madrid-70326947-covo.aspx,-13.503568632031145
NISSAN QASHQAI dCi 115 CV E6D NCONNECTA,14990.0,13206.076,https://www.coches.net/nissan-qashqai-dci-85-kw-115-cv-e6d-nconnecta-5p-diesel-2018-en-madrid-70478807-covo.aspx,-13.50835634224362
BMW X4 xDrive20d,35990.0,31702.855,https://www.coches.net/bmw-x4-xdrive20d-5p-diesel-2020-en-almeria-70325721-covo.aspx,-13.522897126651273
PEUGEOT 408 408 Allure Puretech 130 EAT8,23990.0,21130.484,https://www.coches.net/peugeot-408-408-allure-puretech-130-eat8-5p-gasolina-2023-en-valladolid-70430621-covo.aspx,-13.53265535352878
LAND-ROVER Defender 90 SW E,44900.0,39544.273,https://www.coches.net/land-rover-defender-90-sw-e-3p-diesel-2014-en-madrid-70187238-covo.aspx,-13.543621103482312
AUDI A3 design edition 1.6 TDI Sportback,17290.0,15227.182,https://www.coches.net/audi-a3-design-edition-16-tdi-sportback-5p-diesel-2017-en-jaen-70257106-covo.aspx,-13.54694787295078
MAZDA CX-3 2.0 G 2WD AT Zenith,17990.0,15842.569,https://www.coches.net/mazda-cx-3-20-g-89kw-121cv-2wd-at-zenith-5p-gasolina-2018-en-alicante-70505717-covo.aspx,-13.554813102135139
PEUGEOT 5008 1.2 PureTech SS Allure Pack,21990.0,19364.271,https://www.coches.net/peugeot-5008-12-puretech-96kw-ss-allure-pack-5p-gasolina-2021-en-vizcaya-70251564-covo.aspx,-13.559655563307386
RENAULT Grand Kangoo Combi M1AC dCi Euro 6,14990.0,13198.891,https://www.coches.net/renault-grand-kangoo-combi-m1ac-5p-dci-66kw-90cv-euro-6-5p-diesel-2016-en-madrid-70372356-covo.aspx,-13.570150900466304
BMW Serie 7 750e xDrive,91900.0,80889.86,https://www.coches.net/bmw-serie-7-750e-xdrive-4p-electrico-hibrido-2023-en-ciudad-real-61666981-covo.aspx,-13.611274280942586
OPEL Grandland X 1.2 Turbo Selective,12900.0,11351.7295,https://www.coches.net/opel-grandland-x-12-turbo-selective-5p-gasolina-2018-en-guipuzcoa-70314487-covo.aspx,-13.639071551855181
AUDI Q8 Black line TDI quattro tiptronic,84900.0,74705.8,https://www.coches.net/audi-q8-black-line-tdi-quattro-210kw-tiptronic-5p-electrico-hibrido-2026-en-jaen-62064442-covo.aspx,-13.645799324056807
DACIA Duster Journey Go TCE 96kW130CV 4X2,24750.0,21770.205,https://www.coches.net/dacia-duster-journey-go-tce-96kw130cv-4x2-5p-gasolina-2023-en-madrid-70326916-covo.aspx,-13.6874912807741
OPEL Combo Life 1.2 T SS Selective L,15985.0,14051.163,https://www.coches.net/opel-combo-life-12-t-ss-selective-l-5p-gasolina-2020-en-sta-c-tenerife-70354381-covo.aspx,-13.762824488158543
HYUNDAI Bayon 1.0 TGDI 48V Maxx,23500.0,20653.906,https://www.coches.net/hyundai-bayon-10-tgdi-74kw-100cv-48v-maxx-5p-electrico-hibrido-2025-en-valencia-70354499-covo.aspx,-13.779929644059463
AUDI Q3 Sportback 40 TDI S tronic Quattro S Line,37700.0,33133.86,https://www.coches.net/audi-q3-sportback-40-tdi-140kw-s-tronic-quattro-s-line-5p-diesel-2021-en-guipuzcoa-61977386-covo.aspx,-13.780889733736307
AUDI A5 B.Line 40 TFSI S tronic Sportback,38800.0,34098.566,https://www.coches.net/audi-a5-bline-40-tfsi-150kw-s-tronic-sportback-5p-electrico-hibrido-2021-en-vizcaya-70513312-covo.aspx,-13.787774939676831
FORD Ranger 3.2 TDCi 4x4 Dob Cab Wildtrack SS,29000.0,25474.91,https://www.coches.net/ford-ranger-32-tdci-147kw-4x4-dob-cab-wildtrack-ss-4p-diesel-2018-en-murcia-70138935-covo.aspx,-13.837496666833804
OPEL Grandland 1.2 Turbo GS,18290.0,16064.524,https://www.coches.net/opel-grandland-12-turbo-gs-5p-gasolina-2023-en-madrid-70070087-covo.aspx,-13.853354936479615
PEUGEOT Rifter Allure Pack Standard BlueHDi,18990.0,16672.791,https://www.coches.net/peugeot-rifter-allure-pack-standard-bluehdi-96kw-5p-diesel-2021-en-murcia-62149913-covo.aspx,-13.8981468801679
TOYOTA C-HR 1.8 125H Advance,21985.0,19302.262,https://www.coches.net/toyota-c-hr-18-125h-advance-5p-electrico-hibrido-2019-en-sta-c-tenerife-70426174-covo.aspx,-13.898569609819445
TOYOTA C-HR 1.8 125H Advance,21985.0,19302.262,https://www.coches.net/toyota-c-hr-18-125h-advance-5p-electrico-hibrido-2020-en-sta-c-tenerife-70398596-covo.aspx,-13.898569609819445
BMW X6 xDrive30d,54500.0,47842.867,https://www.coches.net/bmw-x6-xdrive30d-5p-electrico-hibrido-2022-en-murcia-70408208-covo.aspx,-13.91457745709547
LAND-ROVER Discovery 3.0 SDV6 LANDMARK Auto,54900.0,48192.066,https://www.coches.net/land-rover-discovery-30-sdv6-225kw-306cv-landmark-auto-5p-diesel-2020-en-madrid-70414949-covo.aspx,-13.919165734051306
PEUGEOT Rifter Rifter Allure BlueHDi 100,21490.0,18863.445,https://www.coches.net/peugeot-rifter-rifter-allure-bluehdi-100-5p-diesel-2023-en-madrid-70397256-covo.aspx,-13.924045390369352
AUDI Q3 Sportback 35 TDI S tronic,32990.0,28954.365,https://www.coches.net/audi-q3-sportback-35-tdi-110kw-150cv-s-tronic-5p-diesel-2021-en-almeria-70396475-covo.aspx,-13.937914828931708
SUBARU WRX STI 2.5T Rally Edition AWD,50000.0,43878.934,https://www.coches.net/subaru-wrx-sti-25t-rally-edition-awd-4p-gasolina-2018-en-murcia-62259628-covo.aspx,-13.949897832343558
MAZDA CX-30 SKYACTIVG 2.0 2WD Evolution,18990.0,16663.127,https://www.coches.net/mazda-cx-30-skyactivg-20-90-kw-2wd-evolution-5p-electrico-hibrido-2020-en-madrid-70241569-covo.aspx,-13.964204038177952
KIA Niro 1.6 GDi Hibrido Enchufable Drive,17690.0,15518.864,https://www.coches.net/kia-niro-16-gdi-hibrido-enchufable-104kw-drive-5p-electrico-hibrido-2018-en-huelva-60716787-covo.aspx,-13.990300489254604
AUDI A4 Avant 2.0 TDI S tronic,18990.0,16657.184,https://www.coches.net/audi-a4-avant-20-tdi-150cv-s-tronic-5p-diesel-2017-en-a-coruna-62564949-covo.aspx,-14.00486698799012
BMW X6 xDrive30d,65000.0,56992.09,https://www.coches.net/bmw-x6-xdrive30d-5p-electrico-hibrido-2022-en-murcia-61923927-covo.aspx,-14.050915097524156
BMW X6 xDrive40d,63800.0,55930.477,https://www.coches.net/bmw-x6-xdrive40d-5p-electrico-hibrido-2022-en-almeria-70273225-covo.aspx,-14.070188421702671
LEXUS ES 2.5 300h Executive,31490.0,27600.582,https://www.coches.net/lexus-es-25-300h-executive-4p-electrico-hibrido-2019-en-madrid-70511752-covo.aspx,-14.091796920609548
PEUGEOT 3008 1.2 PureTech SS GT EAT8,22990.0,20149.1,https://www.coches.net/peugeot-3008-12-puretech-96kw-ss-gt-eat8-5p-gasolina-2022-en-vizcaya-70313535-covo.aspx,-14.09939126661115
VOLKSWAGEN Polo Life 1.0 TSI DSG,21999.0,19274.992,https://www.coches.net/volkswagen-polo-life-10-tsi-70kw-95cv-dsg-5p-gasolina-2024-en-alicante-70517828-covo.aspx,-14.132341979710594
PEUGEOT 2008 Allure Turbo 100 SS 6 Vel MAN,15990.0,14006.65,https://www.coches.net/peugeot-2008-allure-turbo-100-ss-6-vel-man-5p-gasolina-2026-en-vizcaya-70430719-covo.aspx,-14.160056502177746
BMW Serie 3 318d Auto.Touring,39900.0,34939.633,https://www.coches.net/bmw-serie-3-318d-autotouring-5p-electrico-hibrido-2024-en-toledo-60027373-covo.aspx,-14.196964272977075
MERCEDES-BENZ Clase C Cabrio C 220 d,38900.0,34056.242,https://www.coches.net/mercedes-benz-clase-c-cabrio-c-220-d-2p-diesel-2018-en-malaga-70151653-covo.aspx,-14.222819375761464
NISSAN X-TRAIL 5pl 1.5 e4ORCE 4x4 AT Tekna,43500.0,38083.434,https://www.coches.net/km-0/nissan/x-trail/valencia/5pl-15-e4orce-158kw-4x4-at-tekna-electrico-hibrido-de-demostracion-70163150-devn.aspx,-14.222894038469605
MAZDA CX-30 eSKYACTIVG 2.0 2WD Evolution,20900.0,18279.56,https://www.coches.net/mazda-cx-30-eskyactivg-20-90-kw-2wd-evolution-5p-electrico-hibrido-2021-en-valencia-70354409-covo.aspx,-14.335352572646936
TESLA Model S 100D 4WD,29900.0,26125.701,https://www.coches.net/tesla-model-s-100d-4wd-5p-electrico-hibrido-2017-en-madrid-55526134-covo.aspx,-14.446689117718806
KIA Ceed 1.0 TGDi Style Edition,19990.0,17466.348,https://www.coches.net/kia-ceed-10-tgdi-74kw-100cv-style-edition-5p-gasolina-2024-en-madrid-70410694-covo.aspx,-14.448655170601501
BMW X3 20d xDrive,57500.0,50215.496,https://www.coches.net/bmw-x3-20d-xdrive-5p-electrico-hibrido-2024-en-albacete-70128797-covo.aspx,-14.506485991197158
PEUGEOT Rifter Allure Long BlueHDi,15500.0,13533.346,https://www.coches.net/peugeot-rifter-allure-long-bluehdi-73kw-5p-diesel-2021-en-pontevedra-70442642-covo.aspx,-14.531915019512711
AUDI Q5 3.0 TDI quattro S tronic,15900.0,13881.491,https://www.coches.net/audi-q5-30-tdi-240cv-quattro-s-tronic-5p-diesel-2012-en-a-coruna-62260375-covo.aspx,-14.541008299397093
VOLVO XC90 2.0 B5 D AWD RDesign Auto,48890.0,42682.75,https://www.coches.net/volvo-xc90-20-b5-d-awd-rdesign-auto-5p-electrico-hibrido-2021-en-madrid-70414149-covo.aspx,-14.542760248578174
NISSAN QASHQAI DIGT mHEV 4x2 Acenta,24990.0,21817.021,https://www.coches.net/nissan-qashqai-digt-103kw-140cv-mhev-4x2-acenta-5p-electrico-hibrido-2024-en-las-palmas-70214078-covo.aspx,-14.543591653413534
CUPRA Formentor 2.0 TDI 150 CV 4Drive DSG,26990.0,23556.64,https://www.coches.net/cupra-formentor-20-tdi-110kw-150-cv-4drive-dsg-5p-diesel-2022-en-murcia-70292329-covo.aspx,-14.57491086974546
BMW Serie 3 M3,52800.0,46081.344,https://www.coches.net/bmw-serie-3-m3-4p-gasolina-2016-en-murcia-70192074-covo.aspx,-14.579992038535117
MERCEDES-BENZ Clase GLA GLA 200 CDI Urban,18990.0,16573.57,https://www.coches.net/mercedes-benz-clase-gla-gla-200-cdi-urban-5p-diesel-2015-en-malaga-70109276-covo.aspx,-14.580018921315329
AUDI Q3 S line 35 TDI S tronic,29990.0,26172.152,https://www.coches.net/audi-q3-s-line-35-tdi-110kw-150cv-s-tronic-5p-diesel-2020-en-almeria-70511916-covo.aspx,-14.587442431580202
AUDI Q3 Sportback 40 TDI S tronic Quattro Black Line,42990.0,37512.45,https://www.coches.net/audi-q3-sportback-40-tdi-147kw-s-tronic-quattro-black-line-5p-diesel-2023-en-pontevedra-70483917-covo.aspx,-14.601954538633894
VOLKSWAGEN Golf 3.2 R32 4motion DSG,19990.0,17433.723,https://www.coches.net/volkswagen-golf-32-r32-4motion-dsg-5p-gasolina-2007-en-valencia-70462589-covo.aspx,-14.66283130776761
BMW Serie 5 520d Gran Turismo,11999.0,10462.882,https://www.coches.net/bmw-serie-5-520d-gran-turismo-5p-diesel-2014-en-sevilla-70365023-covo.aspx,-14.681597175132962
VOLVO V90 Cross Country 2.0 B4 D Pro AWD Auto,36900.0,32161.234,https://www.coches.net/volvo-v90-cross-country-20-b4-d-pro-awd-auto-5p-electrico-hibrido-2022-en-madrid-70402162-covo.aspx,-14.73440219907604
AUDI A7 Sportback 3.0 TDI 218 ultra S tronic,15500.0,13504.506,https://www.coches.net/audi-a7-sportback-30-tdi-218-ultra-s-tronic-5p-diesel-2015-en-sevilla-70466764-covo.aspx,-14.776506163235158
FIAT 500C Club 1.0 Hybrid 70 CV,13990.0,12186.173,https://www.coches.net/fiat-500c-club-10-hybrid-51kw-70-cv-2p-electrico-hibrido-2022-en-madrid-70319634-covo.aspx,-14.802244891891672
SEAT Ibiza 1.0 MPI Style,12490.0,10874.88,https://www.coches.net/seat-ibiza-10-mpi-59kw-80cv-style-5p-gasolina-2020-en-madrid-70355213-covo.aspx,-14.851843280955778
LAND-ROVER Range Rover Velar 2.0D D240 RDynamic SE 4WD Auto,37900.0,32991.645,https://www.coches.net/land-rover-range-rover-velar-20d-d240-rdynamic-se-4wd-auto-5p-diesel-2018-en-sta-c-tenerife-61887292-covo.aspx,-14.87757139266204
SMART forfour 60kW81CV EQ,13900.0,12097.699,https://www.coches.net/smart-forfour-60kw81cv-eq-5p-electrico-hibrido-2020-en-valencia-70319874-covo.aspx,-14.89788056936188
VOLKSWAGEN Tiguan RLine 2.0 TDI DSG 4Motion,43950.0,38236.457,https://www.coches.net/volkswagen-tiguan-rline-20-tdi-142kw-193cv-dsg-4motion-5p-diesel-2025-en-alicante-70276850-covo.aspx,-14.942657903896325
TOYOTA Corolla 1.8 125H ADVANCE ECVT SEDAN,21990.0,19116.82,https://www.coches.net/toyota-corolla-18-125h-advance-ecvt-sedan-4p-electrico-hibrido-2021-en-madrid-70359167-covo.aspx,-15.029589861350011
MAZDA Mazda3 Active 1.6 VVT,7990.0,6944.599,https://www.coches.net/mazda-mazda3-active-16-vvt-5p-gasolina-2006-en-madrid-70434798-covo.aspx,-15.053437364453703
AUDI Q3 Sportback 35 TDI S tronic Black Lim.,48900.0,42494.24,https://www.coches.net/audi-q3-sportback-35-tdi-110kw-150cv-s-tronic-black-lim-5p-diesel-2025-en-jaen-61380799-covo.aspx,-15.074424152171364
BMW X1 sDrive18dA Business,25990.0,22582.0,https://www.coches.net/bmw-x1-sdrive18da-business-5p-diesel-2018-en-almeria-70511911-covo.aspx,-15.091665928615711
MERCEDES-BENZ Clase CLA CLA 200 d AMG Line,22990.0,19962.49,https://www.coches.net/mercedes-benz-clase-cla-cla-200-d-amg-line-4p-diesel-2016-en-almeria-70512053-covo.aspx,-15.16599246927465
AUDI Q3 40 TFSI S tronic Quattr Black Line,35900.0,31160.422,https://www.coches.net/audi-q3-40-tfsi-140kw-s-tronic-quattr-black-line-5p-gasolina-2021-en-vizcaya-61344458-covo.aspx,-15.210250182147126
BMW Serie 2 Active Tourer 218i,26890.0,23331.975,https://www.coches.net/bmw-serie-2-active-tourer-218i-5p-gasolina-2022-en-madrid-70316416-covo.aspx,-15.249568243552575
VOLKSWAGEN T-Roc Dark 2.0 TDI,28200.0,24456.64,https://www.coches.net/volkswagen-t-roc-dark-20-tdi-85kw-115cv-5p-diesel-2024-en-guipuzcoa-57775637-covo.aspx,-15.306106150872878
KIA XCeed 1.0 TGDi Drive,20990.0,18202.436,https://www.coches.net/kia-xceed-10-tgdi-drive-74kw-100cv-5p-gasolina-2025-en-huelva-70178974-covo.aspx,-15.314238833294866
CITROEN C3 Aircross Turbo BVM6 YOU,17990.0,15599.096,https://www.coches.net/citroen-c3-aircross-turbo-73kw-100cv-bvm6-you-5p-gasolina-2024-en-madrid-70163686-covo.aspx,-15.327198078514417
AUDI Q3 Sportback 35 TDI S tronic,29990.0,26003.795,https://www.coches.net/audi-q3-sportback-35-tdi-110kw-150cv-s-tronic-5p-diesel-2022-en-almeria-70498994-covo.aspx,-15.32932054763942
MERCEDES-BENZ GLA GLA 250 e,37900.0,32861.9,https://www.coches.net/mercedes-benz-gla-gla-250-e-5p-electrico-hibrido-2020-en-sevilla-70434632-covo.aspx,-15.331133629062723
SUBARU Forester 2.0i Hybrid CVT Executive Plus,26900.0,23315.72,https://www.coches.net/subaru-forester-20i-hybrid-cvt-executive-plus-5p-electrico-hibrido-2022-en-barcelona-70326016-covo.aspx,-15.372800791847707
SEAT Ateca 1.0 TSI StSp Style Eco,18990.0,16456.658,https://www.coches.net/seat-ateca-10-tsi-85kw-115cv-stsp-style-eco-5p-gasolina-2020-en-sta-c-tenerife-62540027-covo.aspx,-15.394023292006736
NISSAN Micra IGT 92 CV E6DF CVT Acenta,16390.0,14200.22,https://www.coches.net/nissan-micra-igt-68-kw-92-cv-e6df-cvt-acenta-5p-gasolina-2022-en-murcia-70016617-covo.aspx,-15.420749225037437
TOYOTA Prius PlugIn 125PH Advance,18990.0,16452.818,https://www.coches.net/toyota-prius-plugin-125ph-advance-5p-electrico-hibrido-2021-en-sta-c-tenerife-62344210-covo.aspx,-15.42095454533044
AUDI Q3 Sportback Black line TDI S tronic,59890.0,51884.32,https://www.coches.net/audi-q3-sportback-black-line-tdi-110-kw-s-tronic-5p-diesel-2026-en-pontevedra-70498196-covo.aspx,-15.42986327908254
MINI MINI COOPER,21990.0,19050.53,https://www.coches.net/mini-mini-cooper-3p-gasolina-2021-en-las-palmas-70314151-covo.aspx,-15.429863692066462
RENAULT Austral Techno Mild Hybrid Auto,25039.0,21679.193,https://www.coches.net/renault-austral-techno-mild-hybrid-103kw-140cv-auto-5p-electrico-hibrido-2022-en-barcelona-70476084-covo.aspx,-15.497839725536085
MAZDA CX-30 eSKYACTIVG 2.0 2WD Evolution,23500.0,20333.352,https://www.coches.net/mazda-cx-30-eskyactivg-20-90-kw-2wd-evolution-5p-electrico-hibrido-2022-en-madrid-70418954-covo.aspx,-15.57366687811627
VOLKSWAGEN Golf 2.0 TSI DSG GTI BMT,15000.0,12978.574,https://www.coches.net/volkswagen-golf-20-tsi-220cv-dsg-gti-bmt-3p-gasolina-2015-en-murcia-62266900-covo.aspx,-15.575098983751767
KIA Stonic 1.2 DPi Concept,14985.0,12963.676,https://www.coches.net/kia-stonic-12-dpi-62kw-84cv-concept-5p-gasolina-2022-en-sta-c-tenerife-70519879-covo.aspx,-15.592215146830041
NISSAN Micra IGT 100 CV E6D Tekna,14390.0,12446.16,https://www.coches.net/nissan-micra-igt-74-kw-100-cv-e6d-tekna-5p-gasolina-2020-en-murcia-62278232-covo.aspx,-15.617988354214418
VOLVO XC90 2.0 B5 D AWD Momentum Pro Auto,44990.0,38908.305,https://www.coches.net/volvo-xc90-20-b5-d-awd-momentum-pro-auto-5p-electrico-hibrido-2021-en-madrid-70449341-covo.aspx,-15.630841182483737
MERCEDES-BENZ Clase GLA GLA 180,18490.0,15983.92,https://www.coches.net/mercedes-benz-clase-gla-gla-180-5p-gasolina-2018-en-madrid-70326890-covo.aspx,-15.67875771634261
VOLKSWAGEN Caddy Origin 2.0 TDI,19990.0,17275.863,https://www.coches.net/volkswagen-caddy-origin-20-tdi-75kw-102cv-5p-diesel-2024-en-castellon-70459547-covo.aspx,-15.710570722655184
RENAULT Kadjar Life Energy dCi 110,12490.0,10790.12,https://www.coches.net/renault-kadjar-life-energy-dci-110-5p-diesel-2015-en-madrid-70452977-covo.aspx,-15.75404040317192
AUDI Q5 SPORTBACK S line 40 TDI quattroultra,46900.0,40502.418,https://www.coches.net/audi-q5-sportback-s-line-40-tdi-150kw-quattroultra-5p-electrico-hibrido-2023-en-vizcaya-70387724-covo.aspx,-15.795555801597109
BMW X6 xDrive30d,33500.0,28911.393,https://www.coches.net/bmw-x6-xdrive30d-5p-diesel-2017-en-murcia-70245953-covo.aspx,-15.871277765246223
SEAT Mii Mii Electric Plus,12590.0,10862.21,https://www.coches.net/seat-mii-mii-electric-plus-61kw-83cv-5p-electrico-hibrido-2020-en-madrid-70326856-covo.aspx,-15.906431980931595
NISSAN QASHQAI dCi 115 CV E6D ACENTA,16990.0,14657.17,https://www.coches.net/nissan-qashqai-dci-85-kw-115-cv-e6d-acenta-5p-diesel-2018-en-madrid-70316370-covo.aspx,-15.91596529588828
VOLKSWAGEN Arteon RLine 2.0 TDI DSG,32890.0,28373.234,https://www.coches.net/volkswagen-arteon-rline-20-tdi-110kw-150cv-dsg-5p-diesel-2023-en-madrid-70414139-covo.aspx,-15.919107301280311
AUDI A3 Cabrio 1.6 TDI clean d Attraction,9970.0,8600.721,https://www.coches.net/audi-a3-cabrio-16-tdi-clean-d-110cv-attraction-2p-diesel-2015-en-madrid-70212367-covo.aspx,-15.920518107017283
MAZDA CX-30 eSKYACTIVG 2.0 2WD Zenith,21990.0,18969.178,https://www.coches.net/mazda-cx-30-eskyactivg-20-90-kw-2wd-zenith-5p-electrico-hibrido-2021-en-sta-c-tenerife-62613647-covo.aspx,-15.924898316234426
BMW Serie 3 320e,35900.0,30962.305,https://www.coches.net/bmw-serie-3-320e-4p-electrico-hibrido-2023-en-valladolid-70201707-covo.aspx,-15.947441129902163
HONDA Civic 1.0 IVTEC TURBO ELEGANCE NAV,21750.0,18746.445,https://www.coches.net/honda-civic-10-ivtec-turbo-elegance-nav-5p-gasolina-2020-en-las-palmas-70383049-covo.aspx,-16.02199583671071
PEUGEOT Rifter Rifter GT BlueHDi 130 EAT8 Long,26990.0,23254.664,https://www.coches.net/peugeot-rifter-rifter-gt-bluehdi-130-eat8-long-5p-diesel-2024-en-madrid-70321309-covo.aspx,-16.062738758387514
FORD Tourneo Courier 1.5 TDCi Titanium,13800.0,11885.625,https://www.coches.net/ford-tourneo-courier-15-tdci-74kw-100cv-titanium-5p-diesel-2018-en-valencia-70470077-covo.aspx,-16.106641426092445
TOYOTA C-HR 1.8 125H Advance,20985.0,18068.33,https://www.coches.net/toyota-c-hr-18-125h-advance-5p-electrico-hibrido-2020-en-sta-c-tenerife-70497340-covo.aspx,-16.142443210101412
NISSAN QASHQAI dCi 115 CV E6D ACENTA,15990.0,13766.913,https://www.coches.net/nissan-qashqai-dci-85-kw-115-cv-e6d-acenta-5p-diesel-2018-en-madrid-70281204-covo.aspx,-16.148042049697533
MINI MINI John Cooper Works Coupe,12000.0,10331.456,https://www.coches.net/mini-mini-john-cooper-works-coupe-2p-gasolina-2013-en-murcia-61782464-covo.aspx,-16.150133499870645
MAZDA CX-80 eSKYACTIV PHEV AWD Homura Plus,59900.0,51558.133,https://www.coches.net/mazda-cx-80-eskyactiv-phev-241kw-awd-homura-plus-5p-electrico-hibrido-2024-en-madrid-70029154-covo.aspx,-16.179537024423734
MERCEDES-BENZ GLB 2.0 GLB 200 D 4MATIC DCT,41500.0,35704.78,https://www.coches.net/mercedes-benz-glb-20-glb-200-d-4matic-dct-110kw-150cv-5p-diesel-2022-en-vizcaya-70425567-covo.aspx,-16.230931956766995
MINI COUNTRYMAN Cooper,21250.0,18277.533,https://www.coches.net/mini-countryman-cooper-5p-gasolina-2021-en-madrid-70316427-covo.aspx,-16.262953889022523
FORD Fiesta 1.6 TDCi Sport Coupe,5999.0,5158.945,https://www.coches.net/ford-fiesta-16-tdci-sport-coupe-3p-diesel-2007-en-alicante-70313146-covo.aspx,-16.28346889537561
KIA EV6 GTLine 774kWh RWD Long Range,38990.0,33527.75,https://www.coches.net/kia-ev6-gtline-774kwh-168kw-rwd-long-range-5p-electrico-hibrido-2023-en-sevilla-62246981-covo.aspx,-16.2917284935613
RENAULT Kadjar Zen Energy dCi EDC,13490.0,11592.477,https://www.coches.net/renault-kadjar-zen-energy-dci-81kw-110cv-edc-5p-diesel-2016-en-guipuzcoa-70485764-covo.aspx,-16.368576871987962
MERCEDES-BENZ Clase A A 180 d,19999.0,17185.703,https://www.coches.net/mercedes-benz-clase-a-a-180-d-5p-diesel-2020-en-sevilla-70421257-covo.aspx,-16.369984134704993
JEEP Renegade 2.0 Mjet Longitude 4x4 Active Drive,13470.0,11572.446,https://www.coches.net/jeep-renegade-20-mjet-longitude-4x4-88kw-active-drive-5p-diesel-2018-en-madrid-70439228-covo.aspx,-16.397170170761047
BMW Serie 4 420d Gran Coupe,39999.0,34354.047,https://www.coches.net/bmw-serie-4-420d-gran-coupe-5p-electrico-hibrido-2024-en-alicante-70128645-covo.aspx,-16.43169768481606
AUDI A3 Sportback Advanced 30 TFSI,22200.0,19062.482,https://www.coches.net/audi-a3-sportback-advanced-30-tfsi-81kw-110cv-5p-gasolina-2021-en-guipuzcoa-61977298-covo.aspx,-16.45912378402808
VOLKSWAGEN Tiguan RLine 2.0 TDI DSG,35990.0,30894.436,https://www.coches.net/volkswagen-tiguan-rline-20-tdi-110kw-150cv-dsg-5p-diesel-2024-en-badajoz-70326120-covo.aspx,-16.49346998230049
RENAULT Captur Intens Energy TCe,12990.0,11150.528,https://www.coches.net/renault-captur-intens-energy-tce-66kw-90cv-5p-gasolina-2017-en-murcia-61682541-covo.aspx,-16.49672218971547
BMW X1 sDrive16d,15999.0,13727.793,https://www.coches.net/bmw-x1-sdrive16d-5p-diesel-2016-en-alicante-70308155-covo.aspx,-16.544589770695
SUZUKI S-Cross 1.4T S2 Mild Hybrid,24900.0,21357.438,https://www.coches.net/suzuki-s-cross-14t-s2-mild-hybrid-5p-electrico-hibrido-2022-en-madrid-70511741-covo.aspx,-16.587020329569032
BMW Serie 2 220i,20490.0,17565.248,https://www.coches.net/bmw-serie-2-220i-2p-gasolina-2015-en-barcelona-70485746-covo.aspx,-16.65078651505486
OPEL Mokka 1.2 T 100 CV Business Elegance,16990.0,14554.465,https://www.coches.net/opel-mokka-12-t-74kw-100-cv-business-elegance-5p-gasolina-2022-en-sta-c-tenerife-62494154-covo.aspx,-16.73393822718168
MINI MINI JOHN COOPER WORKS,36900.0,31597.723,https://www.coches.net/mini-mini-john-cooper-works-3p-gasolina-2022-en-murcia-70462341-covo.aspx,-16.780568022047675
LAND-ROVER Defender 3.0D I6 250 XDynamic SE 90 AT 4WD MHEV,94900.0,81123.695,https://www.coches.net/land-rover-defender-30d-i6-250-xdynamic-se-90-at-4wd-mhev-3p-electrico-hibrido-2025-en-madrid-61142124-covo.aspx,-16.981850536309665
MINI COUNTRYMAN Cooper SE ALL4,31999.0,27333.059,https://www.coches.net/mini-countryman-cooper-se-all4-5p-electrico-hibrido-2023-en-sevilla-70364723-covo.aspx,-17.070688925083992
LAND-ROVER Discovery Sport 2.0D eD4 163 PS FWD Manual RDynamic SE,45900.0,39202.305,https://www.coches.net/land-rover-discovery-sport-20d-ed4-163-ps-fwd-manual-rdynamic-se-5p-diesel-2023-en-asturias-62356428-covo.aspx,-17.084952953379855
VOLVO C40 Recharge Single Plus Auto,42900.0,36636.223,https://www.coches.net/volvo-c40-recharge-single-plus-auto-5p-electrico-hibrido-2024-en-valencia-70383487-covo.aspx,-17.0972247944929
AUDI A5 35 TFSI S tronic Sportback,21250.0,18141.117,https://www.coches.net/audi-a5-35-tfsi-110kw-150cv-s-tronic-sportback-5p-gasolina-2019-en-malaga-70348492-covo.aspx,-17.137218068588147
VOLKSWAGEN Caddy Edition 2.0 TDI BMT,20850.0,17799.455,https://www.coches.net/volkswagen-caddy-edition-20-tdi-75kw-102cv-bmt-5p-diesel-2020-en-las-palmas-70314523-covo.aspx,-17.1384174879827
AUDI Q3 35 TDI S tronic,27990.0,23885.402,https://www.coches.net/audi-q3-35-tdi-110kw-150cv-s-tronic-5p-diesel-2021-en-albacete-70224340-covo.aspx,-17.184544757413452
AUDI A1 citycarver 30 TFSI S tronic,24200.0,20649.385,https://www.coches.net/audi-a1-citycarver-30-tfsi-81kw-110cv-s-tronic-5p-gasolina-2021-en-guipuzcoa-60993628-covo.aspx,-17.194774927559603
LAND-ROVER Range Rover 2.0 I4 PHEV 404 PS 4WD Auto Vogue,64900.0,55374.668,https://www.coches.net/land-rover-range-rover-20-i4-phev-404-ps-4wd-auto-vogue-5p-electrico-hibrido-2021-en-madrid-70415446-covo.aspx,-17.201605681185306
CUPRA Formentor 1.5 TSI 150 CV DSG,24990.0,21309.924,https://www.coches.net/cupra-formentor-15-tsi-110kw-150-cv-dsg-5p-gasolina-2021-en-murcia-70376564-covo.aspx,-17.269307021257426
HYUNDAI i20 1.2 MPI Klass,19800.0,16876.357,https://www.coches.net/km-0/hyundai/i20/valencia/12-mpi-klass-gasolina-de-demostracion-70354500-devn.aspx,-17.32389582088015
PEUGEOT 5008 1.2 PureTech SS Allure Pack,19990.0,17034.838,https://www.coches.net/peugeot-5008-12-puretech-96kw-ss-allure-pack-5p-gasolina-2021-en-vizcaya-70430718-covo.aspx,-17.34775598305724
KIA Niro 1.6 GDi PHEV Drive,29040.0,24745.842,https://www.coches.net/kia-niro-16-gdi-phev-104kw-141cv-drive-5p-electrico-hibrido-2022-en-huelva-62074990-covo.aspx,-17.353049608792386
SEAT Arona 1.0 TSI Style Edition Eco,12800.0,10904.823,https://www.coches.net/seat-arona-10-tsi-70kw-95cv-style-edition-eco-5p-gasolina-2020-en-valencia-70319526-covo.aspx,-17.379252425482957
CITROEN C4 Picasso PureTech SS 6v Feel,12940.0,11020.835,https://www.coches.net/citroen-c4-picasso-puretech-96kw-130cv-ss-6v-feel-5p-gasolina-2017-en-madrid-70281229-covo.aspx,-17.41397131764365
KIA Sportage 1.6 CRDi MHEV Drive 4x2,28090.0,23919.115,https://www.coches.net/kia-sportage-16-crdi-mhev-100kw-136cv-drive-4x2-5p-electrico-hibrido-2023-en-sevilla-60250620-covo.aspx,-17.43745420662916
HYUNDAI Tucson 1.7CRDi BD TecnoSky DCT4x2,18599.0,15835.968,https://www.coches.net/hyundai-tucson-17crdi-104kw-141cv-bd-tecnosky-dct4x2-5p-diesel-2015-en-jaen-70292053-covo.aspx,-17.447826783261576
VOLKSWAGEN Amarok DC 2.0 TDI 4MO Conectable,24990.0,21267.404,https://www.coches.net/volkswagen-amarok-dc-20-tdi-4mo-conectable-180cv-4p-diesel-2016-en-valencia-70419192-covo.aspx,-17.50376139542329
OPEL Corsa 1.2 Essentia,5890.0,5011.683,https://www.coches.net/opel-corsa-12-essentia-3p-gasolina-2011-en-madrid-70281267-covo.aspx,-17.52538770004892
BMW Serie 3 316d Touring,17780.0,15124.758,https://www.coches.net/bmw-serie-3-316d-touring-5p-diesel-2018-en-madrid-70070060-covo.aspx,-17.55560135518699
TOYOTA C-HR 1.8 125H Advance,21490.0,18275.398,https://www.coches.net/toyota-c-hr-18-125h-advance-5p-electrico-hibrido-2021-en-vizcaya-62309819-covo.aspx,-17.589775530714746
AUDI Q3 Sportback 45 TFSI e S tronic S Line,39500.0,33579.71,https://www.coches.net/audi-q3-sportback-45-tfsi-e-180kw-s-tronic-s-line-5p-electrico-hibrido-2023-en-jaen-70058031-covo.aspx,-17.63055397802291
AUDI TT 40 TFSI S tronic S Line Edit Roads,32900.0,27968.266,https://www.coches.net/audi-tt-40-tfsi-145kw-s-tronic-s-line-edit-roads-2p-gasolina-2020-en-valladolid-70322242-covo.aspx,-17.633322141333174
BMW X4 xDrive20d xLine,38990.0,33144.89,https://www.coches.net/bmw-x4-xdrive20d-xline-5p-electrico-hibrido-2022-en-murcia-70487417-covo.aspx,-17.63502387481479
OPEL Combo Life 1.5 TD SS Elegance L,19990.0,16990.1,https://www.coches.net/opel-combo-life-15-td-75kw-100cv-ss-elegance-l-5p-diesel-2022-en-sta-c-tenerife-62613634-covo.aspx,-17.656755755391092
FORD Ranger 2.0 Ecobl 4x4 Dob Cab Wildtrack AT,37999.0,32293.756,https://www.coches.net/ford-ranger-20-ecobl-157kw-4x4-dob-cab-wildtrack-at-4p-diesel-2022-en-alicante-70286665-covo.aspx,-17.666709829196737
MAZDA CX-3 1.5 SKYACTIV DE Luxury 2WD,14990.0,12721.519,https://www.coches.net/mazda-cx-3-15-skyactiv-de-77kw-luxury-2wd-5p-diesel-2017-en-barcelona-70485751-covo.aspx,-17.83184480343844
CITROEN C3 Pluriel 1.4HDI Exclusive,6250.0,5302.3667,https://www.coches.net/citroen-c3-pluriel-14hdi-exclusive-2p-diesel-2006-en-pontevedra-70515362-covo.aspx,-17.871892959060606
AUDI Q3 Sportback Black line 35 TDI S tronic,31900.0,27062.887,https://www.coches.net/audi-q3-sportback-black-line-35-tdi-110kw-150cv-s-tronic-5p-diesel-2022-en-malaga-70315452-covo.aspx,-17.87360428885326
SEAT Ateca 1.4 EcoTSI DSG7 StSp Xcellence,17990.0,15258.065,https://www.coches.net/seat-ateca-14-ecotsi-150cv-dsg7-stsp-xcellence-5p-gasolina-2017-en-murcia-62573784-covo.aspx,-17.904855519868175
LEXUS CT 1.8 200h Executive,25900.0,21965.682,https://www.coches.net/lexus-ct-18-200h-executive-5p-electrico-hibrido-2020-en-madrid-70278447-covo.aspx,-17.91120541462539
VOLKSWAGEN Beetle 1.6 TDI Design,14999.0,12720.31,https://www.coches.net/volkswagen-beetle-16-tdi-105cv-design-3p-diesel-2014-en-alicante-70428065-covo.aspx,-17.913796964546037
BMW X1 sDrive18d,43300.0,36690.918,https://www.coches.net/bmw-x1-sdrive18d-5p-diesel-2025-en-ciudad-real-70490218-covo.aspx,-18.012855488867892
VOLKSWAGEN Tiguan Sport 2.0 TDI DSG,25990.0,22005.115,https://www.coches.net/volkswagen-tiguan-sport-20-tdi-110kw-150cv-dsg-5p-diesel-2018-en-almeria-70511929-covo.aspx,-18.108902058372614
LAND-ROVER Range Rover Evoque 2.0 D163 Dynamic SE AUTO 4WD MHEV,53900.0,45631.168,https://www.coches.net/land-rover-range-rover-evoque-20-d163-dynamic-se-auto-4wd-mhev-5p-electrico-hibrido-2025-en-madrid-70159393-covo.aspx,-18.121017715156487
TOYOTA C-HR 1.8 125H Advance,21900.0,18514.055,https://www.coches.net/toyota-c-hr-18-125h-advance-5p-electrico-hibrido-2023-en-valladolid-70322213-covo.aspx,-18.28851307642547
SEAT Arona 1.0 TSI Style Ecomotive,12900.0,10904.823,https://www.coches.net/seat-arona-10-tsi-70kw-95cv-style-ecomotive-5p-gasolina-2020-en-jaen-70355855-covo.aspx,-18.29627783505704
MINI COUNTRYMAN One,13990.0,11822.775,https://www.coches.net/mini-countryman-one-5p-gasolina-2019-en-barcelona-70486087-covo.aspx,-18.33092939491623
AUDI Q3 S line TFSI S tronic,51900.0,43840.227,https://www.coches.net/audi-q3-s-line-tfsi-110-kw-s-tronic-5p-electrico-hibrido-2026-en-jaen-70413504-covo.aspx,-18.384424692718536
HYUNDAI Tucson 1.6 CRDI 48V NLine 4X2,21900.0,18493.334,https://www.coches.net/hyundai-tucson-16-crdi-100kw-136cv-48v-nline-4x2-5p-electrico-hibrido-2020-en-madrid-70261398-covo.aspx,-18.421048462669244
RENAULT Trafic SL LIMITED Energy dCi 120 CV SS,17900.0,15106.395,https://www.coches.net/renault-trafic-sl-limited-energy-dci-88-kw-120-cv-ss-4p-diesel-2019-en-asturias-70404414-covo.aspx,-18.49286712968458
MINI MINI COOPER S CABRIO,31900.0,26915.133,https://www.coches.net/mini-mini-cooper-s-cabrio-2p-gasolina-2023-en-malaga-70236638-covo.aspx,-18.520685824685636
VOLKSWAGEN T-Roc Advance RLine 1.0 TSI,18900.0,15941.674,https://www.coches.net/volkswagen-t-roc-advance-rline-10-tsi-81kw-110cv-5p-gasolina-2022-en-lugo-70494872-covo.aspx,-18.557186677949662
MINI MINI COOPER CABRIO,24900.0,21000.809,https://www.coches.net/mini-mini-cooper-cabrio-2p-gasolina-2023-en-malaga-70334016-covo.aspx,-18.56686321787833
HYUNDAI Bayon 1.2 MPI Maxx,18900.0,15935.551,https://www.coches.net/hyundai-bayon-12-mpi-maxx-5p-gasolina-2025-en-valencia-70354541-covo.aspx,-18.602740874435376
SKODA Karoq 1.0 TSI Selection,23990.0,20219.83,https://www.coches.net/skoda-karoq-10-tsi-81kw-110cv-selection-5p-gasolina-2023-en-sta-c-tenerife-70021972-covo.aspx,-18.645903092696074
POLESTAR 4 Long Range Single Motor Prime,58900.0,49640.684,https://www.coches.net/km-0/polestar/4/asturias/long-range-single-motor-prime-electrico-hibrido-de-km0-70329572-kovn.aspx,-18.652677070337106
NISSAN QASHQAI 1.6dCi TEKNA 4x2 XTRONIC Piel,14990.0,12632.905,https://www.coches.net/nissan-qashqai-16dci-tekna-4x2-xtronic-piel-5p-diesel-2015-en-barcelona-70485752-covo.aspx,-18.658374107487617
FORD Tourneo Connect 2.0 Ecoblue Titanium,26990.0,22736.11,https://www.coches.net/ford-tourneo-connect-20-ecoblue-90kw-titanium-5p-diesel-2023-en-malaga-70109344-covo.aspx,-18.7098441287297
NISSAN JUKE dCi EU6 110 CV 6MT DYNAMIC,14990.0,12615.037,https://www.coches.net/nissan-juke-dci-eu6-110-cv-81-kw-6mt-dynamic-5p-diesel-2016-en-almeria-70511945-covo.aspx,-18.826443949657673
HYUNDAI Tucson 1.6 CRDI Maxx,22000.0,18507.023,https://www.coches.net/hyundai-tucson-16-crdi-85kw-115cv-maxx-5p-diesel-2022-en-murcia-62577459-covo.aspx,-18.873789047148062
VOLVO XC40 2.0 D3 RDesign Auto,26990.0,22692.607,https://www.coches.net/volvo-xc40-20-d3-rdesign-auto-5p-diesel-2020-en-sevilla-70418704-covo.aspx,-18.937412075363543
MAZDA CX-3 1.5 SKYACTIV DE Lux Whi Trav 2WD,11490.0,9657.916,https://www.coches.net/mazda-cx-3-15-skyactiv-de-lux-whi-trav-2wd-5p-diesel-2015-en-valencia-70378711-covo.aspx,-18.96976512749722
VOLKSWAGEN Caravelle Origin Corta 2.0 TDI BMT DSG,38000.0,31932.242,https://www.coches.net/volkswagen-caravelle-origin-corta-20-tdi-110kw-bmt-dsg-4p-diesel-2024-en-guipuzcoa-61150265-covo.aspx,-19.001978554688677
MERCEDES-BENZ GLC Coupé GLC 300 de 4MATIC,42990.0,36122.375,https://www.coches.net/mercedes-benz-glc-coupe-glc-300-de-4matic-5p-electrico-hibrido-2021-en-barcelona-70397521-covo.aspx,-19.012108146266684
MAZDA CX-30 eSKYACTIVG 2.0 2WD Zenith,21900.0,18384.809,https://www.coches.net/mazda-cx-30-eskyactivg-20-90-kw-2wd-zenith-5p-electrico-hibrido-2022-en-valencia-70354527-covo.aspx,-19.120087045371825
TOYOTA C-HR 1.8 125H Advance,21470.0,18013.861,https://www.coches.net/toyota-c-hr-18-125h-advance-5p-electrico-hibrido-2021-en-madrid-70380544-covo.aspx,-19.185995766931647
MERCEDES-BENZ Mercedes-AMG SL MercedesAMG SL 43,115990.0,97278.1,https://www.coches.net/mercedes-benz-mercedes-amg-sl-mercedesamg-sl-43-2p-gasolina-2024-en-asturias-70375997-covo.aspx,-19.235468349963465
MERCEDES-BENZ Clase GLA GLA 180,23990.0,20116.803,https://www.coches.net/mercedes-benz-clase-gla-gla-180-5p-gasolina-2018-en-alicante-70410136-covo.aspx,-19.253543004657466
BMW X1 sDrive16d,19480.0,16332.383,https://www.coches.net/bmw-x1-sdrive16d-5p-diesel-2020-en-cordoba-70467089-covo.aspx,-19.272247189130105
VOLKSWAGEN Multivan PHEV 1.4 TSI DSG B.Corta,48800.0,40903.902,https://www.coches.net/volkswagen-multivan-phev-14-tsi-160kw-218cv-dsg-bcorta-5p-electrico-hibrido-2023-en-vizcaya-70438036-covo.aspx,-19.30402040835231
FORD Ranger 2.0 TDCi 4x4 Dob Cab. Limited SS,33990.0,28464.361,https://www.coches.net/ford-ranger-20-tdci-125kw-4x4-dob-cab-limited-ss-4p-diesel-2020-en-sevilla-70418722-covo.aspx,-19.41248077965916
NISSAN JUKE DIGT 114 CV 6MT Tekna,22500.0,18836.338,https://www.coches.net/nissan-juke-digt-84-kw-114-cv-6mt-tekna-5p-gasolina-2023-en-valencia-70500655-covo.aspx,-19.449970215274355
BMW X2 sDrive16d,22900.0,19167.172,https://www.coches.net/bmw-x2-sdrive16d-5p-diesel-2022-en-madrid-70372779-covo.aspx,-19.475111661458925
SKODA Octavia Combi 2.0 TDI Selection,32600.0,27278.062,https://www.coches.net/skoda-octavia-combi-20-tdi-85kw-115cv-selection-5p-diesel-2026-en-guipuzcoa-70450451-covo.aspx,-19.509954198543245
TOYOTA Yaris Cross 1.5 120H Active Tech,24800.0,20750.314,https://www.coches.net/toyota-yaris-cross-15-120h-active-tech-5p-electrico-hibrido-2021-en-granada-70388058-covo.aspx,-19.516261095817356
MERCEDES-BENZ Clase GLE Coupé GLE 350 d 4MATIC,37500.0,31363.756,https://www.coches.net/mercedes-benz-clase-gle-coupe-gle-350-d-4matic-5p-diesel-2018-en-murcia-62358295-covo.aspx,-19.56476184847869
AUDI Q5 35 TDI S tronic,36900.0,30835.787,https://www.coches.net/audi-q5-35-tdi-120kw-163cv-s-tronic-5p-electrico-hibrido-2022-en-valencia-70319843-covo.aspx,-19.666152412828463
MERCEDES-BENZ Clase C C 200 d,22490.0,18779.719,https://www.coches.net/mercedes-benz-clase-c-c-200-d-4p-diesel-2018-en-alicante-70301606-covo.aspx,-19.756852056157655
CITROEN Spacetourer Talla XL BlueHDi Business,24490.0,20443.943,https://www.coches.net/citroen-spacetourer-talla-xl-bluehdi-103kw-140cv-business-4p-diesel-2020-en-madrid-70425405-covo.aspx,-19.790979506747632
SEAT Ateca 1.0 TSI StSp Style Eco,18985.0,15844.803,https://www.coches.net/seat-ateca-10-tsi-81kw-110cv-stsp-style-eco-5p-gasolina-2022-en-sta-c-tenerife-70381070-covo.aspx,-19.81846866930316
AUDI Q5 SPORTBACK Black line 35 TDI S tronic,41990.0,35043.168,https://www.coches.net/audi-q5-sportback-black-line-35-tdi-120kw-s-tronic-5p-electrico-hibrido-2023-en-zaragoza-70408004-covo.aspx,-19.823641622369554
HONDA Civic 1.0 IVTEC TURBO EXECUTIVE,16990.0,14176.07,https://www.coches.net/honda-civic-10-ivtec-turbo-executive-5p-gasolina-2018-en-madrid-70453428-covo.aspx,-19.849857015866856
SEAT Ateca 1.0 TSI StSp Style XL,18990.0,15844.803,https://www.coches.net/seat-ateca-10-tsi-81kw-stsp-style-xl-5p-gasolina-2023-en-sta-c-tenerife-62352477-covo.aspx,-19.850024757970345
BMW X1 sDrive16d Business,22900.0,19106.621,https://www.coches.net/bmw-x1-sdrive16d-business-5p-diesel-2021-en-madrid-70261453-covo.aspx,-19.853740164925647
LAND-ROVER Defender 2.0 P404E XDynamic SE 110 Auto 4WD PHEV,72900.0,60815.207,https://www.coches.net/land-rover-defender-20-p404e-xdynamic-se-110-auto-4wd-phev-5p-electrico-hibrido-2023-en-madrid-70483628-covo.aspx,-19.87133409336288
JAGUAR E-Pace 2.0D RDynamic,22800.0,18994.229,https://www.coches.net/jaguar-e-pace-20d-110kw-rdynamic-5p-diesel-2018-en-sta-c-tenerife-61887284-covo.aspx,-20.036462556214392
MERCEDES-BENZ GLC Coupé GLC 200 d 4MATIC,36900.0,30714.213,https://www.coches.net/mercedes-benz-glc-coupe-glc-200-d-4matic-5p-diesel-2020-en-sta-c-tenerife-70515975-covo.aspx,-20.13981973558277
VOLVO XC90 2.0 B5 D AWD RDesign Auto,49900.0,41518.24,https://www.coches.net/volvo-xc90-20-b5-d-awd-rdesign-auto-5p-electrico-hibrido-2021-en-navarra-70486762-covo.aspx,-20.18814397174284
VOLKSWAGEN T-Roc Advance 1.0 TSI,19990.0,16626.8,https://www.coches.net/volkswagen-t-roc-advance-10-tsi-81kw-110cv-5p-gasolina-2021-en-murcia-62119420-covo.aspx,-20.227578732660774
BMW X3 20d xDrive,61000.0,50691.938,https://www.coches.net/bmw-x3-20d-xdrive-5p-electrico-hibrido-2024-en-albacete-70056337-covo.aspx,-20.33471792235205
HYUNDAI Kona 1.0 TGDI Flexx,25900.0,21522.826,https://www.coches.net/hyundai-kona-10-tgdi-flexx-5p-gasolina-2023-en-valencia-70354507-covo.aspx,-20.33735622436463
LEXUS LBX 1.5 HEV Elegant,33500.0,27831.26,https://www.coches.net/lexus-lbx-15-136cv-hev-elegant-5p-electrico-hibrido-2025-en-vizcaya-62604857-covo.aspx,-20.368248804089657
BMW i8 i8 Coupe,72999.0,60640.734,https://www.coches.net/bmw-i8-i8-coupe-2p-electrico-hibrido-2019-en-alicante-70163401-covo.aspx,-20.379478831138414
TOYOTA Yaris Cross 1.5 130H GR Sport,29990.0,24911.71,https://www.coches.net/toyota-yaris-cross-15-130h-gr-sport-5p-electrico-hibrido-2024-en-las-palmas-60895313-covo.aspx,-20.38514767307921
MINI COUNTRYMAN Cooper S E ALL4,28900.0,23994.02,https://www.coches.net/mini-countryman-cooper-s-e-all4-5p-electrico-hibrido-2021-en-madrid-70457388-covo.aspx,-20.44668031698654
HYUNDAI Tucson 1.6 CRDI 48V SLE 4X2,17500.0,14520.756,https://www.coches.net/hyundai-tucson-16-crdi-85kw-116cv-48v-sle-4x2-5p-electrico-hibrido-2018-en-caceres-70483536-covo.aspx,-20.517142285685615
MERCEDES-BENZ GLC Coupé GLC 220 d 4MATIC,27800.0,23066.615,https://www.coches.net/mercedes-benz-glc-coupe-glc-220-d-4matic-5p-diesel-2017-en-alicante-70046409-covo.aspx,-20.52049994127911
BMW X3 xDrive30e xLine,44900.0,37210.45,https://www.coches.net/bmw-x3-xdrive30e-xline-5p-electrico-hibrido-2022-en-valladolid-70219599-covo.aspx,-20.66503077145144
VOLKSWAGEN Jetta 1.6 TDI Advance Bluemotion Tech,10500.0,8701.775,https://www.coches.net/volkswagen-jetta-16-tdi-105cv-advance-bluemotion-tech-4p-diesel-2012-en-sevilla-70318118-covo.aspx,-20.665031314326345
VOLVO XC60 2.0 B4 D RDesign Auto,37650.0,31194.848,https://www.coches.net/volvo-xc60-20-b4-d-rdesign-auto-5p-electrico-hibrido-2021-en-navarra-70222314-covo.aspx,-20.693008072622167
PEUGEOT 5008 1.5 BlueHDi SS Active Pack,23900.0,19799.807,https://www.coches.net/peugeot-5008-15-bluehdi-96kw-130cv-ss-active-pack-5p-diesel-2020-en-madrid-70329881-covo.aspx,-20.708249498569717
LEXUS RX 450h Executive,73900.0,61160.26,https://www.coches.net/lexus-rx-450h-executive-5p-electrico-hibrido-2024-en-vizcaya-70066057-covo.aspx,-20.83009117886812
FORD Focus 1.0 Ecoboost MHEV STLine Auto,22490.0,18581.922,https://www.coches.net/ford-focus-10-ecoboost-mhev-92kw-stline-auto-5p-electrico-hibrido-2023-en-madrid-70410697-covo.aspx,-21.03161422854707
VOLKSWAGEN Touran Life 1.5 TSI DSG,32990.0,27224.994,https://www.coches.net/volkswagen-touran-life-15-tsi-110kw-150cv-dsg-5p-gasolina-2024-en-madrid-70470717-covo.aspx,-21.175416345719196
MERCEDES-BENZ GLE GLE 350 de 4MATIC Hibrido Enchufable,53890.0,44469.465,https://www.coches.net/mercedes-benz-gle-gle-350-de-4matic-hibrido-enchufable-5p-electrico-hibrido-2022-en-madrid-70099139-covo.aspx,-21.184278221810033
MERCEDES-BENZ Clase B B 180 BlueEFFICIENCY,15990.0,13194.131,https://www.coches.net/mercedes-benz-clase-b-b-180-blueefficiency-5p-gasolina-2013-en-malaga-70107538-covo.aspx,-21.190248682719513
AUDI Q5 Black line 35 TDI S tronic,41490.0,34218.887,https://www.coches.net/audi-q5-black-line-35-tdi-120kw-s-tronic-5p-electrico-hibrido-2022-en-madrid-70421447-covo.aspx,-21.248830626818272
PEUGEOT Rifter Rifter GT BlueHDi 130 EAT8 Long,30990.0,25522.07,https://www.coches.net/peugeot-rifter-rifter-gt-bluehdi-130-eat8-long-5p-diesel-2026-en-vizcaya-70483137-covo.aspx,-21.42431871924575
BMW X5 xDrive25d,41990.0,34553.676,https://www.coches.net/bmw-x5-xdrive25d-5p-diesel-2022-en-murcia-70041889-covo.aspx,-21.521080031622
BMW Serie 4 420i Cabrio,36990.0,30380.74,https://www.coches.net/bmw-serie-4-420i-cabrio-2p-gasolina-2022-en-malaga-70475523-covo.aspx,-21.75476869436775
SKODA Kamiq 1.0 TSI DSG MONTECARLO,22990.0,18881.416,https://www.coches.net/skoda-kamiq-10-tsi-81kw-110cv-dsg-montecarlo-5p-gasolina-2023-en-las-palmas-70418432-covo.aspx,-21.759935700664666
PEUGEOT 5008 1.5 BlueHDi SS GT EAT8,19990.0,16406.13,https://www.coches.net/peugeot-5008-15-bluehdi-96kw-ss-gt-eat8-5p-diesel-2020-en-madrid-70275229-covo.aspx,-21.844694348375626
ALFA ROMEO Tonale 1.5 MHEV GASOLINA 130 CV SPECIALE FWD,21490.0,17628.482,https://www.coches.net/alfa-romeo-tonale-15-mhev-gasolina-130-cv-speciale-fwd-5p-electrico-hibrido-2022-en-madrid-70417886-covo.aspx,-21.904991511539773
MERCEDES-BENZ GLC Coupé GLC 220 d 4MATIC,46999.0,38520.363,https://www.coches.net/mercedes-benz-glc-coupe-glc-220-d-4matic-5p-diesel-2022-en-alicante-70203508-covo.aspx,-22.010791167374645
RENAULT Captur Intens TCe 90,15985.0,13100.932,https://www.coches.net/renault-captur-intens-tce-90-5p-gasolina-2021-en-caceres-70258367-covo.aspx,-22.014223404019006
AUDI Q5 S line 40 TDI quattroultra,48900.0,40076.51,https://www.coches.net/audi-q5-s-line-40-tdi-150kw-quattroultra-5p-electrico-hibrido-2023-en-jaen-62370764-covo.aspx,-22.016607491120258
RENAULT Scénic Zen Energy TCe,15985.0,13094.343,https://www.coches.net/renault-scenic-zen-energy-tce-103-kw-140cv-5p-gasolina-2018-en-las-palmas-70497386-covo.aspx,-22.075619040814605
HYUNDAI Kona 1.0T Maxx,21400.0,17526.568,https://www.coches.net/hyundai-kona-10t-100cv-maxx-5p-gasolina-2025-en-valencia-70354482-covo.aspx,-22.100342526853485
VOLVO XC90 2.0 B5 Gasolina AWD Core Auto,64900.0,53110.5,https://www.coches.net/volvo-xc90-20-b5-gasolina-awd-core-auto-5p-electrico-hibrido-2025-en-valencia-70314614-covo.aspx,-22.198058764274485
MINI COUNTRYMAN COOPER D COUNTRYMAN,12990.0,10618.356,https://www.coches.net/mini-countryman-cooper-d-countryman-5p-diesel-2016-en-madrid-70462575-covo.aspx,-22.335316834597958
VOLVO XC40 1.5 T2 Momentum Core,17990.0,14697.628,https://www.coches.net/volvo-xc40-15-t2-momentum-core-5p-gasolina-2022-en-madrid-70326944-covo.aspx,-22.400703610562157
RENAULT Kangoo Combi Expression 1.5dCi,7490.0,6111.8,https://www.coches.net/renault-kangoo-combi-expression-15dci-85cv-5p-diesel-2009-en-madrid-70462282-covo.aspx,-22.549825572746624
NISSAN QASHQAI DIGT NConnecta,24900.0,20317.873,https://www.coches.net/nissan-qashqai-digt-103kw-nconnecta-5p-electrico-hibrido-2023-en-valencia-62607425-covo.aspx,-22.55219797147889
BMW Serie 2 216dA DCT Gran Coupe,24500.0,19961.818,https://www.coches.net/bmw-serie-2-216da-dct-gran-coupe-4p-diesel-2021-en-cuenca-70404867-covo.aspx,-22.734309865582254
BMW X4 xDrive20d,27990.0,22785.762,https://www.coches.net/bmw-x4-xdrive20d-5p-diesel-2020-en-asturias-70317505-covo.aspx,-22.83986967601581
FORD S-MAX 2.0 TDCi Titanium,6590.0,5362.0107,https://www.coches.net/ford-s-max-20-tdci-titanium-5p-diesel-2007-en-madrid-70180131-covo.aspx,-22.901656055085155
MERCEDES-BENZ Clase E E 200 CDI Blue Efficiency Avantgarde,13999.0,11387.884,https://www.coches.net/mercedes-benz-clase-e-e-200-cdi-blue-efficiency-avantgarde-4p-diesel-2009-en-alicante-70163666-covo.aspx,-22.928897583634882
NISSAN QASHQAI DIGT mHEV 4x2 Acenta,24990.0,20317.873,https://www.coches.net/nissan-qashqai-digt-103kw-140cv-mhev-4x2-acenta-5p-electrico-hibrido-2023-en-huelva-70507247-covo.aspx,-22.99515772318303
AUDI Q8 50 TDI Black Line Plus quattro tip,79990.0,65007.58,https://www.coches.net/audi-q8-50-tdi-210kw-black-line-plus-quattro-tip-5p-electrico-hibrido-2023-en-madrid-70449339-covo.aspx,-23.04719281526072
PEUGEOT 508 GT Pack BlueHDi 130 SS EAT8,21980.0,17855.203,https://www.coches.net/peugeot-508-5p-gt-pack-bluehdi-130-ss-eat8-5p-diesel-2022-en-jaen-70357989-covo.aspx,-23.101371886521175
AUDI Q8 55 TFSIe Black Line Pl quattro tip,58990.0,47883.766,https://www.coches.net/audi-q8-55-tfsie-280kw-black-line-pl-quattro-tip-5p-electrico-hibrido-2022-en-sta-c-tenerife-70106964-covo.aspx,-23.1941540729651
BMW X3 20d xDrive,57900.0,46936.24,https://www.coches.net/bmw-x3-20d-xdrive-5p-electrico-hibrido-2026-en-malaga-70358593-covo.aspx,-23.358841952892043
PEUGEOT 5008 1.2 PureTech SS Allure Pack EAT8,23990.0,19431.04,https://www.coches.net/peugeot-5008-12-puretech-96kw-ss-allure-pack-eat8-5p-gasolina-2022-en-vizcaya-70313563-covo.aspx,-23.46226016445177
MERCEDES-BENZ Vito 114CDI AT Tourer Pro Larga,32990.0,26719.322,https://www.coches.net/mercedes-benz-vito-114cdi-at-100kw-tourer-pro-larga-4p-diesel-2024-en-zaragoza-70416166-covo.aspx,-23.468700560726294
VOLKSWAGEN Tiguan RLine 2.0 TDI DSG,27990.0,22637.5,https://www.coches.net/volkswagen-tiguan-rline-20-tdi-110kw-150cv-dsg-5p-diesel-2023-en-murcia-61518781-covo.aspx,-23.64439536167863
KIA Stonic 1.2 DPi Drive,19990.0,16161.344,https://www.coches.net/kia-stonic-12-dpi-58kw-79cv-drive-5p-gasolina-2025-en-huelva-70260542-covo.aspx,-23.690209856466918
VOLKSWAGEN ID.4 Pro Performance Automatico,35900.0,28992.787,https://www.coches.net/volkswagen-id4-pro-performance-150kw-204cv-automatico-5p-electrico-hibrido-2022-en-malaga-70282841-covo.aspx,-23.8239009742927
KIA Sportage 1.6 CRDi MHEV Drive 4x2,32990.0,26633.432,https://www.coches.net/kia-sportage-16-crdi-mhev-100kw-136cv-drive-4x2-5p-electrico-hibrido-2025-en-sevilla-61473788-covo.aspx,-23.86687695805253
VOLKSWAGEN Scirocco RLine 2.0 TDI DSG BMT,19999.0,16141.969,https://www.coches.net/volkswagen-scirocco-rline-20-tdi-150cv-dsg-bmt-3p-diesel-2016-en-alicante-62404830-covo.aspx,-23.894428924600664
MERCEDES-BENZ Clase V 220 d Avantgarde Compacto,37500.0,30266.045,https://www.coches.net/mercedes-benz-clase-v-220-d-avantgarde-compacto-5p-diesel-2021-en-murcia-70378341-covo.aspx,-23.901223621381092
SKODA Kodiaq 1.5 TSI DSG 4x2 Ambition,26790.0,21593.49,https://www.coches.net/skoda-kodiaq-15-tsi-110kw-150cv-dsg-4x2-ambition-5p-gasolina-2022-en-madrid-70068675-covo.aspx,-24.06516829480673
VOLKSWAGEN Caddy Comfortline 2.0 TDI SCR BMT DSG,19990.0,16110.75,https://www.coches.net/volkswagen-caddy-comfortline-20-tdi-scr-bmt-150cv-dsg-5p-diesel-2016-en-las-palmas-62652100-covo.aspx,-24.078643142001457
VOLKSWAGEN Caddy Comfortline 2.0 TDI SCR BMT DSG,19990.0,16110.75,https://www.coches.net/volkswagen-caddy-comfortline-20-tdi-scr-bmt-150cv-dsg-5p-diesel-2016-en-las-palmas-70504288-covo.aspx,-24.078643142001457
BMW Serie 1 116d,17990.0,14494.388,https://www.coches.net/bmw-serie-1-116d-5p-diesel-2017-en-murcia-62498646-covo.aspx,-24.117005686400844
TOYOTA Hilux 2.4 D4D Cabina Doble GX,23990.0,19325.086,https://www.coches.net/toyota-hilux-24-d4d-cabina-doble-gx-4p-diesel-2019-en-madrid-70418719-covo.aspx,-24.139163352685607
VOLKSWAGEN Touran Mas 1.5 TSI DSG,37800.0,30438.865,https://www.coches.net/volkswagen-touran-mas-15-tsi-110kw-150cv-dsg-5p-gasolina-2025-en-guipuzcoa-62155561-covo.aspx,-24.183341622446477
KIA Niro 1.6 GDi PHEV Emotion,33490.0,26947.47,https://www.coches.net/kia-niro-16-gdi-phev-135kw-183cv-emotion-5p-electrico-hibrido-2023-en-sevilla-62394394-covo.aspx,-24.278825159335963
MINI MINI COOPER 5 PUERTAS,23990.0,19303.203,https://www.coches.net/mini-mini-cooper-5-puertas-5p-gasolina-2023-en-madrid-70255124-covo.aspx,-24.27989201921637
BMW X1 sDrive16d,18990.0,15277.522,https://www.coches.net/bmw-x1-sdrive16d-5p-diesel-2019-en-pontevedra-70515363-covo.aspx,-24.300259080323976
SEAT Arona 1.0 TSI Xcellence Edition Eco,14985.0,12027.484,https://www.coches.net/seat-arona-10-tsi-70kw-xcellence-edition-eco-5p-gasolina-2020-en-sta-c-tenerife-70398839-covo.aspx,-24.589644291265188
NISSAN QASHQAI DIGT mHEV 4x2 NDesign,32990.0,26472.686,https://www.coches.net/nissan-qashqai-digt-103kw-140cv-mhev-4x2-ndesign-5p-electrico-hibrido-2024-en-huelva-70515862-covo.aspx,-24.61901510364272
VOLKSWAGEN Tiguan Sport 1.5 TSI DSG,24950.0,20010.629,https://www.coches.net/volkswagen-tiguan-sport-15-tsi-110kw-150cv-dsg-5p-gasolina-2019-en-las-palmas-70471388-covo.aspx,-24.6837374122073
BMW Serie 4 420i Cabrio,36390.0,29167.842,https://www.coches.net/bmw-serie-4-420i-cabrio-2p-gasolina-2022-en-malaga-70326400-covo.aspx,-24.760687655329956
VOLVO XC40 1.5 T2 Core Auto,29900.0,23948.602,https://www.coches.net/volvo-xc40-15-t2-core-auto-5p-gasolina-2024-en-asturias-62403482-covo.aspx,-24.850713817123324
MINI COUNTRYMAN Cooper,18990.0,15203.311,https://www.coches.net/mini-countryman-cooper-5p-gasolina-2019-en-madrid-70425874-covo.aspx,-24.90700588828888
PEUGEOT 5008 1.2 PureTech SS Allure,19900.0,15929.479,https://www.coches.net/peugeot-5008-12-puretech-96kw-130cv-ss-allure-5p-gasolina-2022-en-lugo-70494942-covo.aspx,-24.92562126550704
HYUNDAI Kona 1.6 GDI HEV Maxx DCT,26490.0,21158.98,https://www.coches.net/hyundai-kona-16-gdi-hev-maxx-dct-5p-electrico-hibrido-2023-en-madrid-70477339-covo.aspx,-25.195068066362925
SEAT Alhambra 2.0 TDI 177 CV StartStop Style 4Kids,15600.0,12451.197,https://www.coches.net/seat-alhambra-20-tdi-177-cv-startstop-style-4kids-5p-diesel-2014-en-navarra-62172865-covo.aspx,-25.289156273093088
MINI MINI ONE CABRIO,13990.0,11162.922,https://www.coches.net/mini-mini-one-cabrio-2p-gasolina-2018-en-sta-c-tenerife-62487773-covo.aspx,-25.32561059422446
FORD Tourneo Custom 2.0 EcoBlue L1 Titanium 17 Auto,33900.0,27039.74,https://www.coches.net/ford-tourneo-custom-20-ecoblue-136kw-l1-titanium-17-auto-5p-diesel-2020-en-barcelona-70512021-covo.aspx,-25.37102688917
LAND-ROVER Defender 90 2.5 TD5 Pick Up S,53900.0,42978.77,https://www.coches.net/land-rover-defender-90-25-td5-pick-up-s-2p-diesel-2007-en-madrid-57135482-covo.aspx,-25.41075649178169
LAND-ROVER Range Rover 2.0 I4 PHEV 404PS Auto Autobiography,87900.0,70073.445,https://www.coches.net/land-rover-range-rover-20-i4-phev-404ps-auto-autobiography-5p-electrico-hibrido-2022-en-madrid-70483874-covo.aspx,-25.43981476577979
HONDA HR-V 1.5 iMMD Elegance 4x2,25790.0,20558.04,https://www.coches.net/honda-hr-v-15-immd-elegance-4x2-5p-electrico-hibrido-2022-en-madrid-70326867-covo.aspx,-25.449708124368925
PEUGEOT 5008 1.2 PureTech SS Allure Pack,21850.0,17415.457,https://www.coches.net/peugeot-5008-12-puretech-96kw-ss-allure-pack-5p-gasolina-2023-en-madrid-70281213-covo.aspx,-25.463259223072537
MAZDA CX-30 eSKYACTIVG 2.0 2WD Evolution,24900.0,19833.26,https://www.coches.net/mazda-cx-30-eskyactivg-20-90-kw-2wd-evolution-5p-electrico-hibrido-2022-en-madrid-70410699-covo.aspx,-25.546684177235818
SUZUKI Vitara 1.0 T GLE 4WD,14990.0,11939.151,https://www.coches.net/suzuki-vitara-10-t-gle-4wd-5p-gasolina-2018-en-vizcaya-70462862-covo.aspx,-25.553312283125756
VOLKSWAGEN Taigo RLine 1.0 TSI DSG,22985.0,18288.957,https://www.coches.net/volkswagen-taigo-rline-10-tsi-81kw-110cv-dsg-5p-gasolina-2023-en-las-palmas-70516614-covo.aspx,-25.676931498750633
MERCEDES-BENZ Clase GLE Coupé GLE 350 d 4MATIC,44999.0,35748.125,https://www.coches.net/mercedes-benz-clase-gle-coupe-gle-350-d-4matic-5p-diesel-2018-en-alicante-62404904-covo.aspx,-25.87793066069899
TOYOTA Land Cruiser 2.8 D4D GX,39985.0,31759.78,https://www.coches.net/toyota-land-cruiser-28-d4d-gx-5p-diesel-2020-en-sta-c-tenerife-70426173-covo.aspx,-25.898230041964805
TOYOTA Hilux 2.4 D4D Cabina Doble VX,29985.0,23806.62,https://www.coches.net/toyota-hilux-24-d4d-cabina-doble-vx-4p-diesel-2020-en-sta-c-tenerife-70381066-covo.aspx,-25.952365696613562
MERCEDES-BENZ GLC Coupé GLC 200 d 4MATIC,35990.0,28559.918,https://www.coches.net/mercedes-benz-glc-coupe-glc-200-d-4matic-5p-diesel-2020-en-madrid-70449926-covo.aspx,-26.015768110328352
RENAULT Trafic Equilibre En Blue dCi 110kW150CV,32990.0,26136.701,https://www.coches.net/renault-trafic-equilibre-en-blue-dci-110kw150cv-5p-diesel-2023-en-madrid-70429921-covo.aspx,-26.220978627171398
AUDI Q8 50 TDI quattro tiptronic,48900.0,38737.336,https://www.coches.net/audi-q8-50-tdi-210kw-286cv-quattro-tiptronic-5p-diesel-2019-en-almeria-70367903-covo.aspx,-26.234803753404083
MERCEDES-BENZ EQV EQV 300 Largo,53900.0,42631.895,https://www.coches.net/mercedes-benz-eqv-eqv-300-largo-5p-electrico-hibrido-2021-en-malaga-62492080-covo.aspx,-26.431162848018076
TOYOTA Land Cruiser 2.8 D4D GX,41990.0,33202.402,https://www.coches.net/toyota-land-cruiser-28-d4d-gx-3p-diesel-2021-en-madrid-70414789-covo.aspx,-26.466752511672315
MERCEDES-BENZ GLE GLE 350 de 4MATIC Hibrido Enchufable,63490.0,50165.74,https://www.coches.net/mercedes-benz-gle-gle-350-de-4matic-hibrido-enchufable-5p-electrico-hibrido-2022-en-valencia-70499398-covo.aspx,-26.56048166589046
LEXUS ES 2.5 300h Executive,37900.0,29901.512,https://www.coches.net/lexus-es-25-300h-executive-4p-electrico-hibrido-2020-en-valladolid-70322241-covo.aspx,-26.749444497933123
SKODA Kamiq 1.0 TSI DSG Emotion,18990.0,14976.822,https://www.coches.net/skoda-kamiq-10-tsi-81kw-110cv-dsg-emotion-5p-gasolina-2022-en-madrid-70511751-covo.aspx,-26.795922814588636
CITROEN Berlingo Talla M BlueHDi 130 SS EAT8 SHINE,15999.0,12614.078,https://www.coches.net/citroen-berlingo-talla-m-bluehdi-130-ss-eat8-shine-5p-diesel-2019-en-alicante-70283745-covo.aspx,-26.834476855596613
LAND-ROVER Defender 2.0 D240 SD4 110 Auto 4WD,49990.0,39321.312,https://www.coches.net/land-rover-defender-20-d240-sd4-110-auto-4wd-5p-diesel-2020-en-madrid-70417508-covo.aspx,-27.13207373227941
HYUNDAI Tucson 1.6 CRDI Maxx,22990.0,18026.973,https://www.coches.net/hyundai-tucson-16-crdi-85kw-115cv-maxx-5p-diesel-2023-en-madrid-70224490-covo.aspx,-27.531119275478044
RENAULT Kangoo Combi Intens Edition One 1.5 Blue dCi 70kW95,19500.0,15284.798,https://www.coches.net/renault-kangoo-combi-intens-edition-one-15-blue-dci-70kw95-5p-diesel-2021-en-sta-c-tenerife-70156232-covo.aspx,-27.577742207474454
FORD Kuga 1.5 EcoBoost 4x2 STLine,15985.0,12526.869,https://www.coches.net/ford-kuga-15-ecoboost-88kw-4x2-stline-5p-gasolina-2019-en-sta-c-tenerife-70314669-covo.aspx,-27.605707543955905
RENAULT Kangoo Combi Life Edition One 1.5 Blue dCi 70kW95CV,17990.0,14072.843,https://www.coches.net/renault-kangoo-combi-life-edition-one-15-blue-dci-70kw95cv-5p-diesel-2021-en-madrid-70224127-covo.aspx,-27.834868118871736
MAZDA Mazda3 2.0 eSKYACTIVG HOMURA AT,24590.0,19204.846,https://www.coches.net/mazda-mazda3-20-eskyactivg-homura-at-5p-electrico-hibrido-2022-en-madrid-70511756-covo.aspx,-28.040601732086458
VOLKSWAGEN Golf Life 1.5 TSI,23500.0,18307.664,https://www.coches.net/volkswagen-golf-life-15-tsi-96kw-130cv-5p-gasolina-2022-en-toledo-70379837-covo.aspx,-28.361542574596278
PEUGEOT 5008 GTLine 1.2L PureTech SS,18900.0,14720.996,https://www.coches.net/peugeot-5008-gtline-12l-puretech-96kw-130cv-ss-5p-gasolina-2019-en-madrid-70321372-covo.aspx,-28.38805118645642
LAND-ROVER Range Rover Sport 3.0D TD6 300PS AWD Auto MHEV Dynamic SE,86900.0,67557.055,https://www.coches.net/land-rover-range-rover-sport-30d-td6-300ps-awd-auto-mhev-dynamic-se-5p-electrico-hibrido-2024-en-malaga-70505141-covo.aspx,-28.632013935443222
HONDA CR-V 2.0 iMMD PHEV 4X2 Advance Tech,51900.0,40344.676,https://www.coches.net/honda-cr-v-20-immd-phev-4x2-advance-tech-5p-electrico-hibrido-2024-en-navarra-70050699-covo.aspx,-28.64150967875737
KIA Sportage 1.7 CRDi VGT Business 4x2 EcoDynam,17999.0,13990.096,https://www.coches.net/kia-sportage-17-crdi-vgt-85kw-business-4x2-ecodynam-5p-diesel-2017-en-alicante-70498662-covo.aspx,-28.655302879590177
VOLKSWAGEN Caddy Maxi Outdoor 1.0 TSI BMT,21985.0,17062.334,https://www.coches.net/volkswagen-caddy-maxi-outdoor-10-tsi-75kw-102cv-bmt-5p-gasolina-2020-en-las-palmas-70459096-covo.aspx,-28.85107055185404
BMW X1 sDrive18d,40000.0,31005.113,https://www.coches.net/bmw-x1-sdrive18d-5p-diesel-2023-en-ciudad-real-62010636-covo.aspx,-29.01097840590558
HYUNDAI Tucson 1.6 CRDI 48V Style DCT 4x4,26990.0,20919.965,https://www.coches.net/hyundai-tucson-16-crdi-100kw-136cv-48v-style-dct-4x4-5p-electrico-hibrido-2021-en-barcelona-70466743-covo.aspx,-29.01551317885446
BMW X2 sDrive18i,25900.0,20052.03,https://www.coches.net/bmw-x2-sdrive18i-5p-gasolina-2021-en-madrid-70422352-covo.aspx,-29.163984435412605
FORD Galaxy 2.0 TDCi Trend,15990.0,12373.885,https://www.coches.net/ford-galaxy-20-tdci-88kw-120cv-trend-5p-diesel-2017-en-vizcaya-62309830-covo.aspx,-29.223766851463413
AUDI A5 Sportback 2.0 TDI S line edition,14500.0,11210.861,https://www.coches.net/audi-a5-sportback-20-tdi-150cv-s-line-edition-5p-diesel-2014-en-murcia-61453915-covo.aspx,-29.33885787725735
MERCEDES-BENZ Clase A A 180,19999.0,15426.819,https://www.coches.net/mercedes-benz-clase-a-a-180-5p-gasolina-2018-en-alicante-70025023-covo.aspx,-29.637870026852458
LAND-ROVER Range Rover Sport 3.0 SDV6 Autobiography Dynamic,49900.0,38490.72,https://www.coches.net/land-rover-range-rover-sport-30-sdv6-225kw-autobiography-dynamic-5p-diesel-2019-en-malaga-70369328-covo.aspx,-29.641642506350962
BMW X5 xDrive30d,44990.0,34660.77,https://www.coches.net/bmw-x5-xdrive30d-5p-diesel-2020-en-madrid-70136828-covo.aspx,-29.800926547338225
MAZDA CX-3 1.5 SKYACTIV DE Luxury 2WD,14500.0,11159.356,https://www.coches.net/mazda-cx-3-15-skyactiv-de-77kw-luxury-2wd-5p-diesel-2015-en-murcia-61145042-covo.aspx,-29.935808315279154
SEAT Ateca 1.0 TSI StSp Style Eco,13990.0,10728.882,https://www.coches.net/seat-ateca-10-tsi-85kw-115cv-stsp-style-eco-5p-gasolina-2017-en-castellon-70399368-covo.aspx,-30.39569466725831
OPEL Grandland X 1.2 Turbo Selective,15985.0,12253.098,https://www.coches.net/opel-grandland-x-12-turbo-selective-5p-gasolina-2020-en-las-palmas-70497388-covo.aspx,-30.456807318812558
PEUGEOT Rifter Active Nav Standard BlueHDi,15990.0,12245.153,https://www.coches.net/peugeot-rifter-active-nav-standard-bluehdi-73kw-5p-diesel-2020-en-guipuzcoa-70498248-covo.aspx,-30.582276772929212
MERCEDES-BENZ Clase GLE Coupé GLE 350 d 4MATIC,44999.0,34345.56,https://www.coches.net/mercedes-benz-clase-gle-coupe-gle-350-d-4matic-5p-diesel-2018-en-alicante-62389413-covo.aspx,-31.018396096747864
BMW X3 20d xDrive,68500.0,52274.117,https://www.coches.net/km-0/bmw/x3/toledo/20d-xdrive-electrico-hibrido-de-km0-70114673-kovn.aspx,-31.039993950160866
SEAT León 1.4 TSI StSp FR Plus,17999.0,13708.869,https://www.coches.net/seat-leon-14-tsi-92kw-125cv-stsp-fr-plus-5p-gasolina-2018-en-alicante-70125958-covo.aspx,-31.294564236969652
MINI MINI ONE D 5 PUERTAS,16900.0,12832.069,https://www.coches.net/mini-mini-one-d-5-puertas-5p-diesel-2018-en-ciudad-real-62312446-covo.aspx,-31.701283382796657
VOLVO XC60 2.0 B4 D AWD Plus Bright Auto,41900.0,31778.148,https://www.coches.net/volvo-xc60-20-b4-d-awd-plus-bright-auto-5p-electrico-hibrido-2023-en-navarra-70486558-covo.aspx,-31.851608920536243
TOYOTA Land Cruiser 2.8 D4D GX,38500.0,29156.389,https://www.coches.net/toyota-land-cruiser-28-d4d-gx-3p-diesel-2019-en-a-coruna-70459808-covo.aspx,-32.04653166507582
VOLKSWAGEN Touran Sport 2.0 TDI,23490.0,17776.875,https://www.coches.net/volkswagen-touran-sport-20-tdi-85kw-115cv-5p-diesel-2020-en-sevilla-70431230-covo.aspx,-32.13796013078789
AUDI Q3 2.0 TDI quattro S tronic Ambiente,14900.0,11242.004,https://www.coches.net/audi-q3-20-tdi-140cv-quattro-s-tronic-ambiente-5p-diesel-2014-en-cuenca-70486368-covo.aspx,-32.538648129416984
MERCEDES-BENZ Clase C C Cabrio 200,31900.0,24046.98,https://www.coches.net/mercedes-benz-clase-c-c-cabrio-200-2p-gasolina-2018-en-malaga-70512192-covo.aspx,-32.656988021657476
TOYOTA Prius PlugIn 125PH Advance,21985.0,16563.646,https://www.coches.net/toyota-prius-plugin-125ph-advance-5p-electrico-hibrido-2021-en-las-palmas-70497400-covo.aspx,-32.7304348154202
JAGUAR F-Type 2.0 I4 300PS RWD Auto RDynamic,58900.0,44366.953,https://www.coches.net/jaguar-f-type-20-i4-300ps-rwd-auto-rdynamic-3p-gasolina-2021-en-sta-c-tenerife-61887341-covo.aspx,-32.75646816236043
NISSAN X-TRAIL dCi 96kW130 CV Xtronic NCONNECTA,18390.0,13844.39,https://www.coches.net/nissan-x-trail-5p-dci-96-kw130-cv-xtronic-nconnecta-5p-diesel-2017-en-valencia-70488758-covo.aspx,-32.833591563030915
JEEP Avenger 1.2 G Summit,25400.0,19079.867,https://www.coches.net/jeep-avenger-12-g-74kw-100cv-summit-5p-gasolina-2025-en-madrid-70458572-covo.aspx,-33.12461638433509
AUDI A5 B.Line 35 TDI S tronic Sportback,63900.0,47966.066,https://www.coches.net/audi-a5-bline-35-tdi-120kw-s-tronic-sportback-5p-electrico-hibrido-2024-en-jaen-70291296-covo.aspx,-33.21917928144677
VOLKSWAGEN Golf 3.2 R32 4motion DSG,17900.0,13425.028,https://www.coches.net/volkswagen-golf-32-r32-4motion-dsg-5p-gasolina-2007-en-malaga-70407073-covo.aspx,-33.333052064528786
MERCEDES-BENZ Clase C C 220 BlueTEC Avantgarde,19000.0,14195.905,https://www.coches.net/mercedes-benz-clase-c-c-220-bluetec-avantgarde-4p-diesel-2015-en-murcia-70444020-covo.aspx,-33.841411548100595
VOLKSWAGEN Tiguan RLine 1.5 TSI DSG,39900.0,29785.305,https://www.coches.net/volkswagen-tiguan-rline-15-tsi-110kw-150cv-dsg-5p-gasolina-2024-en-guipuzcoa-61558117-covo.aspx,-33.95867666495564
VOLVO XC60 2.0 B4 D AWD Ultimate Dark Auto,43900.0,32684.268,https://www.coches.net/volvo-xc60-20-b4-d-awd-ultimate-dark-auto-5p-electrico-hibrido-2024-en-navarra-70426892-covo.aspx,-34.31538551404312
FORD Ranger 2.0 Ecobl eAWD D Cab Wildtrack AT,43900.0,32660.855,https://www.coches.net/ford-ranger-20-ecobl-151kw-eawd-d-cab-wildtrack-at-4p-diesel-2023-en-barcelona-70400633-covo.aspx,-34.41166610594033
FORD Tourneo Connect 2.0 Ecoblue Titanium Auto,35900.0,26644.521,https://www.coches.net/ford-tourneo-connect-20-ecoblue-90kw-titanium-auto-5p-diesel-2025-en-vizcaya-70509277-covo.aspx,-34.736891488378355
VOLKSWAGEN Touran Sport 2.0 TDI DSG,36500.0,27004.594,https://www.coches.net/volkswagen-touran-sport-20-tdi-110kw-150cv-dsg-5p-diesel-2022-en-vizcaya-70401260-covo.aspx,-35.16218884055606
RENAULT Captur techno TCe,21500.0,15864.428,https://www.coches.net/renault-captur-techno-tce-67kw-90cv-5p-gasolina-2022-en-malaga-70418947-covo.aspx,-35.5233252657066
RENAULT Trafic Combi 9 Energy Blue dCi,22990.0,16950.88,https://www.coches.net/renault-trafic-combi-9-energy-blue-dci-81-kw-110cv-4p-diesel-2021-en-sta-c-tenerife-62519469-covo.aspx,-35.62717000211203
CUPRA Terramar 1.5 TSI eHybrid 204 CV DSG,45990.0,33888.46,https://www.coches.net/cupra-terramar-15-tsi-ehybrid-150kw-204-cv-dsg-5p-electrico-hibrido-2026-en-a-coruna-70431458-covo.aspx,-35.70991047607235
RENAULT Trafic Equilibre En Blue dCi 81kW110CV,29990.0,22055.354,https://www.coches.net/renault-trafic-equilibre-en-blue-dci-81kw110cv-5p-diesel-2023-en-las-palmas-61410427-covo.aspx,-35.97605669187638
PEUGEOT 5008 GTLine 1.2L PureTech SS,16900.0,12428.308,https://www.coches.net/peugeot-5008-gtline-12l-puretech-96kw-130cv-ss-5p-gasolina-2019-en-madrid-70163512-covo.aspx,-35.97989783120958
PEUGEOT 5008 Allure 1.5L BlueHDi SS,17900.0,13110.939,https://www.coches.net/peugeot-5008-allure-15l-bluehdi-96kw-130cv-ss-5p-diesel-2018-en-madrid-70426745-covo.aspx,-36.52721121928089
MINI MINI COOPER D CABRIO,16000.0,11708.999,https://www.coches.net/mini-mini-cooper-d-cabrio-2p-diesel-2016-en-murcia-62302762-covo.aspx,-36.647035053750976
MERCEDES-BENZ GLC Coupé GLC 220 d 4MATIC,39999.0,29190.482,https://www.coches.net/mercedes-benz-glc-coupe-glc-220-d-4matic-5p-diesel-2018-en-alicante-70375646-covo.aspx,-37.027540079382945
MAZDA MX-5 1.5 Zenith ST,17985.0,13091.653,https://www.coches.net/mazda-mx-5-15-97kw-132cv-zenith-st-2p-gasolina-2019-en-las-palmas-70355056-covo.aspx,-37.37760663196889
SEAT Alhambra 2.0 TDI Eco SS Xc Trav Ed,29999.0,21788.22,https://www.coches.net/seat-alhambra-20-tdi-110kw-150cv-eco-ss-xc-trav-ed-5p-diesel-2020-en-vizcaya-70441130-covo.aspx,-37.68448745196233
TOYOTA Land Cruiser 2.8 D4D GX,42200.0,30642.842,https://www.coches.net/toyota-land-cruiser-28-d4d-gx-5p-diesel-2019-en-a-coruna-70170089-covo.aspx,-37.71568668381017
CITROEN Berlingo Talla M BlueHDi 100 SHINE,15990.0,11536.764,https://www.coches.net/citroen-berlingo-talla-m-bluehdi-100-shine-5p-diesel-2018-en-malaga-70109239-covo.aspx,-38.60039483153634
MERCEDES-BENZ Clase V 250 d Avantgarde Largo,39999.0,28650.059,https://www.coches.net/mercedes-benz-clase-v-250-d-avantgarde-largo-5p-diesel-2016-en-alicante-70403356-covo.aspx,-39.61227991598512
SUZUKI Vitara 1.0 T GLE 4WD 6AT,16990.0,12116.596,https://www.coches.net/suzuki-vitara-10-t-gle-4wd-6at-5p-gasolina-2018-en-barcelona-70485754-covo.aspx,-40.220903761096004
BMW X1 sDrive18i,34490.0,24573.965,https://www.coches.net/bmw-x1-sdrive18i-5p-gasolina-2024-en-madrid-70070059-covo.aspx,-40.35179190374722
BMW X5 xDrive30d,27990.0,19689.861,https://www.coches.net/bmw-x5-xdrive30d-5p-diesel-2014-en-madrid-70251538-covo.aspx,-42.15437850757781
LAND-ROVER Defender 2.0 D240 SD4 S 110 Auto 4WD,59900.0,42021.734,https://www.coches.net/land-rover-defender-20-d240-sd4-s-110-auto-4wd-5p-diesel-2020-en-murcia-70487624-covo.aspx,-42.545282556534175
MAZDA Mazda3 2.0 SKYACTIVG ZENITH SAFETY BLACK,20490.0,14333.683,https://www.coches.net/mazda-mazda3-20-skyactivg-88kw-zenith-safety-black-5p-electrico-hibrido-2019-en-madrid-70477316-covo.aspx,-42.95000487474495
PEUGEOT 3008 1.6BLUEHDI ACTIVE SS,12900.0,8911.27,https://www.coches.net/peugeot-3008-16bluehdi-88kw-120cv-active-ss-5p-diesel-2016-en-madrid-70495063-covo.aspx,-44.76051874272614
BMW Serie 3 325I,25990.0,17765.031,https://www.coches.net/bmw-serie-3-325i-4p-gasolina-1986-en-las-palmas-70213752-covo.aspx,-46.29864498549644
MERCEDES-BENZ Clase V 250 d Avantgarde Largo,76900.0,52401.45,https://www.coches.net/mercedes-benz-clase-v-250-d-avantgarde-largo-5p-diesel-2024-en-lugo-70495193-covo.aspx,-46.7516665025441
MERCEDES-BENZ Clase V 300 d Avantgarde Largo,62900.0,42802.594,https://www.coches.net/mercedes-benz-clase-v-300-d-avantgarde-largo-5p-diesel-2020-en-valladolid-70201702-covo.aspx,-46.95371118718711
JAGUAR F-Pace 2.0D I4 204PS AWD Auto MHEV RDynamic S,48900.0,33262.28,https://www.coches.net/jaguar-f-pace-20d-i4-204ps-awd-auto-mhev-rdynamic-s-5p-electrico-hibrido-2024-en-sta-c-tenerife-61887260-covo.aspx,-47.01336818261676
MAZDA MX-5 2.0 Zenith Nappa RF,26490.0,17660.645,https://www.coches.net/mazda-mx-5-20-118kw-160cv-zenith-nappa-rf-2p-gasolina-2018-en-madrid-70511758-covo.aspx,-49.994525698802846
MERCEDES-BENZ GLE Coupé GLE 350 de 4MATIC Hibrido Enchufable,74900.0,49757.277,https://www.coches.net/mercedes-benz-gle-coupe-gle-350-de-4matic-hibrido-enchufable-5p-electrico-hibrido-2022-en-valencia-70319783-covo.aspx,-50.53074444276877
VOLKSWAGEN California Ocean 2.0 TDI BMT DSG,63990.0,41820.477,https://www.coches.net/volkswagen-california-ocean-20-tdi-110kw-150cv-bmt-dsg-4p-diesel-2022-en-zaragoza-70501984-covo.aspx,-53.011168833449375
RENAULT Trafic SpaceClass Largo EnBlue dCi 110kW150CV,41900.0,27253.04,https://www.coches.net/renault-trafic-spaceclass-largo-enblue-dci-110kw150cv-4p-diesel-2021-en-vizcaya-70479401-covo.aspx,-53.74432151918837
MERCEDES-BENZ Clase V 250 d Avantgarde Compacto,76900.0,48930.785,https://www.coches.net/mercedes-benz-clase-v-250-d-avantgarde-compacto-5p-diesel-2024-en-madrid-70506866-covo.aspx,-57.16077261878446
RENAULT Trafic SL LIMITED Energy dCi 18,18990.0,12073.492,https://www.coches.net/renault-trafic-sl-limited-energy-dci-88kw-120cv-18-4p-diesel-2018-en-sta-c-tenerife-62147226-covo.aspx,-57.2867212326591
VOLVO XC40 1.5 T2 Plus Dark Auto,35500.0,22058.092,https://www.coches.net/volvo-xc40-15-t2-plus-dark-auto-5p-gasolina-2024-en-valencia-62664458-covo.aspx,-60.93867197084262
MERCEDES-BENZ Clase G G 400 D,137000.0,84314.664,https://www.coches.net/mercedes-benz-clase-g-g-400-d-5p-diesel-2022-en-murcia-70509685-covo.aspx,-62.48656330818788
VOLKSWAGEN Caravelle Origin Corta 2.0 TDI BMT,29990.0,18397.258,https://www.coches.net/volkswagen-caravelle-origin-corta-20-tdi-81kw-110cv-bmt-4p-diesel-2023-en-valencia-70511878-covo.aspx,-63.013424639966296
SUBARU Impreza 2.5 WRX,34900.0,21407.031,https://www.coches.net/subaru-impreza-25-wrx-5p-gasolina-2008-en-madrid-70371142-covo.aspx,-63.0305463304259
RENAULT Trafic Authentic Largo En Blue dCi,31990.0,19070.121,https://www.coches.net/renault-trafic-authentic-largo-en-blue-dci-81kw-110cv-4p-diesel-2023-en-madrid-70351128-covo.aspx,-67.74932808625076
CITROEN Spacetourer Talla M BlueHDi 120 SS 6v Business,26990.0,15970.266,https://www.coches.net/citroen-spacetourer-talla-m-bluehdi-120-ss-6v-business-4p-diesel-2021-en-madrid-70316956-covo.aspx,-69.00157225781898
MERCEDES-BENZ Clase V 250 d Avantgarde Largo,49999.0,29255.76,https://www.coches.net/mercedes-benz-clase-v-250-d-avantgarde-largo-5p-diesel-2016-en-alicante-70058228-covo.aspx,-70.903098742108
VOLKSWAGEN Multivan Premium Corto 2.0 TDI BMT DSG,46900.0,25940.541,https://www.coches.net/volkswagen-multivan-premium-corto-20-tdi-110kw-bmt-dsg-5p-diesel-2021-en-vizcaya-70433566-covo.aspx,-80.79807962274302
SMART fortwo 60kW81CV EQ cabrio,21900.0,12072.527,https://www.coches.net/smart-fortwo-60kw81cv-eq-cabrio-2p-electrico-hibrido-2019-en-madrid-70494879-covo.aspx,-81.40360652268662
VOLKSWAGEN Multivan 1.5 TSI DSG B.Corta,41990.0,22937.148,https://www.coches.net/volkswagen-multivan-15-tsi-100kw-136cv-dsg-bcorta-5p-gasolina-2022-en-madrid-70384672-covo.aspx,-83.06547613979097
