Car_Name,Real_Price,Predicted_Price,URL,Oportunidad_%
MERCEDES-BENZ Clase C C 230 K Sportcoupe,8990.0,19270.826,https://www.coches.net/mercedes-benz-clase-c-c-230-k-sportcoupe-3p-gasolina-2001-en-valencia-70387274-covo.aspx,53.34917185273278
PEUGEOT 407 ST Sport HDI 136,2999.0,5336.847,https://www.coches.net/peugeot-407-st-sport-hdi-136-4p-diesel-2004-en-sevilla-70481741-covo.aspx,43.80577322881357
NISSAN Primera 1.8 Acenta,3290.0,5832.5605,https://www.coches.net/nissan-primera-18-acenta-5p-gasolina-2005-en-madrid-70255313-covo.aspx,43.592527268958506
PEUGEOT 3008 Hybrid 300 eEAT8 GT Line,17990.0,30776.732,https://www.coches.net/peugeot-3008-hybrid-300-eeat8-gt-line-5p-electrico-hibrido-2020-en-madrid-70423997-covo.aspx,41.54675111899354
PEUGEOT 5008 Style 2.0 BlueHDi 150 FAP,8900.0,13864.616,https://www.coches.net/peugeot-5008-style-20-bluehdi-150-fap-5p-diesel-2014-en-madrid-70120997-covo.aspx,35.80781563229294
KIA Sportage 1.6 TGDi HEV Drive 4x2,22900.0,34503.973,https://www.coches.net/kia-sportage-16-tgdi-hev-171kw-230cv-drive-4x2-5p-electrico-hibrido-2023-en-madrid-70425173-covo.aspx,33.63083077956263
PEUGEOT 3008 HYbrid4,9499.0,14227.059,https://www.coches.net/peugeot-3008-hybrid4-5p-electrico-hibrido-2014-en-alicante-62494093-covo.aspx,33.232860907925506
LANCIA Ypsilon 1.2 Platinum evo II,4999.0,7476.934,https://www.coches.net/lancia-ypsilon-12-platinum-evo-ii-5p-gasolina-2016-en-sevilla-70481807-covo.aspx,33.141044910189606
MINI MINI COOPER S 5 PUERTAS,17500.0,25839.562,https://www.coches.net/mini-mini-cooper-s-5-puertas-5p-gasolina-2021-en-sta-c-tenerife-70507403-covo.aspx,32.27439512569147
PEUGEOT 407 2.2 Coupe,6490.0,9481.621,https://www.coches.net/peugeot-407-22-coupe-2p-gasolina-2006-en-madrid-70479418-covo.aspx,31.551789131522952
OPEL Insignia GS 1.5 Turbo XFT Ultimate Auto,11499.0,16512.926,https://www.coches.net/opel-insignia-gs-15-turbo-xft-ultimate-auto-5p-gasolina-2020-en-alicante-70438552-covo.aspx,30.363642686162756
SKODA Fabia 1.6 TDi Ambition,4999.0,7128.656,https://www.coches.net/skoda-fabia-16-tdi-75cv-ambition-5p-diesel-2015-en-sevilla-70317865-covo.aspx,29.87457709986659
SEAT León SP 2.0 TDI DSG SS FR,13470.0,19076.57,https://www.coches.net/seat-leon-sp-20-tdi-110kw-dsg-ss-fr-5p-diesel-2021-en-madrid-70168929-covo.aspx,29.389823331221503
MERCEDES-BENZ GLC GLC 300 de 4MATIC,38450.0,54378.6,https://www.coches.net/mercedes-benz-glc-glc-300-de-4matic-5p-electrico-hibrido-2023-en-madrid-70326869-covo.aspx,29.292039708289437
VOLKSWAGEN Golf 1.9 TDI Conceptline,4500.0,6356.7036,https://www.coches.net/volkswagen-golf-19-tdi-conceptline-5p-diesel-2007-en-sevilla-70408634-covo.aspx,29.208591846283095
FORD Mondeo 2.0 Hibrido Trend HEV Auto,14470.0,20404.318,https://www.coches.net/ford-mondeo-20-hibrido-138kw-187cv-trend-hev-auto-4p-electrico-hibrido-2020-en-madrid-70234124-covo.aspx,29.083639329948056
AUDI Q7 3.0 TDI quattro tiptronic DPF,9999.0,14080.578,https://www.coches.net/audi-q7-30-tdi-quattro-tiptronic-dpf-5p-diesel-2009-en-sevilla-70316977-covo.aspx,28.98729078284916
FORD Fiesta 1.0 EcoB. STLine SS AT,10990.0,15459.578,https://www.coches.net/ford-fiesta-10-ecob-92kw-125cv-stline-ss-at-5p-5p-gasolina-2020-en-barcelona-70485932-covo.aspx,28.911384831207997
AUDI Q7 3.0 TDI quattro tiptronic,9970.0,13992.36,https://www.coches.net/audi-q7-30-tdi-quattro-tiptronic-5p-diesel-2007-en-madrid-70379817-covo.aspx,28.74683220342686
ABARTH 500C 595C Turismo 1.4 16v TJet E6D,18990.0,26627.494,https://www.coches.net/abarth-500c-595c-turismo-14-16v-tjet-121kw-e6d-2p-gasolina-2021-en-madrid-70347838-covo.aspx,28.682737099818333
AIWAYS U5 Prime,18150.0,25397.898,https://www.coches.net/aiways-u5-prime-5p-electrico-hibrido-2021-en-malaga-70499766-covo.aspx,28.537394364875784
LAND-ROVER Range Rover Velar 3.0 D300 HSE 4WD Auto,23000.0,32123.52,https://www.coches.net/land-rover-range-rover-velar-30-d300-221kw-300cv-hse-4wd-auto-5p-diesel-2019-en-murcia-70412259-covo.aspx,28.40136966428779
OPEL Astra 1.7 CDTi 130 CV Excellence,7980.0,11060.457,https://www.coches.net/opel-astra-17-cdti-130-cv-excellence-4p-diesel-2013-en-jaen-70372069-covo.aspx,27.851082668162235
JAGUAR XE 2.0I RWD Prestige Auto,16485.0,22806.418,https://www.coches.net/jaguar-xe-20i-147kw-rwd-prestige-auto-4p-gasolina-2018-en-sta-c-tenerife-70286580-covo.aspx,27.71771515111135
SEAT León ST 1.5 TGI SS Xcellence,11990.0,16532.78,https://www.coches.net/seat-leon-st-15-tgi-96kw-ss-xcellence-5p-otros-2020-en-madrid-70417506-covo.aspx,27.477408458078607
MG MG3 Hybrid+ Comfort,16890.0,23270.305,https://www.coches.net/mg-mg3-hybrid-comfort-5p-electrico-hibrido-2024-en-jaen-70457383-covo.aspx,27.41822581690251
SEAT León 1.5 eTSI DSG7 SS FR Go XL,13590.0,18670.117,https://www.coches.net/seat-leon-15-etsi-110kw-dsg7-ss-fr-go-xl-5p-electrico-hibrido-2022-en-madrid-62427109-covo.aspx,27.209883775669258
BMW X5 3.0sd,11470.0,15717.206,https://www.coches.net/bmw-x5-30sd-5p-diesel-2008-en-madrid-70439363-covo.aspx,27.02265300785322
BMW Serie 2 Active Tourer 225xe,15985.0,21892.65,https://www.coches.net/bmw-serie-2-active-tourer-225xe-5p-electrico-hibrido-2022-en-las-palmas-70286472-covo.aspx,26.984628563542078
FIAT Panda Panda Hybrid 1.0 Gse,7900.0,10787.156,https://www.coches.net/fiat-panda-panda-hybrid-10-gse-51kw-70cv-5p-electrico-hibrido-2021-en-madrid-70487995-covo.aspx,26.764757857289773
FIAT Panda Panda Hybrid 1.0 Gse,7900.0,10787.156,https://www.coches.net/fiat-panda-panda-hybrid-10-gse-51kw-70cv-5p-electrico-hibrido-2021-en-madrid-70473967-covo.aspx,26.764757857289773
LAND-ROVER Range Rover Velar 2.0 D240 HSE 4WD Auto,27900.0,38018.71,https://www.coches.net/land-rover-range-rover-velar-20-d240-177kw-240cv-hse-4wd-auto-5p-diesel-2019-en-malaga-70015122-covo.aspx,26.615081595308233
JEEP Compass 4Xe 1.3 PHEV Trailhawk AT AWD,25500.0,34682.195,https://www.coches.net/jeep-compass-4xe-13-phev-177kw-trailhawk-at-awd-5p-electrico-hibrido-2023-en-alicante-70457943-covo.aspx,26.475242497670255
MERCEDES-BENZ Clase B B 180 CDI,7900.0,10718.996,https://www.coches.net/mercedes-benz-clase-b-b-180-cdi-5p-diesel-2008-en-madrid-70495184-covo.aspx,26.29906820652441
MERCEDES-BENZ Clase E E 220 BlueTEC Avantgarde Estate,17490.0,23575.78,https://www.coches.net/mercedes-benz-clase-e-e-220-bluetec-avantgarde-estate-5p-diesel-2016-en-barcelona-70485920-covo.aspx,25.813693028937024
OPEL Insignia 1.6CDTI SS eco Excellence,6980.0,9359.922,https://www.coches.net/opel-insignia-16cdti-ss-eco-100kw-136cv-excellence-5p-diesel-2017-en-jaen-70229306-covo.aspx,25.42672798751325
MINI MINI COOPER SE,14900.0,19953.96,https://www.coches.net/mini-mini-cooper-se-3p-electrico-hibrido-2021-en-madrid-70487929-covo.aspx,25.328108806717964
BMW Serie 1 120d,30990.0,41464.656,https://www.coches.net/bmw-serie-1-120d-5p-electrico-hibrido-2025-en-madrid-70462573-covo.aspx,25.26164979361188
MERCEDES-BENZ Clase E E 400 d 4MATIC Estate,33999.0,45477.094,https://www.coches.net/mercedes-benz-clase-e-e-400-d-4matic-estate-5p-diesel-2021-en-madrid-70058556-covo.aspx,25.239285986695226
SSANGYONG Korando G15T LP Urban Plus,15900.0,21210.736,https://www.coches.net/ssangyong-korando-g15t-110kw-lp-urban-plus-5p-gasolina-2022-en-madrid-70472773-covo.aspx,25.037963067237197
LAND-ROVER Range Rover Sport 3.0 SDV6 255 CV HSE,14590.0,19431.969,https://www.coches.net/land-rover-range-rover-sport-30-sdv6-255-cv-hse-5p-diesel-2013-en-madrid-70326883-covo.aspx,24.91754084361627
BMW Serie 5 520dA Touring,11200.0,14901.124,https://www.coches.net/bmw-serie-5-520da-touring-5p-diesel-2015-en-murcia-70360082-covo.aspx,24.837884830809546
CITROEN C-Elysée VTi Feel,6490.0,8606.655,https://www.coches.net/citroen-c-elysee-vti-85kw-115cv-feel-4p-gasolina-2017-en-las-palmas-70110467-covo.aspx,24.5932386762379
MERCEDES-BENZ Clase R R 280 CDI 4MATIC,8980.0,11895.0,https://www.coches.net/mercedes-benz-clase-r-r-280-cdi-4matic-5p-diesel-2008-en-jaen-70058374-covo.aspx,24.506094997898277
RENAULT Mégane Emotion 1.5DCI105,4490.0,5944.5044,https://www.coches.net/renault-megane-emotion-15dci105-5p-diesel-2007-en-madrid-70503107-covo.aspx,24.46805146395966
BMW Serie 1 118d,13500.0,17765.771,https://www.coches.net/bmw-serie-1-118d-5p-diesel-2017-en-murcia-60829031-covo.aspx,24.01118064659757
FIAT 500 Lounge 1.0 6v GSE 70 CV,8250.0,10856.329,https://www.coches.net/fiat-500-lounge-10-6v-gse-52kw-70-cv-3p-electrico-hibrido-2020-en-malaga-70475518-covo.aspx,24.007462164972353
MG eHS 1.5TGDI PHEV Comfort,18490.0,24327.95,https://www.coches.net/mg-ehs-15tgdi-phev-comfort-5p-electrico-hibrido-2022-en-madrid-70326848-covo.aspx,23.996881801490215
VOLKSWAGEN Passat Business 2.0 TDI DSG,15490.0,20377.49,https://www.coches.net/volkswagen-passat-business-20-tdi-90kw-122cv-dsg-4p-diesel-2021-en-vizcaya-70479319-covo.aspx,23.984750713462454
SEAT León ST 2.0 TDI 4Drive StSp Xperience,13490.0,17725.564,https://www.coches.net/seat-leon-st-20-tdi-110kw-4drive-stsp-xperience-5p-diesel-2018-en-madrid-70281236-covo.aspx,23.895230328635737
PEUGEOT 3008 1.2 PURETECH 130 HP ALLURE SS,8290.0,10892.188,https://www.coches.net/peugeot-3008-12-puretech-130-hp-allure-ss-5p-gasolina-2016-en-madrid-70326893-covo.aspx,23.890409922320156
MERCEDES-BENZ CLA CLA 220 D DCT Shooting Brake,27990.0,36736.332,https://www.coches.net/mercedes-benz-cla-cla-220-d-dct-shooting-brake-5p-diesel-2021-en-sevilla-70461488-covo.aspx,23.808397702334233
BMW Serie 3 330i xDrive,19990.0,26226.66,https://www.coches.net/bmw-serie-3-330i-xdrive-4p-gasolina-2017-en-malaga-70331960-covo.aspx,23.779848898388074
LAND-ROVER Discovery Sport 2.0L eD4 4x2 HSE,15000.0,19679.121,https://www.coches.net/land-rover-discovery-sport-20l-ed4-110kw-150cv-4x2-hse-5p-diesel-2017-en-murcia-62181217-covo.aspx,23.777083699312502
FIAT Tipo 1.6 Multijet Business,8470.0,11099.737,https://www.coches.net/fiat-tipo-5p-16-multijet-88kw-120cv-business-5p-diesel-2020-en-madrid-70169353-covo.aspx,23.69188776726223
PEUGEOT 308 Style PureTech 130 SS 6 Vel. MAN,9999.0,13093.514,https://www.coches.net/peugeot-308-5p-style-puretech-130-ss-6-vel-man-5p-gasolina-2019-en-lugo-70495071-covo.aspx,23.633943870406966
JAGUAR XF 3.0 V6 Diesel S Luxury,14900.0,19493.805,https://www.coches.net/jaguar-xf-30-v6-diesel-s-luxury-4p-diesel-2012-en-valencia-70414647-covo.aspx,23.565459699335566
MERCEDES-BENZ Clase S S 500,11990.0,15681.682,https://www.coches.net/mercedes-benz-clase-s-s-500-4p-gasolina-2002-en-alicante-70414516-covo.aspx,23.541363262096336
FORD Focus 1.8 TDCi Titanium,5999.0,7841.2896,https://www.coches.net/ford-focus-18-tdci-titanium-5p-diesel-2009-en-valencia-70306809-covo.aspx,23.494726713639817
CITROEN C5 Aircross BlueHdi SS Shine,11342.0,14817.849,https://www.coches.net/citroen-c5-aircross-bluehdi-96kw-130cv-ss-shine-5p-diesel-2019-en-barcelona-70380304-covo.aspx,23.45717464757748
LAND-ROVER Range Rover Evoque 2.0L TD4 Diesel 4x4 Pure,11990.0,15643.106,https://www.coches.net/land-rover-range-rover-evoque-20l-td4-diesel-150cv-4x4-pure-5p-diesel-2016-en-valencia-70318023-covo.aspx,23.3528197106091
HYUNDAI Santa Fe 2.2 CRDi Klass 4x2 7S,15490.0,20208.662,https://www.coches.net/hyundai-santa-fe-22-crdi-klass-4x2-7s-5p-diesel-2015-en-barcelona-70485929-covo.aspx,23.34970065725413
DS DS 7 Crossback BlueHDi Auto. SO CHIC,19900.0,25952.207,https://www.coches.net/ds-ds-7-crossback-bluehdi-132kw-180cv-auto-so-chic-5p-diesel-2021-en-pontevedra-70504525-covo.aspx,23.32058704665201
PEUGEOT 208 Tech Edition BlueHDi,9990.0,12993.627,https://www.coches.net/peugeot-208-5p-tech-edition-bluehdi-73kw-100cv-5p-diesel-2018-en-madrid-70316429-covo.aspx,23.116155050169578
MERCEDES-BENZ Clase CLA CLA 220 CDI Aut. Urban,12000.0,15607.281,https://www.coches.net/mercedes-benz-clase-cla-cla-220-cdi-aut-urban-4p-diesel-2015-en-murcia-62577119-covo.aspx,23.112809926456602
RENAULT Mégane Equilibre Blue dCi,14985.0,19476.568,https://www.coches.net/renault-megane-equilibre-blue-dci-85-kw-115cv-5p-diesel-2022-en-sta-c-tenerife-70459242-covo.aspx,23.061394987546635
VOLKSWAGEN T-Roc Sport 2.0 TDI DSG,15490.0,20121.32,https://www.coches.net/volkswagen-t-roc-sport-20-tdi-110kw-150cv-dsg-5p-diesel-2021-en-madrid-70344747-covo.aspx,23.016980200960656
OPEL Crossland X 1.2 Innovation SS Auto,13490.0,17485.277,https://www.coches.net/opel-crossland-x-12-96kw-130cv-innovation-ss-auto-5p-gasolina-2020-en-vizcaya-70290198-covo.aspx,22.849379310406455
RENAULT Laguna Dynamique 2.0dCi,5999.0,7766.3086,https://www.coches.net/renault-laguna-dynamique-20dci-130cv-5p-diesel-2008-en-sevilla-70505151-covo.aspx,22.75609541413608
FORD Focus 1.0 Ecoboost MHEV Active Style SIP,19900.0,25737.34,https://www.coches.net/ford-focus-10-ecoboost-mhev-114kw-active-style-sip-5p-electrico-hibrido-2022-en-vizcaya-70123942-covo.aspx,22.680431929594025
JEEP Renegade Trailhawk 4xe 1.3 PHEV 177kW240CV AT,18350.0,23650.2,https://www.coches.net/jeep-renegade-trailhawk-4xe-13-phev-177kw240cv-at-5p-electrico-hibrido-2022-en-malaga-70327683-covo.aspx,22.410801573916444
NISSAN Micra 1.2G 80 CV 25 ANIVERSARIO,4790.0,6165.8228,https://www.coches.net/nissan-micra-5p-12g-80-cv-25-aniversario-5p-gasolina-2009-en-madrid-70316375-covo.aspx,22.31369289742592
BMW Serie 3 320d Auto.Touring,22890.0,29441.62,https://www.coches.net/bmw-serie-3-320d-autotouring-5p-electrico-hibrido-2020-en-malaga-70357086-covo.aspx,22.25291723709839
LAND-ROVER Range Rover Evoque 2.0 D163 AUTO 4WD MHEV,24490.0,31473.678,https://www.coches.net/land-rover-range-rover-evoque-20-d163-auto-4wd-mhev-5p-electrico-hibrido-2021-en-barcelona-70485758-covo.aspx,22.188947199988483
FORD Fiesta 1.4 TDCi Trend,3480.0,4471.4463,https://www.coches.net/ford-fiesta-14-tdci-trend-5p-diesel-2009-en-jaen-62597730-covo.aspx,22.17283234481992
TOYOTA Corolla 140H Active Plus,16900.0,21700.08,https://www.coches.net/toyota-corolla-140h-active-plus-5p-electrico-hibrido-2023-en-madrid-70350667-covo.aspx,22.120103063415755
FORD S-MAX 2.0 TDCi DPF Titanium,8900.0,11427.638,https://www.coches.net/ford-s-max-20-tdci-140cv-dpf-titanium-5p-diesel-2012-en-valencia-70329308-covo.aspx,22.118636963344674
FORD Focus 1.0 Ecoboost MHEV Active,22690.0,29126.43,https://www.coches.net/ford-focus-10-ecoboost-mhev-114kw-active-5p-electrico-hibrido-2023-en-huelva-70104560-covo.aspx,22.09824464088807
RENAULT Scénic Emotion 2008 1.5dCi85 EU4 eco2,3480.0,4464.992,https://www.coches.net/renault-scenic-emotion-2008-15dci85-eu4-eco2-5p-diesel-2008-en-jaen-70216351-covo.aspx,22.06033395215207
AUDI A3 Sportback 2.0 TDI Ambiente DPF,5490.0,7036.9854,https://www.coches.net/audi-a3-sportback-20-tdi-ambiente-dpf-5p-diesel-2007-en-jaen-70020587-covo.aspx,21.98363751345604
TOYOTA Verso 2.0 D4D Active 5pl.,8490.0,10881.661,https://www.coches.net/toyota-verso-20-d4d-active-5pl-5p-diesel-2011-en-castellon-62533446-covo.aspx,21.978823854390196
SMART fortwo 60kW81CV EQ coupe,9990.0,12802.925,https://www.coches.net/smart-fortwo-60kw81cv-eq-coupe-3p-electrico-hibrido-2021-en-madrid-70503036-covo.aspx,21.97095466543404
OPEL Corsa 1.4 Turbo SS Color Edition,7990.0,10237.974,https://www.coches.net/opel-corsa-14-turbo-ss-74kw-100cv-color-edition-5p-gasolina-2018-en-valencia-62154334-covo.aspx,21.957212564093638
AUDI Q7 3.0 TDI quattro tiptronic Ambition,10999.0,14080.578,https://www.coches.net/audi-q7-30-tdi-240cv-quattro-tiptronic-ambition-5p-diesel-2011-en-sevilla-70487134-covo.aspx,21.885309663022092
KIA Picanto 1.0 DPi Concept Pack Comfort,9500.0,12155.223,https://www.coches.net/kia-picanto-10-dpi-49kw-67cv-concept-pack-comfort-5p-gasolina-2021-en-cadiz-70499155-covo.aspx,21.844294681716352
BMW Serie 1 120d,32900.0,42086.008,https://www.coches.net/bmw-serie-1-120d-5p-electrico-hibrido-2025-en-toledo-70374896-covo.aspx,21.82675024303839
VOLVO XC60 2.0 T5 Summum Auto,18900.0,24174.57,https://www.coches.net/volvo-xc60-20-t5-summum-auto-5p-gasolina-2017-en-malaga-70280524-covo.aspx,21.818672449258244
AUDI A4 2.0 TDI Avant,14990.0,19148.143,https://www.coches.net/audi-a4-20-tdi-110kw-150cv-avant-5p-diesel-2018-en-valencia-70462483-covo.aspx,21.71564453920088
OPEL Insignia 2.0 CDTI 160 CV Sport,6280.0,8020.9097,https://www.coches.net/opel-insignia-20-cdti-160-cv-sport-5p-diesel-2011-en-madrid-70281202-covo.aspx,21.704641244384263
MERCEDES-BENZ CLA CLA 200 D DCT Shooting Brake,23990.0,30625.01,https://www.coches.net/mercedes-benz-cla-cla-200-d-dct-shooting-brake-5p-diesel-2021-en-sevilla-70461449-covo.aspx,21.66533110161636
CITROEN C3 BlueHDi SS Feel Pack,9999.0,12747.332,https://www.coches.net/citroen-c3-bluehdi-75kw-100cv-ss-feel-pack-5p-diesel-2022-en-alicante-70273874-covo.aspx,21.560056837873855
TOYOTA Corolla 140H Eco,15900.0,20259.809,https://www.coches.net/toyota-corolla-140h-eco-4p-electrico-hibrido-2023-en-madrid-70475043-covo.aspx,21.51949547586036
TOYOTA Corolla 140H Eco,16900.0,21527.133,https://www.coches.net/toyota-corolla-140h-eco-4p-electrico-hibrido-2023-en-madrid-70484382-covo.aspx,21.494422191761632
MERCEDES-BENZ Clase E E 250 BlueTEC 4MATIC Avantgarde Estate,15999.0,20357.959,https://www.coches.net/mercedes-benz-clase-e-e-250-bluetec-4matic-avantgarde-estate-5p-diesel-2015-en-alicante-70318073-covo.aspx,21.41157169891421
MG MG3 Hybrid+ Luxury,18290.0,23270.305,https://www.coches.net/mg-mg3-hybrid-luxury-5p-electrico-hibrido-2024-en-huelva-70429359-covo.aspx,21.401974552465774
RENAULT Clio Business TCe GLP,10990.0,13969.8,https://www.coches.net/renault-clio-business-tce-74-kw-100cv-glp-5p-otros-2021-en-madrid-70426829-covo.aspx,21.33029711483512
RENAULT Espace Techno ETech full hybrid,27990.0,35556.344,https://www.coches.net/renault-espace-techno-etech-full-hybrid-146kw-7p-5p-electrico-hibrido-2024-en-sta-c-tenerife-62613650-covo.aspx,21.279870065380386
TESLA Model 3 Gran Autonomia AWD,28500.0,36196.098,https://www.coches.net/tesla-model-3-gran-autonomia-awd-4p-electrico-hibrido-2019-en-a-coruna-70020612-covo.aspx,21.262230335819392
MASERATI Ghibli S 3.0 V6 BT RWD,29990.0,38084.465,https://www.coches.net/maserati-ghibli-s-30-v6-bt-410cv-rwd-4p-gasolina-2015-en-barcelona-70485931-covo.aspx,21.25398079494971
LAND-ROVER Range Rover Evoque 1.5 P300e I3 S AUTO 4WD PHEV,30990.0,39328.277,https://www.coches.net/land-rover-range-rover-evoque-15-p300e-i3-s-auto-4wd-phev-5p-electrico-hibrido-2022-en-sta-c-tenerife-62467482-covo.aspx,21.201735511751593
FORD Mondeo 2.0 Hibrido 138kW187CV Titanium HEV AT,15990.0,20283.828,https://www.coches.net/ford-mondeo-20-hibrido-138kw187cv-titanium-hev-at-4p-electrico-hibrido-2020-en-madrid-70347807-covo.aspx,21.168726625660067
MERCEDES-BENZ Clase GLA GLA 45 AMG Edition 1 4M,22000.0,27863.535,https://www.coches.net/mercedes-benz-clase-gla-gla-45-amg-edition-1-4m-5p-gasolina-2015-en-murcia-62496378-covo.aspx,21.043758889061014
MG MG3 Hybrid+ Comfort,17290.0,21890.377,https://www.coches.net/mg-mg3-hybrid-comfort-5p-electrico-hibrido-2024-en-madrid-70317377-covo.aspx,21.015521856823323
BMW Serie 3 320d Gran Turismo,16890.0,21378.55,https://www.coches.net/bmw-serie-3-320d-gran-turismo-5p-diesel-2018-en-madrid-70462567-covo.aspx,20.99558022981928
SKODA Karoq 2.0 TDI DSG 4X4 Ambition,15990.0,20195.906,https://www.coches.net/skoda-karoq-20-tdi-110kw-150cv-dsg-4x4-ambition-5p-diesel-2022-en-madrid-70414787-covo.aspx,20.825538591515297
SEAT León SP 1.5 eTSI DSG Style Spec Edition,23900.0,30172.404,https://www.coches.net/seat-leon-sp-15-etsi-110kw-dsg-style-spec-edition-5p-electrico-hibrido-2025-en-guipuzcoa-70181006-covo.aspx,20.788546498180928
NISSAN X-TRAIL dCi 130kW177 CV Xtronic NCONNECTA,13900.0,17544.225,https://www.coches.net/nissan-x-trail-5p-dci-130-kw177-cv-xtronic-nconnecta-5p-diesel-2017-en-valencia-70431260-covo.aspx,20.771648166358165
SUBARU Forester 2.0 D Sport Plus,7490.0,9448.314,https://www.coches.net/subaru-forester-20-d-sport-plus-5p-diesel-2012-en-madrid-70463748-covo.aspx,20.72660116088001
PEUGEOT 308 Allure Puretech 130 SS EAT8,12900.0,16254.798,https://www.coches.net/peugeot-308-5p-allure-puretech-130-ss-eat8-5p-gasolina-2021-en-madrid-70473959-covo.aspx,20.63881619567492
OPEL Astra 1.4 Turbo Dynamic,13999.0,17632.932,https://www.coches.net/opel-astra-14-turbo-110kw-150cv-dynamic-5p-gasolina-2019-en-alicante-70290366-covo.aspx,20.60877745509252
PEUGEOT 208 BlueHDi Active,10900.0,13720.028,https://www.coches.net/peugeot-208-bluehdi-73kw-100cv-active-5p-diesel-2021-en-pontevedra-70504519-covo.aspx,20.554099849323553
PEUGEOT 208 BlueHDi Active,10900.0,13720.028,https://www.coches.net/peugeot-208-bluehdi-73kw-100cv-active-5p-diesel-2021-en-pontevedra-70504518-covo.aspx,20.554099849323553
VOLKSWAGEN Golf GTI TCR 2.0 TSI 213kW290CV DSG,27500.0,34566.35,https://www.coches.net/volkswagen-golf-gti-tcr-20-tsi-213kw290cv-dsg-3p-gasolina-2019-en-murcia-61677703-covo.aspx,20.442862040916328
MERCEDES-BENZ Clase A A 250 Aut. AMG Line,19999.0,25135.145,https://www.coches.net/mercedes-benz-clase-a-a-250-aut-amg-line-5p-gasolina-2014-en-alicante-70163753-covo.aspx,20.434115765136497
VOLVO V60 2.0 B4 D Momentum Pro Auto,22990.0,28886.414,https://www.coches.net/volvo-v60-20-b4-d-momentum-pro-auto-5p-electrico-hibrido-2022-en-murcia-62579098-covo.aspx,20.4124127340356
VOLVO V60 Cross Country 2.0 D4 Momentum,14999.0,18825.836,https://www.coches.net/volvo-v60-cross-country-20-d4-momentum-5p-diesel-2017-en-sevilla-70507953-covo.aspx,20.32757509522942
BMW Serie 2 Active Tourer 218d,29900.0,37494.39,https://www.coches.net/bmw-serie-2-active-tourer-218d-5p-diesel-2023-en-albacete-62542993-covo.aspx,20.25473810457481
MERCEDES-BENZ Clase C C 300 e,33900.0,42413.938,https://www.coches.net/mercedes-benz-clase-c-c-300-e-4p-electrico-hibrido-2020-en-valencia-70393908-covo.aspx,20.073442839396836
MERCEDES-BENZ Clase C C 220 CDI Coupe,21490.0,26862.14,https://www.coches.net/mercedes-benz-clase-c-c-220-cdi-coupe-2p-diesel-2014-en-madrid-70070094-covo.aspx,19.998929720441815
TOYOTA Rav4 2.5l hybrid 2WD Feel,18890.0,23602.5,https://www.coches.net/toyota-rav4-25l-hybrid-2wd-feel-5p-electrico-hibrido-2016-en-madrid-70068679-covo.aspx,19.96610528545705
VOLKSWAGEN Golf Life 1.5 eTSI DSG,18690.0,23349.7,https://www.coches.net/volkswagen-golf-life-15-etsi-110kw-150cv-dsg-5p-electrico-hibrido-2020-en-madrid-70027143-covo.aspx,19.9561423686701
AUDI Q5 Design 45 TFSI quattro S tronic,26985.0,33694.883,https://www.coches.net/audi-q5-design-45-tfsi-180kw-quattro-s-tronic-5p-electrico-hibrido-2020-en-las-palmas-70497362-covo.aspx,19.91365528658492
RENAULT Scénic Zen Blue dCi,15464.0,19255.746,https://www.coches.net/renault-scenic-zen-blue-dci-110-kw-150cv-5p-diesel-2019-en-barcelona-62597494-covo.aspx,19.691504423091242
MERCEDES-BENZ Clase CLA CLA 220 d Shooting Brake,18990.0,23580.8,https://www.coches.net/mercedes-benz-clase-cla-cla-220-d-shooting-brake-5p-diesel-2016-en-barcelona-70485926-covo.aspx,19.468383723848437
MERCEDES-BENZ Clase A A 250 e,25985.0,32252.861,https://www.coches.net/mercedes-benz-clase-a-a-250-e-5p-electrico-hibrido-2022-en-las-palmas-70497351-covo.aspx,19.433504718724993
RENAULT Mégane Zen ETECH Hibrido Ench. 117kW160CV,19950.0,24716.762,https://www.coches.net/renault-megane-zen-etech-hibrido-ench-117kw160cv-5p-electrico-hibrido-2021-en-madrid-70326945-covo.aspx,19.285543037516767
OPEL Corsa 1.2T XHL Elegance,10985.0,13601.095,https://www.coches.net/opel-corsa-12t-xhl-74kw-100cv-elegance-5p-gasolina-2021-en-sta-c-tenerife-70430309-covo.aspx,19.23444236774082
CITROEN C3 BlueHDi SS Feel Pack,10890.0,13481.681,https://www.coches.net/citroen-c3-bluehdi-75kw-100cv-ss-feel-pack-5p-diesel-2021-en-malaga-70315716-covo.aspx,19.22372090425658
LAND-ROVER Range Rover Evoque 1.5 P300e RDynamic SE AUTO 4WD PHEV,24990.0,30934.33,https://www.coches.net/land-rover-range-rover-evoque-15-p300e-rdynamic-se-auto-4wd-phev-5p-electrico-hibrido-2022-en-las-palmas-62537303-covo.aspx,19.215965120668614
VOLKSWAGEN Polo GTI 1.8 TSI,15990.0,19783.51,https://www.coches.net/volkswagen-polo-gti-18-tsi-192cv-3p-gasolina-2016-en-madrid-70478951-covo.aspx,19.17511003136786
MERCEDES-BENZ Clase C C 300 Estate,27500.0,34013.39,https://www.coches.net/mercedes-benz-clase-c-c-300-estate-5p-electrico-hibrido-2019-en-a-coruna-61400901-covo.aspx,19.149489378493854
OPEL Corsa 1.2T XHL Edition,10990.0,13591.4,https://www.coches.net/opel-corsa-12t-xhl-74kw-100cv-edition-5p-gasolina-2022-en-sta-c-tenerife-61066516-covo.aspx,19.140046763830014
KIA Ceed 1.0 TGDi Concept,12470.0,15419.358,https://www.coches.net/kia-ceed-10-tgdi-88kw-120cv-concept-5p-gasolina-2022-en-madrid-70234266-covo.aspx,19.127633733037616
VOLVO EX30 Single Motor Extended Range Core Auto,29900.0,36880.863,https://www.coches.net/volvo-ex30-single-motor-extended-range-core-auto-5p-electrico-hibrido-2025-en-valencia-70383602-covo.aspx,18.92814500575703
PEUGEOT 208 BlueHDi Active Pack,10999.0,13553.681,https://www.coches.net/peugeot-208-bluehdi-73kw-100cv-active-pack-5p-diesel-2021-en-alicante-70424909-covo.aspx,18.848611881761535
VOLVO XC60 2.0 T8 AWD Inscription Auto,28990.0,35708.44,https://www.coches.net/volvo-xc60-20-t8-awd-inscription-auto-5p-electrico-hibrido-2019-en-sta-c-tenerife-62597824-covo.aspx,18.8147147891873
FORD Focus 1.0 Ecoboost MHEV Active,22690.0,27917.883,https://www.coches.net/ford-focus-10-ecoboost-mhev-114kw-active-5p-electrico-hibrido-2023-en-huelva-70104564-covo.aspx,18.725928637250597
DS DS 3 PureTech Automatico Bastille,16500.0,20271.693,https://www.coches.net/ds-ds-3-puretech-96-kw-automatico-bastille-5p-gasolina-2022-en-pontevedra-70504522-covo.aspx,18.6057143451744
ALFA ROMEO Stelvio 2.2 Diesel Sprint RWD,21390.0,26254.379,https://www.coches.net/alfa-romeo-stelvio-22-diesel-140kw-190cv-sprint-rwd-5p-diesel-2021-en-madrid-70255144-covo.aspx,18.527876525359385
AUDI A6 RS 6 Avant TFSI quattro,85000.0,104309.125,https://www.coches.net/audi-a6-rs-6-avant-tfsi-quattro-5p-gasolina-2022-en-murcia-61756353-covo.aspx,18.511443749528144
TOYOTA Aygo 1.0 70 xplay,10950.0,13436.368,https://www.coches.net/toyota-aygo-10-70-xplay-5p-gasolina-2018-en-las-palmas-70314432-covo.aspx,18.50476359164264
JAGUAR XF 2.0D RSport Auto 4WD,19800.0,24289.992,https://www.coches.net/jaguar-xf-20d-132kw-180cv-rsport-auto-4wd-4p-diesel-2017-en-sta-c-tenerife-61887297-covo.aspx,18.484947021969887
DS DS 3 Crossback PureTech PERFORMANCE LINE,13990.0,17121.018,https://www.coches.net/ds-ds-3-crossback-puretech-96kw-130cv-performance-line-5p-gasolina-2022-en-las-palmas-62487518-covo.aspx,18.287567101884207
HYUNDAI Tucson 1.6 TGDI PHEV Maxx Auto 4X4,24990.0,30582.273,https://www.coches.net/hyundai-tucson-16-tgdi-phev-195kw-maxx-auto-4x4-5p-electrico-hibrido-2021-en-las-palmas-62475962-covo.aspx,18.28599645781321
RENAULT Austral Techno ETech Full Hybrid,28435.0,34790.402,https://www.coches.net/renault-austral-techno-etech-full-hybrid-147kw-200cv-5p-electrico-hibrido-2025-en-barcelona-62137665-covo.aspx,18.26768854511891
RENAULT Clio Evolution dCi 100,11999.0,14674.932,https://www.coches.net/renault-clio-evolution-dci-100-74kw-5p-diesel-2023-en-alicante-70509948-covo.aspx,18.23471281608664
PEUGEOT 208 BlueHDi Active,12900.0,15772.885,https://www.coches.net/peugeot-208-bluehdi-73kw-100cv-active-5p-diesel-2021-en-lugo-70495117-covo.aspx,18.21407312811977
OPEL Corsa 1.2T XHL Edition,11490.0,14039.387,https://www.coches.net/opel-corsa-12t-xhl-74kw-100cv-edition-5p-gasolina-2022-en-barcelona-70317805-covo.aspx,18.158818257675186
MERCEDES-BENZ Clase B B 250 e,32990.0,40277.37,https://www.coches.net/mercedes-benz-clase-b-b-250-e-5p-electrico-hibrido-2025-en-jaen-70260518-covo.aspx,18.092966089539072
VOLKSWAGEN Caddy Trendline 2.0 TDI SCR BMT,11490.0,14027.719,https://www.coches.net/volkswagen-caddy-trendline-20-tdi-scr-bmt-150cv-5p-diesel-2016-en-sevilla-70461114-covo.aspx,18.09074444125136
SKODA Fabia 1.0 TSI Ambition Plus,12900.0,15746.827,https://www.coches.net/skoda-fabia-10-tsi-81kw-110cv-ambition-plus-5p-gasolina-2021-en-jaen-70221007-covo.aspx,18.078734983256485
BMW Serie 1 118d,21500.0,26234.729,https://www.coches.net/bmw-serie-1-118d-5p-diesel-2021-en-madrid-70237943-covo.aspx,18.047560556249202
PEUGEOT 208 PureTech Allure,10900.0,13299.325,https://www.coches.net/peugeot-208-puretech-73kw-100cv-allure-5p-gasolina-2021-en-pontevedra-70504524-covo.aspx,18.04095440991374
KIA EV3 Air Standard Range,28600.0,34883.59,https://www.coches.net/kia-ev3-air-standard-range-5p-electrico-hibrido-2025-en-madrid-62628261-covo.aspx,18.01302524165475
MERCEDES-BENZ Clase A A 220 CDI Aut. AMG Line,18499.0,22559.738,https://www.coches.net/mercedes-benz-clase-a-a-220-cdi-aut-amg-line-5p-diesel-2015-en-alicante-70341890-covo.aspx,17.999935241380825
CITROEN C3 BlueHDi SS FEEL,10990.0,13400.433,https://www.coches.net/citroen-c3-bluehdi-75kw-100cv-ss-feel-5p-diesel-2020-en-valencia-70457528-covo.aspx,17.987722382155486
BMW Serie 1 118d,21490.0,26175.357,https://www.coches.net/bmw-serie-1-118d-5p-diesel-2022-en-vizcaya-70238959-covo.aspx,17.899879441414623
PEUGEOT 2008 Allure Pack Puretech 130 SS BVM6,14990.0,18254.266,https://www.coches.net/peugeot-2008-allure-pack-puretech-130-ss-bvm6-5p-gasolina-2020-en-vizcaya-70271030-covo.aspx,17.88220732654097
LAND-ROVER Discovery Sport 1.5 I3 PHEV 309PS AWD Auto SE,33700.0,41034.867,https://www.coches.net/land-rover-discovery-sport-15-i3-phev-309ps-awd-auto-se-5p-electrico-hibrido-2023-en-madrid-70383843-covo.aspx,17.87471896517881
MERCEDES-BENZ Clase GLC MercedesAMG GLC 63 S 4MATIC,74990.0,91269.4,https://www.coches.net/mercedes-benz-clase-glc-mercedesamg-glc-63-s-4matic-5p-gasolina-2020-en-badajoz-70169326-covo.aspx,17.836644829699303
FORD C-Max 2.0 TDCi Titanium PowerShift,13890.0,16903.648,https://www.coches.net/ford-c-max-20-tdci-110kw-titanium-powershift-5p-diesel-2017-en-barcelona-70485914-covo.aspx,17.828390413127345
JAGUAR XF 2.0D Prestige,14490.0,17632.791,https://www.coches.net/jaguar-xf-20d-120kw-163cv-prestige-4p-diesel-2017-en-madrid-70281248-covo.aspx,17.823559598931723
MERCEDES-BENZ Clase C C 300 Estate,23990.0,29188.42,https://www.coches.net/mercedes-benz-clase-c-c-300-estate-5p-gasolina-2018-en-alicante-70427273-covo.aspx,17.809870954950497
FIAT 500 Dolcevita 1.0 Hybrid 70 CV,8900.0,10826.342,https://www.coches.net/fiat-500-dolcevita-10-hybrid-51kw-70-cv-3p-electrico-hibrido-2021-en-madrid-70475294-covo.aspx,17.793099765527764
FORD Focus 1.0 Ecoboost MHEV Active,17390.0,21151.543,https://www.coches.net/ford-focus-10-ecoboost-mhev-114kw-active-5p-electrico-hibrido-2022-en-madrid-70421761-covo.aspx,17.78377574774299
FIAT 500 S 1.0 6v GSE 70 CV,9150.0,11117.298,https://www.coches.net/fiat-500-s-10-6v-gse-52kw-70-cv-3p-electrico-hibrido-2020-en-malaga-70475519-covo.aspx,17.695827509793695
BMW Serie 1 118d,11999.0,14572.567,https://www.coches.net/bmw-serie-1-118d-3p-diesel-2016-en-madrid-70484148-covo.aspx,17.660356718253187
KIA Ceed 1.6 MHEV iMT Drive,19990.0,24259.635,https://www.coches.net/kia-ceed-16-mhev-imt-100kw-136cv-drive-5p-electrico-hibrido-2023-en-huelva-70158591-covo.aspx,17.599748746732633
SKODA Kamiq 1.5 TSI DSG SELECTION,20990.0,25466.729,https://www.coches.net/skoda-kamiq-15-tsi-110kw-150cv-dsg-selection-5p-gasolina-2025-en-barcelona-70417505-covo.aspx,17.578734201679353
SEAT León SP 1.5 eTSI DSG SS FR Go L,18499.0,22442.014,https://www.coches.net/seat-leon-sp-15-etsi-110kw-dsg-ss-fr-go-l-5p-electrico-hibrido-2022-en-madrid-70383915-covo.aspx,17.569785534960715
SEAT Ibiza 1.5 TSI DSG FR 75 Aniversario,22990.0,27889.146,https://www.coches.net/seat-ibiza-15-tsi-110kw-dsg-fr-75-aniversario-5p-gasolina-2026-en-madrid-70282113-covo.aspx,17.56649844813202
CITROEN C1 VTi SS Feel,8500.0,10310.863,https://www.coches.net/citroen-c1-vti-53kw-72cv-ss-feel-5p-gasolina-2019-en-madrid-70487906-covo.aspx,17.56267377284501
MINI COUNTRYMAN Cooper S E ALL4,19990.0,24235.816,https://www.coches.net/mini-countryman-cooper-s-e-all4-5p-electrico-hibrido-2019-en-sta-c-tenerife-70009810-covo.aspx,17.51876782312593
FIAT 500 Dolcevita 1.0 Hybrid 70 CV,8900.0,10787.156,https://www.coches.net/fiat-500-dolcevita-10-hybrid-51kw-70-cv-3p-electrico-hibrido-2022-en-madrid-70487913-covo.aspx,17.494474041756835
HYUNDAI ix35 1.7 CRDi Tecno Sky 4x2,5980.0,7239.8765,https://www.coches.net/hyundai-ix35-17-crdi-tecno-sky-4x2-5p-diesel-2014-en-jaen-62636474-covo.aspx,17.401905556836603
LAND-ROVER Range Rover Evoque 2.0 D150 S FWD,20890.0,25275.607,https://www.coches.net/land-rover-range-rover-evoque-20-d150-s-fwd-5p-diesel-2020-en-barcelona-70485922-covo.aspx,17.35114550829523
MERCEDES-BENZ Clase A Sedan A 250 e,23490.0,28399.578,https://www.coches.net/mercedes-benz-clase-a-sedan-a-250-e-4p-electrico-hibrido-2022-en-madrid-70504997-covo.aspx,17.28750372062085
MERCEDES-BENZ Clase A A 250 e,26990.0,32628.693,https://www.coches.net/mercedes-benz-clase-a-a-250-e-5p-electrico-hibrido-2022-en-las-palmas-62418356-covo.aspx,17.281394928292062
VOLKSWAGEN Golf R 20 Aniversario 2.0 TSI 4Mot DSG,46700.0,56455.06,https://www.coches.net/volkswagen-golf-r-20-aniversario-20-tsi-245kw-4mot-dsg-5p-gasolina-2024-en-murcia-70083485-covo.aspx,17.279334813815883
FIAT 500 Cult 1.0 Hybrid 70 CV,10490.0,12676.891,https://www.coches.net/fiat-500-cult-10-hybrid-51kw-70-cv-3p-electrico-hibrido-2022-en-madrid-70424035-covo.aspx,17.25100176132505
RENAULT Austral Techno ETech Full Hybrid,28791.0,34790.402,https://www.coches.net/renault-austral-techno-etech-full-hybrid-147kw-200cv-5p-electrico-hibrido-2024-en-barcelona-70459351-covo.aspx,17.24441782671069
JEEP Compass 1.3 Gse T4 Limited DCT FWD,21990.0,26556.127,https://www.coches.net/jeep-compass-13-gse-t4-110kw-150cv-limited-dct-fwd-5p-gasolina-2021-en-vizcaya-70313554-covo.aspx,17.19425035580228
RENAULT Austral Techno ETech Full Hybrid,28868.0,34862.25,https://www.coches.net/renault-austral-techno-etech-full-hybrid-147kw-200cv-5p-electrico-hibrido-2024-en-barcelona-61964242-covo.aspx,17.194099634992003
MERCEDES-BENZ Clase C C 220 d Avantgarde,17500.0,21127.008,https://www.coches.net/mercedes-benz-clase-c-c-220-d-avantgarde-4p-diesel-2017-en-murcia-62431873-covo.aspx,17.167636064175852
PEUGEOT 2008 Active BlueHDI,11500.0,13883.101,https://www.coches.net/peugeot-2008-active-bluehdi-81kw-110cv-5p-diesel-2020-en-pontevedra-70460941-covo.aspx,17.165478065839235
MERCEDES-BENZ Clase A A 250 e Sedan,29900.0,36078.633,https://www.coches.net/mercedes-benz-clase-a-a-250-e-sedan-4p-electrico-hibrido-2023-en-valladolid-70421699-covo.aspx,17.125462720858195
MERCEDES-BENZ Clase CLA CLA 200 CDI Urban,16000.0,19305.635,https://www.coches.net/mercedes-benz-clase-cla-cla-200-cdi-urban-4p-diesel-2015-en-murcia-61331957-covo.aspx,17.122642201389347
VOLKSWAGEN Polo Advance 1.0 TSI,11985.0,14460.748,https://www.coches.net/volkswagen-polo-advance-10-tsi-70kw-95cv-5p-gasolina-2020-en-las-palmas-70484081-covo.aspx,17.120470108806128
HYUNDAI Kona 1.6 GDI HEV Tecno Red DT,16950.0,20421.986,https://www.coches.net/hyundai-kona-16-gdi-hev-tecno-red-dt-5p-electrico-hibrido-2020-en-las-palmas-70475712-covo.aspx,17.00121757178638
OPEL Crossland 1.2 Edition,11290.0,13588.964,https://www.coches.net/opel-crossland-12-81kw-110cv-edition-5p-gasolina-2022-en-madrid-70281261-covo.aspx,16.917874605132166
LEXUS IS 300h Executive,17985.0,21625.824,https://www.coches.net/lexus-is-300h-executive-4p-electrico-hibrido-2015-en-sta-c-tenerife-70354384-covo.aspx,16.83553968589709
MINI MINI Cooper Park Lane,6490.0,7802.5244,https://www.coches.net/mini-mini-cooper-park-lane-3p-gasolina-2007-en-valencia-70310769-covo.aspx,16.821791825437103
CITROEN C1 PureTech City Edition,7990.0,9601.385,https://www.coches.net/citroen-c1-puretech-60kw-82cv-city-edition-5p-gasolina-2017-en-valencia-70457530-covo.aspx,16.782837111101934
SKODA Octavia 2.0 TDI 150 CV DSG Ambition,18900.0,22700.371,https://www.coches.net/skoda-octavia-20-tdi-110kw-150-cv-dsg-ambition-5p-diesel-2021-en-malaga-70457991-covo.aspx,16.741449195058934
SKODA Octavia Combi 1.5 TSI 110kW150CV Man Ambition,18700.0,22442.318,https://www.coches.net/skoda-octavia-combi-15-tsi-110kw150cv-man-ambition-5p-gasolina-2021-en-guipuzcoa-70488656-covo.aspx,16.675275252085054
JEEP Grand Cherokee 3.0 V6 Diesel Summit 250 CV,17500.0,21000.766,https://www.coches.net/jeep-grand-cherokee-30-v6-diesel-summit-250-cv-5p-diesel-2015-en-huesca-70406166-covo.aspx,16.669704750347645
CITROEN Grand C4 Picasso 1.6 HDi CMP SX,4290.0,5143.723,https://www.coches.net/citroen-grand-c4-picasso-16-hdi-cmp-sx-5p-diesel-2006-en-madrid-70281263-covo.aspx,16.59737743542669
MERCEDES-BENZ Clase B B 200,26890.0,32224.686,https://www.coches.net/mercedes-benz-clase-b-b-200-5p-gasolina-2022-en-valencia-70451844-covo.aspx,16.554655092335985
VOLVO XC40 2.0 B3 G Core Auto,29900.0,35821.46,https://www.coches.net/volvo-xc40-20-b3-g-core-auto-5p-electrico-hibrido-2025-en-madrid-70473966-covo.aspx,16.53048419167368
RENAULT Mégane Equilibre Blue dCi,12990.0,15550.393,https://www.coches.net/renault-megane-equilibre-blue-dci-85-kw-115cv-5p-diesel-2023-en-valencia-70469586-covo.aspx,16.46513144450609
KIA Niro 1.6 GDi HEV Drive,15970.0,19112.895,https://www.coches.net/kia-niro-16-gdi-hev-104kw-141cv-drive-5p-electrico-hibrido-2022-en-madrid-70439544-covo.aspx,16.44384384642158
PEUGEOT 3008 Hybrid 225 eEAT8 Allure,19990.0,23920.727,https://www.coches.net/peugeot-3008-hybrid-225-eeat8-allure-5p-electrico-hibrido-2020-en-sta-c-tenerife-62451018-covo.aspx,16.43230422884443
LEXUS UX 2.0 250h Business,24900.0,29793.68,https://www.coches.net/lexus-ux-20-250h-business-5p-electrico-hibrido-2022-en-granada-70482041-covo.aspx,16.425227561109725
VOLVO EX30 Single Motor Extended Range Core Auto,28985.0,34634.363,https://www.coches.net/volvo-ex30-single-motor-extended-range-core-auto-5p-electrico-hibrido-2025-en-las-palmas-70497359-covo.aspx,16.311439697545687
NISSAN Micra 1.5dCi 90 CV SS Energy Touch,9990.0,11936.483,https://www.coches.net/nissan-micra-15dci-66-kw-90-cv-ss-energy-touch-5p-diesel-2018-en-valencia-70446685-covo.aspx,16.307008802042127
SEAT León 1.6 TDI StSp Style,10390.0,12411.336,https://www.coches.net/seat-leon-16-tdi-85kw-115cv-stsp-style-5p-diesel-2017-en-madrid-70505024-covo.aspx,16.286207606327633
SEAT León SP 2.0 TDI DSG Style Go,19990.0,23867.625,https://www.coches.net/seat-leon-sp-20-tdi-110kw-dsg-style-go-5p-diesel-2022-en-barcelona-70485756-covo.aspx,16.24637977176196
VOLKSWAGEN Arteon 2.0 TDI DSG,24440.0,29154.564,https://www.coches.net/volkswagen-arteon-20-tdi-140kw-190cv-dsg-5p-diesel-2020-en-huelva-70370734-covo.aspx,16.170930835564786
OPEL Insignia 2.0 CDTI 130 CV Selective Auto,5999.0,7152.2344,https://www.coches.net/opel-insignia-20-cdti-130-cv-selective-auto-5p-diesel-2013-en-sevilla-70317507-covo.aspx,16.124113312491943
OPEL Mokka 1.2 T 136 CV GS,14700.0,17521.43,https://www.coches.net/opel-mokka-12-t-100kw-136-cv-gs-5p-gasolina-2023-en-valencia-70272231-covo.aspx,16.102736693415164
MERCEDES-BENZ Clase GLC MercedesAMG GLC 63 S 4MATIC,69999.0,83433.31,https://www.coches.net/mercedes-benz-clase-glc-mercedesamg-glc-63-s-4matic-5p-gasolina-2020-en-alicante-62544540-covo.aspx,16.10185679730743
BMW Serie 3 320e,30900.0,36828.293,https://www.coches.net/bmw-serie-3-320e-4p-electrico-hibrido-2023-en-madrid-70466036-covo.aspx,16.097115806535882
HYUNDAI i20 1.0 TGDI 48V Essence,10990.0,13093.795,https://www.coches.net/hyundai-i20-10-tgdi-74kw-100cv-48v-essence-5p-electrico-hibrido-2021-en-madrid-70417911-covo.aspx,16.067113731560887
CITROEN C3 Aircross BlueHDi SS Feel,13900.0,16554.646,https://www.coches.net/citroen-c3-aircross-bluehdi-81kw-110cv-ss-feel-5p-diesel-2023-en-ciudad-real-70381405-covo.aspx,16.03565794582549
BMW Serie 1 118d,20490.0,24392.145,https://www.coches.net/bmw-serie-1-118d-5p-diesel-2020-en-madrid-70424736-covo.aspx,15.997545956858229
AUDI A4 Avant 2.0 TDI 140kW190CV S tron S line,20999.0,24972.44,https://www.coches.net/audi-a4-avant-20-tdi-140kw190cv-s-tron-s-line-5p-diesel-2017-en-jaen-70257112-covo.aspx,15.911298776330687
SEAT Ibiza 1.0 EcoTSI Style,9490.0,11282.539,https://www.coches.net/seat-ibiza-10-ecotsi-70kw-95cv-style-5p-gasolina-2019-en-vizcaya-70460644-covo.aspx,15.887727510360659
FORD Ka 1.3 TDCi Titanium,3890.0,4624.1216,https://www.coches.net/ford-ka-13-tdci-titanium-3p-diesel-2009-en-jaen-70415439-covo.aspx,15.87591435493291
MG MG3 Hybrid+ Luxury,18800.0,22322.584,https://www.coches.net/mg-mg3-hybrid-luxury-5p-electrico-hibrido-2024-en-valencia-70353997-covo.aspx,15.780359419145567
FORD S-MAX 2.5 Duratec Atkin. FHEV Titanium 7,22990.0,27281.479,https://www.coches.net/ford-s-max-25-duratec-atkin-fhev-140kw-titanium-7-5p-electrico-hibrido-2023-en-murcia-70260260-covo.aspx,15.730373678857356
RENAULT Mégane Coupecabrio Dynamique 1.5dCi105 eco2,5990.0,7107.9307,https://www.coches.net/renault-megane-coupecabrio-dynamique-15dci105-eco2-2p-diesel-2008-en-madrid-70511674-covo.aspx,15.727934287748843
CITROEN C4 Cactus PureTech 110 SS Feel,11900.0,14117.911,https://www.coches.net/citroen-c4-cactus-puretech-110-ss-feel-5p-gasolina-2020-en-madrid-70423947-covo.aspx,15.70990999977104
RENAULT Clio Business Blue dCi,10970.0,13012.547,https://www.coches.net/renault-clio-business-blue-dci-63-kw-85cv-5p-diesel-2019-en-madrid-70307206-covo.aspx,15.696749411325367
CITROEN C4 1.4 16v SX,2990.0,3546.4563,https://www.coches.net/citroen-c4-14-16v-sx-5p-gasolina-2004-en-madrid-70316426-covo.aspx,15.690487967157466
VOLKSWAGEN Passat Variant 2.0 TDI Highline Bmot Tech,7990.0,9476.716,https://www.coches.net/volkswagen-passat-variant-20-tdi-140cv-highline-bmot-tech-5p-diesel-2014-en-zamora-70257868-covo.aspx,15.688091196381096
KIA Sportage 1.6 MHEV Business 4x2,15690.0,18608.94,https://www.coches.net/kia-sportage-16-mhev-business-100kw-136cv-4x2-5p-electrico-hibrido-2021-en-castellon-70129222-covo.aspx,15.685684079297827
RENAULT Clio Intens ETech Hibrido,15990.0,18957.338,https://www.coches.net/renault-clio-intens-etech-hibrido-104-kw-140cv-5p-electrico-hibrido-2021-en-las-palmas-62438309-covo.aspx,15.652714045321952
PEUGEOT 2008 Allure Puretech 130 SS BVM6,15490.0,18353.414,https://www.coches.net/peugeot-2008-allure-puretech-130-ss-bvm6-5p-gasolina-2020-en-guipuzcoa-70485813-covo.aspx,15.601533604314932
VOLVO XC60 2.0 T6 AWD Recharge Ultimate Dark Auto,52900.0,62661.48,https://www.coches.net/volvo-xc60-20-t6-awd-recharge-ultimate-dark-auto-5p-electrico-hibrido-2024-en-asturias-62400414-covo.aspx,15.57811975671108
MERCEDES-BENZ Clase CLK CLK 200 K ELEGANCE,9990.0,11833.322,https://www.coches.net/mercedes-benz-clase-clk-clk-200-k-elegance-2p-gasolina-2004-en-alicante-70477790-covo.aspx,15.57738582832081
FORD Mondeo 2.0 Hibrido 138kW187CV Titanium HEV AT,20490.0,24268.09,https://www.coches.net/ford-mondeo-20-hibrido-138kw187cv-titanium-hev-at-4p-electrico-hibrido-2021-en-madrid-70413688-covo.aspx,15.568138522954284
PEUGEOT 208 PureTech Active Pack,12900.0,15277.416,https://www.coches.net/peugeot-208-puretech-73kw-100cv-active-pack-5p-gasolina-2023-en-malaga-70478810-covo.aspx,15.561636949556746
PEUGEOT 2008 Allure Pack Puretech 130 SS BVM6,12750.0,15096.779,https://www.coches.net/peugeot-2008-allure-pack-puretech-130-ss-bvm6-5p-gasolina-2021-en-castellon-70263973-covo.aspx,15.54490034414677
RENAULT Clio Techno ETech Hibrido,15850.0,18754.96,https://www.coches.net/renault-clio-techno-etech-hibrido-103-kw-145cv-5p-electrico-hibrido-2022-en-las-palmas-70417653-covo.aspx,15.489026861642857
FIAT 500 Dolcevita 1.0 Hybrid 70 CV,9400.0,11121.489,https://www.coches.net/fiat-500-dolcevita-10-hybrid-51kw-70-cv-3p-electrico-hibrido-2022-en-madrid-70325574-covo.aspx,15.47894547129295
CITROEN C3 PureTech FEEL,7490.0,8859.789,https://www.coches.net/citroen-c3-puretech-60kw-82cv-feel-5p-gasolina-2019-en-las-palmas-70402156-covo.aspx,15.460741252833863
MINI COUNTRYMAN Cooper S,18490.0,21860.447,https://www.coches.net/mini-countryman-cooper-s-5p-gasolina-2018-en-barcelona-70485928-covo.aspx,15.418016039063131
PEUGEOT 208 Allure Puretech 100,11900.0,14068.859,https://www.coches.net/peugeot-208-allure-puretech-100-5p-gasolina-2023-en-madrid-70495090-covo.aspx,15.41602852932063
CUPRA Formentor 2.0 TSI 4Drive DSG L Ed Graphene,29995.0,35457.848,https://www.coches.net/cupra-formentor-20-tsi-228kw-4drive-dsg-l-ed-graphene-5p-gasolina-2021-en-sta-c-tenerife-70490249-covo.aspx,15.406596895587619
MINI COUNTRYMAN C,29990.0,35446.633,https://www.coches.net/mini-countryman-c-5p-electrico-hibrido-2024-en-sta-c-tenerife-70487123-covo.aspx,15.393938378755564
KIA Niro 1.6 GDi HEV Drive,17990.0,21261.586,https://www.coches.net/kia-niro-16-gdi-hev-104kw-141cv-drive-5p-electrico-hibrido-2020-en-madrid-70372429-covo.aspx,15.387309051719228
CITROEN C4 Hybrid 145 eDCS6 Business Edition,22290.0,26343.434,https://www.coches.net/km-0/citroen/c4/vizcaya/hybrid-145-edcs6-business-edition-electrico-hibrido-de-km0-70251557-kovn.aspx,15.386884095138154
DACIA Duster Expression Bl. dCi 85kW115CV 4X2,12490.0,14756.159,https://www.coches.net/dacia-duster-expression-bl-dci-85kw115cv-4x2-5p-diesel-2022-en-castellon-70308586-covo.aspx,15.357378245193825
MAZDA CX-30 SKYACTIVX 2.0 Origin,18444.0,21774.781,https://www.coches.net/mazda-cx-30-skyactivx-20-132-kw-origin-5p-gasolina-2019-en-barcelona-70384603-covo.aspx,15.296508432202966
TOYOTA C-HR 2.0 180H Advance,25490.0,30092.764,https://www.coches.net/toyota-c-hr-20-180h-advance-5p-electrico-hibrido-2022-en-madrid-70499577-covo.aspx,15.295250785413202
DS DS 7 ETENSE 225 PERFORMANCE LINE,27900.0,32916.855,https://www.coches.net/ds-ds-7-etense-225-performance-line-5p-electrico-hibrido-2024-en-pontevedra-70451548-covo.aspx,15.240992486395943
AUDI A4 Avant 2.0 TDI S tronic,14590.0,17205.65,https://www.coches.net/audi-a4-avant-20-tdi-150cv-s-tronic-5p-diesel-2016-en-madrid-70316380-covo.aspx,15.202275596917936
MERCEDES-BENZ CLA CLA 250 e Shooting Brake,28900.0,34077.08,https://www.coches.net/mercedes-benz-cla-cla-250-e-shooting-brake-5p-electrico-hibrido-2021-en-valencia-70444778-covo.aspx,15.192259459598253
RENAULT Scénic Limited Energy dCi 130 eco2,7990.0,9409.552,https://www.coches.net/renault-scenic-limited-energy-dci-130-eco2-5p-diesel-2014-en-barcelona-70485757-covo.aspx,15.086284600474023
SEAT Arona 1.5 TSI DSG FR XL,21990.0,25889.57,https://www.coches.net/seat-arona-15-tsi-110kw-150cv-dsg-fr-xl-5p-gasolina-2024-en-madrid-70430397-covo.aspx,15.062321488654487
VOLVO XC90 2.0 T8 AWD Plus Dark Recharge Auto,70900.0,83440.63,https://www.coches.net/volvo-xc90-20-t8-awd-plus-dark-recharge-auto-5p-electrico-hibrido-2026-en-navarra-70387062-covo.aspx,15.029407603703268
BMW X1 xDrive25e,23500.0,27645.822,https://www.coches.net/bmw-x1-xdrive25e-5p-electrico-hibrido-2020-en-sta-c-tenerife-70465937-covo.aspx,14.996198072140334
CITROEN C3 PureTech Max,13790.0,16222.169,https://www.coches.net/citroen-c3-puretech-81kw-110cv-max-5p-gasolina-2023-en-madrid-70281259-covo.aspx,14.992871505109623
ALFA ROMEO Stelvio 2.2 Diesel SPRINT AWD,25900.0,30467.002,https://www.coches.net/alfa-romeo-stelvio-22-diesel-140kw-190cv-sprint-awd-5p-diesel-2022-en-valencia-70478924-covo.aspx,14.989994618280985
PEUGEOT 208 PureTech Allure,12900.0,15172.978,https://www.coches.net/peugeot-208-puretech-73kw-100cv-allure-5p-gasolina-2023-en-pontevedra-70504517-covo.aspx,14.980431712963185
AUDI A8 60 TFSIe quattro tiptronic,42900.0,50456.973,https://www.coches.net/audi-a8-60-tfsie-quattro-tiptronic-4p-electrico-hibrido-2021-en-madrid-70380659-covo.aspx,14.97706314592763
MAZDA CX-5 eSKY G MHEV 2.0 CenterLine Plus,30490.0,35821.46,https://www.coches.net/mazda-cx-5-esky-g-mhev-20-121kw-centerline-plus-5p-electrico-hibrido-2023-en-madrid-70477337-covo.aspx,14.883426856325435
LAND-ROVER Range Rover Evoque 2.0L TD4 4x4 SE Auto.,16999.0,19945.373,https://www.coches.net/land-rover-range-rover-evoque-20l-td4-110kw-110kw-4x4-se-auto-5p-diesel-2017-en-sevilla-70487163-covo.aspx,14.772213284507263
RENAULT Clio Intens ETech Hibrido,15990.0,18754.96,https://www.coches.net/renault-clio-intens-etech-hibrido-104-kw-140cv-5p-electrico-hibrido-2021-en-las-palmas-62036215-covo.aspx,14.742557698275666
BMW Serie 1 114d,9500.0,11136.7295,https://www.coches.net/bmw-serie-1-114d-5p-diesel-2015-en-almeria-70179033-covo.aspx,14.696679966373235
PEUGEOT 2008 GT Line Puretech 130 SS BVM6,12490.0,14640.537,https://www.coches.net/peugeot-2008-gt-line-puretech-130-ss-bvm6-5p-gasolina-2020-en-castellon-62657753-covo.aspx,14.688922225386891
FIAT 500 Dolcevita 1.0 Hybrid 70 CV,9400.0,11011.297,https://www.coches.net/fiat-500-dolcevita-10-hybrid-51kw-70-cv-3p-electrico-hibrido-2022-en-madrid-70468282-covo.aspx,14.633125355636187
FIAT 500 Dolcevita 1.0 Hybrid 70 CV,9400.0,11011.297,https://www.coches.net/fiat-500-dolcevita-10-hybrid-51kw-70-cv-3p-electrico-hibrido-2022-en-madrid-70468292-covo.aspx,14.633125355636187
SKODA Octavia 2.0 TSI DSG RS,38900.0,45555.203,https://www.coches.net/skoda-octavia-20-tsi-195-kw-265cv-dsg-rs-5p-gasolina-2025-en-guipuzcoa-60732095-covo.aspx,14.609095489572576
MG ZS 1.5 Comfort,11900.0,13934.049,https://www.coches.net/mg-zs-15-comfort-5p-gasolina-2022-en-madrid-70473949-covo.aspx,14.597686955276062
MERCEDES-BENZ Clase C C 300 e Estate,36900.0,43206.66,https://www.coches.net/mercedes-benz-clase-c-c-300-e-estate-5p-electrico-hibrido-2024-en-valencia-70394041-covo.aspx,14.596500015143427
FIAT 500 Dolcevita 1.0 Hybrid 70 CV,9400.0,11005.723,https://www.coches.net/fiat-500-dolcevita-10-hybrid-51kw-70-cv-3p-electrico-hibrido-2022-en-madrid-70472768-covo.aspx,14.589888428072753
BMW Serie 6 630i,13490.0,15786.047,https://www.coches.net/bmw-serie-6-630i-2p-gasolina-2006-en-valencia-62162809-covo.aspx,14.544786881611232
CITROEN C1 VTi Feel,7890.0,9225.709,https://www.coches.net/citroen-c1-vti-53kw-72cv-feel-5p-gasolina-2018-en-madrid-70070095-covo.aspx,14.478117471916857
KIA Picanto 1.0 DPi Concept,10490.0,12253.162,https://www.coches.net/kia-picanto-10-dpi-49kw-67cv-concept-5p-gasolina-2021-en-madrid-70424680-covo.aspx,14.38944570908753
PEUGEOT 5008 Active 2.0 HDI 150 FAP,9500.0,11080.113,https://www.coches.net/peugeot-5008-active-20-hdi-150-fap-5p-diesel-2012-en-sevilla-70487198-covo.aspx,14.260804390185259
CITROEN C3 Aircross PureTech SS CSeries,11400.0,13287.198,https://www.coches.net/citroen-c3-aircross-puretech-81kw-110cv-ss-cseries-5p-gasolina-2023-en-madrid-70232607-covo.aspx,14.20313152396232
SEAT León ST 2.0 TSI DSG6 SS CUPRA,24980.0,29109.475,https://www.coches.net/seat-leon-st-20-tsi-221kw-300cv-dsg6-ss-cupra-5p-gasolina-2018-en-a-coruna-70482109-covo.aspx,14.18601560072493
MERCEDES-BENZ Clase A A 220 d,19999.0,23301.314,https://www.coches.net/mercedes-benz-clase-a-a-220-d-5p-diesel-2018-en-alicante-70292064-covo.aspx,14.172223887919413
MERCEDES-BENZ CLA CLA 200,35990.0,41913.89,https://www.coches.net/mercedes-benz-cla-cla-200-4p-electrico-hibrido-2025-en-jaen-70409189-covo.aspx,14.133478273349862
PEUGEOT 208 BlueHDi Active,11900.0,13858.38,https://www.coches.net/peugeot-208-bluehdi-73kw-100cv-active-5p-diesel-2021-en-madrid-70495112-covo.aspx,14.131376823068118
OPEL Corsa 1.3 CDTi Selective 75 CV,7950.0,9257.906,https://www.coches.net/opel-corsa-13-cdti-selective-75-cv-5p-diesel-2016-en-valencia-70308979-covo.aspx,14.127451873905075
TOYOTA Corolla 2.0 180H STYLE ECVT,22990.0,26767.105,https://www.coches.net/toyota-corolla-20-180h-style-ecvt-5p-electrico-hibrido-2021-en-madrid-70406615-covo.aspx,14.110997071236136
PEUGEOT 3008 Hybrid 225 eEAT8 Allure Pack,18990.0,22095.473,https://www.coches.net/peugeot-3008-hybrid-225-eeat8-allure-pack-5p-electrico-hibrido-2023-en-madrid-70375982-covo.aspx,14.054791696757732
BYD Atto 3 Comfort,29990.0,34883.59,https://www.coches.net/byd-atto-3-comfort-5p-electrico-hibrido-2025-en-madrid-70449957-covo.aspx,14.028343601301607
FIAT 500 Red Hb 320km,15390.0,17900.158,https://www.coches.net/fiat-500-red-hb-320km-85kw-118cv-3p-electrico-hibrido-2022-en-madrid-70401848-covo.aspx,14.023106246551373
DS DS 3 Crossback PureTech PERFORMANCE LINE,13985.0,16264.627,https://www.coches.net/ds-ds-3-crossback-puretech-96kw-130cv-performance-line-5p-gasolina-2022-en-las-palmas-70307611-covo.aspx,14.01585760125291
RENAULT Clio Zen Blue dCi,11490.0,13361.549,https://www.coches.net/renault-clio-zen-blue-dci-63-kw-85cv-5p-diesel-2019-en-malaga-70357077-covo.aspx,14.00697518079295
SEAT Ateca 1.5 TSI StSp Style,18985.0,22073.213,https://www.coches.net/seat-ateca-15-tsi-110kw-150cv-stsp-style-5p-gasolina-2023-en-sta-c-tenerife-70497343-covo.aspx,13.990772009165168
SEAT Ateca 1.5 TSI StSp Style,18985.0,22073.213,https://www.coches.net/seat-ateca-15-tsi-110kw-150cv-stsp-style-5p-gasolina-2023-en-sta-c-tenerife-70459238-covo.aspx,13.990772009165168
DS DS 3 Crossback PureTech PERFORMANCE LINE,13990.0,16264.627,https://www.coches.net/ds-ds-3-crossback-puretech-96kw-130cv-performance-line-5p-gasolina-2022-en-las-palmas-62276549-covo.aspx,13.985116041582282
FORD Puma Puma GenE Premium 43kWh FWD,28740.0,33393.0,https://www.coches.net/ford-puma-puma-gene-premium-43kwh-168cv-fwd-5p-electrico-hibrido-2025-en-huelva-62279394-covo.aspx,13.934058036115355
RENAULT Captur Intens ETECH hibrido enchufable,17990.0,20887.537,https://www.coches.net/renault-captur-intens-etech-hibrido-enchufable-160cv-5p-electrico-hibrido-2021-en-las-palmas-62510737-covo.aspx,13.872085991768229
FORD Focus 1.0 Ecoboost AutoSS Pow.Trend,8750.0,10157.891,https://www.coches.net/ford-focus-10-ecoboost-autoss-125cv-powtrend-5p-gasolina-2015-en-madrid-62232541-covo.aspx,13.860068758123687
SKODA Superb Style 1.4 TSI iV PHEV DSG,22900.0,26580.705,https://www.coches.net/skoda-superb-style-14-tsi-iv-phev-160kw-dsg-5p-electrico-hibrido-2022-en-valladolid-70421689-covo.aspx,13.847281580028865
MERCEDES-BENZ Clase B B 180 BlueEFFICIENCY,10990.0,12753.266,https://www.coches.net/mercedes-benz-clase-b-b-180-blueefficiency-5p-gasolina-2012-en-malaga-70108785-covo.aspx,13.825993097356193
SEAT Ibiza 1.0 TSI Style,11790.0,13681.007,https://www.coches.net/seat-ibiza-10-tsi-81kw-110cv-style-5p-gasolina-2023-en-castellon-70422579-covo.aspx,13.822132088774133
LAND-ROVER Discovery 3.0D I6 300 PS HSE AWD Auto,54900.0,63695.836,https://www.coches.net/land-rover-discovery-30d-i6-300-ps-hse-awd-auto-5p-electrico-hibrido-2021-en-madrid-70352688-covo.aspx,13.809122383024693
SEAT Ibiza 1.0 TSI FR XM,17985.0,20860.322,https://www.coches.net/seat-ibiza-10-tsi-85kw-115cv-fr-xm-5p-gasolina-2025-en-sta-c-tenerife-70459239-covo.aspx,13.783690534652687
DACIA Sandero Stepway Essential ECOG,11290.0,13093.795,https://www.coches.net/dacia-sandero-stepway-essential-74kw-100cv-ecog-5p-otros-2021-en-madrid-70316952-covo.aspx,13.775952140975651
VOLKSWAGEN T-Roc Advance 1.5 TSI DSG,19990.0,23181.148,https://www.coches.net/volkswagen-t-roc-advance-15-tsi-110kw-150cv-dsg-5p-gasolina-2022-en-sta-c-tenerife-62451024-covo.aspx,13.766136074335725
VOLKSWAGEN Polo Polo 1.0 TSI,13485.0,15636.026,https://www.coches.net/volkswagen-polo-polo-10-tsi-70kw-95cv-5p-gasolina-2023-en-sta-c-tenerife-70398599-covo.aspx,13.756860705360985
AUDI A1 Sportback Advanced 30 TFSI,20990.0,24338.14,https://www.coches.net/audi-a1-sportback-advanced-30-tfsi-85kw-116cv-5p-gasolina-2025-en-las-palmas-70504549-covo.aspx,13.756764235147894
AUDI A1 Sportback Advanced 30 TFSI,20990.0,24338.14,https://www.coches.net/audi-a1-sportback-advanced-30-tfsi-85kw-116cv-5p-gasolina-2025-en-las-palmas-70504658-covo.aspx,13.756764235147894
MERCEDES-BENZ Clase E Cabrio E 250 CGI BE Avantgarde,17990.0,20856.734,https://www.coches.net/mercedes-benz-clase-e-cabrio-e-250-cgi-be-avantgarde-2p-gasolina-2013-en-malaga-70108499-covo.aspx,13.744886056736771
LAND-ROVER Range Rover Sport 3.0D I6 MHEV AWD Auto HSE,54900.0,63606.9,https://www.coches.net/land-rover-range-rover-sport-30d-i6-220kw-300cv-mhev-awd-auto-hse-5p-electrico-hibrido-2022-en-madrid-70380571-covo.aspx,13.688607134421716
MERCEDES-BENZ Clase C C 200,30990.0,35890.195,https://www.coches.net/mercedes-benz-clase-c-c-200-4p-electrico-hibrido-2021-en-almeria-70499172-covo.aspx,13.653297982452989
DACIA Duster Prestige 1.6 4X2 GLP GPF,15990.0,18512.238,https://www.coches.net/dacia-duster-prestige-16-84kw-4x2-glp-gpf-5p-otros-2018-en-madrid-70460991-covo.aspx,13.624707304057516
BMW Serie 1 118i,21950.0,25395.047,https://www.coches.net/bmw-serie-1-118i-5p-gasolina-2022-en-las-palmas-70462988-covo.aspx,13.565822075293966
FIAT Panda City Cross 1.0 Gse,10500.0,12137.947,https://www.coches.net/fiat-panda-city-cross-10-gse-51kw-70cv-5p-electrico-hibrido-2022-en-madrid-70487993-covo.aspx,13.494433859205431
CITROEN C4 BlueHDi 130 SS EAT8 Shine,13499.0,15603.05,https://www.coches.net/citroen-c4-bluehdi-130-ss-eat8-shine-5p-diesel-2021-en-alicante-70424911-covo.aspx,13.484862453335225
MG MG3 1.5 Standard,14990.0,17323.46,https://www.coches.net/mg-mg3-15-standard-5p-gasolina-2024-en-huelva-70507252-covo.aspx,13.469946599693424
BMW Serie 1 116d,8999.0,10387.539,https://www.coches.net/bmw-serie-1-116d-5p-diesel-2017-en-sevilla-70318024-covo.aspx,13.367353462118448
CUPRA León 1.5 eTSI DSG,25500.0,29427.896,https://www.coches.net/cupra-leon-15-etsi-110kw-150cv-dsg-5p-electrico-hibrido-2025-en-castellon-70468402-covo.aspx,13.347527188905776
PEUGEOT 3008 Hybrid 225 eEAT8 GT Pack,19490.0,22488.22,https://www.coches.net/peugeot-3008-hybrid-225-eeat8-gt-pack-5p-electrico-hibrido-2020-en-madrid-70400632-covo.aspx,13.332405185388287
VOLVO V60 2.0 D3 Summum,13990.0,16135.834,https://www.coches.net/volvo-v60-20-d3-summum-5p-diesel-2017-en-pontevedra-62648178-covo.aspx,13.29856260576863
RENAULT Captur Intens ETECH hibrido enchufable,17990.0,20746.383,https://www.coches.net/renault-captur-intens-etech-hibrido-enchufable-160cv-5p-electrico-hibrido-2021-en-las-palmas-70452155-covo.aspx,13.286088651749155
OPEL Insignia GS Business Edition 1.5D DVH MT6,13990.0,16132.002,https://www.coches.net/opel-insignia-gs-business-edition-15d-dvh-90kw-mt6-5p-diesel-2021-en-madrid-70281215-covo.aspx,13.277967355502728
FORD EcoSport 1.0L EcoBoost SS Titanium,9990.0,11516.806,https://www.coches.net/ford-ecosport-10l-ecoboost-92kw-125cv-ss-titanium-5p-gasolina-2018-en-albacete-70469400-covo.aspx,13.257197426078008
AUDI A4 Allroad Quattro 40 TDI quattro S tronic,24800.0,28588.32,https://www.coches.net/audi-a4-allroad-quattro-40-tdi-150kw-204cv-quattro-s-tronic-5p-electrico-hibrido-2021-en-almeria-70380487-covo.aspx,13.251286788064947
SEAT León 2.0 TDI DSG7 SS FR,18390.0,21197.762,https://www.coches.net/seat-leon-20-tdi-110kw-dsg7-ss-fr-5p-diesel-2023-en-madrid-70419031-covo.aspx,13.245557507453526
MERCEDES-BENZ Clase C C 220 d Estate,30990.0,35717.613,https://www.coches.net/mercedes-benz-clase-c-c-220-d-estate-5p-electrico-hibrido-2021-en-sevilla-70461536-covo.aspx,13.236083956740094
PEUGEOT 208 PureTech Active Pack,12985.0,14963.356,https://www.coches.net/peugeot-208-puretech-73kw-100cv-active-pack-5p-gasolina-2021-en-las-palmas-70497403-covo.aspx,13.221341431936887
MERCEDES-BENZ GLC GLC 300 de 4MATIC,39985.0,46047.28,https://www.coches.net/mercedes-benz-glc-glc-300-de-4matic-5p-electrico-hibrido-2023-en-las-palmas-70497364-covo.aspx,13.165340244707716
VOLKSWAGEN Taigo RLine 1.5 TSI DSG,19990.0,23017.979,https://www.coches.net/volkswagen-taigo-rline-15-tsi-110kw-150cv-dsg-5p-gasolina-2022-en-toledo-70475249-covo.aspx,13.154841175864146
PEUGEOT 508 GT Line 2.0 BlueHDi,14990.0,17259.06,https://www.coches.net/peugeot-508-gt-line-20-bluehdi-110kw-150cv-4p-diesel-2017-en-salamanca-70470735-covo.aspx,13.147068698857112
OPEL Corsa 1.4 120 Aniversario,8990.0,10343.024,https://www.coches.net/opel-corsa-14-66kw-90cv-120-aniversario-5p-gasolina-2019-en-huelva-70314419-covo.aspx,13.081516197746879
SEAT Ibiza 1.0 TSI Special Edition Xcellence,17900.0,20589.236,https://www.coches.net/seat-ibiza-10-tsi-85kw-special-edition-xcellence-5p-gasolina-2025-en-guipuzcoa-70488644-covo.aspx,13.06136995693954
CITROEN C3 PureTech SS 97 Edition,8470.0,9738.879,https://www.coches.net/citroen-c3-puretech-81kw-110cv-ss-97-edition-5p-gasolina-2017-en-madrid-70168763-covo.aspx,13.02900383570523
FORD C-Max 1.6 TDCi 95 Trend,6500.0,7472.515,https://www.coches.net/ford-c-max-16-tdci-95-trend-5p-diesel-2014-en-navarra-70330077-covo.aspx,13.014562284925532
MERCEDES-BENZ Clase B B 200 d,28490.0,32748.293,https://www.coches.net/mercedes-benz-clase-b-b-200-d-5p-diesel-2023-en-barcelona-70469530-covo.aspx,13.003099040348356
DACIA Sandero Stepway Essential TCE 74kW100CV GLPSS,11490.0,13191.017,https://www.coches.net/dacia-sandero-stepway-essential-tce-74kw100cv-glpss-5p-otros-2020-en-barcelona-62477444-covo.aspx,12.89526541389548
SEAT Ibiza 1.0 TSI FR XM,16990.0,19502.67,https://www.coches.net/seat-ibiza-10-tsi-85kw-115cv-fr-xm-5p-gasolina-2024-en-las-palmas-62503277-covo.aspx,12.883722751502274
SUBARU XV 2.0i Hybrid CVT Executive Plus,21300.0,24442.768,https://www.coches.net/subaru-xv-20i-hybrid-cvt-executive-plus-5p-electrico-hibrido-2022-en-madrid-70233046-covo.aspx,12.857658479466183
AUDI e-tron 50 quattro,28490.0,32665.62,https://www.coches.net/audi-e-tron-50-quattro-5p-electrico-hibrido-2021-en-madrid-70448202-covo.aspx,12.782917484738379
KIA Rio 1.2 DPi Concept,12475.0,14300.782,https://www.coches.net/kia-rio-12-dpi-62kw-84cv-concept-5p-gasolina-2023-en-valencia-62532610-covo.aspx,12.767009507852398
PEUGEOT 2008 N2008 Allure Hybrid 145 eDCS6,24990.0,28638.795,https://www.coches.net/peugeot-2008-n2008-allure-hybrid-145-edcs6-5p-electrico-hibrido-2025-en-madrid-70424176-covo.aspx,12.740741821814447
CITROEN C3 Aircross PureTech SS FEEL,10990.0,12593.459,https://www.coches.net/citroen-c3-aircross-puretech-81kw-110cv-ss-feel-5p-gasolina-2020-en-madrid-70372262-covo.aspx,12.732474742359894
CITROEN C4 Spacetourer BlueHDi Feel,12990.0,14883.33,https://www.coches.net/citroen-c4-spacetourer-bluehdi-96kw-130cv-feel-5p-diesel-2019-en-valencia-70486046-covo.aspx,12.721145524466667
MITSUBISHI Outlander 2.0 4x4,6990.0,8007.6562,https://www.coches.net/mitsubishi-outlander-20-4x4-5p-gasolina-2003-en-castellon-70401659-covo.aspx,12.708540654451795
TOYOTA C-HR 2.0 200H GR Sport,27485.0,31480.504,https://www.coches.net/toyota-c-hr-20-200h-gr-sport-5p-electrico-hibrido-2024-en-sta-c-tenerife-70273584-covo.aspx,12.691994760149791
BMW Serie 7 730d xDrive,51490.0,58972.484,https://www.coches.net/bmw-serie-7-730d-xdrive-4p-electrico-hibrido-2022-en-malaga-70509627-covo.aspx,12.68809420919025
MAZDA Mazda2 1.5 116 CV CVT Centreline,20500.0,23475.84,https://www.coches.net/km-0/mazda/mazda2/madrid/15-85-kw-116-cv-cvt-centreline-electrico-hibrido-de-km0-70218135-kovn.aspx,12.676180547986919
FORD Fiesta 1.5 TDCi Trend,9985.0,11432.114,https://www.coches.net/ford-fiesta-15-tdci-75cv-trend-5p-5p-diesel-2016-en-las-palmas-70364807-covo.aspx,12.658325705794693
SEAT Altea 1.9 TDI DPF Style DSG,3999.0,4578.528,https://www.coches.net/seat-altea-19-tdi-105cv-dpf-style-dsg-5p-diesel-2010-en-sevilla-70417652-covo.aspx,12.657514670477479
RENAULT Captur techno TCe GPF,17990.0,20580.377,https://www.coches.net/renault-captur-techno-tce-103-kw-140cv-gpf-5p-electrico-hibrido-2022-en-las-palmas-61091225-covo.aspx,12.58663511861316
SEAT Ibiza 1.4 TDI Reference DPF,4999.0,5716.8525,https://www.coches.net/seat-ibiza-14-tdi-80cv-reference-dpf-5p-diesel-2010-en-alicante-70304540-covo.aspx,12.556778999589516
PEUGEOT 308 Allure 1.6 BlueHDi,8970.0,10255.52,https://www.coches.net/peugeot-308-5p-allure-16-bluehdi-88kw-120cv-5p-diesel-2017-en-madrid-70405978-covo.aspx,12.534904032241784
TOYOTA Yaris 1.5 120H Business Plus,16290.0,18624.033,https://www.coches.net/toyota-yaris-15-120h-business-plus-5p-electrico-hibrido-2022-en-madrid-70316757-covo.aspx,12.532372433342545
OPEL Crossland 1.5D Edition,11900.0,13601.769,https://www.coches.net/opel-crossland-15d-81kw-110cv-edition-5p-diesel-2021-en-lugo-70495160-covo.aspx,12.511377089275861
AUDI Q2 S line 35 TDI S tronic,26900.0,30739.686,https://www.coches.net/audi-q2-s-line-35-tdi-110kw-150cv-s-tronic-5p-diesel-2024-en-madrid-70487905-covo.aspx,12.49097210516307
CITROEN C4 BlueHdi 130 SS EAT8 Shine,15400.0,17593.062,https://www.coches.net/citroen-c4-bluehdi-130-ss-eat8-shine-5p-diesel-2021-en-madrid-70208472-covo.aspx,12.46549598740981
KIA Sportage 1.6 MHEV Drive 4x2,18485.0,21116.582,https://www.coches.net/kia-sportage-16-mhev-drive-100kw-136cv-4x2-5p-electrico-hibrido-2020-en-sta-c-tenerife-70430303-covo.aspx,12.462159014918111
AUDI A3 Sportback 30 gtron S tronic,14490.0,16536.566,https://www.coches.net/audi-a3-sportback-30-gtron-96kw-s-tronic-5p-otros-2020-en-madrid-62619372-covo.aspx,12.376005731616084
OPEL Astra 1.4 Turbo Dynamic,12500.0,14261.58,https://www.coches.net/opel-astra-14-turbo-92kw-125cv-dynamic-5p-gasolina-2019-en-murcia-61068693-covo.aspx,12.351927826194968
AUDI A5 Sportback 2.0 clean TDI 140 quatt S line,20990.0,23935.254,https://www.coches.net/audi-a5-sportback-20-clean-tdi-140-quatt-s-line-5p-diesel-2016-en-jaen-70292051-covo.aspx,12.305087373570464
VOLKSWAGEN T-Cross Advance 1.0 TSI,15500.0,17674.836,https://www.coches.net/volkswagen-t-cross-advance-10-tsi-81kw-110cv-5p-gasolina-2023-en-madrid-70472677-covo.aspx,12.304702262529842
PEUGEOT 3008 1.2 PURETECH ACTIVE SS,12489.0,14233.596,https://www.coches.net/peugeot-3008-12-puretech-96kw-130cv-active-ss-5p-gasolina-2018-en-madrid-70255132-covo.aspx,12.25688673131254
KIA Ceed 1.0 TGDi Drive,14490.0,16509.607,https://www.coches.net/kia-ceed-10-tgdi-88kw-120cv-drive-5p-gasolina-2022-en-madrid-70422444-covo.aspx,12.232922142043476
KIA Sportage 1.6 MHEV Drive 4x2,16490.0,18779.389,https://www.coches.net/kia-sportage-16-mhev-drive-100kw-136cv-4x2-5p-electrico-hibrido-2021-en-madrid-70478742-covo.aspx,12.190964849157783
MERCEDES-BENZ CLA CLA 250 e,28790.0,32774.81,https://www.coches.net/mercedes-benz-cla-cla-250-e-4p-electrico-hibrido-2021-en-madrid-70489976-covo.aspx,12.158144516242526
MERCEDES-BENZ Clase B B 180 CDI,12490.0,14209.743,https://www.coches.net/mercedes-benz-clase-b-b-180-cdi-5p-diesel-2011-en-barcelona-70485919-covo.aspx,12.102563320158092
FORD C-Max 1.0 EcoBoost Trend,10790.0,12275.125,https://www.coches.net/ford-c-max-10-ecoboost-92kw-125cv-trend-5p-gasolina-2019-en-madrid-70071110-covo.aspx,12.098654799849289
PEUGEOT 3008 Hybrid 225 eEAT8 Allure Pack,19990.0,22718.826,https://www.coches.net/peugeot-3008-hybrid-225-eeat8-allure-pack-5p-electrico-hibrido-2023-en-madrid-70474502-covo.aspx,12.011299136806539
DACIA Lodgy Stepway Comfort 85kW115CV 7Pl,15985.0,18162.355,https://www.coches.net/dacia-lodgy-stepway-comfort-85kw115cv-7pl-5p-diesel-2021-en-las-palmas-70459106-covo.aspx,11.988287931575504
RENAULT Clio Intens Blue dCi,12490.0,14175.692,https://www.coches.net/renault-clio-intens-blue-dci-74kw-100cv-5p-diesel-2021-en-madrid-70462571-covo.aspx,11.89142891430361
FIAT Tipo City Cross 1.5 Hybrid DCT,14900.0,16905.738,https://www.coches.net/fiat-tipo-city-cross-15-hybrid-97kw-130cv-dct-5p-electrico-hibrido-2022-en-madrid-70487918-covo.aspx,11.86424542887042
PEUGEOT 308 Active 1.6 BlueHDi 120,9970.0,11306.616,https://www.coches.net/peugeot-308-5p-active-16-bluehdi-120-5p-diesel-2015-en-madrid-70382381-covo.aspx,11.821540468000665
OPEL Zafira Enjoy 1.9 CDTi 8v 120 CV,5499.0,6235.9556,https://www.coches.net/opel-zafira-enjoy-19-cdti-8v-120-cv-5p-diesel-2007-en-alicante-70473740-covo.aspx,11.817845052910693
PEUGEOT 308 Nuevo 308 SW Access 1.6 HDI 92,5799.0,6576.1387,https://www.coches.net/peugeot-308-nuevo-308-sw-access-16-hdi-92-5p-diesel-2014-en-valencia-70307462-covo.aspx,11.817552984378002
KIA Sportage 1.6 MHEV Drive 4x2,18485.0,20951.361,https://www.coches.net/kia-sportage-16-mhev-drive-100kw-136cv-4x2-5p-electrico-hibrido-2021-en-las-palmas-70380998-covo.aspx,11.771842838747519
PEUGEOT E-308 GT Electrico 54kWh,24990.0,28321.213,https://www.coches.net/peugeot-e-308-5p-gt-electrico-115kw-156cv-54kwh-5p-electrico-hibrido-2024-en-vizcaya-70290193-covo.aspx,11.762253627660527
BMW X2 sDrive20dA,24890.0,28204.516,https://www.coches.net/bmw-x2-sdrive20da-5p-diesel-2021-en-madrid-70484629-covo.aspx,11.751719721299061
RENAULT Mégane S.T. Equilibre Blue dCi,14990.0,16984.434,https://www.coches.net/renault-megane-st-equilibre-blue-dci-85-kw-115cv-5p-diesel-2023-en-madrid-70316388-covo.aspx,11.742714779042851
MG MG3 1.5 Standard,15290.0,17323.46,https://www.coches.net/mg-mg3-15-standard-5p-gasolina-2024-en-sevilla-70429350-covo.aspx,11.738191027972814
JAGUAR XE 2.0 AJ200D Diesel Auto AWD XE Portfolio,17990.0,20378.412,https://www.coches.net/jaguar-xe-20-aj200d-diesel-auto-awd-xe-portfolio-4p-diesel-2017-en-las-palmas-62480635-covo.aspx,11.720305274797251
KIA XCeed 1.0 TGDi Drive,17000.0,19236.75,https://www.coches.net/kia-xceed-10-tgdi-drive-88kw-120cv-5p-gasolina-2023-en-murcia-60523693-covo.aspx,11.627483852521864
RENAULT Captur Life Energy dCi eco2,9990.0,11289.359,https://www.coches.net/renault-captur-life-energy-dci-66kw-90cv-eco2-5p-diesel-2015-en-madrid-70317049-covo.aspx,11.509593519339976
TOYOTA Yaris 1.5 120H Business Plus,15985.0,18062.188,https://www.coches.net/toyota-yaris-15-120h-business-plus-5p-electrico-hibrido-2022-en-las-palmas-70466457-covo.aspx,11.500198965380024
NISSAN QASHQAI dCi ACENTA,19790.0,22358.17,https://www.coches.net/nissan-qashqai-dci-150cv-110kw-acenta-5p-diesel-2020-en-madrid-70070089-covo.aspx,11.486494336740547
MERCEDES-BENZ Clase S S 560 e L,49900.0,56296.598,https://www.coches.net/mercedes-benz-clase-s-s-560-e-l-4p-electrico-hibrido-2019-en-valladolid-70421688-covo.aspx,11.36231659203983
PEUGEOT 3008 1.5 BlueHDi SS Allure,16700.0,18840.312,https://www.coches.net/peugeot-3008-15-bluehdi-96kw-130cv-ss-allure-5p-diesel-2020-en-madrid-70438637-covo.aspx,11.360281311682066
CITROEN C-Elysée PureTech Shine,8490.0,9577.23,https://www.coches.net/citroen-c-elysee-puretech-60kw-82cv-shine-4p-gasolina-2018-en-madrid-70400805-covo.aspx,11.352242929702653
CITROEN C3 Aircross PureTech SS Feel,11985.0,13516.253,https://www.coches.net/citroen-c3-aircross-puretech-81kw-110cv-ss-feel-5p-gasolina-2022-en-sta-c-tenerife-70314670-covo.aspx,11.328975106142106
KIA Sportage 1.6 TGDi MHEV Drive 17,25990.0,29308.4,https://www.coches.net/kia-sportage-16-tgdi-mhev-118kw-160cv-drive-17-5p-electrico-hibrido-2025-en-madrid-70321152-covo.aspx,11.322352453211574
BMW Serie 1 116d,17490.0,19722.934,https://www.coches.net/bmw-serie-1-116d-5p-diesel-2022-en-vizcaya-70434357-covo.aspx,11.321508451752807
OPEL Crossland 1.2 Edition,12990.0,14645.737,https://www.coches.net/opel-crossland-12-81kw-110cv-edition-5p-gasolina-2022-en-sta-c-tenerife-62597889-covo.aspx,11.305250601194153
KIA cee'd 1.4 CRDi WGT Concept,8300.0,9357.2295,https://www.coches.net/kia-ceed-14-crdi-wgt-90cv-concept-5p-diesel-2015-en-valencia-70489805-covo.aspx,11.29853118457977
VOLKSWAGEN Golf Advance 1.6 TDI Variant,13990.0,15749.553,https://www.coches.net/volkswagen-golf-advance-16-tdi-85kw-115cv-variant-5p-diesel-2019-en-vizcaya-70409752-covo.aspx,11.172080655564251
HYUNDAI Kona 1.0 TGDI Klass 4X2,13790.0,15516.451,https://www.coches.net/hyundai-kona-10-tgdi-klass-4x2-5p-gasolina-2023-en-castellon-70165179-covo.aspx,11.126585278754668
MAZDA CX-5 2.2 DE Black Tech Edition 2WD,14650.0,16474.12,https://www.coches.net/mazda-cx-5-22-de-black-tech-edition-2wd-5p-diesel-2015-en-alicante-70284891-covo.aspx,11.072635356428508
AUDI A3 Sportback Advanced 35 TDI S tronic,22799.0,25637.578,https://www.coches.net/audi-a3-sportback-advanced-35-tdi-110kw-s-tronic-5p-diesel-2022-en-almeria-70358883-covo.aspx,11.071943344882543
AUDI Q2 Design 35 TFSI S tronic,21990.0,24727.793,https://www.coches.net/audi-q2-design-35-tfsi-110kw-150cv-s-tronic-5p-gasolina-2020-en-sta-c-tenerife-70233439-covo.aspx,11.0717239189519
MERCEDES-BENZ Clase GLC GLC 220 d 4MATIC,31990.0,35971.58,https://www.coches.net/mercedes-benz-clase-glc-glc-220-d-4matic-5p-diesel-2020-en-sevilla-70462079-covo.aspx,11.06867791889517
SEAT Ibiza 1.0 MPI Reference XL Edition,10890.0,12245.137,https://www.coches.net/seat-ibiza-10-mpi-59kw-80cv-reference-xl-edition-5p-gasolina-2023-en-madrid-70071627-covo.aspx,11.06673408288686
OPEL Corsa-e 50kWh Elegancee,19890.0,22364.28,https://www.coches.net/opel-corsa-e-50kwh-elegancee-5p-electrico-hibrido-2020-en-huelva-70274079-covo.aspx,11.063532448464528
OPEL Crossland 1.2 Edition,12985.0,14594.596,https://www.coches.net/opel-crossland-12-81kw-110cv-edition-5p-gasolina-2022-en-las-palmas-70497397-covo.aspx,11.028710461505643
MITSUBISHI Eclipse Cross 2.4 PHEV Kaiteki Auto 4WD,20990.0,23587.906,https://www.coches.net/mitsubishi-eclipse-cross-24-phev-kaiteki-auto-4wd-5p-electrico-hibrido-2021-en-las-palmas-62276545-covo.aspx,11.01372127931024
MERCEDES-BENZ Clase C C 220 d,22999.0,25825.984,https://www.coches.net/mercedes-benz-clase-c-c-220-d-4p-diesel-2018-en-valencia-70462134-covo.aspx,10.94627927420482
KIA Sportage 1.6 TGDi HEV Drive 4x2,33400.0,37497.746,https://www.coches.net/kia-sportage-16-tgdi-hev-158kw-215cv-drive-4x2-5p-electrico-hibrido-2025-en-malaga-70375108-covo.aspx,10.927979733781916
NISSAN QASHQAI EPOWER 190 CV NConnecta,33450.0,37552.152,https://www.coches.net/nissan-qashqai-epower-140-kw-190-cv-nconnecta-5p-electrico-hibrido-2024-en-sevilla-70457898-covo.aspx,10.9238807570846
TOYOTA Yaris 1.5 120H Business Plus,17290.0,19399.809,https://www.coches.net/toyota-yaris-15-120h-business-plus-5p-electrico-hibrido-2021-en-madrid-70316759-covo.aspx,10.875409329707063
AUDI A1 Active Kit 1.0 TFSI S tronic,13590.0,15247.873,https://www.coches.net/audi-a1-active-kit-10-tfsi-70kw-95cv-s-tronic-3p-gasolina-2018-en-madrid-70447784-covo.aspx,10.872815124957874
VOLKSWAGEN Golf eHybrid 1.4 TSI DSG,17990.0,20177.865,https://www.coches.net/volkswagen-golf-ehybrid-14-tsi-150kw-204cv-dsg-5p-electrico-hibrido-2023-en-madrid-70427592-covo.aspx,10.842897447088475
VOLKSWAGEN Tiguan Life 1.4 TSI eHybrid DSG,24990.0,28020.826,https://www.coches.net/volkswagen-tiguan-life-14-tsi-ehybrid-180kw-245cv-dsg-5p-electrico-hibrido-2023-en-las-palmas-62474151-covo.aspx,10.816334084100255
FORD Mondeo 2.0 TDCi 163 DPF Titanium,5890.0,6603.736,https://www.coches.net/ford-mondeo-20-tdci-163-dpf-titanium-4p-diesel-2011-en-madrid-70281234-covo.aspx,10.808061635921486
KIA EV6 GTLine 774kWh AWD Long Range,42990.0,48173.465,https://www.coches.net/kia-ev6-gtline-774kwh-239kw-awd-long-range-5p-electrico-hibrido-2023-en-sevilla-62020860-covo.aspx,10.760000055139276
MERCEDES-BENZ Clase C C 180,19990.0,22399.129,https://www.coches.net/mercedes-benz-clase-c-c-180-4p-gasolina-2019-en-madrid-70108677-covo.aspx,10.7554580195205
NISSAN JUKE DIGT EU6 115 CV 6MT ACENTA,10890.0,12199.993,https://www.coches.net/nissan-juke-digt-eu6-85-kw-115-cv-6mt-acenta-5p-gasolina-2016-en-barcelona-62585070-covo.aspx,10.737654902310476
CITROEN C3 Aircross BlueHDi SS EAT6 FEEL,13890.0,15558.889,https://www.coches.net/citroen-c3-aircross-bluehdi-88kw-120cv-ss-eat6-feel-5p-diesel-2019-en-madrid-70070083-covo.aspx,10.726271696331139
VOLVO V60 2.0 B4 D Plus Dark Auto,25990.0,29112.516,https://www.coches.net/volvo-v60-20-b4-d-plus-dark-auto-5p-electrico-hibrido-2024-en-murcia-62498647-covo.aspx,10.725681233533043
CITROEN C3 Aircross PureTech LIVE,8470.0,9487.374,https://www.coches.net/citroen-c3-aircross-puretech-60kw-82cv-live-5p-gasolina-2018-en-madrid-70381957-covo.aspx,10.723452252690691
DACIA Sandero Stepway Comfort TCE,8900.0,9968.709,https://www.coches.net/dacia-sandero-stepway-comfort-tce-66kw-90cv-5p-gasolina-2019-en-valencia-70376321-covo.aspx,10.720635801988996
PEUGEOT 208 PureTech Allure,13485.0,15103.182,https://www.coches.net/peugeot-208-puretech-73kw-100cv-allure-5p-gasolina-2023-en-sta-c-tenerife-70466463-covo.aspx,10.714177178882398
PEUGEOT 208 PureTech Allure,13485.0,15103.182,https://www.coches.net/peugeot-208-puretech-73kw-100cv-allure-5p-gasolina-2023-en-sta-c-tenerife-70466465-covo.aspx,10.714177178882398
PEUGEOT 208 PureTech Allure,13485.0,15103.182,https://www.coches.net/peugeot-208-puretech-73kw-100cv-allure-5p-gasolina-2023-en-sta-c-tenerife-70314664-covo.aspx,10.714177178882398
HYUNDAI i10 1.0 Klass,10990.0,12308.597,https://www.coches.net/hyundai-i10-10-klass-5p-gasolina-2023-en-sta-c-tenerife-61670463-covo.aspx,10.712810842714017
LYNK & CO 01 1.5 PHEV 6.6kW,28990.0,32466.264,https://www.coches.net/lynk--co-01-15-phev-66kw-5p-electrico-hibrido-2023-en-madrid-70364863-covo.aspx,10.707310539359757
VOLKSWAGEN Golf GTD 2.0 TDI BMT,15000.0,16797.03,https://www.coches.net/volkswagen-golf-gtd-20-tdi-184cv-bmt-3p-diesel-2015-en-murcia-70187801-covo.aspx,10.69849474638547
MG MG3 1.5 Standard,14990.0,16784.998,https://www.coches.net/mg-mg3-15-standard-5p-gasolina-2024-en-huelva-70397401-covo.aspx,10.694061696415803
KIA e-Soul eSoul Drive Long Range,25190.0,28203.996,https://www.coches.net/kia-e-soul-esoul-150kw-204cv-drive-long-range-5p-electrico-hibrido-2019-en-sevilla-62035197-covo.aspx,10.68641508717944
MERCEDES-BENZ Clase GLA GLA 220 d 4MATIC,19990.0,22379.86,https://www.coches.net/mercedes-benz-clase-gla-gla-220-d-4matic-5p-diesel-2018-en-castellon-61751812-covo.aspx,10.678616585364491
FIAT Panda Pandina 1.0 Hybrid,14990.0,16781.996,https://www.coches.net/km-0/fiat/panda/guipuzcoa/pandina-10-hybrid-51kw-70cv-electrico-hibrido-de-km0-70313829-kovn.aspx,10.678086705176748
MITSUBISHI Outlander 2.4 PHEV Kaiteki Auto 4WD,19490.0,21819.209,https://www.coches.net/mitsubishi-outlander-24-phev-kaiteki-auto-4wd-5p-electrico-hibrido-2019-en-vizcaya-62309866-covo.aspx,10.675038614108216
RENAULT Mégane R.S.Line TCe GPF,15490.0,17341.06,https://www.coches.net/renault-megane-rsline-tce-103-kw-140cv-gpf-5p-gasolina-2020-en-madrid-70430282-covo.aspx,10.674436790479785
MERCEDES-BENZ Clase T 180 d,25490.0,28535.809,https://www.coches.net/mercedes-benz-clase-t-180-d-5p-diesel-2022-en-madrid-70448101-covo.aspx,10.673636892900602
CITROEN C3 Aircross PureTech SS Feel,11290.0,12636.416,https://www.coches.net/citroen-c3-aircross-puretech-81kw-110cv-ss-feel-5p-gasolina-2022-en-las-palmas-62537297-covo.aspx,10.655046604671364
VOLKSWAGEN Polo Match 1.0 TSI,18985.0,21245.84,https://www.coches.net/volkswagen-polo-match-10-tsi-70kw-95cv-5p-gasolina-2026-en-sta-c-tenerife-70398600-covo.aspx,10.641329598533536
JEEP Avenger 1.2 G Altitude,14900.0,16673.918,https://www.coches.net/jeep-avenger-12-g-74kw-100cv-altitude-5p-gasolina-2023-en-madrid-70487924-covo.aspx,10.638879068942583
FIAT 500 Lounge 1.0 6v GSE 70 CV,10990.0,12294.145,https://www.coches.net/fiat-500-lounge-10-6v-gse-52kw-70-cv-3p-electrico-hibrido-2020-en-murcia-61013744-covo.aspx,10.607850980888069
VOLVO V60 2.0 B4 D Plus Dark Auto,25990.0,29073.816,https://www.coches.net/volvo-v60-20-b4-d-plus-dark-auto-5p-electrico-hibrido-2024-en-murcia-62579100-covo.aspx,10.606851068878154
MERCEDES-BENZ Clase E Coupe E 350,32890.0,36784.457,https://www.coches.net/mercedes-benz-clase-e-coupe-e-350-2p-electrico-hibrido-2019-en-alicante-70426194-covo.aspx,10.587235331328907
MERCEDES-BENZ Clase C MercedesAMG c 43 4MATIC,40840.0,45669.977,https://www.coches.net/mercedes-benz-clase-c-mercedesamg-c-43-4matic-4p-gasolina-2017-en-madrid-70326855-covo.aspx,10.57582448261192
SEAT Ateca 1.5 TSI StSp Style,18985.0,21227.467,https://www.coches.net/seat-ateca-15-tsi-110kw-150cv-stsp-style-5p-gasolina-2023-en-las-palmas-70466452-covo.aspx,10.563986830520562
JEEP Avenger 1.2 G Altitude,14900.0,16656.756,https://www.coches.net/jeep-avenger-12-g-74kw-100cv-altitude-5p-gasolina-2023-en-madrid-70487922-covo.aspx,10.546806798433304
VOLKSWAGEN Golf VI 2.0 TDI DPF Sport,5900.0,6593.417,https://www.coches.net/volkswagen-golf-vi-20-tdi-110cv-dpf-sport-5p-diesel-2010-en-lugo-70494873-covo.aspx,10.516807794943436
SEAT Arona 1.0 TSI StartStop Style,18800.0,21007.7,https://www.coches.net/seat-arona-10-tsi-85kw-115cv-startstop-style-5p-gasolina-2026-en-valencia-61735008-covo.aspx,10.509000513390646
FIAT Panda City Life Hybrid 1.0 Gse,9990.0,11159.36,https://www.coches.net/fiat-panda-city-life-hybrid-10-gse-51kw-70cv-5p-electrico-hibrido-2022-en-valencia-70361883-covo.aspx,10.478739952140444
BMW X5 xDrive30d,14999.0,16753.975,https://www.coches.net/bmw-x5-xdrive30d-5p-diesel-2013-en-sevilla-70364915-covo.aspx,10.474974746547431
RENAULT Austral Techno Esprit Alpine ETech F Hybr,31990.0,35730.344,https://www.coches.net/renault-austral-techno-esprit-alpine-etech-f-hybr-147kw-5p-electrico-hibrido-2024-en-las-palmas-62282354-covo.aspx,10.468255710526154
MERCEDES-BENZ Clase GLA GLA 200 Urban,17890.0,19978.342,https://www.coches.net/mercedes-benz-clase-gla-gla-200-urban-5p-gasolina-2017-en-barcelona-70485915-covo.aspx,10.453028675291046
VOLKSWAGEN T-Cross Sport 1.5 TSI DSG,23890.0,26664.299,https://www.coches.net/volkswagen-t-cross-sport-15-tsi-110kw-150cv-dsg-5p-gasolina-2023-en-alicante-70503120-covo.aspx,10.404544466021068
LAND-ROVER Range Rover Velar 2.0 I4 PHEV S 4WD Auto,46985.0,52432.496,https://www.coches.net/land-rover-range-rover-velar-20-i4-phev-297kw-404cv-s-4wd-auto-5p-electrico-hibrido-2025-en-las-palmas-70373827-covo.aspx,10.389541791048446
MAZDA Mazda2 Hybrid 1.5 116 CV CVT Select,18900.0,21061.877,https://www.coches.net/mazda-mazda2-hybrid-15-85-kw-116-cv-cvt-select-5p-electrico-hibrido-2022-en-madrid-70245085-covo.aspx,10.264407858503976
VOLVO V40 Cross Country 2.0 D2 Cross Country,10500.0,11694.866,https://www.coches.net/volvo-v40-cross-country-20-d2-cross-country-5p-diesel-2018-en-sevilla-70408592-covo.aspx,10.217014794235217
FIAT Tipo SW Life 1.0,12490.0,13910.768,https://www.coches.net/fiat-tipo-sw-life-10-73kw-100cv-5p-gasolina-2021-en-barcelona-70485923-covo.aspx,10.213437685201422
OPEL Corsa 1.5D DT GSLine,13900.0,15469.33,https://www.coches.net/opel-corsa-15d-dt-74kw-100cv-gsline-5p-diesel-2022-en-murcia-62403853-covo.aspx,10.14478371202494
VOLKSWAGEN Polo Polo 1.0 TSI,13985.0,15561.474,https://www.coches.net/volkswagen-polo-polo-10-tsi-70kw-95cv-5p-gasolina-2022-en-sta-c-tenerife-70497348-covo.aspx,10.130619181774602
PEUGEOT 5008 GTLine 1.6L THP EAT6,17900.0,19916.592,https://www.coches.net/peugeot-5008-gtline-16l-thp-121kw-165cv-eat6-5p-gasolina-2018-en-madrid-70319733-covo.aspx,10.125185159397663
HYUNDAI i10 1.0 Klass,10990.0,12227.621,https://www.coches.net/hyundai-i10-10-klass-5p-gasolina-2023-en-sta-c-tenerife-62438615-covo.aspx,10.12151983007222
NISSAN X-TRAIL 1.6 DIGT ACENTA 7 PlazaTecho,13999.0,15573.424,https://www.coches.net/nissan-x-trail-16-digt-acenta-7-plazatecho-5p-gasolina-2016-en-sevilla-70408280-covo.aspx,10.109683300865745
FIAT Panda City Cross 1.0 Gse,9900.0,11011.297,https://www.coches.net/fiat-panda-city-cross-10-gse-51kw-70cv-5p-electrico-hibrido-2022-en-madrid-70468315-covo.aspx,10.09233415114875
VOLKSWAGEN Touareg R 3.0 V6 TSI Tip 4M,54900.0,61054.01,https://www.coches.net/volkswagen-touareg-r-30-v6-tsi-340kw-tip-4m-5p-electrico-hibrido-2022-en-madrid-70380779-covo.aspx,10.079618923485205
JEEP Renegade eHybrid 1.5 96kW130CV Limited ATX,19500.0,21682.896,https://www.coches.net/jeep-renegade-ehybrid-15-96kw130cv-limited-atx-5p-electrico-hibrido-2023-en-pontevedra-70484479-covo.aspx,10.067365704337638
VOLKSWAGEN Taigo Style 1.5 TSI DSG,26900.0,29894.035,https://www.coches.net/volkswagen-taigo-style-15-tsi-110kw-150cv-dsg-5p-gasolina-2025-en-jaen-70448032-covo.aspx,10.015493527724818
TOYOTA Yaris 1.5 120H Active Tech,17490.0,19432.672,https://www.coches.net/toyota-yaris-15-120h-active-tech-5p-electrico-hibrido-2022-en-madrid-70347870-covo.aspx,9.996936538095074
MERCEDES-BENZ Clase GLC GLC 300 de 4MATIC,36990.0,41085.387,https://www.coches.net/mercedes-benz-clase-glc-glc-300-de-4matic-5p-electrico-hibrido-2022-en-las-palmas-62413460-covo.aspx,9.967988732307592
RENAULT Clio Business Blue dCi,11890.0,13198.846,https://www.coches.net/renault-clio-business-blue-dci-74kw-100cv-5p-diesel-2021-en-madrid-70503035-covo.aspx,9.916364904660666
CITROEN C4 PureTech 130 SS EAT8 Shine,15990.0,17736.498,https://www.coches.net/citroen-c4-puretech-130-ss-eat8-shine-5p-gasolina-2021-en-vizcaya-70483165-covo.aspx,9.846915903349455
KIA Stonic 1.2 DPi Concept,13900.0,15416.563,https://www.coches.net/kia-stonic-12-dpi-62kw-84cv-concept-5p-gasolina-2024-en-malaga-70354567-covo.aspx,9.837234341285605
BMW Serie 1 120d,37990.0,42126.355,https://www.coches.net/bmw-serie-1-120d-5p-electrico-hibrido-2025-en-pontevedra-70430605-covo.aspx,9.818925522333434
FIAT 500X 120TH 10 Firefly T3 120 cv SS,11900.0,13193.546,https://www.coches.net/fiat-500x-120th-10-firefly-t3-88kw-120-cv-ss-5p-gasolina-2019-en-malaga-70479193-covo.aspx,9.804383964667856
LYNK & CO 01 1.5 PHEV 6.6kW,29890.0,33126.434,https://www.coches.net/lynk--co-01-15-phev-66kw-5p-electrico-hibrido-2023-en-madrid-70281212-covo.aspx,9.769942739506439
KIA Rio 1.0 TGDi MHEV Drive Pack Sport DCT,14890.0,16501.418,https://www.coches.net/kia-rio-10-tgdi-88kw-mhev-drive-pack-sport-dct-5p-electrico-hibrido-2022-en-cadiz-70486288-covo.aspx,9.765330299503145
LAND-ROVER Range Rover Evoque 2.0 D150 FWD,19790.0,21927.842,https://www.coches.net/land-rover-range-rover-evoque-20-d150-fwd-5p-diesel-2020-en-barcelona-70485924-covo.aspx,9.749440080234754
BMW Serie 1 118d,21990.0,24364.691,https://www.coches.net/bmw-serie-1-118d-5p-diesel-2021-en-madrid-70354566-covo.aspx,9.746445652255819
CITROEN Xsara Picasso 1.6 HDi 92 Exclusive,4290.0,4752.9795,https://www.coches.net/citroen-xsara-picasso-16-hdi-92-exclusive-5p-diesel-2005-en-castellon-62511125-covo.aspx,9.740826631978996
MERCEDES-BENZ CLA CLA 220 D DCT,39999.0,44307.547,https://www.coches.net/mercedes-benz-cla-cla-220-d-dct-4p-diesel-2025-en-valencia-70266111-covo.aspx,9.724182851186116
VOLKSWAGEN Polo GTI 2.0 TSI DSG,27490.0,30447.701,https://www.coches.net/volkswagen-polo-gti-20-tsi-152kw-207cv-dsg-5p-gasolina-2024-en-madrid-70490063-covo.aspx,9.714037704124188
AUDI A1 35 TFSI Sportback,19490.0,21585.682,https://www.coches.net/audi-a1-35-tfsi-110kw-150cv-sportback-5p-gasolina-2019-en-barcelona-70485916-covo.aspx,9.708665565978027
PEUGEOT 208 BlueHDi Active,11490.0,12724.81,https://www.coches.net/peugeot-208-bluehdi-73kw-100cv-active-5p-diesel-2021-en-cadiz-70508000-covo.aspx,9.703953237880755
TOYOTA Yaris 1.5 125 SEdition,15985.0,17702.344,https://www.coches.net/toyota-yaris-15-125-sedition-5p-gasolina-2022-en-sta-c-tenerife-70459235-covo.aspx,9.70122247230681
TOYOTA Yaris 1.5 120H Business Plus,17290.0,19143.576,https://www.coches.net/toyota-yaris-15-120h-business-plus-5p-electrico-hibrido-2022-en-madrid-70316758-covo.aspx,9.682496912975969
FORD Mondeo 1.5 TDCi Trend SportBreak,8970.0,9931.295,https://www.coches.net/ford-mondeo-15-tdci-88kw-trend-sportbreak-5p-diesel-2017-en-madrid-70027363-covo.aspx,9.679451969124589
SKODA Spaceback 1.4 TDI CR Style Spaceback,10650.0,11788.015,https://www.coches.net/skoda-spaceback-14-tdi-cr-66kw-90cv-style-spaceback-5p-diesel-2018-en-sevilla-70486077-covo.aspx,9.653997576159643
MINI COUNTRYMAN John Cooper Works,30990.0,34296.273,https://www.coches.net/mini-countryman-john-cooper-works-5p-gasolina-2020-en-zaragoza-70468727-covo.aspx,9.640328543348026
LAND-ROVER Range Rover Evoque 1.5 P300e RDynamic S AUTO 4WD PHEV,41900.0,46364.473,https://www.coches.net/land-rover-range-rover-evoque-15-p300e-rdynamic-s-auto-4wd-phev-5p-electrico-hibrido-2023-en-sta-c-tenerife-61887291-covo.aspx,9.629081062454794
FORD Focus 1.0 Ecoboost STLine Auto,15990.0,17686.986,https://www.coches.net/ford-focus-10-ecoboost-92kw-stline-auto-5p-gasolina-2021-en-madrid-70449346-covo.aspx,9.594547633174418
FORD Kuga 1.5 EcoBoost 4x2 Trend,11470.0,12684.869,https://www.coches.net/ford-kuga-15-ecoboost-110kw-4x2-trend-5p-gasolina-2019-en-madrid-70139085-covo.aspx,9.577309211131064
SKODA Octavia 1.4 TSI 150kW204CV DSG PHEV Style,24440.0,27025.203,https://www.coches.net/skoda-octavia-14-tsi-150kw204cv-dsg-phev-style-5p-electrico-hibrido-2022-en-madrid-70255133-covo.aspx,9.565897111087857
DACIA Sandero Stepway Expression TCe CVT,13999.0,15476.402,https://www.coches.net/dacia-sandero-stepway-expression-tce-67kw-90cv-cvt-5p-gasolina-2022-en-alicante-70451518-covo.aspx,9.546161381276283
LYNK & CO 08 1.5 PHEV More,48900.0,54058.58,https://www.coches.net/km-0/lynk--co/08/asturias/15-phev-more-electrico-hibrido-de-km0-62353326-kovn.aspx,9.542570862799584
MAZDA CX-30 eSKYACTIVX 2.0 AT Zenith,22990.0,25412.625,https://www.coches.net/mazda-cx-30-eskyactivx-20-137kw-at-zenith-5p-electrico-hibrido-2021-en-las-palmas-62271753-covo.aspx,9.533155272231813
LAND-ROVER Range Rover Velar 2.0D D240 RDynamic SE 4WD Auto,28900.0,31944.373,https://www.coches.net/land-rover-range-rover-velar-20d-d240-rdynamic-se-4wd-auto-5p-diesel-2018-en-asturias-62355735-covo.aspx,9.530232577761671
SKODA Kamiq 1.5 TSI DSG Style,20900.0,23097.762,https://www.coches.net/skoda-kamiq-15-tsi-110kw-150cv-dsg-style-5p-gasolina-2022-en-guipuzcoa-70129175-covo.aspx,9.515041957359573
MERCEDES-BENZ Clase A Sedan A 200,29999.0,33152.492,https://www.coches.net/mercedes-benz-clase-a-sedan-a-200-4p-gasolina-2020-en-alicante-62464636-covo.aspx,9.512081835853687
RENAULT Clio Business Blue dCi,12990.0,14353.699,https://www.coches.net/renault-clio-business-blue-dci-74kw-100cv-5p-diesel-2021-en-madrid-70418566-covo.aspx,9.500681308471494
MINI MINI John Cooper Works Coupe,12000.0,13258.867,https://www.coches.net/mini-mini-john-cooper-works-coupe-2p-gasolina-2013-en-murcia-61782464-covo.aspx,9.4945304881462
KIA Sportage 1.6 MHEV Concept 4x2,20490.0,22633.834,https://www.coches.net/kia-sportage-16-mhev-concept-100kw-136cv-4x2-5p-electrico-hibrido-2021-en-madrid-70417902-covo.aspx,9.4718110323464
CUPRA León 1.5 eTSI DSG,26990.0,29806.537,https://www.coches.net/cupra-leon-15-etsi-110kw-150cv-dsg-5p-electrico-hibrido-2025-en-madrid-70255126-covo.aspx,9.449393933417106
AUDI Q2 Advanced 35 TDI S tronic,34900.0,38540.91,https://www.coches.net/audi-q2-advanced-35-tdi-110kw-150cv-s-tronic-5p-diesel-2025-en-jaen-62395581-covo.aspx,9.446871237573953
RENAULT Mégane Intens Blue dCi,15890.0,17538.865,https://www.coches.net/renault-megane-intens-blue-dci-85-kw-115cv-5p-diesel-2021-en-madrid-70326914-covo.aspx,9.40120818730812
JEEP Renegade Limited 1.0G 4x2,16985.0,18747.236,https://www.coches.net/jeep-renegade-limited-10g-88kw-120cv-4x2-5p-gasolina-2022-en-sta-c-tenerife-70398602-covo.aspx,9.399979267777491
SEAT León 2.0 TSI StSp CUPRA,23990.0,26473.684,https://www.coches.net/seat-leon-20-tsi-221kw-300cv-stsp-cupra-5p-gasolina-2018-en-madrid-70319730-covo.aspx,9.381707630351663
SEAT León SP 1.5 TSI SS Style,14985.0,16535.229,https://www.coches.net/seat-leon-sp-15-tsi-96kw-ss-style-5p-gasolina-2021-en-las-palmas-70446868-covo.aspx,9.375307478575866
FORD Focus 1.0 Ecoboost MHEV Trend,17020.0,18779.291,https://www.coches.net/ford-focus-10-ecoboost-mhev-92kw-trend-5p-electrico-hibrido-2022-en-madrid-70180110-covo.aspx,9.368250452912259
MAZDA Mazda2 1.5 116 CV CVT Exclusiveline,20900.0,23057.377,https://www.coches.net/mazda-mazda2-15-85-kw-116-cv-cvt-exclusiveline-5p-electrico-hibrido-2024-en-madrid-70359836-covo.aspx,9.356558456371195
MERCEDES-BENZ Clase A A 180 d,20490.0,22604.875,https://www.coches.net/mercedes-benz-clase-a-a-180-d-5p-diesel-2020-en-sevilla-70462559-covo.aspx,9.355835853991671
MERCEDES-BENZ Clase C C 200 CDI Blue Efficiency,13490.0,14882.08,https://www.coches.net/mercedes-benz-clase-c-c-200-cdi-blue-efficiency-4p-diesel-2012-en-castellon-70019539-covo.aspx,9.354069261938744
PEUGEOT 308 SW Style BlueHDi,12485.0,13773.287,https://www.coches.net/peugeot-308-sw-style-bluehdi-75kw-100cv-5p-diesel-2019-en-las-palmas-70446867-covo.aspx,9.353519600256554
TOYOTA Proace City 1.5D GX L1,14800.0,16315.949,https://www.coches.net/toyota-proace-city-15d-75kw-100cv-gx-l1-4p-diesel-2020-en-valencia-70406439-covo.aspx,9.291210694673516
VOLVO XC60 2.0 T6 AWD Recharge RDesign Auto,31990.0,35264.715,https://www.coches.net/volvo-xc60-20-t6-awd-recharge-rdesign-auto-5p-electrico-hibrido-2021-en-sta-c-tenerife-62467478-covo.aspx,9.286094778476228
FOTON Tunland G7 4WD 6MT,30900.0,34046.223,https://www.coches.net/foton-tunland-g7-4wd-6mt-4p-diesel-2024-en-jaen-70408937-covo.aspx,9.241032956918747
FIAT Panda Panda Hybrid 1.0,9990.0,11005.472,https://www.coches.net/fiat-panda-panda-hybrid-10-51kw-70cv-5p-electrico-hibrido-2023-en-sta-c-tenerife-61217048-covo.aspx,9.226970994452955
SEAT Arona 1.0 TSI Style Ecomotive,15340.0,16898.014,https://www.coches.net/seat-arona-10-tsi-85kw-115cv-style-ecomotive-5p-gasolina-2020-en-sevilla-62323035-covo.aspx,9.220099487007476
MERCEDES-BENZ Clase A Sedan A 200 d,29800.0,32824.938,https://www.coches.net/mercedes-benz-clase-a-sedan-a-200-d-4p-diesel-2022-en-alicante-62545324-covo.aspx,9.215364081043566
LAND-ROVER Range Rover Evoque 2.0 D163 RDynamic S AUTO 4WD MHEV,27900.0,30731.207,https://www.coches.net/land-rover-range-rover-evoque-20-d163-rdynamic-s-auto-4wd-mhev-5p-electrico-hibrido-2023-en-madrid-70495183-covo.aspx,9.212807776703979
FIAT 500L 0.9 T.TwinAir SS Cross,9990.0,11003.208,https://www.coches.net/fiat-500l-09-ttwinair-77kw-105cv-ss-cross-5p-gasolina-2017-en-madrid-70326910-covo.aspx,9.208296408584676
KIA Sportage 1.6 TGDi HEV Tech 4x2,33190.0,36544.664,https://www.coches.net/kia-sportage-16-tgdi-hev-171kw-230cv-tech-4x2-5p-electrico-hibrido-2023-en-sevilla-59692825-covo.aspx,9.179627583284752
BMW X1 sDrive18d,22490.0,24761.469,https://www.coches.net/bmw-x1-sdrive18d-5p-diesel-2020-en-barcelona-70434515-covo.aspx,9.173400709519704
HYUNDAI i20 1.0 TGDI Klass,10890.0,11988.794,https://www.coches.net/hyundai-i20-10-tgdi-74kw-100cv-klass-5p-gasolina-2019-en-murcia-61039832-covo.aspx,9.165174998625425
FORD Kuga 1.5 EcoBoost 4x2 Titanium,14980.0,16490.646,https://www.coches.net/ford-kuga-15-ecoboost-110kw-4x2-titanium-5p-gasolina-2019-en-jaen-70432721-covo.aspx,9.160626211994465
VOLKSWAGEN Polo 1.4 Advance,8306.0,9141.454,https://www.coches.net/volkswagen-polo-14-85cv-advance-5p-gasolina-2012-en-barcelona-70501736-covo.aspx,9.139181713111705
BMW Serie 5 540dA xDrive Touring,48990.0,53907.156,https://www.coches.net/bmw-serie-5-540da-xdrive-touring-5p-electrico-hibrido-2022-en-pontevedra-70478341-covo.aspx,9.121527811996204
MAZDA CX-30 eSKYACTIV X MHEV 6AT Exclusiveline,32990.0,36294.46,https://www.coches.net/km-0/mazda/cx-30/madrid/eskyactiv-x-mhev-6at-exclusiveline-electrico-hibrido-de-km0-70417687-kovn.aspx,9.104587455343026
SEAT León 1.5 TSI SS Style EVO Edition,22900.0,25167.506,https://www.coches.net/seat-leon-15-tsi-85kw-ss-style-evo-edition-5p-gasolina-2026-en-guipuzcoa-70171075-covo.aspx,9.009656626464418
MERCEDES-BENZ GLA GLA 200,37990.0,41744.727,https://www.coches.net/mercedes-benz-gla-gla-200-5p-electrico-hibrido-2024-en-jaen-70265096-covo.aspx,8.994493129278117
FORD Focus 1.5 Ecoblue Trend Auto,16990.0,18661.88,https://www.coches.net/ford-focus-15-ecoblue-88kw-trend-auto-5p-diesel-2020-en-vizcaya-70271036-covo.aspx,8.958801484016078
PEUGEOT 208 ACCESS 1.2L PureTech,6980.0,7665.2217,https://www.coches.net/peugeot-208-5p-access-12l-puretech-60kw-82cv-5p-gasolina-2016-en-jaen-70427584-covo.aspx,8.939358942524875
DACIA Sandero Stepway Essential TCe 90V,13985.0,15355.887,https://www.coches.net/dacia-sandero-stepway-essential-tce-67kw-90v-5p-gasolina-2023-en-sta-c-tenerife-70430301-covo.aspx,8.927434435134938
BMW Serie 4 430d Auto. Gran Coupe,25490.0,27985.574,https://www.coches.net/bmw-serie-4-430d-auto-gran-coupe-5p-diesel-2019-en-castellon-61928425-covo.aspx,8.917359348224469
VOLVO XC40 2.0 B3 G Core Auto,32900.0,36115.477,https://www.coches.net/volvo-xc40-20-b3-g-core-auto-5p-electrico-hibrido-2025-en-valencia-70120684-covo.aspx,8.90332031735875
FORD Puma 1.0 EcoBoost Titanium MHEV,14985.0,16445.469,https://www.coches.net/ford-puma-10-ecoboost-92kw-125cv-titanium-mhev-5p-electrico-hibrido-2020-en-sta-c-tenerife-70314672-covo.aspx,8.880675718045435
FORD Focus 1.5 Ecoblue Trend,15450.0,16955.174,https://www.coches.net/ford-focus-15-ecoblue-88kw-trend-5p-diesel-2022-en-madrid-70281260-covo.aspx,8.877371847572798
PEUGEOT 3008 1.5 BlueHDi SS Allure,15500.0,17009.291,https://www.coches.net/peugeot-3008-15-bluehdi-96kw-130cv-ss-allure-5p-diesel-2020-en-madrid-70427154-covo.aspx,8.873332899287464
BMW X2 xDrive20dA,23999.0,26333.588,https://www.coches.net/bmw-x2-xdrive20da-5p-diesel-2018-en-jaen-70308896-covo.aspx,8.86543793546695
OPEL Grandland X 1.2 Turbo Selective,14900.0,16349.31,https://www.coches.net/opel-grandland-x-12-turbo-selective-5p-gasolina-2020-en-madrid-70425175-covo.aspx,8.864653055100222
LAND-ROVER Discovery Sport 2.0D TD4 163 PS AWD Auto MHEV SE,35300.0,38721.56,https://www.coches.net/land-rover-discovery-sport-20d-td4-163-ps-awd-auto-mhev-se-5p-electrico-hibrido-2023-en-madrid-70503162-covo.aspx,8.836314234268116
VOLKSWAGEN T-Roc Advance 2.0 TDI,23900.0,26214.316,https://www.coches.net/volkswagen-t-roc-advance-20-tdi-110kw-150cv-5p-diesel-2021-en-guipuzcoa-70511399-covo.aspx,8.828444619285293
PEUGEOT 208 Allure Gasolina 100 SS 6 Vel. MAN,15990.0,17537.44,https://www.coches.net/peugeot-208-allure-gasolina-100-ss-6-vel-man-5p-gasolina-2024-en-madrid-70384639-covo.aspx,8.823633901979125
SKODA Kamiq 1.5 TSI DSG STYLE,22900.0,25111.166,https://www.coches.net/skoda-kamiq-15-tsi-110kw-150cv-dsg-style-5p-gasolina-2023-en-jaen-70271880-covo.aspx,8.805509127888124
MAZDA CX-5 2.0 GE 2WD AT Homura,26900.0,29487.752,https://www.coches.net/mazda-cx-5-20-ge-121kw-165cv-2wd-at-homura-5p-gasolina-2022-en-valencia-70333678-covo.aspx,8.775684078049089
LYNK & CO 01 1.5 PHEV 6.6kW,23490.0,25748.742,https://www.coches.net/lynk--co-01-15-phev-66kw-5p-electrico-hibrido-2022-en-madrid-70424636-covo.aspx,8.77224281889983
OPEL Grandland X 1.2 Turbo Edition,15490.0,16978.498,https://www.coches.net/opel-grandland-x-12-turbo-edition-5p-gasolina-2021-en-madrid-70281258-covo.aspx,8.766959496449497
DACIA Sandero Ambiance dCi EU6,7990.0,8756.152,https://www.coches.net/dacia-sandero-ambiance-dci-55kw-75cv-eu6-5p-diesel-2012-en-las-palmas-70478436-covo.aspx,8.749874530185249
FIAT Panda Panda Hybrid 1.0,9985.0,10940.288,https://www.coches.net/fiat-panda-panda-hybrid-10-51kw-70cv-5p-electrico-hibrido-2023-en-las-palmas-70459103-covo.aspx,8.731836661279647
FORD Focus 1.5 Ecoblue Trend,15100.0,16543.82,https://www.coches.net/ford-focus-15-ecoblue-88kw-trend-5p-diesel-2022-en-madrid-70281266-covo.aspx,8.727248514716361
FORD Focus 1.5 Ecoblue STLine,16990.0,18613.248,https://www.coches.net/ford-focus-15-ecoblue-88kw-stline-5p-diesel-2022-en-madrid-70462565-covo.aspx,8.720928463356126
KIA Ceed 1.0 TGDi Drive,16590.0,18167.682,https://www.coches.net/kia-ceed-10-tgdi-88kw-120cv-drive-5p-gasolina-2023-en-madrid-70180094-covo.aspx,8.684000918956686
DS DS 7 Crossback E-Tense 1.6 ETense 225 PERFORMANCE LINE Auto,21840.0,23916.258,https://www.coches.net/ds-ds-7-crossback-e-tense-16-etense-225-performance-line--auto-5p-electrico-hibrido-2021-en-madrid-70224475-covo.aspx,8.681365741988403
MERCEDES-BENZ Clase E Coupe E 220 d,32900.0,36026.43,https://www.coches.net/mercedes-benz-clase-e-coupe-e-220-d-2p-diesel-2019-en-lugo-70495192-covo.aspx,8.67815577235723
PEUGEOT 2008 Allure 1.2 PureTech,13485.0,14762.156,https://www.coches.net/peugeot-2008-allure-12-puretech-96kw-130cv-5p-gasolina-2019-en-las-palmas-70497393-covo.aspx,8.651556238608435
FORD Kuga STLine 2.5 Duratec FHEV Auto,27900.0,30537.174,https://www.coches.net/ford-kuga-stline-25-duratec-fhev-140kw-auto-5p-electrico-hibrido-2023-en-vizcaya-70509109-covo.aspx,8.63594595547064
MERCEDES-BENZ Clase E Coupe E 350 BlueTEC,22000.0,24075.242,https://www.coches.net/mercedes-benz-clase-e-coupe-e-350-bluetec-2p-diesel-2014-en-murcia-70187391-covo.aspx,8.619818531160934
JAGUAR E-Pace 2.0D 163PS MHEV RDynamic 4WD Auto,27990.0,30627.83,https://www.coches.net/jaguar-e-pace-20d-163ps-mhev-rdynamic-4wd-auto-5p-electrico-hibrido-2023-en-alicante-70426810-covo.aspx,8.612526814326916
SEAT León 2.0 TDI SS Style XS,12470.0,13643.124,https://www.coches.net/seat-leon-20-tdi-85kw-ss-style-xs-5p-diesel-2023-en-madrid-70187808-covo.aspx,8.59864662537841
BMW Serie 2 M235iA xDrive Gran Coupe,34900.0,38181.766,https://www.coches.net/bmw-serie-2-m235ia-xdrive-gran-coupe-4p-gasolina-2021-en-murcia-70505142-covo.aspx,8.595112277498298
CITROEN C4 Hybrid 145 eDCS6 Max,23990.0,26236.02,https://www.coches.net/km-0/citroen/c4/vizcaya/hybrid-145-edcs6-max-electrico-hibrido-de-km0-70302814-kovn.aspx,8.56082428424305
NISSAN X-TRAIL 2.0 dCi XTRONIC NCONNECTA,13900.0,15195.428,https://www.coches.net/nissan-x-trail-20-dci-xtronic-nconnecta-5p-diesel-2016-en-a-coruna-70413006-covo.aspx,8.52511529796882
RENAULT Clio Equilibre TCe,12985.0,14194.989,https://www.coches.net/renault-clio-equilibre-tce-67-kw-91cv-5p-gasolina-2022-en-sta-c-tenerife-70459234-covo.aspx,8.52405898896019
OPEL Mokka X 1.4 T GLP 4X2 Innovation,13290.0,14515.772,https://www.coches.net/opel-mokka-x-14-t-103kw-glp-4x2-innovation-5p-otros-2019-en-madrid-70326884-covo.aspx,8.444417713463755
PEUGEOT 3008 1.2 PureTech SS Allure,15990.0,17464.715,https://www.coches.net/peugeot-3008-12-puretech-96kw-130cv-ss-allure-5p-gasolina-2020-en-madrid-70164131-covo.aspx,8.443967490701676
FORD Kuga 1.5 EcoBoost 4x2 Titanium Lim.Ed.,15075.0,16464.646,https://www.coches.net/ford-kuga-15-ecoboost-110kw-4x2-titanium-limed-5p-gasolina-2019-en-barcelona-70380302-covo.aspx,8.44018415879004
FORD Kuga 1.6 EcoBoost 150 ASS 4x2 Titanium,10990.0,12002.425,https://www.coches.net/ford-kuga-16-ecoboost-150-ass-4x2-titanium-5p-gasolina-2013-en-valencia-70310767-covo.aspx,8.435168902637919
KIA Stonic 1.0 TGDi MHEV iMT Concept,11990.0,13093.795,https://www.coches.net/kia-stonic-10-tgdi-74kw-100cv-mhev-imt-concept-5p-electrico-hibrido-2021-en-madrid-70189846-covo.aspx,8.429908429610101
AUDI A5 Coupe 2.0 TDI S line edition,10970.0,11972.97,https://www.coches.net/audi-a5-coupe-20-tdi-177cv-s-line-edition-2p-diesel-2014-en-madrid-70307083-covo.aspx,8.376950326178246
CITROEN C4 BlueHDi 130 SS EAT8 Feel Pack,14990.0,16357.973,https://www.coches.net/citroen-c4-bluehdi-130-ss-eat8-feel-pack-5p-diesel-2021-en-madrid-70372111-covo.aspx,8.362727368463533
CITROEN C5 X PureTech SS EAT8 Shine P,27990.0,30541.695,https://www.coches.net/citroen-c5-x-puretech-132kw-180cv-ss-eat8-shine-p-5p-gasolina-2022-en-madrid-70316430-covo.aspx,8.354792641309766
CITROEN C3 PureTech CSeries,11985.0,13076.634,https://www.coches.net/citroen-c3-puretech-60kw-83cv-cseries-5p-gasolina-2023-en-sta-c-tenerife-70497342-covo.aspx,8.347972472667694
SEAT Ibiza 1.0 TSI StartStop FR,21990.0,23985.514,https://www.coches.net/km-0/seat/ibiza/a-coruna/10-tsi-85kw-115cv-startstop-fr-gasolina-de-km0-70184503-kovn.aspx,8.31966202256033
CITROEN C4 PureTech 130 SS 6v You,13900.0,15158.621,https://www.coches.net/citroen-c4-puretech-130-ss-6v-you-5p-gasolina-2024-en-malaga-70447571-covo.aspx,8.303005174190533
FORD Focus 1.6 TDCi Trend,6990.0,7622.6816,https://www.coches.net/ford-focus-16-tdci-115cv-trend-5p-diesel-2015-en-castellon-70508725-covo.aspx,8.299987726801156
MERCEDES-BENZ Clase E E 350 Cabrio,59900.0,65319.766,https://www.coches.net/mercedes-benz-clase-e-e-350-cabrio-2p-electrico-hibrido-2023-en-malaga-62507480-covo.aspx,8.297282718549253
MERCEDES-BENZ Clase E E 300 de,28950.0,31565.775,https://www.coches.net/mercedes-benz-clase-e-e-300-de-4p-electrico-hibrido-2019-en-madrid-70326948-covo.aspx,8.286745243083375
SKODA Kamiq 1.5 TSI Ambition,19990.0,21792.406,https://www.coches.net/skoda-kamiq-15-tsi-110kw-150cv-ambition-5p-gasolina-2022-en-las-palmas-62475759-covo.aspx,8.270799604793527
BMW Serie 7 740d xDrive,54990.0,59925.387,https://www.coches.net/bmw-serie-7-740d-xdrive-4p-electrico-hibrido-2022-en-barcelona-70498923-covo.aspx,8.235886306271881
MITSUBISHI ASX 180 DID Challenge,8890.0,9687.425,https://www.coches.net/mitsubishi-asx-180-did-challenge-5p-diesel-2012-en-salamanca-70470730-covo.aspx,8.231545748893414
SEAT Ibiza 1.0 TSI FR Salta,18900.0,20589.236,https://www.coches.net/seat-ibiza-10-tsi-85kw-115cv-fr-salta-5p-gasolina-2025-en-guipuzcoa-70488659-covo.aspx,8.204463250623311
LAND-ROVER Range Rover Sport 2.0 Si4 PHEV HSE Dynamic,50900.0,55429.758,https://www.coches.net/land-rover-range-rover-sport-20-si4-phev-297kw-404cv-hse-dynamic-5p-electrico-hibrido-2021-en-madrid-70503913-covo.aspx,8.172068562562782
VOLKSWAGEN Golf 1.4 TSI Sport,9999.0,10884.788,https://www.coches.net/volkswagen-golf-14-tsi-160cv-sport-5p-gasolina-2011-en-sevilla-70365071-covo.aspx,8.137853295296447
HYUNDAI IONIQ 5 73KWH Energy AWD,27990.0,30469.213,https://www.coches.net/hyundai-ioniq-5-73kwh-225kw-energy-awd-5p-electrico-hibrido-2021-en-madrid-70347845-covo.aspx,8.136780229684971
BMW Serie 2 Active Tourer 225e xDrive,25900.0,28190.828,https://www.coches.net/bmw-serie-2-active-tourer-225e-xdrive-5p-electrico-hibrido-2023-en-madrid-70503032-covo.aspx,8.126146968234904
VOLKSWAGEN T-Cross Advance 1.0 TSI DSG,14590.0,15874.0,https://www.coches.net/volkswagen-t-cross-advance-10-tsi-85kw-115cv-dsg-5p-gasolina-2021-en-caceres-70140675-covo.aspx,8.088698500692958
CUPRA Formentor 1.5 TSI 150 CV DSG,19990.0,21747.695,https://www.coches.net/cupra-formentor-15-tsi-110kw-150-cv-dsg-5p-gasolina-2022-en-a-coruna-70451735-covo.aspx,8.082214171401064
KIA Sportage 1.6 TGDi Drive 4x2,24900.0,27088.111,https://www.coches.net/kia-sportage-16-tgdi-110kw-150cv-drive-4x2-5p-gasolina-2024-en-sevilla-62229263-covo.aspx,8.077755224865497
PEUGEOT 3008 1.2 PureTech SS Allure,15900.0,17291.768,https://www.coches.net/peugeot-3008-12-puretech-96kw-130cv-ss-allure-5p-gasolina-2020-en-madrid-70120860-covo.aspx,8.048729384297644
PEUGEOT 3008 1.5 BlueHDi SS Active Pack,14749.0,16038.792,https://www.coches.net/peugeot-3008-15-bluehdi-96kw-130cv-ss-active-pack-5p-diesel-2021-en-alicante-70452188-covo.aspx,8.041702846547034
PEUGEOT 308 Business Line PureTech 110 SS 6V MAN,10490.0,11406.947,https://www.coches.net/peugeot-308-5p-business-line-puretech-110-ss-6v-man-5p-gasolina-2019-en-vizcaya-62309419-covo.aspx,8.038498331523227
BMW Serie 2 Gran Tourer 216d,12490.0,13580.047,https://www.coches.net/bmw-serie-2-gran-tourer-216d-5p-diesel-2017-en-madrid-70481745-covo.aspx,8.026827042892663
MINI MINI ONE 5 PUERTAS,10990.0,11947.53,https://www.coches.net/mini-mini-one-5-puertas-5p-gasolina-2018-en-barcelona-70509077-covo.aspx,8.014461997776575
VOLKSWAGEN T-Roc Advance 1.5 TSI,23900.0,25978.76,https://www.coches.net/volkswagen-t-roc-advance-15-tsi-110kw-150cv-5p-gasolina-2022-en-valladolid-70374412-covo.aspx,8.001766767848583
MAZDA CX-5 2.2 D 2WD AT Zenith,18900.0,20543.107,https://www.coches.net/mazda-cx-5-22-d-110kw-150cv-2wd-at-zenith-5p-diesel-2019-en-almeria-70280172-covo.aspx,7.998339239200799
KIA Sportage 1.6 TGDi MHEV Tech 4x2,26990.0,29308.4,https://www.coches.net/kia-sportage-16-tgdi-118kw-160cv-mhev-tech-4x2-5p-electrico-hibrido-2025-en-madrid-70168474-covo.aspx,7.91036139715969
LAND-ROVER Range Rover Evoque 2.0L TD4 Diesel 4x4 SE,18985.0,20612.37,https://www.coches.net/land-rover-range-rover-evoque-20l-td4-diesel-110kw-150cv-4x4-se-5p-diesel-2019-en-las-palmas-70497387-covo.aspx,7.8951096282164475
CITROEN C4 PureTech 130 SS 6v Shine,16990.0,18445.105,https://www.coches.net/citroen-c4-puretech-130-ss-6v-shine-5p-gasolina-2023-en-vizcaya-70271026-covo.aspx,7.8888433097618424
AUDI Q2 Advanced 30 TDI,22490.0,24413.049,https://www.coches.net/audi-q2-advanced-30-tdi-85kw-116cv-5p-diesel-2024-en-castellon-70125713-covo.aspx,7.877135058647634
KIA Stonic 1.0 TGDi MHEV MT Concept,17985.0,19519.668,https://www.coches.net/kia-stonic-10-tgdi-74kw-100cv-mhev-mt-concept-5p-electrico-hibrido-2024-en-las-palmas-70373825-covo.aspx,7.8621622622214975
JEEP Avenger BEV Longitude,27990.0,30371.852,https://www.coches.net/jeep-avenger-bev-115kw-156cv-longitude-5p-electrico-hibrido-2024-en-vizcaya-70290194-covo.aspx,7.842299497607391
PEUGEOT 3008 Hybrid 225 eEAT8 Allure,16490.0,17892.393,https://www.coches.net/peugeot-3008-hybrid-225-eeat8-allure-5p-electrico-hibrido-2020-en-madrid-70490016-covo.aspx,7.837926493070281
SEAT León 2.0 TDI SS Reference Go,16890.0,18323.736,https://www.coches.net/seat-leon-20-tdi-85kw-ss-reference-go-5p-diesel-2022-en-madrid-70351132-covo.aspx,7.824475873538772
PEUGEOT 2008 Allure Puretech 130 SS EAT8,16990.0,18427.213,https://www.coches.net/peugeot-2008-allure-puretech-130-ss-eat8-5p-gasolina-2020-en-vizcaya-70236446-covo.aspx,7.799404604242642
MERCEDES-BENZ Clase C C 220 d,33900.0,36764.793,https://www.coches.net/mercedes-benz-clase-c-c-220-d-4p-electrico-hibrido-2023-en-valladolid-70383614-covo.aspx,7.792218417182624
CITROEN C4 Picasso BlueHDi Feel Edition,9990.0,10833.913,https://www.coches.net/citroen-c4-picasso-bluehdi-120cv-feel-edition-5p-diesel-2015-en-vizcaya-62229209-covo.aspx,7.789550084474145
AUDI A5 RS 5 4.2 FSI quattro S tronic,25990.0,28183.18,https://www.coches.net/audi-a5-rs-5-42-fsi-quattro-s-tronic-2p-gasolina-2011-en-a-coruna-62170286-covo.aspx,7.78187455006269
BMW Serie 1 116d,21990.0,23843.732,https://www.coches.net/bmw-serie-1-116d-5p-diesel-2023-en-madrid-70281207-covo.aspx,7.77450605918697
KIA Ceed 1.6 MHEV iMT Drive,19640.0,21295.365,https://www.coches.net/kia-ceed-16-mhev-imt-100kw-136cv-drive-5p-electrico-hibrido-2024-en-huelva-70507243-covo.aspx,7.773359208241744
AUDI A6 Avant 2.0 TDI ultra S tron S line,15990.0,17332.951,https://www.coches.net/audi-a6-avant-20-tdi-190cv-ultra-s-tron-s-line-5p-diesel-2017-en-madrid-70320256-covo.aspx,7.747966047779073
MAZDA CX-30 eSKYACTIVX 2.0 AT Zenith,24900.0,26985.969,https://www.coches.net/mazda-cx-30-eskyactivx-20-137kw-at-zenith-5p-electrico-hibrido-2022-en-guadalajara-70484341-covo.aspx,7.729827190287546
FIAT 500 Dolcevita 1.0 Hybrid 70 CV,9990.0,10826.342,https://www.coches.net/fiat-500-dolcevita-10-hybrid-52kw-70-cv-3p-electrico-hibrido-2020-en-madrid-70347752-covo.aspx,7.725063669395772
KIA Stonic 1.0 TGDi MHEV MT Concept,14985.0,16238.306,https://www.coches.net/kia-stonic-10-tgdi-74kw-100cv-mhev-mt-concept-5p-electrico-hibrido-2024-en-las-palmas-70371974-covo.aspx,7.7182046574984104
FIAT Grande Panda Icon MHEV,19990.0,21660.129,https://www.coches.net/km-0/fiat/grande-panda/vizcaya/icon-mhev-81kw-110cv-electrico-hibrido-de-km0-70302802-kovn.aspx,7.710613881748814
FIAT Grande Panda Icon MHEV,19990.0,21660.129,https://www.coches.net/km-0/fiat/grande-panda/vizcaya/icon-mhev-81kw-110cv-electrico-hibrido-de-km0-70466902-kovn.aspx,7.710613881748814
MINI CLUBMAN Cooper S,24490.0,26534.924,https://www.coches.net/mini-clubman-cooper-s-5p-gasolina-2020-en-madrid-70406249-covo.aspx,7.7065373971699005
BMW Serie 2 220dA Gran Coupe,24900.0,26978.69,https://www.coches.net/bmw-serie-2-220da-gran-coupe-4p-diesel-2022-en-murcia-70392968-covo.aspx,7.7049311707178605
AUDI A3 Sportback S line 40 etron S tron,21900.0,23726.223,https://www.coches.net/audi-a3-sportback-s-line-40-etron-150kw-s-tron-5p-electrico-hibrido-2020-en-madrid-70372738-covo.aspx,7.697064478862309
CUPRA León SP 1.5 eTSI DSG,27900.0,30225.55,https://www.coches.net/cupra-leon-sp-15-etsi-110kw-150cv-dsg-5p-electrico-hibrido-2025-en-barcelona-70489279-covo.aspx,7.693989757475729
FORD Puma 1.0 EcoBoost STLine MHEV,21990.0,23818.625,https://www.coches.net/ford-puma-10-ecoboost-125cv-stline-mhev-5p-electrico-hibrido-2023-en-sta-c-tenerife-62451023-covo.aspx,7.677290355761509
MERCEDES-BENZ Clase B B 200 d,32990.0,35729.793,https://www.coches.net/mercedes-benz-clase-b-b-200-d-5p-diesel-2025-en-jaen-70397732-covo.aspx,7.6680908035103315
RENAULT Scénic Dynamique dCi 110,5990.0,6487.3364,https://www.coches.net/renault-scenic-dynamique-dci-110-5p-diesel-2011-en-madrid-70470718-covo.aspx,7.666265369016334
KIA Ceed 1.0 TGDi Tech,14700.0,15919.045,https://www.coches.net/kia-ceed-10-tgdi-88kw-120cv-tech-5p-gasolina-2022-en-madrid-70406965-covo.aspx,7.657776756442601
CUPRA Formentor 1.4 eHybrid 204 CV DSG,24600.0,26638.291,https://www.coches.net/cupra-formentor-14-ehybrid-150kw-204-cv-dsg-5p-electrico-hibrido-2021-en-las-palmas-70314023-covo.aspx,7.651733417993732
VOLKSWAGEN Tiguan Advance 2.0 TDI,21900.0,23707.6,https://www.coches.net/volkswagen-tiguan-advance-20-tdi-110kw-150cv-5p-diesel-2020-en-cadiz-70428994-covo.aspx,7.624557691029158
VOLKSWAGEN T-Cross Advance 1.0 TSI DSG,16900.0,18294.236,https://www.coches.net/volkswagen-t-cross-advance-10-tsi-81kw-110cv-dsg-5p-gasolina-2023-en-madrid-70472676-covo.aspx,7.621178075531601
CUPRA León SP 1.5 eTSI DSG,25980.0,28121.3,https://www.coches.net/cupra-leon-sp-15-etsi-110kw-150cv-dsg-5p-electrico-hibrido-2025-en-madrid-70484627-covo.aspx,7.614515409179513
KIA Sportage 1.6 TGDi MHEV Tech 4x2,22875.0,24757.35,https://www.coches.net/kia-sportage-16-tgdi-110kw-150cv-mhev-tech-4x2-5p-electrico-hibrido-2022-en-valencia-70315426-covo.aspx,7.603195168606418
RENAULT Mégane Techno Blue dCi,15850.0,17147.139,https://www.coches.net/renault-megane-techno-blue-dci-85-kw-115cv-5p-diesel-2022-en-sevilla-70486120-covo.aspx,7.564752911239861
KIA e-Niro eNiro Emotion Long Range,26350.0,28503.51,https://www.coches.net/kia-e-niro-eniro-150kw-emotion-long-range-5p-electrico-hibrido-2022-en-sevilla-62250255-covo.aspx,7.555244190391301
RENAULT Clio Emotion 1.5DCI85,5490.0,5933.39,https://www.coches.net/renault-clio-emotion-15dci85-3p-diesel-2007-en-madrid-70467748-covo.aspx,7.472795931196783
VOLKSWAGEN Golf Life 1.5 eTSI DSG,21590.0,23333.01,https://www.coches.net/volkswagen-golf-life-15-etsi-110kw-150cv-dsg-5p-electrico-hibrido-2021-en-madrid-70326902-covo.aspx,7.470145442586077
MERCEDES-BENZ Clase GLA GLA 200 d Style,17490.0,18901.47,https://www.coches.net/mercedes-benz-clase-gla-gla-200-d-style-5p-diesel-2017-en-madrid-70224471-covo.aspx,7.467517873578165
MG ZS 1.0T Luxury Auto,17500.0,18895.104,https://www.coches.net/mg-zs-10t-luxury-auto-5p-gasolina-2022-en-jaen-70398794-covo.aspx,7.383412927435627
SEAT León SP 2.0 TDI DSG SS FR XXL,32700.0,35294.617,https://www.coches.net/km-0/seat/leon/burgos/sp-20-tdi-110kw-dsg-ss-fr-xxl-diesel-de-km0-70158867-kovn.aspx,7.351311316726545
KIA Niro 1.6 GDi HEV Concept,19900.0,21477.951,https://www.coches.net/kia-niro-16-gdi-hev-104kw-141cv-concept-5p-electrico-hibrido-2022-en-madrid-70487925-covo.aspx,7.346842160351399
MG MG3 1.5 Standard,15290.0,16499.658,https://www.coches.net/mg-mg3-15-standard-5p-gasolina-2024-en-huelva-70414202-covo.aspx,7.331413707078449
MG MG3 1.5 Standard,15290.0,16499.658,https://www.coches.net/mg-mg3-15-standard-5p-gasolina-2024-en-huelva-70380176-covo.aspx,7.331413707078449
KIA Picanto 1.0 TGDi xLine,13490.0,14553.261,https://www.coches.net/kia-picanto-10-tgdi-74kw-100cv-xline-5p-gasolina-2022-en-barcelona-70105576-covo.aspx,7.3059966492958015
VOLVO V60 2.0 B4 D Plus Dark Auto,26990.0,29112.516,https://www.coches.net/volvo-v60-20-b4-d-plus-dark-auto-5p-electrico-hibrido-2024-en-murcia-70242123-covo.aspx,7.290732454523156
AUDI A6 Avant 4.0 TFSI quattro S tronic S6,27900.0,30088.938,https://www.coches.net/audi-a6-avant-40-tfsi-420cv-quattro-s-tronic-s6-5p-gasolina-2014-en-murcia-70211911-covo.aspx,7.274891311798563
FORD Focus 1.5 Ecoblue Trend,16450.0,17739.443,https://www.coches.net/ford-focus-15-ecoblue-88kw-trend-5p-diesel-2022-en-madrid-70281262-covo.aspx,7.268792674340318
JEEP Compass 4Xe 1.3 PHEV S AT AWD,26990.0,29075.559,https://www.coches.net/jeep-compass-4xe-13-phev-177kw-240cv-s-at-awd-5p-electrico-hibrido-2023-en-sta-c-tenerife-62460920-covo.aspx,7.172892610215598
MERCEDES-BENZ Clase C Coupe C 220 d,32990.0,35536.848,https://www.coches.net/mercedes-benz-clase-c-coupe-c-220-d-2p-diesel-2020-en-barcelona-70498311-covo.aspx,7.16677990373768
SEAT Ibiza 1.0 TSI FR Salta,18900.0,20351.826,https://www.coches.net/seat-ibiza-10-tsi-85kw-115cv-fr-salta-5p-gasolina-2025-en-guipuzcoa-70397554-covo.aspx,7.133640782964903
FORD Focus 1.5 Ecoblue Active Sytle SIP,14990.0,16135.245,https://www.coches.net/ford-focus-15-ecoblue-88kw-active-sytle-sip-5p-diesel-2022-en-vizcaya-62399073-covo.aspx,7.097785678926985
BMW Serie 1 118d Business,25985.0,27964.34,https://www.coches.net/bmw-serie-1-118d-business-5p-diesel-2023-en-las-palmas-70354427-covo.aspx,7.078085357314023
FORD Focus 1.0 Ecoboost MHEV STLine,15900.0,17110.975,https://www.coches.net/ford-focus-10-ecoboost-mhev-92kw-stline-5p-electrico-hibrido-2021-en-valencia-70446249-covo.aspx,7.07718079782267
CITROEN C3 PureTech SS Shine EAT6,13990.0,15054.897,https://www.coches.net/citroen-c3-puretech-81kw-110cv-ss-shine-eat6-5p-gasolina-2023-en-valencia-70306875-covo.aspx,7.073428853969668
CITROEN C4 BlueHDi 130 SS EAT8 Feel Pack,16990.0,18281.584,https://www.coches.net/citroen-c4-bluehdi-130-ss-eat8-feel-pack-5p-diesel-2021-en-vizcaya-70271034-covo.aspx,7.064945715201143
VOLKSWAGEN Golf GTI Clubsport 2.0 TSI DSG,36990.0,39801.812,https://www.coches.net/volkswagen-golf-gti-clubsport-20-tsi-221kw-300cv-dsg-5p-gasolina-2022-en-sta-c-tenerife-70382136-covo.aspx,7.064533807348597
DFSK 500 1.5 T Intelligent,16985.0,18276.096,https://www.coches.net/dfsk-500-15-t-intelligent-5p-gasolina-2023-en-sta-c-tenerife-70430304-covo.aspx,7.06439561325036
BMW Serie 2 Active Tourer 225e xDrive,35900.0,38616.164,https://www.coches.net/bmw-serie-2-active-tourer-225e-xdrive-5p-electrico-hibrido-2025-en-sta-c-tenerife-70507402-covo.aspx,7.033749023087603
MITSUBISHI Eclipse Cross PHEV Kaiteki 4WD,32190.0,34624.46,https://www.coches.net/mitsubishi-eclipse-cross-phev-kaiteki-4wd-5p-electrico-hibrido-2021-en-huelva-70261337-covo.aspx,7.031043578972687
AUDI A3 Sportback S line 35 TFSI S tronic,33900.0,36460.03,https://www.coches.net/audi-a3-sportback-s-line-35-tfsi-110kw-s-tronic-5p-electrico-hibrido-2025-en-jaen-70415015-covo.aspx,7.021472999971716
PEUGEOT 308 Allure Hybrid 180 eEAT8,24990.0,26871.81,https://www.coches.net/peugeot-308-5p-allure-hybrid-180-eeat8-5p-electrico-hibrido-2023-en-ciudad-real-70229536-covo.aspx,7.0029168432561795
VOLKSWAGEN Polo GTI 2.0 TSI DSG,27990.0,30096.46,https://www.coches.net/volkswagen-polo-gti-20-tsi-152kw-207cv-dsg-5p-gasolina-2024-en-madrid-70463616-covo.aspx,6.999032018662908
LAND-ROVER Defender 4.4 V8 635 Octa 110 Auto 4WD,197900.0,212747.44,https://www.coches.net/land-rover-defender-44-v8-635-octa-110-auto-4wd-5p-electrico-hibrido-2025-en-madrid-70024210-covo.aspx,6.978903094896266
KIA Ceed 1.0 TGDi Tech,16900.0,18167.682,https://www.coches.net/kia-ceed-10-tgdi-88kw-120cv-tech-5p-gasolina-2019-en-madrid-70457803-covo.aspx,6.977674233295238
FORD Fiesta 1.6 EcoBoost ST,14999.0,16122.042,https://www.coches.net/ford-fiesta-16-ecoboost-182cv-st-3p-3p-gasolina-2016-en-alicante-70310023-covo.aspx,6.965879339178681
AUDI A6 allroad quattro 3.0 Bi TDI quattro tiptronic,16900.0,18165.107,https://www.coches.net/audi-a6-allroad-quattro-30-bi-tdi-313cv-quattro-tiptronic-5p-diesel-2013-en-malaga-70279217-covo.aspx,6.9644918276206695
JEEP Grand Cherokee 3.0 V6 Diesel Overland 250 CV,23900.0,25670.812,https://www.coches.net/jeep-grand-cherokee-30-v6-diesel-overland-250-cv-5p-diesel-2015-en-barcelona-70056792-covo.aspx,6.8981552492738585
DACIA Duster Essent. Blue dCi 4X2,15985.0,17169.027,https://www.coches.net/dacia-duster-essent-blue-dci-85kw-115cv-4x2-5p-diesel-2021-en-sta-c-tenerife-70273586-covo.aspx,6.896298316986598
SEAT León SP 2.0 TDI Style,12470.0,13392.927,https://www.coches.net/seat-leon-sp-20-tdi-85kw-style-5p-diesel-2021-en-madrid-70269290-covo.aspx,6.891150638706576
SEAT Ibiza 1.0 TSI Style XL,16590.0,17816.041,https://www.coches.net/seat-ibiza-10-tsi-81kw-110cv-style-xl-5p-gasolina-2023-en-madrid-70282108-covo.aspx,6.881669247111293
NISSAN JUKE DIGT 114 CV 6MT Acenta,13750.0,14762.932,https://www.coches.net/nissan-juke-digt-84-kw-114-cv-6mt-acenta-5p-gasolina-2023-en-castellon-70367202-covo.aspx,6.8613176927378685
MG ZS 1.5 Luxury,12400.0,13310.843,https://www.coches.net/mg-zs-15-luxury-5p-gasolina-2022-en-madrid-70487928-covo.aspx,6.84286328777871
OPEL Mokka X 1.4 T 4X2 SS Selective,10990.0,11797.085,https://www.coches.net/opel-mokka-x-14-t-103kw-140cv-4x2-ss-selective-5p-gasolina-2017-en-vizcaya-70271025-covo.aspx,6.841393137456577
MERCEDES-BENZ CLA CLA 200,38990.0,41831.844,https://www.coches.net/mercedes-benz-cla-cla-200-4p-electrico-hibrido-2025-en-jaen-70347494-covo.aspx,6.793493891839277
RENAULT Talisman Business TCe EDC GPF,19900.0,21346.379,https://www.coches.net/renault-talisman-business-tce-117-kw-160cv-edc-gpf-4p-gasolina-2019-en-valladolid-70501049-covo.aspx,6.77575767113604
MERCEDES-BENZ CLA CLA 200,38990.0,41816.574,https://www.coches.net/mercedes-benz-cla-cla-200-4p-electrico-hibrido-2025-en-jaen-70265519-covo.aspx,6.7594590698981785
VOLKSWAGEN Touareg Prem Eleg 3.0 V6 TDI Tip 4M,38990.0,41799.44,https://www.coches.net/volkswagen-touareg-prem-eleg-30-v6-tdi-210kw-tip-4m-5p-diesel-2022-en-murcia-70382421-covo.aspx,6.721241508815767
VOLVO XC40 1.5 T5 Twin Momentum Auto,25900.0,27755.646,https://www.coches.net/volvo-xc40-15-t5-twin-momentum-auto-5p-electrico-hibrido-2020-en-madrid-70475905-covo.aspx,6.685653981865036
BMW Serie 7 740i,17900.0,19179.168,https://www.coches.net/bmw-serie-7-740i-4p-gasolina-2012-en-alicante-70426248-covo.aspx,6.669569664514334
CITROEN C5 Aircross BlueHdi SS Feel,16990.0,18203.814,https://www.coches.net/citroen-c5-aircross-bluehdi-96kw-130cv-ss-feel-5p-diesel-2019-en-madrid-70319710-covo.aspx,6.66791268528134
HONDA Jazz 1.5 iMMD ELEGANCE,20550.0,21999.885,https://www.coches.net/honda-jazz-15-immd-elegance-5p-electrico-hibrido-2023-en-navarra-70489395-covo.aspx,6.590419818427671
MAZDA CX-60 eSkyactiv PHEV Takumi,36985.0,39589.54,https://www.coches.net/mazda-cx-60-eskyactiv-phev-takumi-5p-electrico-hibrido-2022-en-las-palmas-70497382-covo.aspx,6.578856748971526
SEAT Ibiza 1.0 TSI FR XL,16900.0,18089.273,https://www.coches.net/seat-ibiza-10-tsi-81kw-110cv-fr-xl-5p-gasolina-2024-en-madrid-70494893-covo.aspx,6.574467689976837
LAND-ROVER Range Rover Evoque 1.5 P300e I3 SE AUTO 4WD PHEV,42900.0,45912.547,https://www.coches.net/land-rover-range-rover-evoque-15-p300e-i3-se-auto-4wd-phev-5p-electrico-hibrido-2023-en-madrid-58266880-covo.aspx,6.56148935323031
FORD Focus STLine X 1.0T EcoBoost mHEV Auto,27900.0,29857.809,https://www.coches.net/km-0/ford/focus/vizcaya/stline-x-10t-ecoboost-mhev-114kw-auto-electrico-hibrido-de-km0-70396291-kovn.aspx,6.557107456840685
DACIA Sandero Stepway Expression TCe,16600.0,17763.285,https://www.coches.net/dacia-sandero-stepway-expression-tce-67kw-90cv-5p-gasolina-2024-en-madrid-70473953-covo.aspx,6.5488176652993655
DACIA Sandero Stepway Expression TCe,16600.0,17763.285,https://www.coches.net/dacia-sandero-stepway-expression-tce-67kw-90cv-5p-gasolina-2024-en-madrid-70468273-covo.aspx,6.5488176652993655
PEUGEOT e-2008 Electrico Allure 136,19900.0,21294.299,https://www.coches.net/peugeot-e-2008-electrico-allure-136-100kw-5p-electrico-hibrido-2023-en-lugo-70494941-covo.aspx,6.547756464671396
RENAULT Mégane Business Blue dCi,14900.0,15941.126,https://www.coches.net/renault-megane-business-blue-dci-81-kw-115cv-5p-diesel-2018-en-guadalajara-70307577-covo.aspx,6.531069248767116
FIAT 500 Cult 1.0 Hybrid 70 CV,11400.0,12195.967,https://www.coches.net/fiat-500-cult-10-hybrid-51kw-70-cv-3p-electrico-hibrido-2021-en-valladolid-70421693-covo.aspx,6.526475597481557
MAZDA CX-60 eSkyactiv PHEV AWD ExclusiveLine,36490.0,39028.96,https://www.coches.net/mazda-cx-60-eskyactiv-phev-awd-exclusiveline-5p-electrico-hibrido-2022-en-madrid-70511746-covo.aspx,6.505325472450646
DACIA Spring Expression Electric,10985.0,11748.558,https://www.coches.net/dacia-spring-expression-electric-33kw-45cv-5p-electrico-hibrido-2023-en-las-palmas-70497390-covo.aspx,6.499160510311978
TESLA Model 3 Gran Autonomia RWD,28900.0,30908.164,https://www.coches.net/tesla-model-3-gran-autonomia-rwd-4p-electrico-hibrido-2022-en-madrid-70466079-covo.aspx,6.497196204987304
LAND-ROVER Range Rover Evoque 2.0 D163 AUTO 4WD MHEV,26590.0,28432.637,https://www.coches.net/land-rover-range-rover-evoque-20-d163-auto-4wd-mhev-5p-electrico-hibrido-2022-en-madrid-70281254-covo.aspx,6.480709956579113
KIA Picanto 1.0 DPi Concept,11490.0,12282.678,https://www.coches.net/kia-picanto-10-dpi-49kw-67cv-concept-5p-gasolina-2022-en-madrid-70448233-covo.aspx,6.4536231554505985
NISSAN QASHQAI DIGT mHEV 4x2 Acenta,20490.0,21900.941,https://www.coches.net/nissan-qashqai-digt-103kw-140cv-mhev-4x2-acenta-5p-electrico-hibrido-2025-en-murcia-70445940-covo.aspx,6.442377887223384
MERCEDES-BENZ CLA CLA 200,38990.0,41673.93,https://www.coches.net/mercedes-benz-cla-cla-200-4p-electrico-hibrido-2025-en-jaen-70348984-covo.aspx,6.440308623703031
TOYOTA Yaris 1.5 100H Active,14990.0,16019.576,https://www.coches.net/toyota-yaris-15-100h-active-5p-electrico-hibrido-2019-en-las-palmas-62537313-covo.aspx,6.426987585867535
VOLKSWAGEN Golf Ready2Go 1.6 TDI,12990.0,13875.342,https://www.coches.net/volkswagen-golf-ready2go-16-tdi-85kw-115cv-5p-diesel-2019-en-murcia-70366682-covo.aspx,6.380684597437422
SKODA Kamiq 1.0 TSI SELECTION,15700.0,16767.562,https://www.coches.net/skoda-kamiq-10-tsi-85kw-115cv-selection-5p-gasolina-2023-en-madrid-70351154-covo.aspx,6.366831792038945
OPEL Corsa 1.2T XHL GS,14990.0,16007.786,https://www.coches.net/opel-corsa-12t-xhl-74kw-100cv-gs-5p-gasolina-2024-en-las-palmas-62418353-covo.aspx,6.358069281836909
FORD Puma 1.0 EcoBoost STLine MHEV,15490.0,16536.916,https://www.coches.net/ford-puma-10-ecoboost-125cv-stline-mhev-5p-electrico-hibrido-2021-en-madrid-70359485-covo.aspx,6.330781474827685
CITROEN C4 Spacetourer BlueHDi EAT8 Feel,11990.0,12797.986,https://www.coches.net/citroen-c4-spacetourer-bluehdi-96kw-130cv-eat8-feel-5p-diesel-2019-en-valencia-70388194-covo.aspx,6.313386398525525
VOLKSWAGEN Golf Sport RLine 1.6 TDI,13000.0,13875.342,https://www.coches.net/volkswagen-golf-sport-rline-16-tdi-85kw-115cv-5p-diesel-2020-en-murcia-70344495-covo.aspx,6.308614300745688
LAND-ROVER Range Rover Velar 2.0 D180 S 4WD Auto,24890.0,26562.893,https://www.coches.net/land-rover-range-rover-velar-20-d180-132kw-180cv-s-4wd-auto-5p-diesel-2020-en-madrid-70316383-covo.aspx,6.297855450812823
RENAULT Clio Evolution dCi 100,18990.0,20263.963,https://www.coches.net/renault-clio-evolution-dci-100-74kw-5p-diesel-2024-en-valencia-62474774-covo.aspx,6.286839832372528
NISSAN QASHQAI DIGT mHEV Xtronic Acenta,21999.0,23473.89,https://www.coches.net/nissan-qashqai-digt-116kw-158cv-mhev-xtronic-acenta-5p-electrico-hibrido-2021-en-murcia-70382736-covo.aspx,6.283111089515013
TOYOTA Rav4 2.5l 220H Advance,27490.0,29320.992,https://www.coches.net/toyota-rav4-25l-220h-advance-5p-electrico-hibrido-2021-en-madrid-70424762-covo.aspx,6.244646074018535
MERCEDES-BENZ Clase GLA GLA 220 CDI Urban,13999.0,14929.289,https://www.coches.net/mercedes-benz-clase-gla-gla-220-cdi-urban-5p-diesel-2015-en-alicante-70487345-covo.aspx,6.2313018296145
FORD Focus 1.0 Ecoboost MHEV STLine,17450.0,18602.32,https://www.coches.net/ford-focus-10-ecoboost-mhev-92kw-stline-5p-electrico-hibrido-2023-en-madrid-70070090-covo.aspx,6.1944977462068955
HYUNDAI Kona EV 65kWh Tecno 2C,33990.0,36222.16,https://www.coches.net/hyundai-kona-ev-150kw-65kwh-tecno-2c-5p-electrico-hibrido-2023-en-murcia-70482905-covo.aspx,6.1624158985030855
AUDI Q2 Sport 35 TDI S tronic,23500.0,25038.637,https://www.coches.net/audi-q2-sport-35-tdi-110kw-150cv-s-tronic-5p-diesel-2020-en-cuenca-70317421-covo.aspx,6.145049892424067
AUDI Q5 SPORTBACK S Line 55 TFSI e quattroultra,44610.0,47528.918,https://www.coches.net/audi-q5-sportback-s-line-55-tfsi-e-quattroultra-5p-electrico-hibrido-2023-en-madrid-70326886-covo.aspx,6.141351609706689
MAZDA CX-60 eSkyactiv PHEV AWD ExclusiveLine,37490.0,39942.613,https://www.coches.net/mazda-cx-60-eskyactiv-phev-awd-exclusiveline-5p-electrico-hibrido-2022-en-madrid-70511748-covo.aspx,6.140342555907113
RENAULT Kadjar Zen Energy TCe,13290.0,14159.408,https://www.coches.net/renault-kadjar-zen-energy-tce-97kw-130cv-5p-gasolina-2016-en-madrid-70316390-covo.aspx,6.140145058697584
AUDI A1 Sportback 25 TFSI,16990.0,18101.068,https://www.coches.net/audi-a1-sportback-25-tfsi-70kw-95cv-5p-gasolina-2022-en-sta-c-tenerife-60883573-covo.aspx,6.138136917203286
CUPRA Formentor 1.4 eHybrid 204 CV DSG,24490.0,26087.725,https://www.coches.net/cupra-formentor-14-ehybrid-150kw-204-cv-dsg-5p-electrico-hibrido-2022-en-madrid-70281208-covo.aspx,6.1244306787907234
FIAT 500X Lounge 1.3 MultiJet 4x2,8990.0,9574.589,https://www.coches.net/fiat-500x-lounge-13-multijet-95cv-4x2-5p-diesel-2015-en-valencia-62269161-covo.aspx,6.105628923565684
SEAT León SP 1.5 TSI SS Xcellence,15495.0,16498.477,https://www.coches.net/seat-leon-sp-15-tsi-96kw-ss-xcellence-5p-gasolina-2021-en-sta-c-tenerife-70509653-covo.aspx,6.082237706606434
BENTLEY Continental Flying Spur 6.0 Speed,50000.0,53231.887,https://www.coches.net/bentley-continental-flying-spur-60-speed-4p-gasolina-2009-en-murcia-60523913-covo.aspx,6.071336031776655
DS DS 3 BlueHDi SS Desire,12290.0,13084.214,https://www.coches.net/ds-ds-3-bluehdi-73kw-100cv-ss-desire-3p-diesel-2016-en-madrid-70316428-covo.aspx,6.070015938666548
VOLKSWAGEN Polo Polo 1.0 TSI,14990.0,15956.388,https://www.coches.net/volkswagen-polo-polo-10-tsi-70kw-95cv-5p-gasolina-2023-en-valencia-70286361-covo.aspx,6.0564315292764865
FORD Puma 1.0 EcoBoost STLine MHEV,18500.0,19691.584,https://www.coches.net/ford-puma-10-ecoboost-125cv-stline-mhev-5p-electrico-hibrido-2021-en-huelva-70064013-covo.aspx,6.051234808334898
AUDI A4 2.0 TDI S tronic,15375.0,16362.432,https://www.coches.net/audi-a4-20-tdi-110kw-150cv-s-tronic-4p-diesel-2018-en-valencia-70315523-covo.aspx,6.034748760528865
MERCEDES-BENZ Clase GLC GLC 250 d 4MATIC,34990.0,37231.812,https://www.coches.net/mercedes-benz-clase-glc-glc-250-d-4matic-5p-diesel-2018-en-badajoz-70321989-covo.aspx,6.0212284857203775
MAZDA CX-60 eSkyactiv PHEV AWD Homura,33990.0,36162.582,https://www.coches.net/mazda-cx-60-eskyactiv-phev-awd-homura-5p-electrico-hibrido-2022-en-madrid-70477335-covo.aspx,6.007817775214605
OPEL Corsa 1.2T XHL GS,14490.0,15414.729,https://www.coches.net/opel-corsa-12t-xhl-74kw-100cv-gs-5p-gasolina-2023-en-madrid-70417628-covo.aspx,5.998993201130057
MAZDA CX-30 eSKYACTIVG 2.0 2WD Homura,21900.0,23294.969,https://www.coches.net/mazda-cx-30-eskyactivg-20-110-kw-2wd-homura-5p-electrico-hibrido-2022-en-valencia-70354560-covo.aspx,5.988283414202906
NISSAN QASHQAI DIGT mHEV 4x2 Acenta,21500.0,22868.832,https://www.coches.net/nissan-qashqai-digt-103kw-140cv-mhev-4x2-acenta-5p-electrico-hibrido-2024-en-madrid-70487930-covo.aspx,5.9855791033818715
CITROEN C3 PureTech CSeries,10985.0,11683.27,https://www.coches.net/citroen-c3-puretech-60kw-83cv-cseries-5p-gasolina-2023-en-las-palmas-70484080-covo.aspx,5.9766620070032035
FORD Focus 1.0 Ecoboost MHEV STLine X,20900.0,22226.896,https://www.coches.net/ford-focus-10-ecoboost-mhev-114kw-stline-x-5p-electrico-hibrido-2023-en-guipuzcoa-70465787-covo.aspx,5.969778485753861
BMW Serie 8 840d xDrive,89900.0,95585.37,https://www.coches.net/bmw-serie-8-840d-xdrive-2p-electrico-hibrido-2026-en-murcia-70445514-covo.aspx,5.947947217012411
BMW i3 120ah,20900.0,22220.016,https://www.coches.net/bmw-i3-120ah-5p-electrico-hibrido-2022-en-madrid-70459976-covo.aspx,5.940660201493445
SEAT Ibiza 1.0 TSI FR XS,18990.0,20189.121,https://www.coches.net/seat-ibiza-10-tsi-85kw-115cv-fr-xs-5p-gasolina-2025-en-madrid-70255125-covo.aspx,5.939441782442006
FIAT 500 Dolcevita 1.0 Hybrid 70 CV,10500.0,11159.36,https://www.coches.net/fiat-500-dolcevita-10-hybrid-51kw-70-cv-3p-electrico-hibrido-2021-en-valencia-70361868-covo.aspx,5.908585535282749
BMW Serie 3 M3 Competition M xDrive,90000.0,95641.3,https://www.coches.net/bmw-serie-3-m3-competition-m-xdrive-4p-gasolina-2025-en-murcia-61456295-covo.aspx,5.898390192651807
TOYOTA Yaris 1.5 120H Active Tech,16985.0,18046.307,https://www.coches.net/toyota-yaris-15-120h-active-tech-5p-electrico-hibrido-2022-en-las-palmas-70364816-covo.aspx,5.8810185472291385
RENAULT Mégane Dynamique 1.5dCi eco2,6990.0,7426.672,https://www.coches.net/renault-megane-dynamique-15dci-105cv-eco2-3p-diesel-2009-en-madrid-70438548-covo.aspx,5.879778753521409
VOLVO V60 2.0 B4 G Core Auto,34900.0,37079.152,https://www.coches.net/volvo-v60-20-b4-g-core-auto-5p-electrico-hibrido-2025-en-valencia-62661517-covo.aspx,5.877028480984987
MINI COUNTRYMAN Cooper SD ALL4,18300.0,19437.004,https://www.coches.net/mini-countryman-cooper-sd-all4-5p-diesel-2017-en-murcia-62419478-covo.aspx,5.849687080036006
AUDI Q5 S line 45 TFSI quattro S tronic,37900.0,40242.816,https://www.coches.net/audi-q5-s-line-45-tfsi-180kw-quattro-s-tronic-5p-electrico-hibrido-2020-en-madrid-70413838-covo.aspx,5.821700903334747
CUPRA Ateca 2.0 TSI 4Drive DSG,34500.0,36626.27,https://www.coches.net/cupra-ateca-20-tsi-140kw-190cv-4drive-dsg-5p-gasolina-2025-en-vizcaya-70488367-covo.aspx,5.805312849117325
AUDI A3 2.0 TDI DPF Ambition,7750.0,8223.64,https://www.coches.net/audi-a3-20-tdi-140cv-dpf-ambition-3p-diesel-2010-en-pontevedra-70200930-covo.aspx,5.75948933423283
SUZUKI Vitara 1.4 T GLE Mild Hybrid,19590.0,20785.223,https://www.coches.net/suzuki-vitara-14-t-gle-mild-hybrid-5p-electrico-hibrido-2022-en-madrid-70317052-covo.aspx,5.75034810074841
BMW Serie 2 Gran Tourer 218d Business,16500.0,17504.922,https://www.coches.net/bmw-serie-2-gran-tourer-218d-business-5p-diesel-2018-en-murcia-70195033-covo.aspx,5.740796115378264
SEAT León SP 1.5 TSI FR Special Edition,27300.0,28951.299,https://www.coches.net/km-0/seat/leon/burgos/sp-15-tsi-110kw-fr-special-edition-gasolina-de-km0-70452744-kovn.aspx,5.7037124238475645
MAZDA Mazda3 2.5L ESKY G MHEV Primeline,23490.0,24909.02,https://www.coches.net/mazda-mazda3-25l-esky-g-mhev-103kw-primeline-5p-electrico-hibrido-2025-en-madrid-70281235-covo.aspx,5.6968100629964455
KIA Sportage 1.6 TGDi PHEV Drive 4x4,35090.0,37202.645,https://www.coches.net/kia-sportage-16-tgdi-phev-198kw-265cv-drive-4x4-5p-electrico-hibrido-2024-en-sevilla-70431523-covo.aspx,5.678748266068535
CITROEN C5 Aircross Hybrid 225 eEAT8 Shine Pack,23500.0,24914.611,https://www.coches.net/citroen-c5-aircross-hybrid-225-eeat8-shine-pack-5p-electrico-hibrido-2022-en-alicante-70376460-covo.aspx,5.677838235140791
SUZUKI Vitara 1.4 T S2 Mild Hybrid,24990.0,26487.873,https://www.coches.net/suzuki-vitara-14-t-s2-mild-hybrid-5p-electrico-hibrido-2025-en-murcia-70379399-covo.aspx,5.654938938374732
KIA Niro 1.6 GDi HEV Concept,19990.0,21186.182,https://www.coches.net/kia-niro-16-gdi-hev-104kw-141cv-concept-5p-electrico-hibrido-2024-en-las-palmas-62487521-covo.aspx,5.646046375488887
NISSAN JUKE DIGT 114 CV 6MT Acenta,17490.0,18535.994,https://www.coches.net/nissan-juke-digt-84-kw-114-cv-6mt-acenta-5p-gasolina-2022-en-vizcaya-70123931-covo.aspx,5.64304311217122
OPEL Astra 2.0 CDTi SS 165 CV Sportive Auto GTC,8980.0,9515.986,https://www.coches.net/opel-astra-20-cdti-ss-165-cv-sportive-auto-gtc-3p-diesel-2015-en-jaen-70137854-covo.aspx,5.632483167203215
MERCEDES-BENZ GLE AMG GLE 53 4MATIC,54900.0,58173.13,https://www.coches.net/mercedes-benz-gle-amg-gle-53-4matic-5p-gasolina-2020-en-murcia-70466921-covo.aspx,5.626530612656013
TOYOTA Corolla 1.8 125H ACTIVE TECH ECVT,18990.0,20120.34,https://www.coches.net/toyota-corolla-18-125h-active-tech-ecvt-5p-electrico-hibrido-2020-en-las-palmas-70313986-covo.aspx,5.617896380120629
BMW Serie 1 M135i,34990.0,37066.676,https://www.coches.net/bmw-serie-1-m135i-5p-gasolina-2021-en-barcelona-70462048-covo.aspx,5.602541197666494
BMW Serie 5 M5,69970.0,74101.49,https://www.coches.net/bmw-serie-5-m5-4p-gasolina-2019-en-madrid-70381407-covo.aspx,5.575450730527842
VOLKSWAGEN T-Roc Cabrio 1.0 TSI Manual 6 vel,15990.0,16932.215,https://www.coches.net/volkswagen-t-roc-cabrio-10-tsi-85kw-115cv-manual-6-vel-2p-gasolina-2020-en-las-palmas-62487541-covo.aspx,5.564628446099532
SEAT Arona 1.0 TSI Style XL,16490.0,17458.639,https://www.coches.net/seat-arona-10-tsi-81kw-110cv-style-xl-5p-gasolina-2023-en-las-palmas-70417551-covo.aspx,5.548191299906039
DACIA Duster Essential 1.6 4X2,11890.0,12587.824,https://www.coches.net/dacia-duster-essential-16-84kw-114cv-4x2-5p-gasolina-2018-en-barcelona-70485917-covo.aspx,5.543644450568086
TESLA Model 3 RWD,30000.0,31755.254,https://www.coches.net/tesla-model-3-rwd-4p-electrico-hibrido-2024-en-murcia-62650906-covo.aspx,5.527444092974281
KIA Ceed 1.0 TGDi Concept,17985.0,19035.637,https://www.coches.net/kia-ceed-10-tgdi-88kw-120cv-concept-5p-gasolina-2023-en-las-palmas-70497380-covo.aspx,5.5193148213168435
KIA Ceed 1.0 TGDi Drive,17985.0,19035.637,https://www.coches.net/kia-ceed-10-tgdi-88kw-120cv-drive-5p-gasolina-2023-en-las-palmas-70497389-covo.aspx,5.5193148213168435
OPEL Corsa 1.2T XHL Elegance Auto,10690.0,11312.22,https://www.coches.net/opel-corsa-12t-xhl-74kw-100cv-elegance-auto-5p-gasolina-2022-en-castellon-70165178-covo.aspx,5.500421151663547
PEUGEOT 3008 1.2 PURETECH ALLURE SS,11890.0,12578.471,https://www.coches.net/peugeot-3008-12-puretech-96kw-130cv-allure-ss-5p-gasolina-2017-en-madrid-70316404-covo.aspx,5.473405466961545
PORSCHE Macan Macan S,63990.0,67694.82,https://www.coches.net/porsche-macan-macan-s-5p-gasolina-2023-en-murcia-70156692-covo.aspx,5.472826865330931
BMW X3 sDrive18d,24985.0,26429.615,https://www.coches.net/bmw-x3-sdrive18d-5p-diesel-2020-en-sta-c-tenerife-70430310-covo.aspx,5.465895820140803
OPEL Corsa 1.2T XHL GS,14500.0,15337.796,https://www.coches.net/opel-corsa-12t-xhl-74kw-100cv-gs-5p-gasolina-2023-en-navarra-62045129-covo.aspx,5.462296564546463
VOLVO XC60 2.0 T6 AWD Recharge Inscription Exp Auto,30500.0,32260.756,https://www.coches.net/volvo-xc60-20-t6-awd-recharge-inscription-exp-auto-5p-electrico-hibrido-2022-en-madrid-62480389-covo.aspx,5.457887803528704
FORD Kuga STLine 2.5 Duratec PHEV Auto,31390.0,33194.35,https://www.coches.net/ford-kuga-stline-25-duratec-phev-165kw-auto-5p-electrico-hibrido-2023-en-huelva-70104563-covo.aspx,5.435718661660481
MERCEDES-BENZ GLB 2.0 GLB 220 D 4MATIC DCT,33990.0,35940.656,https://www.coches.net/mercedes-benz-glb-20-glb-220-d-4matic-dct-140kw-190cv-5p-diesel-2021-en-madrid-70414148-covo.aspx,5.427436372979417
CITROEN C3 Aircross PureTech SS Feel,11985.0,12669.335,https://www.coches.net/citroen-c3-aircross-puretech-81kw-110cv-ss-feel-5p-gasolina-2021-en-sta-c-tenerife-70273662-covo.aspx,5.4015065751080344
VOLKSWAGEN Polo Advance 1.0 TSI DSG,14750.0,15591.596,https://www.coches.net/volkswagen-polo-advance-10-tsi-70kw-95cv-dsg-5p-gasolina-2021-en-castellon-70315519-covo.aspx,5.39775221952632
KIA Stonic 1.0 TGDi MHEV iMT Concept,14985.0,15835.463,https://www.coches.net/kia-stonic-10-tgdi-74kw-100cv-mhev-imt-concept-5p-electrico-hibrido-2021-en-las-palmas-70380996-covo.aspx,5.370622232511408
SEAT Ibiza 1.0 TSI FR XM,17985.0,19005.264,https://www.coches.net/seat-ibiza-10-tsi-81kw-110cv-fr-xm-5p-gasolina-2024-en-sta-c-tenerife-70372157-covo.aspx,5.368321584429478
AUDI A7 Sportback 3.0 TDI 218 ultra S tronic,15500.0,16377.398,https://www.coches.net/audi-a7-sportback-30-tdi-218-ultra-s-tronic-5p-diesel-2015-en-sevilla-70466764-covo.aspx,5.357373705282671
KIA Rio 1.2 DPi Concept,12985.0,13719.688,https://www.coches.net/kia-rio-12-dpi-62kw-84cv-concept-5p-gasolina-2023-en-las-palmas-70484083-covo.aspx,5.354993867518032
VOLKSWAGEN Polo Polo 1.0 TSI,13985.0,14774.618,https://www.coches.net/volkswagen-polo-polo-10-tsi-70kw-95cv-5p-gasolina-2022-en-las-palmas-70446871-covo.aspx,5.344423492331952
SKODA Fabia 1.0 TSI Selection,18700.0,19754.908,https://www.coches.net/skoda-fabia-10-tsi-85kw-115cv-selection-5p-gasolina-2025-en-guipuzcoa-70459955-covo.aspx,5.3399802837763914
RENAULT Clio Business Blue dCi,13590.0,14353.699,https://www.coches.net/renault-clio-business-blue-dci-74kw-100cv-5p-diesel-2021-en-madrid-70418765-covo.aspx,5.320574209555627
MERCEDES-BENZ Clase GLC GLC 350 d 4MATIC,26890.0,28394.574,https://www.coches.net/mercedes-benz-clase-glc-glc-350-d-4matic-5p-diesel-2018-en-alicante-70426458-covo.aspx,5.2988088751000655
MERCEDES-BENZ Clase A A 200 d,30900.0,32623.303,https://www.coches.net/mercedes-benz-clase-a-a-200-d-5p-diesel-2022-en-valencia-70379380-covo.aspx,5.282428785357667
ALFA ROMEO Stelvio 2.2 Diesel SPRINT AWD,28590.0,30184.297,https://www.coches.net/alfa-romeo-stelvio-22-diesel-140kw-190cv-sprint-awd-5p-diesel-2022-en-madrid-70461184-covo.aspx,5.281875147207648
FIAT 500C Monotrim 1.0 Hybrid 70 CV CoTe,11500.0,12137.947,https://www.coches.net/fiat-500c-monotrim-10-hybrid-51kw-70-cv--cote-2p-electrico-hibrido-2023-en-madrid-70472772-covo.aspx,5.255808512463092
LAND-ROVER Range Rover Evoque 2.0 D150 FWD,28900.0,30502.133,https://www.coches.net/land-rover-range-rover-evoque-20-d150-fwd-5p-diesel-2020-en-sta-c-tenerife-61887294-covo.aspx,5.25252716702956
BMW X1 sDrive18d,27900.0,29441.781,https://www.coches.net/bmw-x1-sdrive18d-5p-diesel-2022-en-albacete-70490225-covo.aspx,5.23671185825416
KIA Sportage 1.6 TGDi PHEV Tech 4x4,32990.0,34805.34,https://www.coches.net/kia-sportage-16-tgdi-phev-198kw-265cv-tech-4x4-5p-electrico-hibrido-2023-en-sevilla-62393448-covo.aspx,5.215693488124297
KIA Stonic 1.0 TGDi MHEV MT Concept,19290.0,20345.336,https://www.coches.net/kia-stonic-10-tgdi-74kw-100cv-mhev-mt-concept-5p-electrico-hibrido-2025-en-huelva-70178976-covo.aspx,5.1871148293739004
KIA Stonic 1.0 TGDi MHEV MT Concept,19290.0,20345.336,https://www.coches.net/kia-stonic-10-tgdi-74kw-100cv-mhev-mt-concept-5p-electrico-hibrido-2025-en-huelva-70178978-covo.aspx,5.1871148293739004
VOLKSWAGEN Passat 1.6 TDI Advance BMT,9900.0,10437.731,https://www.coches.net/volkswagen-passat-16-tdi-120cv-advance-bmt-4p-diesel-2015-en-malaga-70407070-covo.aspx,5.151803800757786
CUPRA Formentor 1.5 TSI 150 CV,22900.0,24143.193,https://www.coches.net/cupra-formentor-15-tsi-110kw-150-cv-5p-gasolina-2023-en-madrid-70487908-covo.aspx,5.149249897765731
SEAT Ibiza 1.0 TSI FR Salta,18900.0,19924.072,https://www.coches.net/seat-ibiza-10-tsi-85kw-115cv-fr-salta-5p-gasolina-2025-en-guipuzcoa-70488628-covo.aspx,5.139874278572217
FORD Focus 1.6 TDCi 90 Trend,4590.0,4838.3506,https://www.coches.net/ford-focus-16-tdci-90-trend-5p-diesel-2007-en-castellon-70014822-covo.aspx,5.1329597044770265
MERCEDES-BENZ Clase GLC GLC 200 4MATIC,34900.0,36775.41,https://www.coches.net/mercedes-benz-clase-glc-glc-200-4matic-5p-electrico-hibrido-2020-en-zaragoza-70457572-covo.aspx,5.09963083560952
MERCEDES-BENZ GLA GLA 200,43500.0,45825.31,https://www.coches.net/km-0/mercedes-benz/gla/guipuzcoa/gla-200-electrico-hibrido-de-km0-70331002-kovn.aspx,5.074289001224845
SKODA Fabia 1.0 TSI Essence,15985.0,16837.324,https://www.coches.net/skoda-fabia-10-tsi-70kw-95cv-essence-5p-gasolina-2025-en-las-palmas-70355053-covo.aspx,5.062112053415554
SKODA Kodiaq 2.0 TDI DSG 4x2 Ambition,24985.0,26313.314,https://www.coches.net/skoda-kodiaq-20-tdi-110kw-150cv-dsg-4x2-ambition-5p-diesel-2023-en-las-palmas-70446869-covo.aspx,5.048069696773786
DS DS 7 Crossback BlueHDi Auto. GRAND CHIC,24900.0,26221.906,https://www.coches.net/ds-ds-7-crossback-bluehdi-132kw-180cv-auto-grand-chic-5p-diesel-2021-en-pontevedra-70504521-covo.aspx,5.041228648279528
MERCEDES-BENZ Clase B B 200 d,21900.0,23060.0,https://www.coches.net/mercedes-benz-clase-b-b-200-d-5p-diesel-2018-en-jaen-61012216-covo.aspx,5.030355594102342
PEUGEOT 2008 GT Line BlueHDi SS EAT6,11990.0,12623.609,https://www.coches.net/peugeot-2008-gt-line-bluehdi-88kw-120cv-ss-eat6-5p-diesel-2018-en-pontevedra-70153016-covo.aspx,5.019240980751593
BMW Serie 5 520d,24990.0,26310.37,https://www.coches.net/bmw-serie-5-520d-4p-diesel-2018-en-murcia-70292328-covo.aspx,5.01843639504951
VOLKSWAGEN Polo Polo 1.0 TSI,15985.0,16828.098,https://www.coches.net/volkswagen-polo-polo-10-tsi-70kw-95cv-5p-gasolina-2023-en-las-palmas-70355049-covo.aspx,5.010059208545604
VOLKSWAGEN Golf Sport 2.0 TDI BMT,12000.0,12632.182,https://www.coches.net/volkswagen-golf-sport-20-tdi-150cv-bmt-5p-diesel-2014-en-murcia-70143295-covo.aspx,5.004532539271828
AUDI A5 S line 35 TDI S tronic Coupe,29990.0,31564.67,https://www.coches.net/audi-a5-s-line-35-tdi-120kw-s-tronic-coupe-2p-electrico-hibrido-2022-en-zaragoza-70468636-covo.aspx,4.988710243992508
FORD Focus 1.0 Ecob. MHEV STLine Design SIP,17900.0,18839.6,https://www.coches.net/ford-focus-10-ecob-mhev-92kw-stline-design-sip-5p-electrico-hibrido-2022-en-las-palmas-70314111-covo.aspx,4.987365065377687
MERCEDES-BENZ Clase S S 350 d,32900.0,34603.46,https://www.coches.net/mercedes-benz-clase-s-s-350-d-4p-diesel-2016-en-murcia-70499770-covo.aspx,4.9228050933308465
RENAULT Mégane Sport Tourer Business dCi 110,5500.0,5783.996,https://www.coches.net/renault-megane-sport-tourer-business-dci-110-5p-diesel-2012-en-sevilla-70417894-covo.aspx,4.910032599380159
NISSAN QASHQAI+2 1.6 dCi SS TEKNA SPORT 4x2,11500.0,12090.388,https://www.coches.net/nissan-qashqai2-16-dci-ss-tekna-sport-4x2-5p-diesel-2012-en-sevilla-70408545-covo.aspx,4.883116325057104
OPEL Crossland 1.2 Business Elegance Auto,16999.0,17867.197,https://www.coches.net/opel-crossland-12-96kw-130cv-business-elegance-auto-5p-gasolina-2021-en-alicante-70314862-covo.aspx,4.8591687477214975
BMW Serie 1 118d,11500.0,12083.565,https://www.coches.net/bmw-serie-1-118d-3p-diesel-2014-en-murcia-60475140-covo.aspx,4.829414241046502
KIA Sorento 2.2 CRDi GT Line Aut 4x4,21990.0,23095.02,https://www.coches.net/kia-sorento-22-crdi-147kw-200cv-gt-line-aut-4x4-5p-diesel-2019-en-valencia-70482077-covo.aspx,4.784665930915502
BMW X4 M40i,30000.0,31505.61,https://www.coches.net/bmw-x4-m40i-5p-gasolina-2017-en-murcia-61799970-covo.aspx,4.7788613039642245
SKODA Karoq 1.5 TSI ACT Ambition,22000.0,23097.762,https://www.coches.net/skoda-karoq-15-tsi-110kw-150cv-act-ambition-5p-gasolina-2022-en-guipuzcoa-70074873-covo.aspx,4.752675744589023
JAGUAR i-Pace EV400 S AUTO 4WD,38900.0,40839.684,https://www.coches.net/jaguar-i-pace-ev400-s-auto-4wd-5p-electrico-hibrido-2021-en-sta-c-tenerife-61887262-covo.aspx,4.749506908635414
FORD Kuga 1.5 EcoBoost 4x2 STLine,17500.0,18372.324,https://www.coches.net/ford-kuga-15-ecoboost-110kw-4x2-stline-5p-gasolina-2019-en-murcia-62321587-covo.aspx,4.748034099353329
FORD Grand C-Max 1.5 TDCi Trend,12490.0,13112.351,https://www.coches.net/ford-grand-c-max-15-tdci-88kw-120cv-trend-5p-diesel-2019-en-madrid-70316951-covo.aspx,4.746293060566482
FORD Kuga Titanium 1.5T EcoBoost,24490.0,25704.156,https://www.coches.net/ford-kuga-titanium-15t-ecoboost-110kw-150cv-5p-gasolina-2025-en-madrid-70255117-covo.aspx,4.723579479485929
LAND-ROVER Range Rover Velar 2.0 D180 S 4WD Auto,28900.0,30330.422,https://www.coches.net/land-rover-range-rover-velar-20-d180-132kw-180cv-s-4wd-auto-5p-diesel-2020-en-madrid-70426688-covo.aspx,4.7161291751732355
TOYOTA Corolla 1.6 VVTi Sol,16900.0,17736.357,https://www.coches.net/toyota-corolla-16-vvti-sol-4p-gasolina-2006-en-madrid-70474995-covo.aspx,4.715497111281063
MERCEDES-BENZ Clase GLC GLC 300 e 4MATIC,37900.0,39765.64,https://www.coches.net/mercedes-benz-clase-glc-glc-300-e-4matic-5p-electrico-hibrido-2020-en-valladolid-70398746-covo.aspx,4.691589512145574
JEEP Compass 1.4 Mair Longitude 4x2,13490.0,14153.134,https://www.coches.net/jeep-compass-14-mair-103kw-longitude-4x2-5p-gasolina-2018-en-barcelona-70485755-covo.aspx,4.685420197009427
CUPRA Formentor 1.5 TSI 150 CV,20900.0,21926.57,https://www.coches.net/cupra-formentor-15-tsi-110kw-150-cv-5p-gasolina-2023-en-madrid-70473947-covo.aspx,4.681855383077252
VOLKSWAGEN Tiguan Advance 1.5 TSI,19490.0,20447.174,https://www.coches.net/volkswagen-tiguan-advance-15-tsi-110kw-150cv-5p-gasolina-2020-en-vizcaya-62309189-covo.aspx,4.68120355493047
SEAT Arona 1.0 TSI Style Special Edition,18900.0,19826.756,https://www.coches.net/seat-arona-10-tsi-85kw-style-special-edition-5p-gasolina-2025-en-guipuzcoa-70488633-covo.aspx,4.674268780773771
SEAT Ibiza 1.0 TSI FR Salta,18900.0,19826.756,https://www.coches.net/seat-ibiza-10-tsi-85kw-115cv-fr-salta-5p-gasolina-2025-en-guipuzcoa-70357540-covo.aspx,4.674268780773771
AUDI TT TT Coupe RS TFSI Quattro S Tronic,59490.0,62402.582,https://www.coches.net/audi-tt-tt-coupe-rs-tfsi-quattro-s-tronic-3p-gasolina-2023-en-madrid-70367980-covo.aspx,4.667406277822664
KIA Niro 1.6 GDi HEV Drive,20900.0,21919.277,https://www.coches.net/kia-niro-16-gdi-hev-104kw-141cv-drive-5p-electrico-hibrido-2022-en-madrid-70406974-covo.aspx,4.650141187435788
MERCEDES-BENZ Clase E Coupe E 220 CDI Blue Efficiency Avantg.,9470.0,9927.591,https://www.coches.net/mercedes-benz-clase-e-coupe-e-220-cdi-blue-efficiency-avantg-2p-diesel-2011-en-madrid-70307026-covo.aspx,4.609283647914248
VOLVO XC60 2.0 T8 AWD Inscription Auto,32990.0,34580.46,https://www.coches.net/volvo-xc60-20-t8-awd-inscription-auto-5p-electrico-hibrido-2020-en-madrid-70154037-covo.aspx,4.599305198315793
FIAT 500 Lounge 1.2 8v 69 CV,10400.0,10899.539,https://www.coches.net/fiat-500-lounge-12-8v-51kw-69-cv-3p-gasolina-2020-en-valladolid-70322219-covo.aspx,4.583120989204676
AUDI A1 Sportback Advanced 30 TFSI,20985.0,21987.902,https://www.coches.net/audi-a1-sportback-advanced-30-tfsi-81kw-110cv-5p-gasolina-2023-en-sta-c-tenerife-70446847-covo.aspx,4.5611551664684935
BMW Serie 3 320d EfficientDynamics,14990.0,15704.351,https://www.coches.net/bmw-serie-3-320d-efficientdynamics-4p-diesel-2016-en-asturias-70404371-covo.aspx,4.54874324174326
RENAULT Captur Zen TCe 140 EDC GPF Micro Hibrido,20990.0,21987.904,https://www.coches.net/renault-captur-zen-tce-140-edc-gpf-micro-hibrido-5p-electrico-hibrido-2021-en-murcia-62512300-covo.aspx,4.538423868876061
MG ZS 1.5 Comfort,15890.0,16644.55,https://www.coches.net/mg-zs-15-comfort-5p-gasolina-2024-en-jaen-70457351-covo.aspx,4.5333201908939325
FORD Puma 1.0 EcoBoost Titanium X MHEV Auto,25500.0,26706.863,https://www.coches.net/ford-puma-10-ecoboost-155cv-titanium-x-mhev-auto-5p-electrico-hibrido-2023-en-guipuzcoa-70465789-covo.aspx,4.51892559804018
LYNK & CO 01 1.5 PHEV 6.6kW,24990.0,26166.668,https://www.coches.net/lynk--co-01-15-phev-66kw-5p-electrico-hibrido-2023-en-madrid-70355561-covo.aspx,4.496820038971933
PEUGEOT 3008 1.5 BlueHDi SS Allure EAT8,15490.0,16218.635,https://www.coches.net/peugeot-3008-15-bluehdi-96kw-130cv-ss-allure-eat8-5p-diesel-2019-en-madrid-70354620-covo.aspx,4.4925776808867015
MAZDA CX-5 2.0 GE 2WD AT Zenith Black,27490.0,28780.0,https://www.coches.net/mazda-cx-5-20-ge-121kw-2wd-at-zenith-black-5p-gasolina-2022-en-madrid-70477323-covo.aspx,4.48227936066713
SEAT León 1.6 TDI DSG7 StSp ITech,10500.0,10985.171,https://www.coches.net/seat-leon-16-tdi-105cv-dsg7-stsp-itech-5p-diesel-2014-en-valencia-70431743-covo.aspx,4.4165985483804295
LAND-ROVER Range Rover Evoque 1.5 P300e I3 S AUTO 4WD PHEV,49900.0,52196.773,https://www.coches.net/land-rover-range-rover-evoque-15-p300e-i3-s-auto-4wd-phev-5p-electrico-hibrido-2023-en-sta-c-tenerife-61887307-covo.aspx,4.400221098436551
DS DS 3 PureTech 110 SS Style,7690.0,8040.982,https://www.coches.net/ds-ds-3-puretech-110-ss-style-3p-gasolina-2014-en-madrid-70070058-covo.aspx,4.364913843760944
SKODA Karoq 1.5 TSI ACT Selection,27700.0,28951.299,https://www.coches.net/skoda-karoq-15-tsi-110kw-150cv-act-selection-5p-gasolina-2025-en-guipuzcoa-70488663-covo.aspx,4.322081836651192
FIAT 500 Mirror 1.2 8v 69 CV,10495.0,10967.319,https://www.coches.net/fiat-500-mirror-12-8v-51kw-69-cv-3p-gasolina-2018-en-sta-c-tenerife-70309156-covo.aspx,4.306606942590001
SEAT León 1.0 TSI SS Style XL Vision,18900.0,19749.559,https://www.coches.net/seat-leon-10-tsi-81kw-ss-style-xl-vision-5p-gasolina-2024-en-guipuzcoa-60941172-covo.aspx,4.301658640709335
DS DS 3 Crossback PureTech Manual SO CHIC,13900.0,14524.331,https://www.coches.net/ds-ds-3-crossback-puretech-73-kw-manual-so-chic-5p-gasolina-2020-en-pontevedra-70504520-covo.aspx,4.298518481414034
BMW X2 xDrive25e Auto,26900.0,28103.863,https://www.coches.net/bmw-x2-xdrive25e-auto-5p-electrico-hibrido-2022-en-madrid-70487893-covo.aspx,4.2836220387293835
LEXUS UX 2.0 250h Business,26800.0,27996.361,https://www.coches.net/lexus-ux-20-250h-business-5p-electrico-hibrido-2022-en-vizcaya-70431748-covo.aspx,4.273274351989241
RENAULT Austral Techno ETech Full Hybrid,34160.0,35682.773,https://www.coches.net/renault-austral-techno-etech-full-hybrid-147kw-200cv-5p-electrico-hibrido-2024-en-barcelona-62218715-covo.aspx,4.267531054353739
BMW Serie 1 116d,18990.0,19827.13,https://www.coches.net/bmw-serie-1-116d-5p-diesel-2022-en-madrid-70365674-covo.aspx,4.22214825388704
KIA Stonic 1.0 TGDi MHEV iMT Concept,14150.0,14773.411,https://www.coches.net/kia-stonic-10-tgdi-74kw-100cv-mhev-imt-concept-5p-electrico-hibrido-2021-en-malaga-70475532-covo.aspx,4.219818477994375
TOYOTA C-HR 2.0 180H Advance,28990.0,30266.984,https://www.coches.net/toyota-c-hr-20-180h-advance-5p-electrico-hibrido-2023-en-madrid-70503038-covo.aspx,4.219067083719007
VOLKSWAGEN Golf Advance 1.6 TDI,13900.0,14510.987,https://www.coches.net/volkswagen-golf-advance-16-tdi-85kw-115cv-5p-diesel-2018-en-malaga-70165340-covo.aspx,4.210515052205524
PEUGEOT 508 Allure BlueHDi SS 6vel MAN,15900.0,16591.61,https://www.coches.net/peugeot-508-5p-allure-bluehdi-96kw-ss-6vel-man-5p-diesel-2019-en-murcia-70478566-covo.aspx,4.168428507255644
FORD Puma 1.0 EcoBoost Titanium MHEV,22900.0,23876.617,https://www.coches.net/ford-puma-10-ecoboost-125cv-titanium-mhev-5p-electrico-hibrido-2023-en-vizcaya-70473230-covo.aspx,4.090266137077757
KIA EV6 GT 774kWh AWD Long Range,56950.0,59376.598,https://www.coches.net/kia-ev6-gt-774kwh-430kw-awd-long-range-5p-electrico-hibrido-2024-en-madrid-62408557-covo.aspx,4.086791348838047
KIA Sportage 1.6 TGDi MHEV Tech 4x4 DCT,24890.0,25947.707,https://www.coches.net/kia-sportage-16-tgdi-mhev-180cv-tech-4x4-dct-5p-electrico-hibrido-2022-en-madrid-70255310-covo.aspx,4.07630250324684
MERCEDES-BENZ Clase M ML 350 BlueTEC 4MATIC,24500.0,25540.234,https://www.coches.net/mercedes-benz-clase-m-ml-350-bluetec-4matic-5p-diesel-2015-en-sevilla-70508063-covo.aspx,4.072924154596761
KIA Stonic 1.2 DPi Concept,13475.0,14043.039,https://www.coches.net/kia-stonic-12-dpi-62kw-84cv-concept-5p-gasolina-2021-en-valencia-70388413-covo.aspx,4.044986701040162
MERCEDES-BENZ Clase CLA CLA 220 CDI Aut. AMG Line,16499.0,17191.244,https://www.coches.net/mercedes-benz-clase-cla-cla-220-cdi-aut-amg-line-4p-diesel-2015-en-alicante-70424907-covo.aspx,4.026725087273602
CITROEN C3 BlueHDi SS SHINE,8600.0,8960.496,https://www.coches.net/citroen-c3-bluehdi-73kw-100cv-ss-shine-5p-diesel-2016-en-pontevedra-62591031-covo.aspx,4.023171150104604
OPEL Corsa 1.2T XHL Edition,12890.0,13429.8,https://www.coches.net/opel-corsa-12t-xhl-74kw-100cv-edition-5p-gasolina-2023-en-madrid-70326865-covo.aspx,4.019418104051631
NISSAN QASHQAI dCi 115 CV E6D ACENTA,14990.0,15614.996,https://www.coches.net/nissan-qashqai-dci-85-kw-115-cv-e6d-acenta-5p-diesel-2018-en-cadiz-70475071-covo.aspx,4.002537624714223
FORD Puma 1.5 Ecoblue STLine,17490.0,18218.611,https://www.coches.net/ford-puma-15-ecoblue-120cv-stline-5p-diesel-2021-en-madrid-70424755-covo.aspx,3.9992692911792105
LAND-ROVER Range Rover Sport 5.0 V8 SC SVR,74990.0,78113.77,https://www.coches.net/land-rover-range-rover-sport-50-v8-sc-423kw-575cv-svr-5p-gasolina-2018-en-asturias-70182791-covo.aspx,3.9990046569692064
VOLKSWAGEN Tiguan Life 1.4 TSI eHybrid DSG,25440.0,26495.996,https://www.coches.net/volkswagen-tiguan-life-14-tsi-ehybrid-180kw-245cv-dsg-5p-electrico-hibrido-2021-en-madrid-70255157-covo.aspx,3.9854930911583786
CUPRA León SP 1.4 eHybrid DSG,22990.0,23938.16,https://www.coches.net/cupra-leon-sp-14-ehybrid-180kw-245cv-dsg-5p-electrico-hibrido-2022-en-madrid-70490418-covo.aspx,3.9608731417165552
NISSAN QASHQAI DIGT mHEV 4x2 NConnecta,19990.0,20805.742,https://www.coches.net/nissan-qashqai-digt-103kw-140cv-mhev-4x2-nconnecta-5p-electrico-hibrido-2021-en-barcelona-70489176-covo.aspx,3.920755049969303
BMW X3 xDrive20d,28590.0,29752.775,https://www.coches.net/bmw-x3-xdrive20d-5p-electrico-hibrido-2021-en-madrid-70490391-covo.aspx,3.9081241173601122
VOLKSWAGEN Golf Advance 1.5 TSI EVO,16400.0,17065.336,https://www.coches.net/volkswagen-golf-advance-15-tsi-evo-110kw-150cv-5p-gasolina-2018-en-valencia-70211140-covo.aspx,3.8987567542574193
VOLKSWAGEN Taigo Life 1.0 TSI,19290.0,20067.455,https://www.coches.net/volkswagen-taigo-life-10-tsi-81kw-110cv-5p-gasolina-2024-en-madrid-70316368-covo.aspx,3.874208638306524
AUDI TT TT Coupe RS TFSI Quattro S Tronic,59990.0,62402.582,https://www.coches.net/audi-tt-tt-coupe-rs-tfsi-quattro-s-tronic-3p-gasolina-2023-en-madrid-62599815-covo.aspx,3.8661573811830827
RENAULT Clio Techno TCe,15995.0,16636.086,https://www.coches.net/renault-clio-techno-tce-67-kw-91cv-5p-gasolina-2022-en-las-palmas-70479016-covo.aspx,3.853586353836422
PEUGEOT 5008 GT Line 1.5L BlueHDi SS,15500.0,16116.898,https://www.coches.net/peugeot-5008-gt-line-15l-bluehdi-96kw-130cv-ss-5p-diesel-2019-en-almeria-70262999-covo.aspx,3.8276498415143654
VOLKSWAGEN T-Roc Sport 2.0 TDI DSG,22890.0,23800.156,https://www.coches.net/volkswagen-t-roc-sport-20-tdi-110kw-150cv-dsg-5p-diesel-2022-en-madrid-70326887-covo.aspx,3.824160818271939
PEUGEOT 208 PureTech Like,11690.0,12152.432,https://www.coches.net/peugeot-208-puretech-55kw-75cv-like-5p-gasolina-2021-en-madrid-70070084-covo.aspx,3.8052601676779902
BMW i4 M50,45900.0,47708.33,https://www.coches.net/bmw-i4-m50-5p-electrico-hibrido-2022-en-sta-c-tenerife-70465942-covo.aspx,3.7903825098670865
RENAULT Mégane Bose TCe EDC,8900.0,9246.823,https://www.coches.net/renault-megane-bose-tce-96kw-130cv-edc-5p-gasolina-2016-en-navarra-70329926-covo.aspx,3.7507285810889233
KIA Stonic 1.6 CRDi VGT Tech EcoDynam,11000.0,11428.267,https://www.coches.net/kia-stonic-16-crdi-vgt-81kw-110cv-tech-ecodynam-5p-diesel-2018-en-murcia-60642106-covo.aspx,3.747432716558663
AUDI Q2 S line 35 TFSI S tronic,23990.0,24922.371,https://www.coches.net/audi-q2-s-line-35-tfsi-110kw-150cv-s-tronic-5p-gasolina-2021-en-murcia-70320120-covo.aspx,3.7411010783954612
PEUGEOT e-208 GT Electrico 156,25990.0,26999.787,https://www.coches.net/peugeot-e-208-gt-electrico-156-115-kw-5p-electrico-hibrido-2023-en-madrid-70417434-covo.aspx,3.739981746094497
AUDI A4 RS 4 2.9 TFSI quattro tiptro Avant,51999.0,54017.746,https://www.coches.net/audi-a4-rs-4-29-tfsi-331kw-quattro-tiptro-avant-5p-gasolina-2018-en-alicante-70257692-covo.aspx,3.737190534100375
BMW Serie 3 M3 Competition,87990.0,91389.43,https://www.coches.net/bmw-serie-3-m3-competition-4p-gasolina-2021-en-badajoz-70208096-covo.aspx,3.719718679856216
MAZDA Mazda2 1.5 116 CV CVT Exclusiveline,22200.0,23057.377,https://www.coches.net/mazda-mazda2-15-85-kw-116-cv-cvt-exclusiveline-5p-electrico-hibrido-2025-en-madrid-70286796-covo.aspx,3.7184496522220343
VOLKSWAGEN Polo Polo 1.0 TSI,14985.0,15561.474,https://www.coches.net/volkswagen-polo-polo-10-tsi-70kw-95cv-5p-gasolina-2022-en-sta-c-tenerife-70415778-covo.aspx,3.704492559091341
HYUNDAI Tucson 1.6 TGDI 48V Maxx Safe,24699.0,25643.15,https://www.coches.net/hyundai-tucson-16-tgdi-110kw-150cv-48v-maxx-safe-5p-electrico-hibrido-2023-en-murcia-70183080-covo.aspx,3.6818814234704034
KIA Rio 1.2 DPi Concept,12985.0,13481.324,https://www.coches.net/kia-rio-12-dpi-62kw-84cv-concept-5p-gasolina-2022-en-las-palmas-70466451-covo.aspx,3.6815687442610856
MERCEDES-BENZ Clase T 180 d,22490.0,23345.523,https://www.coches.net/mercedes-benz-clase-t-180-d-5p-diesel-2022-en-barcelona-70485750-covo.aspx,3.664614502178047
KIA Sportage 1.6 TGDi Drive 4x2,26100.0,27088.111,https://www.coches.net/kia-sportage-16-tgdi-110kw-150cv-drive-4x2-5p-gasolina-2024-en-sevilla-61991499-covo.aspx,3.647767524859016
KIA cee'd 1.4 CRDi WGT Tech,12890.0,13376.847,https://www.coches.net/kia-ceed-14-crdi-wgt-66kw-90cv-tech-5p-diesel-2017-en-madrid-70316366-covo.aspx,3.6394726750271262
KIA Rio 1.2 DPi Concept,13985.0,14511.882,https://www.coches.net/kia-rio-12-dpi-62kw-84cv-concept-5p-gasolina-2023-en-las-palmas-70371971-covo.aspx,3.6306927102501607
HYUNDAI i20 1.0 TGDI 48V Essence,14850.0,15405.22,https://www.coches.net/hyundai-i20-10-tgdi-74kw-100cv-48v-essence-5p-electrico-hibrido-2021-en-las-palmas-70314312-covo.aspx,3.6041013138239153
CITROEN C3 Aircross PureTech SS EAT6 SHINE,8990.0,9325.066,https://www.coches.net/citroen-c3-aircross-puretech-81kw-110cv-ss-eat6-shine-5p-gasolina-2017-en-a-coruna-70258686-covo.aspx,3.5931798407936943
PEUGEOT 208 STYLE 1.2L PureTech 82,8990.0,9324.656,https://www.coches.net/peugeot-208-5p-style-12l-puretech-82-5p-gasolina-2015-en-madrid-70070088-covo.aspx,3.5889392705495173
RENAULT Mégane Emotion 2011 dCi 110 eco2 E5,4980.0,5164.5176,https://www.coches.net/renault-megane-emotion-2011-dci-110-eco2-e5-5p-diesel-2011-en-jaen-70119274-covo.aspx,3.572794076770088
AUDI A4 RS 4 2.9 TFSI quattro tiptro Avant,57900.0,60044.05,https://www.coches.net/audi-a4-rs-4-29-tfsi-331kw-quattro-tiptro-avant-5p-gasolina-2018-en-madrid-56752801-covo.aspx,3.5707963625923855
AUDI Q3 Advanced 35 TFSI S tronic,25985.0,26941.246,https://www.coches.net/audi-q3-advanced-35-tfsi-110kw-150cv-s-tronic-5p-gasolina-2023-en-sta-c-tenerife-70273587-covo.aspx,3.549375891606721
AUDI A1 Sportback S line 30 TFSI,17900.0,18557.088,https://www.coches.net/audi-a1-sportback-s-line-30-tfsi-85kw-116cv-5p-gasolina-2020-en-madrid-70487885-covo.aspx,3.5408998141187844
RENAULT Clio Evolution dCi 100,19390.0,20101.258,https://www.coches.net/renault-clio-evolution-dci-100-74kw-5p-diesel-2024-en-madrid-70316407-covo.aspx,3.53837465861317
RENAULT Clio Evolution dCi 100,19390.0,20101.258,https://www.coches.net/renault-clio-evolution-dci-100-74kw-5p-diesel-2024-en-madrid-70316408-covo.aspx,3.53837465861317
VOLKSWAGEN Golf Sportsvan Advance 1.4 TSI 92kW125CV BMT DSG,14999.0,15547.454,https://www.coches.net/volkswagen-golf-sportsvan-advance-14-tsi-92kw125cv-bmt-dsg-5p-gasolina-2017-en-alicante-70457030-covo.aspx,3.5276135757003524
MERCEDES-BENZ CLA CLA 220 D DCT,36990.0,38339.22,https://www.coches.net/mercedes-benz-cla-cla-220-d-dct-4p-diesel-2021-en-jaen-70265518-covo.aspx,3.5191607810213923
VOLKSWAGEN Touran 1.6 TDI Advance Bluemotion Tech,11500.0,11918.966,https://www.coches.net/volkswagen-touran-16-tdi-105cv-advance-bluemotion-tech-5p-diesel-2014-en-murcia-62181241-covo.aspx,3.5151189006557217
MERCEDES-BENZ Clase GLC GLC 300 d 4MATIC,37990.0,39370.164,https://www.coches.net/mercedes-benz-clase-glc-glc-300-d-4matic-5p-diesel-2021-en-murcia-70471123-covo.aspx,3.505609121437732
MINI COUNTRYMAN Cooper S ALL4,23990.0,24857.43,https://www.coches.net/mini-countryman-cooper-s-all4-5p-gasolina-2018-en-malaga-70109057-covo.aspx,3.4896193951066565
DACIA Spring Extreme Electric,12985.0,13451.348,https://www.coches.net/dacia-spring-extreme-electric-48kw-65cv-5p-electrico-hibrido-2023-en-sta-c-tenerife-70286578-covo.aspx,3.4669214428735504
KIA EV6 GT 774kWh AWD Long Range,56950.0,58969.02,https://www.coches.net/kia-ev6-gt-774kwh-430kw-awd-long-range-5p-electrico-hibrido-2024-en-madrid-70423768-covo.aspx,3.423864848524474
PEUGEOT 2008 Allure BlueHDI 130 SS EAT8,16990.0,17590.852,https://www.coches.net/peugeot-2008-allure-bluehdi-130-ss-eat8-5p-diesel-2022-en-madrid-70474709-covo.aspx,3.41570480749715
AUDI Q2 35 TFSI S tronic,22900.0,23705.373,https://www.coches.net/audi-q2-35-tfsi-110kw-150cv-s-tronic-5p-gasolina-2021-en-valladolid-70421679-covo.aspx,3.397428276207489
TOYOTA Yaris 1.5 120H Active Tech,18900.0,19562.514,https://www.coches.net/toyota-yaris-15-120h-active-tech-5p-electrico-hibrido-2021-en-valladolid-70421685-covo.aspx,3.38664899096017
TOYOTA Corolla 1.8 125H BUSINESS ECVT TOU SPORT,17985.0,18610.963,https://www.coches.net/toyota-corolla-18-125h-business-ecvt-tou-sport-5p-electrico-hibrido-2022-en-las-palmas-70446870-covo.aspx,3.363409482377291
VOLVO V90 2.0 B4 D Inscription Auto,27990.0,28960.555,https://www.coches.net/volvo-v90-20-b4-d-inscription-auto-5p-electrico-hibrido-2021-en-murcia-62573791-covo.aspx,3.35129868185471
CUPRA Formentor 1.5 TSI 150 CV DSG,23990.0,24817.146,https://www.coches.net/cupra-formentor-15-tsi-110kw-150-cv-dsg-5p-gasolina-2022-en-madrid-70383185-covo.aspx,3.332963702719713
NISSAN Micra IGT BOSE Limited Edition,10900.0,11272.454,https://www.coches.net/nissan-micra-5p-igt-bose-limited-edition-5p-gasolina-2017-en-malaga-70082272-covo.aspx,3.3041083885262688
KIA Rio 1.1 CRDi WGT Concept,8490.0,8780.063,https://www.coches.net/kia-rio-11-crdi-wgt-75cv-concept-5p-diesel-2015-en-madrid-70224474-covo.aspx,3.3036603589119307
MG eHS 1.5TGDI PHEV Luxury,22900.0,23679.146,https://www.coches.net/mg-ehs-15tgdi-phev-luxury-5p-electrico-hibrido-2022-en-madrid-70477334-covo.aspx,3.290433145000096
SEAT Arona 1.0 TSI Style Ecomotive,15990.0,16531.7,https://www.coches.net/seat-arona-10-tsi-81kw-110cv-style-ecomotive-5p-gasolina-2021-en-huelva-70311866-covo.aspx,3.276730429111685
ALFA ROMEO Stelvio 2.2 Diesel Veloce Q4,28390.0,29344.955,https://www.coches.net/alfa-romeo-stelvio-22-diesel-154kw-210cv-veloce-q4-5p-diesel-2021-en-madrid-70449350-covo.aspx,3.2542393593127863
MG ZS 1.5 Comfort,13590.0,14042.25,https://www.coches.net/mg-zs-15-comfort-5p-gasolina-2022-en-madrid-70222127-covo.aspx,3.2206377183143724
PORSCHE Panamera 4 EHybrid Sport Turismo,57999.0,59920.09,https://www.coches.net/porsche-panamera-4-ehybrid-sport-turismo-5p-electrico-hibrido-2018-en-alicante-62404700-covo.aspx,3.2060863873193615
MG ZS 1.5 Luxury,15990.0,16517.084,https://www.coches.net/mg-zs-15-luxury-5p-gasolina-2023-en-huelva-70507251-covo.aspx,3.1911443017037167
BMW Serie 5 520dA,28800.0,29748.998,https://www.coches.net/bmw-serie-5-520da-4p-electrico-hibrido-2022-en-almeria-70375301-covo.aspx,3.1900168381458753
OPEL Astra 1.5D DTH Elegance Auto,20490.0,21163.47,https://www.coches.net/opel-astra-15d-dth-96kw-130cv-elegance-auto-5p-diesel-2023-en-madrid-70448216-covo.aspx,3.1822318398161187
LEXUS UX 2.0 300h F Sport,35900.0,37079.152,https://www.coches.net/lexus-ux-20-300h-f-sport-5p-electrico-hibrido-2024-en-granada-70473884-covo.aspx,3.180095199637852
FORD Kuga Titanium 1.5T EcoBoost,24890.0,25704.156,https://www.coches.net/ford-kuga-titanium-15t-ecoboost-110kw-150cv-5p-gasolina-2024-en-madrid-70316381-covo.aspx,3.167410912388925
MG ZS 1.0T Luxury Auto,18490.0,19087.965,https://www.coches.net/mg-zs-10t-luxury-auto-5p-gasolina-2023-en-jaen-70457358-covo.aspx,3.132679930232544
MG ZS 1.0T Luxury Auto,18490.0,19087.965,https://www.coches.net/mg-zs-10t-luxury-auto-5p-gasolina-2023-en-jaen-70457367-covo.aspx,3.132679930232544
PEUGEOT 208 ALLURE 1.2L PureTech 110 SS,7490.0,7731.335,https://www.coches.net/peugeot-208-5p-allure-12l-puretech-110-ss-5p-gasolina-2015-en-valencia-70062645-covo.aspx,3.121517333770205
OPEL Corsa-e 50kWh Elegancee,19890.0,20528.965,https://www.coches.net/opel-corsa-e-50kwh-elegancee-5p-electrico-hibrido-2021-en-huelva-62257570-covo.aspx,3.1125039602010496
HYUNDAI ix35 1.7 CRDi BlueDrive Tecno 4x2,7999.0,8253.947,https://www.coches.net/hyundai-ix35-17-crdi-bluedrive-tecno-4x2-5p-diesel-2014-en-sevilla-70466815-covo.aspx,3.0887920339250563
SEAT León ST 1.6 TDI StSp Style Ed,12790.0,13195.764,https://www.coches.net/seat-leon-st-16-tdi-85kw-115cv-stsp-style-ed-5p-diesel-2020-en-madrid-70427002-covo.aspx,3.0749540683259644
CITROEN C4 PureTech 130 SS 6v Shine,13985.0,14428.2,https://www.coches.net/citroen-c4-puretech-130-ss-6v-shine-5p-gasolina-2021-en-las-palmas-70497383-covo.aspx,3.0717635554882925
KIA Sportage 1.7 CRDI VGT Drive 4x2,9990.0,10304.475,https://www.coches.net/kia-sportage-17-crdi-vgt-115cv-drive-4x2-5p-diesel-2015-en-valencia-70511619-covo.aspx,3.051825748484948
VOLKSWAGEN Golf R 2.0 TSI BMT 4Motion DSG,22000.0,22691.643,https://www.coches.net/volkswagen-golf-r-20-tsi-300cv-bmt-4motion-dsg-5p-gasolina-2015-en-murcia-70189465-covo.aspx,3.0480057833792573
DS DS 7 Crossback BlueHDi DE AT. PERF.LINE,18500.0,19080.135,https://www.coches.net/ds-ds-7-crossback-bluehdi-de-96kw-130cv-at-perfline-5p-diesel-2021-en-madrid-70468304-covo.aspx,3.040517128160844
KIA Sportage 1.6 TGDi MHEV Drive 4x2,28903.0,29806.537,https://www.coches.net/kia-sportage-16-tgdi-mhev-110kw-150cv-drive-4x2-5p-electrico-hibrido-2024-en-madrid-70457804-covo.aspx,3.0313387498167708
BMW Serie 8 M8 Competition,87500.0,90150.17,https://www.coches.net/bmw-serie-8-m8-competition-2p-gasolina-2021-en-murcia-70463110-covo.aspx,2.9397302521781796
LYNK & CO 01 1.5 PHEV More,38900.0,40073.996,https://www.coches.net/km-0/lynk--co/01/navarra/15-phev-more-electrico-hibrido-de-km0-70489433-kovn.aspx,2.9295708144591504
MITSUBISHI Eclipse Cross PHEV Kaiteki 4WD,33900.0,34917.566,https://www.coches.net/mitsubishi-eclipse-cross-phev-kaiteki-4wd-5p-electrico-hibrido-2023-en-jaen-61368409-covo.aspx,2.9141962369630168
HYUNDAI Kona 1.6T XLS,28990.0,29857.662,https://www.coches.net/hyundai-kona-16t-150cv-xls-5p-gasolina-2026-en-murcia-70414419-covo.aspx,2.9059948036003895
CITROEN C3 Aircross PureTech SS CSeries,11290.0,11627.37,https://www.coches.net/citroen-c3-aircross-puretech-81kw-110cv-ss-cseries-5p-gasolina-2021-en-madrid-70473858-covo.aspx,2.9015169706243524
VOLVO XC40 1.5 T5 Twin Business Plus Auto,23985.0,24693.203,https://www.coches.net/volvo-xc40-15-t5-twin-business-plus-auto-5p-electrico-hibrido-2020-en-las-palmas-70497376-covo.aspx,2.868008339845542
NISSAN Micra IGT 100 CV E6D Acenta,11790.0,12133.068,https://www.coches.net/nissan-micra-igt-74-kw-100-cv-e6d-acenta-5p-gasolina-2019-en-madrid-70255266-covo.aspx,2.8275482278142556
PEUGEOT 308 SW Style 1.6 BlueHDi 120 EAT6,8490.0,8736.529,https://www.coches.net/peugeot-308-sw-style-16-bluehdi-120-eat6-5p-diesel-2015-en-madrid-70281205-covo.aspx,2.8218218985791297
LYNK & CO 01 1.5 PHEV 6.6kW,33900.0,34880.734,https://www.coches.net/lynk--co-01-15-phev-66kw-5p-electrico-hibrido-2023-en-asturias-62356176-covo.aspx,2.8116792624151854
PORSCHE Macan Macan S,57990.0,59667.016,https://www.coches.net/porsche-macan-macan-s-5p-gasolina-2021-en-badajoz-70489677-covo.aspx,2.8106242744564955
NISSAN Micra IGT 92 CV E6DF Acenta,13990.0,14390.332,https://www.coches.net/nissan-micra-igt-68-kw-92-cv-e6df-acenta-5p-gasolina-2022-en-las-palmas-62036214-covo.aspx,2.7819513155126665
VOLVO V60 Cross Country 2.0 B4 D AWD Cross Country AUTO,27590.0,28378.85,https://www.coches.net/volvo-v60-cross-country-20-b4-d-awd-cross-country-auto-5p-electrico-hibrido-2022-en-madrid-70255121-covo.aspx,2.7797096085050685
VOLKSWAGEN Golf GTD 2.0 TDI DSG BMT,14500.0,14911.46,https://www.coches.net/volkswagen-golf-gtd-20-tdi-184cv-dsg-bmt-5p-diesel-2016-en-murcia-62650886-covo.aspx,2.759353960077502
BMW X2 sDrive20d,39900.0,41031.3,https://www.coches.net/bmw-x2-sdrive20d-5p-electrico-hibrido-2025-en-albacete-70505152-covo.aspx,2.7571652853057205
CITROEN C1 VTi SS City Edition,10985.0,11296.258,https://www.coches.net/citroen-c1-vti-53kw-72cv-ss-city-edition-5p-gasolina-2020-en-las-palmas-70497391-covo.aspx,2.755406415703209
TOYOTA Yaris 1.5 100H Active,15950.0,16400.861,https://www.coches.net/toyota-yaris-15-100h-active-5p-electrico-hibrido-2019-en-las-palmas-70376139-covo.aspx,2.749010061757189
JEEP Compass 1.4 Mair Longitude 4x2,14900.0,15319.539,https://www.coches.net/jeep-compass-14-mair-103kw-longitude-4x2-5p-gasolina-2019-en-malaga-70418959-covo.aspx,2.7385880266265357
LAND-ROVER Range Rover Evoque 1.5 P300e I3 S AUTO 4WD PHEV,44900.0,46153.254,https://www.coches.net/land-rover-range-rover-evoque-15-p300e-i3-s-auto-4wd-phev-5p-electrico-hibrido-2024-en-madrid-59042469-covo.aspx,2.71541830787425
LEXUS UX 2.0 250h Business,27500.0,28266.06,https://www.coches.net/lexus-ux-20-250h-business-5p-electrico-hibrido-2023-en-vizcaya-70432080-covo.aspx,2.71017797334936
KIA Sportage 1.6 MHEV Drive 4x2,18990.0,19518.316,https://www.coches.net/kia-sportage-16-mhev-drive-100kw-136cv-4x2-5p-electrico-hibrido-2021-en-cadiz-62635856-covo.aspx,2.7067724246996363
MITSUBISHI Eclipse Cross 2.4 PHEV Kaiteki Auto 4WD,26900.0,27644.592,https://www.coches.net/mitsubishi-eclipse-cross-24-phev-kaiteki-auto-4wd-5p-electrico-hibrido-2021-en-madrid-70473954-covo.aspx,2.693444715501895
MERCEDES-BENZ Clase GLA GLA 200 d Urban,19950.0,20501.947,https://www.coches.net/mercedes-benz-clase-gla-gla-200-d-urban-5p-diesel-2016-en-alicante-70333557-covo.aspx,2.692169960608734
KIA Sportage 1.6 MHEV Drive Plus 4x2,18900.0,19419.566,https://www.coches.net/kia-sportage-16-mhev-drive-plus-100kw-136cv-4x2-5p-electrico-hibrido-2021-en-asturias-70193691-covo.aspx,2.67547892358082
FIAT 500C Sport 1.0 Hybrid 70 CV,10500.0,10787.156,https://www.coches.net/fiat-500c-sport-10-hybrid-51kw-70-cv-2p-electrico-hibrido-2021-en-madrid-70487916-covo.aspx,2.662019936904131
LYNK & CO 01 1.5 PHEV More,38900.0,39963.02,https://www.coches.net/km-0/lynk--co/01/asturias/15-phev-more-electrico-hibrido-de-km0-62353265-kovn.aspx,2.660008036726923
PORSCHE Cayenne Coupé Turbo,85000.0,87275.18,https://www.coches.net/porsche-cayenne-coupe-turbo-5p-gasolina-2021-en-murcia-70412310-covo.aspx,2.606903469745434
SEAT Ibiza 1.0 TSI FR XS,19400.0,19918.748,https://www.coches.net/seat-ibiza-10-tsi-85kw-115cv-fr-xs-5p-gasolina-2025-en-barcelona-70486140-covo.aspx,2.6043205409005865
CUPRA Formentor 2.0 TDI 150 CV 4Drive DSG,19490.0,20008.504,https://www.coches.net/cupra-formentor-20-tdi-110kw-150-cv-4drive-dsg-5p-diesel-2022-en-madrid-70426673-covo.aspx,2.5914176726028795
PORSCHE Panamera 4 EHybrid Sport Turismo,66900.0,68651.7,https://www.coches.net/porsche-panamera-4-ehybrid-sport-turismo-5p-electrico-hibrido-2018-en-lugo-70494902-covo.aspx,2.551579997673947
BMW Serie 3 316d,11000.0,11285.919,https://www.coches.net/bmw-serie-3-316d-4p-diesel-2015-en-murcia-60935283-covo.aspx,2.5334130671854043
BMW Serie 5 M5,79990.0,82065.375,https://www.coches.net/bmw-serie-5-m5-4p-gasolina-2019-en-las-palmas-62537295-covo.aspx,2.5289289179510845
CUPRA Formentor 1.4 eHybrid 245 CV VZ DSG,27985.0,28706.664,https://www.coches.net/cupra-formentor-14-ehybrid-180kw-245-cv-vz-dsg-5p-electrico-hibrido-2022-en-sta-c-tenerife-70372156-covo.aspx,2.5139252019280147
CITROEN C5 Aircross PureTech SS Feel,14112.0,14471.009,https://www.coches.net/citroen-c5-aircross-puretech-96kw-130cv-ss-feel-5p-gasolina-2021-en-barcelona-62569659-covo.aspx,2.480882945312331
VOLVO V40 Cross Country 2.0 D3 Cross Country,14500.0,14863.0205,https://www.coches.net/volvo-v40-cross-country-20-d3-cross-country-5p-diesel-2018-en-pontevedra-70409111-covo.aspx,2.4424410073422447
KIA XCeed 1.6 GDi PHEV eDrive,22990.0,23562.742,https://www.coches.net/kia-xceed-16-gdi-phev-104kw-141cv-edrive-5p-electrico-hibrido-2022-en-sevilla-59612247-covo.aspx,2.430711090171155
VOLKSWAGEN T-Cross Advance 1.0 TSI,13985.0,14330.446,https://www.coches.net/volkswagen-t-cross-advance-10-tsi-70kw-95cv-5p-gasolina-2021-en-sta-c-tenerife-70430307-covo.aspx,2.4105759310940424
PEUGEOT 2008 Active Pack Puretech 100 SS BVM6,13990.0,14334.916,https://www.coches.net/peugeot-2008-active-pack-puretech-100-ss-bvm6-5p-gasolina-2021-en-guipuzcoa-70290411-covo.aspx,2.4061251230843834
MITSUBISHI Colt 100T Motion,17500.0,17925.99,https://www.coches.net/mitsubishi-colt-100t-motion-5p-gasolina-2025-en-jaen-70312089-covo.aspx,2.376383278164005
MERCEDES-BENZ Clase C C Cabrio 220 d,30590.0,31334.037,https://www.coches.net/mercedes-benz-clase-c-c-cabrio-220-d-2p-diesel-2017-en-granada-60654728-covo.aspx,2.374533185040454
VOLKSWAGEN Polo Life 1.0 TSI,16590.0,16989.479,https://www.coches.net/volkswagen-polo-life-10-tsi-70kw-95cv-5p-gasolina-2023-en-madrid-70418669-covo.aspx,2.35132888427155
BMW Serie 1 116d,22490.0,23029.184,https://www.coches.net/bmw-serie-1-116d-5p-diesel-2023-en-madrid-70235125-covo.aspx,2.3413057243433135
FIAT 500C Dolcevita 1.0 Hybrid 70 CV,11990.0,12275.035,https://www.coches.net/fiat-500c-dolcevita-10-hybrid-51kw-70-cv-2p-electrico-hibrido-2022-en-las-palmas-61927784-covo.aspx,2.322072015450567
HYUNDAI i40 1.7 CRDi BlueDrive Klass,11000.0,11261.35,https://www.coches.net/hyundai-i40-17-crdi-115cv-bluedrive-klass-4p-diesel-2014-en-murcia-61206874-covo.aspx,2.320766324112948
BMW Serie 4 420i Gran Coupe,23900.0,24467.438,https://www.coches.net/bmw-serie-4-420i-gran-coupe-5p-gasolina-2019-en-sta-c-tenerife-70465941-covo.aspx,2.3191537732547594
SEAT León ST 1.5 EcoTSI DSG SS Xcellence Ed,16990.0,17385.19,https://www.coches.net/seat-leon-st-15-ecotsi-110kw-dsg-ss-xcellence-ed-5p-gasolina-2019-en-madrid-70351134-covo.aspx,2.2731386056535867
RENAULT Arkana Intens TCe 103kW140CV EDC mild hybrid,18990.0,19430.752,https://www.coches.net/renault-arkana-intens-tce-103kw140cv-edc-mild-hybrid-5p-electrico-hibrido-2021-en-murcia-70164988-covo.aspx,2.268321649045162
MINI COUNTRYMAN Cooper D,21900.0,22406.352,https://www.coches.net/mini-countryman-cooper-d-5p-diesel-2022-en-madrid-70379725-covo.aspx,2.259857260061234
MAZDA CX-30 2.5L eSKYACT G MHEV PrimeLine AT,24900.0,25475.316,https://www.coches.net/mazda-cx-30-25l-eskyact-g-mhev-103kw-primeline-at-5p-electrico-hibrido-2025-en-lugo-70495190-covo.aspx,2.2583287959040006
MERCEDES-BENZ Clase C C 220 d,42890.0,43876.207,https://www.coches.net/mercedes-benz-clase-c-c-220-d-4p-electrico-hibrido-2024-en-malaga-70314016-covo.aspx,2.2477034775307554
HYUNDAI Kona 1.0 TGDI Maxx 4X2,18590.0,19015.06,https://www.coches.net/hyundai-kona-10-tgdi-maxx-4x2-5p-gasolina-2020-en-murcia-70266723-covo.aspx,2.235388868876654
BMW X5 xDrive45e,52300.0,53493.402,https://www.coches.net/bmw-x5-xdrive45e-5p-electrico-hibrido-2023-en-madrid-70364546-covo.aspx,2.230933706704923
MG ZS 1.5 Comfort,16790.0,17170.248,https://www.coches.net/mg-zs-15-comfort-5p-gasolina-2024-en-huelva-70430984-covo.aspx,2.2145751525366313
MG ZS 1.5 Comfort,16790.0,17168.129,https://www.coches.net/mg-zs-15-comfort-5p-gasolina-2024-en-huelva-70429372-covo.aspx,2.202505050578595
SEAT León ST 1.5 EcoTSI DSG SS FR Fas Ed Pl,16990.0,17371.717,https://www.coches.net/seat-leon-st-15-ecotsi-110kw-dsg-ss-fr-fas-ed-pl-5p-gasolina-2020-en-barcelona-70212199-covo.aspx,2.197346418539744
VOLVO S60 B4G FWD Core Auto,29950.0,30610.021,https://www.coches.net/volvo-s60-b4g-fwd-core-auto-4p-electrico-hibrido-2024-en-madrid-70255120-covo.aspx,2.156226792300392
VOLVO XC40 1.5 T5 Twin RDesign Auto,27990.0,28601.586,https://www.coches.net/volvo-xc40-15-t5-twin-rdesign-auto-5p-electrico-hibrido-2020-en-valencia-70124836-covo.aspx,2.138293795443489
MERCEDES-BENZ GLE GLE 300 d 4MATIC,53900.0,55074.883,https://www.coches.net/mercedes-benz-gle-gle-300-d-4matic-5p-electrico-hibrido-2022-en-murcia-70488878-covo.aspx,2.133246141439532
LAND-ROVER Discovery 3.0D I6 350 PS AWD Auto MHEV Dynamic SE,93900.0,95945.08,https://www.coches.net/land-rover-discovery-30d-i6-350-ps-awd-auto-mhev-dynamic-se-5p-electrico-hibrido-2026-en-madrid-70325624-covo.aspx,2.13150915603572
TOYOTA Rav4 2.5l 220H Advance,29900.0,30551.146,https://www.coches.net/toyota-rav4-25l-220h-advance-5p-electrico-hibrido-2020-en-valladolid-70421684-covo.aspx,2.131332402559821
MERCEDES-BENZ CLA CLA 250 e Shooting Brake,38990.0,39833.61,https://www.coches.net/mercedes-benz-cla-cla-250-e-shooting-brake-5p-electrico-hibrido-2025-en-jaen-70500622-covo.aspx,2.117833126940935
OPEL Astra 1.6 CDTi SS Selective Pro Auto ST,10490.0,10714.213,https://www.coches.net/opel-astra-16-cdti-ss-100kw-selective-pro-auto-st-5p-diesel-2019-en-vizcaya-62201326-covo.aspx,2.0926678694352585
LAND-ROVER Range Rover Sport 3.0 I6 PHEV 460 PS AWD Auto S,95900.0,97941.72,https://www.coches.net/land-rover-range-rover-sport-30-i6-phev-460-ps-awd-auto-s-5p-electrico-hibrido-2025-en-madrid-70324986-covo.aspx,2.084626220631849
MERCEDES-BENZ GLC GLC 300 e 4MATIC,36990.0,37775.38,https://www.coches.net/mercedes-benz-glc-glc-300-e-4matic-5p-electrico-hibrido-2023-en-las-palmas-62474068-covo.aspx,2.0790761839851664
VOLKSWAGEN T-Cross Advance 1.0 TSI,16990.0,17348.586,https://www.coches.net/volkswagen-t-cross-advance-10-tsi-81kw-110cv-5p-gasolina-2023-en-las-palmas-62271808-covo.aspx,2.0669461983347888
RENAULT Clio Serie limitada Limited TCe,13490.0,13771.979,https://www.coches.net/renault-clio-serie-limitada-limited-tce-67-kw-91cv-5p-gasolina-2021-en-madrid-70347929-covo.aspx,2.047480071981533
BMW X1 sDrive18d,23900.0,24392.145,https://www.coches.net/bmw-x1-sdrive18d-5p-diesel-2020-en-madrid-70355310-covo.aspx,2.0176353523138935
MITSUBISHI Space Star 120 MPI Kaiteki,13985.0,14269.261,https://www.coches.net/mitsubishi-space-star-120-mpi-kaiteki-5p-gasolina-2024-en-sta-c-tenerife-70497344-covo.aspx,1.9921196151884348
LAND-ROVER Range Rover Evoque 2.0 D204 Dynamic SE AUTO 4WD MHEV,44900.0,45810.844,https://www.coches.net/land-rover-range-rover-evoque-20-d204-dynamic-se-auto-4wd-mhev-5p-electrico-hibrido-2024-en-sta-c-tenerife-61887290-covo.aspx,1.9882710630056883
VOLKSWAGEN T-Roc R 2.0 TSI 4Motion DSG,42900.0,43760.65,https://www.coches.net/volkswagen-t-roc-r-20-tsi-221kw-300cv-4motion-dsg-5p-gasolina-2024-en-barcelona-70490177-covo.aspx,1.9667177435206395
SEAT Ibiza 1.0 MPI Reference Plus,12499.0,12749.428,https://www.coches.net/seat-ibiza-10-mpi-59kw-80cv-reference-plus-5p-gasolina-2022-en-alicante-70438553-covo.aspx,1.9642272546852975
TOYOTA Yaris 1.5 120H Style Plus,18990.0,19368.26,https://www.coches.net/toyota-yaris-15-120h-style-plus-5p-electrico-hibrido-2020-en-sta-c-tenerife-70119610-covo.aspx,1.952987879150297
MAZDA CX-30 eSKYACTIVG 2.0 2WD Homura,24790.0,25283.271,https://www.coches.net/mazda-cx-30-eskyactivg-20-110-kw-2wd-homura-5p-electrico-hibrido-2022-en-madrid-70511742-covo.aspx,1.9509796613141641
MERCEDES-BENZ Clase A MercedesAMG A 45 S 4MATIC,56490.0,57603.844,https://www.coches.net/mercedes-benz-clase-a-mercedesamg-a-45-s-4matic-5p-gasolina-2020-en-castellon-70501728-covo.aspx,1.9336274760310592
VOLKSWAGEN T-Cross Life 1.0 TSI,15990.0,16304.388,https://www.coches.net/volkswagen-t-cross-life-10-tsi-70kw-95cv-5p-gasolina-2024-en-sta-c-tenerife-62613665-covo.aspx,1.9282398161010745
FORD Puma 1.0 EcoBoost Titanium X MHEV,18900.0,19271.303,https://www.coches.net/ford-puma-10-ecoboost-125cv-titanium-x-mhev-5p-electrico-hibrido-2021-en-vizcaya-62506867-covo.aspx,1.9267132040466175
CITROEN C3 PureTech SS Shine EAT6,13990.0,14264.716,https://www.coches.net/citroen-c3-puretech-81kw-110cv-ss-shine-eat6-5p-gasolina-2022-en-madrid-70427463-covo.aspx,1.9258415223478442
CUPRA León 1.5 TSI,28290.0,28839.04,https://www.coches.net/cupra-leon-15-tsi-110kw-150cv-5p-gasolina-2026-en-a-coruna-70383516-covo.aspx,1.9038049822330136
FORD Kuga STLine X 2.5 Duratec PHEV Auto,34350.0,35006.082,https://www.coches.net/ford-kuga-stline-x-25-duratec-phev-178kw-auto-5p-electrico-hibrido-2024-en-madrid-70271850-covo.aspx,1.8741944061729452
LAND-ROVER Range Rover Sport 4.4 V8 530 PS AWD Auto MHEV Autobiograph,149900.0,152762.25,https://www.coches.net/land-rover-range-rover-sport-44-v8-530-ps-awd-auto-mhev-autobiograph-5p-electrico-hibrido-2025-en-madrid-70507340-covo.aspx,1.8736631595829465
MERCEDES-BENZ Mercedes-AMG SL MercedesAMG SL 63 4MATIC,149900.0,152758.89,https://www.coches.net/mercedes-benz-mercedes-amg-sl-mercedesamg-sl-63-4matic-2p-gasolina-2023-en-murcia-70486459-covo.aspx,1.8715052284702334
NISSAN QASHQAI DIGT mHEV 4x2 Acenta,20900.0,21295.365,https://www.coches.net/nissan-qashqai-digt-103kw-140cv-mhev-4x2-acenta-5p-electrico-hibrido-2024-en-valencia-70361934-covo.aspx,1.8565787908478837
PORSCHE Panamera 4S,55990.0,57038.89,https://www.coches.net/porsche-panamera-4s-5p-gasolina-2018-en-asturias-70460992-covo.aspx,1.8389043221332815
AUDI A6 40 TDI S tronic,33700.0,34327.316,https://www.coches.net/audi-a6-40-tdi-150kw-204cv-s-tronic-4p-electrico-hibrido-2022-en-murcia-62341639-covo.aspx,1.827455425952796
DFSK 500 1.5 T Luxury,17650.0,17974.91,https://www.coches.net/dfsk-500-15-t-luxury-5p-gasolina-2024-en-huelva-70414197-covo.aspx,1.8075759679779344
KIA Picanto 1.0 DPi AMT GT Line,11900.0,12117.792,https://www.coches.net/kia-picanto-10-dpi-49kw-67cv-amt-gt-line-5p-gasolina-2023-en-madrid-70488001-covo.aspx,1.7972910603508738
SEAT León 2.0 TDI StSp FR,15000.0,15273.525,https://www.coches.net/seat-leon-20-tdi-150cv-stsp-fr-5p-diesel-2015-en-murcia-70445245-covo.aspx,1.7908464721110942
SEAT Ateca 1.5 TSI FR Special Edition,32200.0,32784.867,https://www.coches.net/km-0/seat/ateca/burgos/15-tsi-110kw-150cv-fr-special-edition-gasolina-de-km0-70233660-kovn.aspx,1.7839547256820805
JEEP Avenger 1.2 G Altitude,15900.0,16186.965,https://www.coches.net/jeep-avenger-12-g-74kw-100cv-altitude-5p-gasolina-2024-en-madrid-70466083-covo.aspx,1.7728144004760775
MAZDA CX-60 eSkyactiv PHEV AWD ExclusiveLine,39490.0,40197.367,https://www.coches.net/mazda-cx-60-eskyactiv-phev-awd-exclusiveline-5p-electrico-hibrido-2022-en-madrid-70511745-covo.aspx,1.75973511946814
KIA Sportage 1.6 TGDi PHEV Tech 4x4,36570.0,37219.188,https://www.coches.net/kia-sportage-16-tgdi-phev-198kw-265cv-tech-4x4-5p-electrico-hibrido-2024-en-sevilla-62393438-covo.aspx,1.7442280275462758
HYUNDAI i20 1.0 TGDI Klass,12985.0,13214.612,https://www.coches.net/hyundai-i20-10-tgdi-74kw-100cv-klass-5p-gasolina-2021-en-las-palmas-70484076-covo.aspx,1.7375636862691137
TOYOTA Rav4 2.5l 220H Advance,28990.0,29483.67,https://www.coches.net/toyota-rav4-25l-220h-advance-5p-electrico-hibrido-2022-en-barcelona-70430146-covo.aspx,1.6743842377258757
MERCEDES-BENZ Clase GLA GLA 220 CDI 4Matic AMG Line,17900.0,18203.658,https://www.coches.net/mercedes-benz-clase-gla-gla-220-cdi-4matic-amg-line-5p-diesel-2015-en-murcia-61716601-covo.aspx,1.6681163738444142
KIA Ceed 1.5 MHEV Tech DCT,25200.0,25619.43,https://www.coches.net/kia-ceed-15-mhev-103kw-140cv-tech-dct-5p-electrico-hibrido-2025-en-madrid-70406966-covo.aspx,1.6371546619737765
CUPRA Formentor 1.4 eHybrid 204 CV DSG,21985.0,22346.744,https://www.coches.net/cupra-formentor-14-ehybrid-150kw-204-cv-dsg-5p-electrico-hibrido-2022-en-las-palmas-70497354-covo.aspx,1.6187778333550233
BMW X2 sDrive18i,24985.0,25395.047,https://www.coches.net/bmw-x2-sdrive18i-5p-gasolina-2022-en-las-palmas-70380999-covo.aspx,1.6146726447024917
CITROEN Berlingo M Plus Diesel Manual,23390.0,23767.516,https://www.coches.net/km-0/citroen/berlingo/guipuzcoa/m-plus-diesel-100cv-manual-diesel-de-km0-70447860-kovn.aspx,1.5883680522456793
TOYOTA Yaris 1.5 125 SEdition,17600.0,17883.818,https://www.coches.net/toyota-yaris-15-125-sedition-5p-gasolina-2022-en-granada-70474807-covo.aspx,1.5870120892064286
PEUGEOT 2008 Allure Puretech 100 SS BVM6,13990.0,14214.172,https://www.coches.net/peugeot-2008-allure-puretech-100-ss-bvm6-5p-gasolina-2020-en-sta-c-tenerife-61410457-covo.aspx,1.5771011985177645
RENAULT Captur evolution EcoG,18990.0,19289.38,https://www.coches.net/renault-captur-evolution-ecog-100cv-74-kw-5p-otros-2024-en-valencia-70381796-covo.aspx,1.5520501231095516
RENAULT Clio Evolution dCi 100,19790.0,20101.258,https://www.coches.net/renault-clio-evolution-dci-100-74kw-5p-diesel-2024-en-madrid-70316402-covo.aspx,1.548449432385489
AUDI A3 RS 3 Sportback TFSI quattro S tron,69990.0,71081.29,https://www.coches.net/audi-a3-rs-3-sportback-tfsi-294kw-quattro-s-tron-5p-gasolina-2026-en-las-palmas-62543528-covo.aspx,1.5352690938686506
HYUNDAI i20 1.0 TGDI Klass,12985.0,13187.161,https://www.coches.net/hyundai-i20-10-tgdi-74kw-100cv-klass-5p-gasolina-2021-en-las-palmas-70484078-covo.aspx,1.5330148071784724
HYUNDAI i20 1.0 TGDI Klass,12985.0,13187.161,https://www.coches.net/hyundai-i20-10-tgdi-74kw-100cv-klass-5p-gasolina-2021-en-las-palmas-70484077-covo.aspx,1.5330148071784724
BMW X6 M50d,45000.0,45670.105,https://www.coches.net/bmw-x6-m50d-5p-diesel-2017-en-ciudad-real-70401941-covo.aspx,1.4672737491454295
KIA Stonic 1.0 TGDi Concept,11990.0,12160.52,https://www.coches.net/kia-stonic-10-tgdi-74kw-100cv-concept-5p-gasolina-2019-en-madrid-70470765-covo.aspx,1.4022388666191468
LAND-ROVER Range Rover Sport 3.0 TDV6 HSE Dynamic,30000.0,30423.709,https://www.coches.net/land-rover-range-rover-sport-30-tdv6-190kw-258cv-hse-dynamic-5p-diesel-2018-en-murcia-61032591-covo.aspx,1.3926933911726815
PORSCHE Taycan 4S Cross Turismo,65990.0,66917.61,https://www.coches.net/porsche-taycan-4s-cross-turismo-5p-electrico-hibrido-2022-en-asturias-70186113-covo.aspx,1.3861962249753488
MERCEDES-BENZ Clase E Cabrio E 320,32900.0,33362.38,https://www.coches.net/mercedes-benz-clase-e-cabrio-e-320-2p-gasolina-2016-en-madrid-70468937-covo.aspx,1.3859290656380006
VOLKSWAGEN CC 2.0 TDI BluemotionTechnology,13990.0,14184.951,https://www.coches.net/volkswagen-cc-20-tdi-140cv-bluemotiontechnology-4p-diesel-2015-en-madrid-70316386-covo.aspx,1.374352082801219
LAND-ROVER Defender 3.0 I6 400 XDynamic HSE 90 AT 4WD MHEV,96900.0,98226.12,https://www.coches.net/land-rover-defender-30-i6-400-xdynamic-hse-90-at-4wd-mhev-3p-electrico-hibrido-2024-en-madrid-70061042-covo.aspx,1.3500657721903297
AUDI A3 Sportback Genuine 35 TDI,26990.0,27356.436,https://www.coches.net/audi-a3-sportback-genuine-35-tdi-110kw-150cv-5p-diesel-2023-en-zaragoza-70430539-covo.aspx,1.3394857171619308
SEAT León 1.0 TSI SS Style 25 Aniversario,18900.0,19152.64,https://www.coches.net/seat-leon-10-tsi-81kw-ss-style-25-aniversario-5p-gasolina-2024-en-guipuzcoa-70074049-covo.aspx,1.3190903016800064
MERCEDES-BENZ Clase E E 200 d,23490.0,23803.234,https://www.coches.net/mercedes-benz-clase-e-e-200-d-4p-diesel-2018-en-vizcaya-62273749-covo.aspx,1.3159319866588508
BMW X1 xDrive20d,11900.0,12054.127,https://www.coches.net/bmw-x1-xdrive20d-5p-diesel-2014-en-a-coruna-70147712-covo.aspx,1.2786239411975249
MERCEDES-BENZ CLA CLA 250 e,38990.0,39493.29,https://www.coches.net/mercedes-benz-cla-cla-250-e-4p-electrico-hibrido-2024-en-jaen-70500621-covo.aspx,1.2743660364765295
SEAT León 1.0 TSI SS Style XS,18750.0,18989.936,https://www.coches.net/seat-leon-10-tsi-81kw-ss-style-xs-5p-gasolina-2024-en-madrid-70316418-covo.aspx,1.26348794751167
CITROEN C4 PureTech 130 SS 6v Shine,14990.0,15180.919,https://www.coches.net/citroen-c4-puretech-130-ss-6v-shine-5p-gasolina-2023-en-madrid-70316364-covo.aspx,1.257624429721701
DACIA Jogger S.L. Extreme Go TCe,17400.0,17620.02,https://www.coches.net/dacia-jogger-sl-extreme-go-tce-81kw-110cv-5p-5p-gasolina-2022-en-madrid-70405950-covo.aspx,1.2486906206873618
NISSAN Micra IGT 92 CV E6DF NDesign Black,14985.0,15169.479,https://www.coches.net/nissan-micra-igt-68-kw-92-cv-e6df-ndesign-black-5p-gasolina-2022-en-las-palmas-70497394-covo.aspx,1.216116397376362
AUDI A6 e-tron Sportback S Line etron Performance,69900.0,70754.625,https://www.coches.net/audi-a6-e-tron-sportback-s-line-etron-performance-5p-electrico-hibrido-2026-en-jaen-70347177-covo.aspx,1.2078715702330414
VOLKSWAGEN Golf 2.0 TSI DSG GTI BMT,15000.0,15180.24,https://www.coches.net/volkswagen-golf-20-tsi-220cv-dsg-gti-bmt-3p-gasolina-2015-en-murcia-62266900-covo.aspx,1.187334532208876
KIA e-Niro eNiro Winter Edition,34900.0,35308.055,https://www.coches.net/kia-e-niro-eniro-150kw-204cv-winter-edition-5p-electrico-hibrido-2024-en-huelva-70050443-covo.aspx,1.1556985824100423
HYUNDAI i20 1.2 MPI SLX,13985.0,14148.173,https://www.coches.net/hyundai-i20-12-mpi-slx-5p-gasolina-2021-en-sta-c-tenerife-70430308-covo.aspx,1.1533139527941196
PORSCHE 718 Cayman GTS,75000.0,75843.26,https://www.coches.net/porsche-718-cayman-gts-3p-gasolina-2020-en-murcia-61919200-covo.aspx,1.1118428148019504
HYUNDAI Kona 1.6 GDI HEV Maxx DCT,20900.0,21132.27,https://www.coches.net/hyundai-kona-16-gdi-hev-maxx-dct-5p-electrico-hibrido-2023-en-madrid-70488000-covo.aspx,1.0991225098020079
OPEL Grandland X PHEV 1.6 Turbo Ultimate Auto 4x2,25290.0,25558.773,https://www.coches.net/opel-grandland-x-phev-16-turbo-ultimate-auto-4x2-5p-electrico-hibrido-2021-en-sevilla-62212732-covo.aspx,1.0515897335889126
MG ZS 1.5 Comfort,14990.0,15147.167,https://www.coches.net/mg-zs-15-comfort-5p-gasolina-2023-en-huelva-70429345-covo.aspx,1.0375999173215855
MERCEDES-BENZ EQB EQB 350 4MATIC,32990.0,33326.996,https://www.coches.net/mercedes-benz-eqb-eqb-350-4matic-5p-electrico-hibrido-2022-en-las-palmas-62537309-covo.aspx,1.0111805240472866
OPEL Grandland X 1.6 CDTi Selective,12990.0,13120.575,https://www.coches.net/opel-grandland-x-16-cdti-selective-5p-diesel-2018-en-madrid-70470763-covo.aspx,0.9951941387382904
KIA Niro 1.6 GDi HEV Concept,19975.0,20174.754,https://www.coches.net/kia-niro-16-gdi-hev-104kw-141cv-concept-5p-electrico-hibrido-2024-en-valencia-62532114-covo.aspx,0.9901181802674561
MITSUBISHI ASX 160 HEV Kaiteki,26790.0,27049.88,https://www.coches.net/mitsubishi-asx-160-hev-kaiteki-5p-electrico-hibrido-2025-en-huelva-70210430-covo.aspx,0.9607467800913807
MERCEDES-BENZ CLA CLA 200,31985.0,32293.18,https://www.coches.net/mercedes-benz-cla-cla-200-4p-gasolina-2020-en-las-palmas-70380994-covo.aspx,0.9543181888009925
MAZDA CX-30 eSKYACTIVG 2.0 2WD AT Homura,25990.0,26239.803,https://www.coches.net/mazda-cx-30-eskyactivg-20-110-kw-2wd-at-homura-5p-electrico-hibrido-2022-en-madrid-70477320-covo.aspx,0.951999284841232
MITSUBISHI Space Star 120 MPI Kaiteki,13985.0,14119.408,https://www.coches.net/mitsubishi-space-star-120-mpi-kaiteki-5p-gasolina-2024-en-las-palmas-70497356-covo.aspx,0.9519393532035705
LEXUS NX 2.5 300h Luxury 4WD,21890.0,22099.086,https://www.coches.net/lexus-nx-25-300h-luxury-4wd-5p-electrico-hibrido-2016-en-madrid-70470771-covo.aspx,0.9461293471201969
KIA Sportage 1.6 GDi Concept 4x2,11990.0,12102.599,https://www.coches.net/kia-sportage-16-gdi-97kw-132cv-concept-4x2-5p-gasolina-2017-en-sevilla-62314608-covo.aspx,0.9303674047920849
SKODA Karoq 1.5 TSI ACT Selection,27500.0,27755.412,https://www.coches.net/skoda-karoq-15-tsi-110kw-150cv-act-selection-5p-gasolina-2025-en-jaen-70432355-covo.aspx,0.9202245254673374
VOLVO XC60 2.0 B4 D AWD Core Auto,24990.0,25219.438,https://www.coches.net/volvo-xc60-20-b4-d-awd-core-auto-5p-electrico-hibrido-2024-en-vizcaya-70387262-covo.aspx,0.9097645417349217
PORSCHE Cayenne Coupé EHybrid,68990.0,69609.125,https://www.coches.net/porsche-cayenne-coupe-ehybrid-5p-electrico-hibrido-2022-en-badajoz-70453018-covo.aspx,0.889430803791888
PEUGEOT 308 Allure Hybrid 180 eEAT8,25990.0,26219.125,https://www.coches.net/peugeot-308-5p-allure-hybrid-180-eeat8-5p-electrico-hibrido-2023-en-madrid-70417469-covo.aspx,0.8738849980691574
SKODA Fabia 1.0 TSI DSG Design,19900.0,20069.998,https://www.coches.net/skoda-fabia-10-tsi-85kw-115cv-dsg-design-5p-gasolina-2025-en-guipuzcoa-62058066-covo.aspx,0.8470257270476893
BMW iX1 eDrive20,39900.0,40231.164,https://www.coches.net/bmw-ix1-edrive20-5p-electrico-hibrido-2024-en-ciudad-real-61789590-covo.aspx,0.823153071050913
BMW iX1 eDrive20,39900.0,40225.13,https://www.coches.net/bmw-ix1-edrive20-5p-electrico-hibrido-2024-en-cuenca-70291271-covo.aspx,0.808273124513177
KIA XCeed 1.6 GDi PHEV eDrive,23790.0,23981.205,https://www.coches.net/kia-xceed-16-gdi-phev-104kw-141cv-edrive-5p-electrico-hibrido-2022-en-huelva-70322034-covo.aspx,0.7973122180561811
KIA Stonic 1.0 TGDi MHEV iMT Drive,16900.0,17034.328,https://www.coches.net/kia-stonic-10-tgdi-88kw-120cv-mhev-imt-drive-5p-electrico-hibrido-2021-en-madrid-61004150-covo.aspx,0.788573074407653
LAND-ROVER Range Rover Sport 4.4 V8 635 PS AWD Auto MHEV SV,227600.0,229404.0,https://www.coches.net/land-rover-range-rover-sport-44-v8-635-ps-awd-auto-mhev-sv-5p-electrico-hibrido-2026-en-madrid-70065021-covo.aspx,0.7863855904866524
FORD Puma 1.0 EcoBoost Titanium X MHEV,18900.0,19049.613,https://www.coches.net/ford-puma-10-ecoboost-125cv-titanium-x-mhev-5p-electrico-hibrido-2021-en-vizcaya-62506865-covo.aspx,0.7853874986389364
SKODA Fabia 1.0 TSI DSG Monte Carlo,24900.0,25093.404,https://www.coches.net/skoda-fabia-10-tsi-85kw-115cv-dsg-monte-carlo-5p-gasolina-2026-en-guipuzcoa-70168828-covo.aspx,0.7707375794327179
VOLVO V60 2.0 B4 D Plus Dark Auto,28500.0,28721.197,https://www.coches.net/volvo-v60-20-b4-d-plus-dark-auto-5p-electrico-hibrido-2024-en-madrid-70471061-covo.aspx,0.7701533594831724
BMW X1 sDrive20d,42490.0,42808.273,https://www.coches.net/bmw-x1-sdrive20d-5p-electrico-hibrido-2025-en-valencia-70492100-covo.aspx,0.7434858076317388
LAND-ROVER Range Rover Evoque 2.0 D163 RDynamic S AUTO 4WD MHEV,35900.0,36160.79,https://www.coches.net/land-rover-range-rover-evoque-20-d163-rdynamic-s-auto-4wd-mhev-5p-electrico-hibrido-2023-en-sta-c-tenerife-61887303-covo.aspx,0.7211929530886464
LAND-ROVER Range Rover Evoque 2.0 D163 SE AUTO 4WD MHEV,35900.0,36160.79,https://www.coches.net/land-rover-range-rover-evoque-20-d163-se-auto-4wd-mhev-5p-electrico-hibrido-2023-en-sta-c-tenerife-61887302-covo.aspx,0.7211929530886464
BMW Serie 3 318d Touring,25990.0,26175.357,https://www.coches.net/bmw-serie-3-318d-touring-5p-diesel-2020-en-vizcaya-70482768-covo.aspx,0.7081371187699428
AUDI A3 RS3 Sportback TFSI quattro S tron,62999.0,63439.74,https://www.coches.net/audi-a3-rs3-sportback-tfsi-294kw-quattro-s-tron-5p-gasolina-2022-en-alicante-70023040-covo.aspx,0.6947353396952188
FORD Puma 1.0 EcoBoost STLine X MHEV,22490.0,22644.107,https://www.coches.net/ford-puma-10-ecoboost-125cv-stline-x-mhev-5p-electrico-hibrido-2021-en-vizcaya-62506855-covo.aspx,0.6805630224405614
OPEL Corsa 1.2T XHL GS,13985.0,14077.302,https://www.coches.net/opel-corsa-12t-xhl-74kw-100cv-gs-5p-gasolina-2023-en-sta-c-tenerife-70398613-covo.aspx,0.6556779090231206
KIA Stonic 1.0 TGDi Concept,13990.0,14081.138,https://www.coches.net/kia-stonic-10-tgdi-74kw-100cv-concept-5p-gasolina-2020-en-sta-c-tenerife-62272012-covo.aspx,0.6472324700215027
PORSCHE Cayenne Coupé GTS,149890.0,150851.72,https://www.coches.net/porsche-cayenne-coupe-gts-5p-gasolina-2025-en-pontevedra-70351031-covo.aspx,0.6375258816863828
AUDI Q3 Design edition 1.4 TFSI ultra CoD,18900.0,19019.89,https://www.coches.net/audi-q3-design-edition-14-tfsi-110kw-ultra-cod-5p-gasolina-2018-en-alicante-70379934-covo.aspx,0.6303433987281406
AUDI Q2 S line 30 TDI,21990.0,22125.541,https://www.coches.net/audi-q2-s-line-30-tdi-85kw-116cv-5p-diesel-2023-en-murcia-70471387-covo.aspx,0.6125997801783978
MAZDA CX-30 eSKYACTIVG 2.0 2WD AT Homura,24900.0,25052.703,https://www.coches.net/mazda-cx-30-eskyactivg-20-110-kw-2wd-at-homura-5p-electrico-hibrido-2022-en-madrid-70499582-covo.aspx,0.6095275397552535
TOYOTA Corolla 1.8 125H ACTIVE TECH ECVT,17990.0,18098.625,https://www.coches.net/toyota-corolla-18-125h-active-tech-ecvt-5p-electrico-hibrido-2022-en-madrid-70417511-covo.aspx,0.6001837156137552
BMW Serie 1 118d,13990.0,14071.109,https://www.coches.net/bmw-serie-1-118d-2p-diesel-2013-en-valencia-70482716-covo.aspx,0.5764248776582337
MITSUBISHI ASX 130T MHEV Kaiteki,22900.0,23031.537,https://www.coches.net/mitsubishi-asx-130t-mhev-kaiteki-5p-electrico-hibrido-2025-en-valencia-70354280-covo.aspx,0.5711173715863617
KIA Stonic 1.2 DPi Concept,14590.0,14673.264,https://www.coches.net/kia-stonic-12-dpi-62kw-84cv-concept-5p-gasolina-2023-en-madrid-70281209-covo.aspx,0.5674516163339706
NISSAN QASHQAI 1.2 DIGT ACENTA,8888.0,8935.524,https://www.coches.net/nissan-qashqai-12-digt-acenta-5p-gasolina-2016-en-navarra-62231546-covo.aspx,0.5318592604112556
MG ZS 1.5 Comfort,16790.0,16874.064,https://www.coches.net/mg-zs-15-comfort-5p-gasolina-2024-en-sevilla-70503042-covo.aspx,0.4981873416361856
DFSK Fengon 5 1.5T Classic,21985.0,22091.328,https://www.coches.net/dfsk-fengon-5-15t-classic-5p-gasolina-2021-en-sta-c-tenerife-70430300-covo.aspx,0.48131160063514744
CITROEN C3 Aircross PureTech LIVE,9290.0,9334.851,https://www.coches.net/citroen-c3-aircross-puretech-60kw-82cv-live-5p-gasolina-2019-en-sta-c-tenerife-62219876-covo.aspx,0.4804638866428696
CITROEN C3 Aircross PureTech LIVE,9290.0,9334.851,https://www.coches.net/citroen-c3-aircross-puretech-60kw-82cv-live-5p-gasolina-2019-en-sta-c-tenerife-62219874-covo.aspx,0.4804638866428696
MAZDA Mazda6e EV 245 CV Gran Autonomia RWD Takumi,38400.0,38582.754,https://www.coches.net/km-0/mazda/mazda6e/madrid/ev-245-cv-gran-autonomia-rwd-takumi-electrico-hibrido-de-km0-70452695-kovn.aspx,0.473667345503805
AUDI A5 S Line 35 TDI S tronic Sportback,29990.0,30132.639,https://www.coches.net/audi-a5-s-line-35-tdi-120kw-s-tronic-sportback-5p-electrico-hibrido-2022-en-sevilla-70431364-covo.aspx,0.47336933691152355
OPEL Insignia GS Edition 1.5D DVH MT6,16990.0,17066.867,https://www.coches.net/opel-insignia-gs-edition-15d-dvh-90kw-122cv-mt6-5p-diesel-2022-en-madrid-70238163-covo.aspx,0.45038838502416273
AUDI Q3 35 TDI S tronic,26390.0,26501.709,https://www.coches.net/audi-q3-35-tdi-110kw-150cv-s-tronic-5p-diesel-2022-en-madrid-70326894-covo.aspx,0.4215161536973404
PEUGEOT 2008 Active BlueHDI,13900.0,13957.599,https://www.coches.net/peugeot-2008-active-bluehdi-81kw-110cv-5p-diesel-2021-en-madrid-70495131-covo.aspx,0.412668642563579
TOYOTA Yaris 1.0 70 Active,12890.0,12942.839,https://www.coches.net/toyota-yaris-10-70-active-5p-gasolina-2018-en-madrid-70499581-covo.aspx,0.4082478946829535
MERCEDES-BENZ Clase E Cabrio E 220 d,32800.0,32934.367,https://www.coches.net/mercedes-benz-clase-e-cabrio-e-220-d-2p-diesel-2018-en-almeria-70432500-covo.aspx,0.40798472530238283
FORD Kuga STLine X 2.5 Duratec PHEV Auto,39500.0,39660.684,https://www.coches.net/ford-kuga-stline-x-25-duratec-phev-178kw-auto-5p-electrico-hibrido-2024-en-huelva-70148707-covo.aspx,0.4051457997948417
SKODA Octavia 2.0 TSI DSG RS,29990.0,30109.816,https://www.coches.net/skoda-octavia-20-tsi-180kw-245cv-dsg-rs-5p-gasolina-2021-en-zaragoza-70430500-covo.aspx,0.3979313743843662
PEUGEOT e-Rifter eRifter Active Pack Standard,21990.0,22077.69,https://www.coches.net/peugeot-e-rifter-erifter-active-pack-standard-100kw-4p-electrico-hibrido-2023-en-vizcaya-70236434-covo.aspx,0.39718582558732357
JEEP Renegade 1.6 Mjet Limited 4x2 E6,12900.0,12950.184,https://www.coches.net/jeep-renegade-16-mjet-limited-4x2-e6-5p-diesel-2017-en-madrid-70426999-covo.aspx,0.3875126046415244
FIAT 500 Dolcevita 1.0 Hybrid 70 CV,11450.0,11493.693,https://www.coches.net/fiat-500-dolcevita-10-hybrid-51kw-70-cv-3p-electrico-hibrido-2022-en-malaga-70475531-covo.aspx,0.38015073143882744
PEUGEOT 208 Allure Puretech 100,16990.0,17054.688,https://www.coches.net/peugeot-208-allure-puretech-100-5p-gasolina-2024-en-madrid-70326917-covo.aspx,0.3792945487860742
MAZDA Mazda6 2.2 DE Style Nav WGN,17990.0,18057.727,https://www.coches.net/mazda-mazda6-22-de-110kw-style-nav-wgn-5p-diesel-2017-en-malaga-70109426-covo.aspx,0.3750558646770405
FORD Puma 1.0 EcoBoost STLine X MHEV,19990.0,20058.186,https://www.coches.net/ford-puma-10-ecoboost-92kw-stline-x-mhev-5p-electrico-hibrido-2021-en-vizcaya-70290205-covo.aspx,0.3399387582473684
BMW X5 xDrive45e,52500.0,52675.918,https://www.coches.net/bmw-x5-xdrive45e-5p-electrico-hibrido-2022-en-murcia-70465541-covo.aspx,0.33396279653705013
SUBARU XV 2.0i Hybrid CVT Executive Plus,22990.0,23066.648,https://www.coches.net/subaru-xv-20i-hybrid-cvt-executive-plus-5p-electrico-hibrido-2022-en-madrid-70238503-covo.aspx,0.33229117662100754
LAND-ROVER Range Rover Velar 2.0 D180 S 4WD Auto,26990.0,27073.057,https://www.coches.net/land-rover-range-rover-velar-20-d180-132kw-180cv-s-4wd-auto-5p-diesel-2019-en-madrid-70448139-covo.aspx,0.3067870825504341
SEAT León SP 1.5 TSI Style EVO Edition,19990.0,20051.049,https://www.coches.net/seat-leon-sp-15-tsi-85kw-style-evo-edition-5p-gasolina-2026-en-barcelona-70498495-covo.aspx,0.30446700643094865
MERCEDES-BENZ GLE Coupé MercedesAMG GLE 63 S 4MATIC,129900.0,130259.98,https://www.coches.net/mercedes-benz-gle-coupe-mercedesamg-gle-63-s-4matic-5p-gasolina-2023-en-malaga-70313205-covo.aspx,0.2763523931138432
NISSAN JUKE DIGT 114 CV 6MT NConnecta,18900.0,18944.254,https://www.coches.net/nissan-juke-digt-84-kw-114-cv-6mt-nconnecta-5p-gasolina-2021-en-albacete-70224146-covo.aspx,0.2336006816050959
MERCEDES-BENZ Clase C C 200 d,24999.0,25057.203,https://www.coches.net/mercedes-benz-clase-c-c-200-d-4p-diesel-2019-en-valencia-70457570-covo.aspx,0.23228101200939602
AUDI A1 Sportback Adrenalin 30 TFSI,16590.0,16626.28,https://www.coches.net/audi-a1-sportback-adrenalin-30-tfsi-81kw-110cv-5p-gasolina-2022-en-madrid-70224484-covo.aspx,0.2182045437058121
NISSAN QASHQAI dCi 115 CV E6D ACENTA,13750.0,13779.222,https://www.coches.net/nissan-qashqai-dci-85-kw-115-cv-e6d-acenta-5p-diesel-2020-en-madrid-70388958-covo.aspx,0.21207061158306817
SEAT Ibiza 1.0 MPI Reference Plus,11500.0,11524.17,https://www.coches.net/seat-ibiza-10-mpi-59kw-80cv-reference-plus-5p-gasolina-2020-en-murcia-62496256-covo.aspx,0.2097324322606614
RENAULT Twingo Zen Energy TCe 90 MY 2015,7500.0,7515.5366,https://www.coches.net/renault-twingo-zen-energy-tce-90-my-2015-5p-gasolina-2015-en-barcelona-62642983-covo.aspx,0.20672670332207
BMW Serie 3 320e,28800.0,28854.426,https://www.coches.net/bmw-serie-3-320e-4p-electrico-hibrido-2022-en-valencia-70495157-covo.aspx,0.1886219523570163
MG ZS 1.0T Luxury Auto,18490.0,18524.688,https://www.coches.net/mg-zs-10t-luxury-auto-5p-gasolina-2023-en-madrid-70255130-covo.aspx,0.1872501223030078
CITROEN Grand C4 Spacetourer PureTech SS 6v Feel,13990.0,14014.256,https://www.coches.net/citroen-grand-c4-spacetourer-puretech-96kw-130cv-ss-6v-feel-5p-gasolina-2021-en-malaga-70282373-covo.aspx,0.17307989534652146
MG ZS 1.5 Comfort,16990.0,17018.662,https://www.coches.net/mg-zs-15-comfort-5p-gasolina-2024-en-huelva-70508862-covo.aspx,0.16841576141999448
MINI COUNTRYMAN Cooper S E ALL4,25900.0,25934.178,https://www.coches.net/mini-countryman-cooper-s-e-all4-5p-electrico-hibrido-2022-en-sta-c-tenerife-70473423-covo.aspx,0.1317864584914077
FIAT Tipo Garmin 1.5 Hybrid DCT,19900.0,19922.613,https://www.coches.net/fiat-tipo-garmin-15-hybrid-97kw-130cv-dct-5p-electrico-hibrido-2023-en-murcia-70488953-covo.aspx,0.11350559753765987
JAGUAR XE 2.0 AJ200D Diesel Auto AWD XE RSport,17990.0,18008.432,https://www.coches.net/jaguar-xe-20-aj200d-diesel-auto-awd-xe-rsport-4p-diesel-2017-en-las-palmas-70319439-covo.aspx,0.10235006019858103
BMW Serie 2 218i Gran Coupe,20690.0,20705.404,https://www.coches.net/bmw-serie-2-218i-gran-coupe-4p-gasolina-2022-en-vizcaya-70429440-covo.aspx,0.0743974696370692
HYUNDAI Bayon 1.0 TGDI 48V Maxx,15290.0,15300.152,https://www.coches.net/hyundai-bayon-10-tgdi-74kw-100cv-48v-maxx-5p-electrico-hibrido-2021-en-sevilla-62505387-covo.aspx,0.06635452720931342
JEEP Compass 2.2 CRD Sport 4x2 136 CV,8490.0,8494.724,https://www.coches.net/jeep-compass-22-crd-sport-4x2-136-cv-5p-diesel-2013-en-valencia-70154152-covo.aspx,0.05560666852367112
DACIA Duster Prestige TCE 66kW90CV 4X2,14990.0,14998.192,https://www.coches.net/dacia-duster-prestige-tce-66kw90cv-4x2-5p-gasolina-2021-en-huelva-70370736-covo.aspx,0.05462246785078071
VOLKSWAGEN Polo 1.8 GTI,8990.0,8993.138,https://www.coches.net/volkswagen-polo-18-gti-150cv-3p-gasolina-2007-en-a-coruna-62643118-covo.aspx,0.03488988402941349
PORSCHE Macan,28999.0,29007.414,https://www.coches.net/porsche-macan--5p-gasolina-2019-en-alicante-70014830-covo.aspx,0.029006592872673445
MAZDA CX-5 2.2 D 2WD Evolution,22990.0,22995.98,https://www.coches.net/mazda-cx-5-22-d-110kw-150cv-2wd-evolution-5p-diesel-2020-en-murcia-62503570-covo.aspx,0.026006583011874865
AUDI A4 Avant Advanced 35 TDI S tronic,21990.0,21995.646,https://www.coches.net/audi-a4-avant-advanced-35-tdi-110kw-s-tronic-5p-diesel-2019-en-cadiz-70429003-covo.aspx,0.025670918011030414
DACIA Duster Essent. Blue dCi 4X2,15290.0,15291.447,https://www.coches.net/dacia-duster-essent-blue-dci-70kw-95cv-4x2-5p-diesel-2019-en-madrid-70281252-covo.aspx,0.009464543151866579
HONDA CR-V 2.0 iMMD 4x2 Sport Line,24990.0,24982.373,https://www.coches.net/honda-cr-v-20-immd-4x2-sport-line-5p-electrico-hibrido-2022-en-madrid-70317044-covo.aspx,-0.03052933806844279
FORD Tourneo Courier 1.0 EcoBoost Ambiente,11490.0,11483.416,https://www.coches.net/ford-tourneo-courier-10-ecoboost-74kw-100cv-ambiente-5p-gasolina-2017-en-barcelona-70485930-covo.aspx,-0.057334719616893175
BMW X2 xDrive20d,43900.0,43862.824,https://www.coches.net/bmw-x2-xdrive20d-5p-electrico-hibrido-2025-en-albacete-70467894-covo.aspx,-0.08475464567579874
BMW Serie 3 320d Auto.Touring,29500.0,29467.473,https://www.coches.net/bmw-serie-3-320d-autotouring-5p-electrico-hibrido-2025-en-pontevedra-70339794-covo.aspx,-0.110383893893598
RENAULT Clio Techno TCe,16890.0,16869.314,https://www.coches.net/renault-clio-techno-tce-67-kw-91cv-5p-gasolina-2022-en-madrid-70351130-covo.aspx,-0.1226223325937709
HYUNDAI Bayon 1.2 MPI Essence,14800.0,14781.452,https://www.coches.net/hyundai-bayon-12-mpi-essence-5p-gasolina-2023-en-valencia-70505079-covo.aspx,-0.12548057779600927
LAMBORGHINI Urus 4.0 V8 S,215000.0,214691.81,https://www.coches.net/lamborghini-urus-40-v8-s-5p-gasolina-2024-en-murcia-70325845-covo.aspx,-0.14354879043186614
VOLKSWAGEN Polo Life 1.0 TSI,16900.0,16872.992,https://www.coches.net/volkswagen-polo-life-10-tsi-70kw-95cv-5p-gasolina-2022-en-jaen-70347128-covo.aspx,-0.16006534110771514
KIA Rio 1.2 DPi Concept,15490.0,15459.742,https://www.coches.net/kia-rio-12-dpi-62kw-84cv-concept-5p-gasolina-2023-en-valencia-62622855-covo.aspx,-0.1957200329282658
VOLKSWAGEN Golf 2.0 TDI,17490.0,17454.543,https://www.coches.net/volkswagen-golf-20-tdi-85kw-115cv-5p-diesel-2021-en-madrid-70355354-covo.aspx,-0.20313927046661162
HYUNDAI Bayon 1.2 MPI Maxx,14290.0,14259.222,https://www.coches.net/hyundai-bayon-12-mpi-maxx-5p-gasolina-2021-en-sevilla-70201896-covo.aspx,-0.21584852949122907
HYUNDAI Bayon 1.2 MPI Maxx,15985.0,15950.276,https://www.coches.net/hyundai-bayon-12-mpi-maxx-5p-gasolina-2023-en-sta-c-tenerife-70398834-covo.aspx,-0.21769925494164208
RENAULT Mégane S.T. Intens Blue dCi,15990.0,15951.9795,https://www.coches.net/renault-megane-st-intens-blue-dci-85-kw-115cv-5p-diesel-2021-en-madrid-70426768-covo.aspx,-0.23834350985168073
CITROEN C5 Aircross BlueHdi SS Feel,15990.0,15946.617,https://www.coches.net/citroen-c5-aircross-bluehdi-96kw-130cv-ss-feel-5p-diesel-2020-en-madrid-70406595-covo.aspx,-0.2720502536049231
TOYOTA Corolla 1.8 125H ACTIVE TECH ECVT TOU SPORT,17790.0,17740.363,https://www.coches.net/toyota-corolla-18-125h-active-tech-ecvt-tou-sport-5p-electrico-hibrido-2022-en-barcelona-70397405-covo.aspx,-0.27979539067535125
MERCEDES-BENZ CLA CLA 180 Shooting Brake,19990.0,19933.912,https://www.coches.net/mercedes-benz-cla-cla-180-shooting-brake-5p-gasolina-2019-en-pontevedra-62595206-covo.aspx,-0.28136920799716797
PEUGEOT 208 PureTech Active,11490.0,11457.73,https://www.coches.net/peugeot-208-puretech-55kw-75cv-active-5p-gasolina-2020-en-madrid-70347766-covo.aspx,-0.2816398180949748
CITROEN C4 Spacetourer PureTech SS 6v Feel,10990.0,10957.007,https://www.coches.net/citroen-c4-spacetourer-puretech-96kw-130cv-ss-6v-feel-5p-gasolina-2018-en-guipuzcoa-70485763-covo.aspx,-0.30111475292948514
PORSCHE Cayenne Coupé,59990.0,59802.418,https://www.coches.net/porsche-cayenne-coupe--5p-gasolina-2020-en-alicante-70426245-covo.aspx,-0.31366964350508664
PEUGEOT 508 Business Line BlueHDi SS 6vel MAN,13990.0,13944.723,https://www.coches.net/peugeot-508-business-line-bluehdi-96kw-ss-6vel-man-5p-diesel-2018-en-madrid-70316377-covo.aspx,-0.32469160460288377
PORSCHE Macan Macan S,59985.0,59787.19,https://www.coches.net/porsche-macan-macan-s-5p-gasolina-2019-en-las-palmas-70497353-covo.aspx,-0.33085446748268155
HYUNDAI Bayon 1.2 MPI Maxx,13985.0,13935.137,https://www.coches.net/hyundai-bayon-12-mpi-maxx-5p-gasolina-2021-en-las-palmas-70355055-covo.aspx,-0.3578241265685465
VOLVO V90 2.0 B4 D RDesign Auto,28990.0,28886.414,https://www.coches.net/volvo-v90-20-b4-d-rdesign-auto-5p-electrico-hibrido-2021-en-murcia-70240494-covo.aspx,-0.3585974267206605
LAND-ROVER Range Rover Evoque 2.0L TD4 4x4 HSE Dynamic Auto,19990.0,19917.92,https://www.coches.net/land-rover-range-rover-evoque-20l-td4-110kw-4x4-hse-dynamic-auto-5p-diesel-2017-en-zamora-70234420-covo.aspx,-0.3618855704196176
MERCEDES-BENZ Clase GLC GLC 220 d 4MATIC,23700.0,23608.34,https://www.coches.net/mercedes-benz-clase-glc-glc-220-d-4matic-5p-diesel-2018-en-albacete-70224351-covo.aspx,-0.38825329039079315
VOLKSWAGEN Taigo Life 1.0 TSI DSG,19490.0,19410.902,https://www.coches.net/volkswagen-taigo-life-10-tsi-81kw-110cv-dsg-5p-gasolina-2024-en-malaga-70314018-covo.aspx,-0.4074908772876712
POLESTAR 3 Long Range Dual Motor Performance,87900.0,87540.63,https://www.coches.net/km-0/polestar/3/asturias/long-range-dual-motor-performance-electrico-hibrido-de-km0-70464969-kovn.aspx,-0.41051472436772884
MAZDA CX-5 2.0 GE Homura sin Pack Bose,28900.0,28780.0,https://www.coches.net/mazda-cx-5-20-ge-121kw-homura-sin-pack-bose-5p-gasolina-2022-en-madrid-70499580-covo.aspx,-0.4169562195969423
MITSUBISHI L200 DC 220 DID MPro Auto,23990.0,23885.184,https://www.coches.net/mitsubishi-l200-dc-220-did-mpro-auto-4p-diesel-2020-en-vizcaya-70471373-covo.aspx,-0.4388344173223234
PEUGEOT 2008 GT Puretech 130 SS BVM6,16490.0,16417.508,https://www.coches.net/peugeot-2008-gt-puretech-130-ss-bvm6-5p-gasolina-2021-en-guipuzcoa-70498345-covo.aspx,-0.44155415260290437
OPEL Mokka 1.5 D Business Elegance,16490.0,16414.102,https://www.coches.net/opel-mokka-15-d-business-elegance-5p-diesel-2022-en-madrid-70424746-covo.aspx,-0.4623977572637857
VOLKSWAGEN T-Roc Advance 1.5 TSI DSG,23900.0,23777.494,https://www.coches.net/volkswagen-t-roc-advance-15-tsi-110kw-150cv-dsg-5p-gasolina-2021-en-valladolid-70383616-covo.aspx,-0.5152177039787081
PORSCHE 911 Carrera,161900.0,161068.25,https://www.coches.net/porsche-911-carrera-2p-gasolina-2026-en-murcia-70478493-covo.aspx,-0.5163959998323692
DACIA Duster Journey TCE 48v 4X2,24340.0,24207.758,https://www.coches.net/dacia-duster-journey-tce-96kw-48v-130cv-4x2-5p-electrico-hibrido-2024-en-madrid-70326844-covo.aspx,-0.5462801987869979
FORD Puma 1.0 EcoBoost Titanium X MHEV,16900.0,16807.238,https://www.coches.net/ford-puma-10-ecoboost-125cv-titanium-x-mhev-5p-electrico-hibrido-2021-en-vizcaya-62506870-covo.aspx,-0.5519152950516809
HYUNDAI IONIQ 1.6 GDI HEV Tecno DT,16900.0,16800.865,https://www.coches.net/hyundai-ioniq-16-gdi-hev-tecno-dt-5p-electrico-hibrido-2019-en-guadalajara-70434087-covo.aspx,-0.5900575014563401
TOYOTA Rav4 150D AWD Advance,16999.0,16897.273,https://www.coches.net/toyota-rav4-150d-awd-advance-5p-diesel-2015-en-alicante-70129143-covo.aspx,-0.602029450942298
SEAT León SP 1.5 TSI Style 25 Aniversario,20900.0,20769.297,https://www.coches.net/seat-leon-sp-15-tsi-85kw-style-25-aniversario-5p-gasolina-2025-en-guipuzcoa-70430619-covo.aspx,-0.6293093395825418
NISSAN Micra 1.0G 70 CV E6C Acenta,10990.0,10920.63,https://www.coches.net/nissan-micra-10g-52-kw-70-cv-e6c-acenta-5p-gasolina-2019-en-ciudad-real-70371871-covo.aspx,-0.6352208428625402
BMW Serie 1 118d,11500.0,11421.592,https://www.coches.net/bmw-serie-1-118d-5p-diesel-2014-en-murcia-60642191-covo.aspx,-0.6864910296168424
KIA Niro 1.6 GDi HEV Emotion,21900.0,21746.33,https://www.coches.net/kia-niro-16-gdi-hev-104kw-141cv-emotion-5p-electrico-hibrido-2022-en-madrid-70204431-covo.aspx,-0.7066476105298299
VOLVO XC40 1.5 T4 Recharge PHEV Essential Auto,26440.0,26252.594,https://www.coches.net/volvo-xc40-15-t4-recharge-phev-essential-auto-5p-electrico-hibrido-2023-en-madrid-70326849-covo.aspx,-0.7138580354560204
SEAT Arona 1.0 TSI Xperience,19900.0,19754.908,https://www.coches.net/seat-arona-10-tsi-85kw-115cv-xperience-5p-gasolina-2025-en-jaen-70313200-covo.aspx,-0.7344594841096156
SEAT Arona 1.0 TSI Xperience,19900.0,19754.908,https://www.coches.net/seat-arona-10-tsi-85kw-115cv-xperience-5p-gasolina-2025-en-jaen-70474014-covo.aspx,-0.7344594841096156
SEAT Arona 1.0 TSI Style Edition Eco,12900.0,12803.545,https://www.coches.net/seat-arona-10-tsi-70kw-95cv-style-edition-eco-5p-gasolina-2020-en-malaga-70474826-covo.aspx,-0.7533466607377259
TOYOTA Yaris 1.0 70 Business,12900.0,12801.556,https://www.coches.net/toyota-yaris-10-70-business-5p-gasolina-2019-en-madrid-70472670-covo.aspx,-0.7690029127777058
MINI MINI COOPER 5 PUERTAS,20900.0,20729.752,https://www.coches.net/mini-mini-cooper-5-puertas-5p-gasolina-2023-en-sta-c-tenerife-61887196-covo.aspx,-0.8212739219454828
DACIA Dokker Ambiance dci EU6,6980.0,6919.543,https://www.coches.net/dacia-dokker-ambiance-dci-55kw-75cv-eu6-4p-diesel-2016-en-jaen-62642476-covo.aspx,-0.8737142253908342
VOLVO EX90 Twin BEV eAWD Ultra,86900.0,86146.02,https://www.coches.net/volvo-ex90-twin-bev-449cv-eawd-ultra-5p-electrico-hibrido-2026-en-valencia-70314335-covo.aspx,-0.875230837610304
OPEL Grandland X 1.2 Turbo Selective,12900.0,12788.014,https://www.coches.net/opel-grandland-x-12-turbo-selective-5p-gasolina-2018-en-guipuzcoa-70314487-covo.aspx,-0.8757132342710451
CUPRA Formentor 2.0 TDI 150 CV,22900.0,22700.371,https://www.coches.net/cupra-formentor-20-tdi-110kw-150-cv-5p-diesel-2022-en-guadalajara-70401181-covo.aspx,-0.8794081181561081
BMW X2 sDrive20d,44500.0,44094.586,https://www.coches.net/bmw-x2-sdrive20d-5p-electrico-hibrido-2025-en-albacete-70128791-covo.aspx,-0.9194191392898824
PEUGEOT 3008 1.6BLUEHDI ALLURE SS,9990.0,9898.353,https://www.coches.net/peugeot-3008-16bluehdi-88kw-120cv-allure-ss-5p-diesel-2016-en-pontevedra-70234737-covo.aspx,-0.9258860055329993
VOLKSWAGEN Golf 2.0 TDI,17990.0,17823.1,https://www.coches.net/volkswagen-golf-20-tdi-85kw-115cv-5p-diesel-2022-en-madrid-70462569-covo.aspx,-0.9364274132048834
MG HS 1.5T PLUG IN HYBRID LUXURY,33000.0,32692.02,https://www.coches.net/mg-hs-15t-plug-in-hybrid-luxury-5p-electrico-hibrido-2024-en-madrid-62622004-covo.aspx,-0.942066208101963
KIA XCeed 1.0 TGDi Tech,18900.0,18722.438,https://www.coches.net/kia-xceed-10-tgdi-tech-88kw-120cv-5p-gasolina-2022-en-madrid-70406968-covo.aspx,-0.9483941393848958
OPEL Astra 1.7 CDTi 125 CV Sport GTC,6900.0,6835.0015,https://www.coches.net/opel-astra-17-cdti-125-cv-sport-gtc-3p-diesel-2011-en-lugo-70495159-covo.aspx,-0.9509659286918073
MERCEDES-BENZ Clase S S 580 e,94900.0,94005.875,https://www.coches.net/mercedes-benz-clase-s-s-580-e-4p-electrico-hibrido-2023-en-madrid-70371141-covo.aspx,-0.9511373624254866
SEAT Ateca 1.5 TSI DSG FR Special Edition,33100.0,32784.867,https://www.coches.net/km-0/seat/ateca/burgos/15-tsi-110kw-dsg-fr-special-edition-gasolina-de-km0-70233366-kovn.aspx,-0.9612142416125199
VOLKSWAGEN Polo Life 1.0 TSI,16990.0,16828.098,https://www.coches.net/volkswagen-polo-life-10-tsi-70kw-95cv-5p-gasolina-2024-en-las-palmas-70504553-covo.aspx,-0.962095342309052
VOLVO XC40 1.5 T4 Twin Recharge RDesign Auto,25950.0,25700.812,https://www.coches.net/volvo-xc40-15-t4-twin-recharge-rdesign-auto-5p-electrico-hibrido-2021-en-las-palmas-70458163-covo.aspx,-0.9695705145508531
VOLKSWAGEN Polo Life 1.0 TSI,15890.0,15735.169,https://www.coches.net/volkswagen-polo-life-10-tsi-70kw-95cv-5p-gasolina-2022-en-las-palmas-70415378-covo.aspx,-0.9839808852743467
AUDI A1 Sportback Advanced 30 TFSI,21985.0,21765.88,https://www.coches.net/audi-a1-sportback-advanced-30-tfsi-81kw-110cv-5p-gasolina-2023-en-las-palmas-70286473-covo.aspx,-1.0067092714541852
TESLA Model S 100D 4WD,29900.0,29600.396,https://www.coches.net/tesla-model-s-100d-4wd-5p-electrico-hibrido-2017-en-madrid-55526134-covo.aspx,-1.012160481644731
BMW X6 M Competition,94990.0,93959.0,https://www.coches.net/bmw-x6-m-competition-5p-gasolina-2021-en-malaga-70108958-covo.aspx,-1.0972871145925351
VOLVO V60 2.0 D3 Momentum Auto,22990.0,22736.033,https://www.coches.net/volvo-v60-20-d3-momentum-auto-5p-diesel-2020-en-sevilla-70417877-covo.aspx,-1.1170233373871614
MERCEDES-BENZ Clase A A 180 d,23900.0,23635.283,https://www.coches.net/mercedes-benz-clase-a-a-180-d-5p-diesel-2020-en-valladolid-70322210-covo.aspx,-1.120006875314275
BMW Serie 2 Active Tourer 218d,38900.0,38452.766,https://www.coches.net/bmw-serie-2-active-tourer-218d-5p-diesel-2025-en-sta-c-tenerife-70465939-covo.aspx,-1.163074665061884
LAND-ROVER Discovery 3.0D I6 350 PS AWD Auto MHEV Dynamic SE,92900.0,91822.016,https://www.coches.net/land-rover-discovery-30d-i6-350-ps-awd-auto-mhev-dynamic-se-5p-electrico-hibrido-2025-en-madrid-70170251-covo.aspx,-1.1739933693053257
LAND-ROVER Range Rover Velar 2.0 D180 HSE 4WD Auto,27000.0,26682.646,https://www.coches.net/land-rover-range-rover-velar-20-d180-132kw-180cv-hse-4wd-auto-5p-diesel-2019-en-murcia-61723324-covo.aspx,-1.1893629659668052
FIAT Grande Panda La Prima MHEV,21990.0,21730.86,https://www.coches.net/fiat-grande-panda-la-prima-mhev-81kw-110cv-5p-electrico-hibrido-2025-en-madrid-70164059-covo.aspx,-1.1925005842066474
RENAULT Arkana RS Line ETECH Hibrido 105kW145CV SS,23990.0,23694.564,https://www.coches.net/renault-arkana-rs-line-etech-hibrido-105kw145cv-ss-5p-electrico-hibrido-2021-en-madrid-70449805-covo.aspx,-1.2468494513138686
MERCEDES-BENZ GLE Coupé GLE 400 d 4MATIC,63990.0,63195.535,https://www.coches.net/mercedes-benz-gle-coupe-gle-400-d-4matic-5p-diesel-2022-en-alicante-70427197-covo.aspx,-1.2571534393777943
CITROEN C4 Spacetourer PureTech SS 6v Feel,11900.0,11750.658,https://www.coches.net/citroen-c4-spacetourer-puretech-96kw-130cv-ss-6v-feel-5p-gasolina-2018-en-madrid-70406321-covo.aspx,-1.2709228223086573
RENAULT Arkana RS Line TCe 103kW140CV EDC mild hy SS,20471.0,20213.34,https://www.coches.net/renault-arkana-rs-line-tce-103kw140cv-edc-mild-hy-ss-5p-electrico-hibrido-2021-en-barcelona-70501740-covo.aspx,-1.2747035286683164
MERCEDES-BENZ GLE Coupé GLE 350 de 4MATIC,99990.0,98723.26,https://www.coches.net/mercedes-benz-gle-coupe-gle-350-de-4matic-5p-electrico-hibrido-2025-en-badajoz-70308543-covo.aspx,-1.283124377748816
MINI CLUBMAN Cooper,21900.0,21615.326,https://www.coches.net/mini-clubman-cooper-5p-gasolina-2023-en-murcia-62323381-covo.aspx,-1.316999918767852
HYUNDAI Bayon 1.2 MPI Maxx,15985.0,15773.566,https://www.coches.net/hyundai-bayon-12-mpi-maxx-5p-gasolina-2023-en-las-palmas-70286466-covo.aspx,-1.3404298578045302
HYUNDAI Bayon 1.2 MPI Maxx,15985.0,15773.566,https://www.coches.net/hyundai-bayon-12-mpi-maxx-5p-gasolina-2023-en-las-palmas-70466454-covo.aspx,-1.3404298578045302
PORSCHE Macan GTS,40999.0,40454.6,https://www.coches.net/porsche-macan-gts-5p-gasolina-2018-en-alicante-62464597-covo.aspx,-1.3457021364032868
PEUGEOT 3008 1.2 PureTech SS Active Pack,17490.0,17250.092,https://www.coches.net/peugeot-3008-12-puretech-96kw-ss-active-pack-5p-gasolina-2022-en-vizcaya-70290208-covo.aspx,-1.3907647909935261
LAND-ROVER Range Rover Sport 2.0 Si4 PHEV HSE Dynamic,54900.0,54145.832,https://www.coches.net/land-rover-range-rover-sport-20-si4-phev-297kw-404cv-hse-dynamic-5p-electrico-hibrido-2021-en-madrid-70150570-covo.aspx,-1.392845839574015
MERCEDES-BENZ Clase B B 170 BE,9990.0,9851.519,https://www.coches.net/mercedes-benz-clase-b-b-170-be-5p-gasolina-2009-en-malaga-70108160-covo.aspx,-1.40568628626912
FIAT 500 Dolcevita 1.0 Hybrid 70 CV,11990.0,11823.763,https://www.coches.net/fiat-500-dolcevita-10-hybrid-52kw-70-cv-3p-electrico-hibrido-2020-en-madrid-70367239-covo.aspx,-1.4059594138624276
LAND-ROVER Range Rover Sport 2.0 Si4 PHEV HSE Silver,53900.0,53140.84,https://www.coches.net/land-rover-range-rover-sport-20-si4-phev-297kw-404cv-hse-silver-5p-electrico-hibrido-2022-en-madrid-62193109-covo.aspx,-1.4285814045885583
HYUNDAI Tucson 1.6 TGDI Maxx,24490.0,24143.193,https://www.coches.net/hyundai-tucson-16-tgdi-110kw-150cv-maxx-5p-gasolina-2023-en-madrid-70238169-covo.aspx,-1.4364572054024998
MERCEDES-BENZ EQS SUV EQS 450 4MATIC,85990.0,84770.74,https://www.coches.net/mercedes-benz-eqs-suv-eqs-450-4matic-5p-electrico-hibrido-2023-en-jaen-70503083-covo.aspx,-1.4383002685091362
KIA Sportage 1.6 TGDi PHEV Drive 4x4,39990.0,39413.355,https://www.coches.net/kia-sportage-16-tgdi-phev-185kw-252cv-drive-4x4-5p-electrico-hibrido-2025-en-sevilla-62193752-covo.aspx,-1.4630688617902858
MERCEDES-BENZ Clase C C Coupe 220 d,18990.0,18716.018,https://www.coches.net/mercedes-benz-clase-c-c-coupe-220-d-2p-diesel-2017-en-zamora-70352356-covo.aspx,-1.4638927364292846
SUZUKI S-Cross 1.4T S2 4WD Mild Hybrid,18800.0,18526.342,https://www.coches.net/suzuki-s-cross-14t-s2-4wd-mild-hybrid-5p-electrico-hibrido-2022-en-lugo-70494863-covo.aspx,-1.4771302728051812
BMW X1 xDrive25e,42500.0,41869.49,https://www.coches.net/bmw-x1-xdrive25e-5p-electrico-hibrido-2025-en-madrid-70466076-covo.aspx,-1.5058978378590688
VOLVO XC90 2.0 T8 AWD Recharge Inscription Exp Auto,34900.0,34381.93,https://www.coches.net/volvo-xc90-20-t8-awd-recharge-inscription-exp-auto-5p-electrico-hibrido-2022-en-almeria-70402182-covo.aspx,-1.5068098771906664
FORD Fiesta 1.5 TDCi Trend,8600.0,8472.048,https://www.coches.net/ford-fiesta-15-tdci-55kw-75cv-trend-5p-5p-diesel-2017-en-asturias-70503099-covo.aspx,-1.510285950685486
PORSCHE Cayenne Coupé EHybrid,73985.0,72861.625,https://www.coches.net/porsche-cayenne-coupe-ehybrid-5p-electrico-hibrido-2022-en-las-palmas-70497355-covo.aspx,-1.5417924044378644
NISSAN QASHQAI DIGT mHEV 4x2 Tekna,23990.0,23623.93,https://www.coches.net/nissan-qashqai-digt-103kw-140cv-mhev-4x2-tekna-5p-electrico-hibrido-2024-en-madrid-70156526-covo.aspx,-1.549574170522937
PEUGEOT E-5008 GT Electrico,43990.0,43314.465,https://www.coches.net/km-0/peugeot/e-5008/vizcaya/gt-electrico-157kw-electrico-hibrido-de-km0-70466905-kovn.aspx,-1.5596063778852745
RENAULT Scénic Zen Energy TCe,11900.0,11716.311,https://www.coches.net/renault-scenic-zen-energy-tce-97kw-130cv-5p-gasolina-2016-en-madrid-70255138-covo.aspx,-1.5678096990523527
VOLKSWAGEN T-Roc RLine 1.5 TSI DSG,23490.0,23126.732,https://www.coches.net/volkswagen-t-roc-rline-15-tsi-110kw-150cv-dsg-5p-gasolina-2022-en-a-coruna-70457784-covo.aspx,-1.5707691493044396
SEAT Ateca 1.5 TSI DSG FR Special Edition,33300.0,32784.867,https://www.coches.net/km-0/seat/ateca/burgos/15-tsi-110kw-dsg-fr-special-edition-gasolina-de-km0-70233534-kovn.aspx,-1.5712517899002088
KIA Niro 1.6 GDi PHEV Drive,29690.0,29229.203,https://www.coches.net/kia-niro-16-gdi-phev-135kw-183cv-drive-5p-electrico-hibrido-2024-en-huelva-62255989-covo.aspx,-1.576494826182505
OPEL Combo 100 Cv 1.5 Td SS MT6 6.4 ebis,24990.0,24599.191,https://www.coches.net/km-0/opel/combo/vizcaya/100-cv-15-td-ss-mt6-64-ebis-diesel-de-km0-70498688-kovn.aspx,-1.5887050403238294
BMW Serie 3 330e xDrive Touring,39840.0,39213.664,https://www.coches.net/bmw-serie-3-330e-xdrive-touring-5p-electrico-hibrido-2023-en-madrid-70326853-covo.aspx,-1.5972390045003844
PORSCHE Panamera GTS,92990.0,91511.49,https://www.coches.net/porsche-panamera-gts-5p-gasolina-2020-en-badajoz-70148980-covo.aspx,-1.6156526105711961
BMW Serie 3 320d Auto.Touring,31290.0,30790.307,https://www.coches.net/bmw-serie-3-320d-autotouring-5p-electrico-hibrido-2023-en-madrid-70278352-covo.aspx,-1.6228917925607802
TOYOTA Corolla 1.8 125H ACTIVE TECH ECVT,18490.0,18182.008,https://www.coches.net/toyota-corolla-18-125h-active-tech-ecvt-5p-electrico-hibrido-2021-en-madrid-70347962-covo.aspx,-1.6939393639917897
MERCEDES-BENZ Clase C C 200 d,16000.0,15732.437,https://www.coches.net/mercedes-benz-clase-c-c-200-d-4p-diesel-2018-en-murcia-62577412-covo.aspx,-1.7007122588029868
PORSCHE Cayenne Coupé EHybrid,75990.0,74691.15,https://www.coches.net/porsche-cayenne-coupe-ehybrid-5p-electrico-hibrido-2022-en-badajoz-70414292-covo.aspx,-1.7389631698953616
LAND-ROVER Range Rover Evoque 1.5 P300e I3 S AUTO 4WD PHEV,47900.0,47079.023,https://www.coches.net/land-rover-range-rover-evoque-15-p300e-i3-s-auto-4wd-phev-5p-electrico-hibrido-2024-en-sta-c-tenerife-61887301-covo.aspx,-1.743826661124124
AUDI A5 sport 2.0 TDI Sportback,27190.0,26721.117,https://www.coches.net/audi-a5-sport-20-tdi-140kw-190cv-sportback-5p-diesel-2018-en-jaen-70401770-covo.aspx,-1.7547275782291802
MERCEDES-BENZ Clase E Cabrio E 350 CGI BE Avantgarde,17499.0,17193.08,https://www.coches.net/mercedes-benz-clase-e-cabrio-e-350-cgi-be-avantgarde-2p-gasolina-2011-en-alicante-70359554-covo.aspx,-1.7793200548412862
TOYOTA Rav4 120D 4X2 Advance,12900.0,12673.716,https://www.coches.net/toyota-rav4-120d-4x2-advance-5p-diesel-2014-en-lugo-70494867-covo.aspx,-1.7854604197833468
MINI COUNTRYMAN Cooper,18990.0,18656.783,https://www.coches.net/mini-countryman-cooper-5p-gasolina-2022-en-las-palmas-62487528-covo.aspx,-1.7860356378005526
CITROEN Berlingo Talla M BlueHDi 100 SS SHINE,13000.0,12771.719,https://www.coches.net/citroen-berlingo-talla-m-bluehdi-100-ss-shine-5p-diesel-2021-en-murcia-62577216-covo.aspx,-1.787396469249685
LAND-ROVER Range Rover Velar 3.0D D300 RDynamic 4WD Auto,36900.0,36250.3,https://www.coches.net/land-rover-range-rover-velar-30d-d300-rdynamic-4wd-auto-5p-diesel-2018-en-malaga-70280796-covo.aspx,-1.7922588357833669
SKODA Octavia Combi 2.0 TDI DSG RS,28950.0,28429.338,https://www.coches.net/skoda-octavia-combi-20-tdi-147kw-200cv-dsg-rs-5p-diesel-2023-en-madrid-70070080-covo.aspx,-1.831425379578383
KIA Stonic 1.2 DPi Concept,14985.0,14715.449,https://www.coches.net/kia-stonic-12-dpi-62kw-84cv-concept-5p-gasolina-2024-en-sta-c-tenerife-70497346-covo.aspx,-1.8317536708736433
MITSUBISHI Outlander PHEV Kaiteki 4WD,46790.0,45936.29,https://www.coches.net/mitsubishi-outlander-phev-kaiteki-4wd-5p-electrico-hibrido-2025-en-huelva-70168063-covo.aspx,-1.858467357557895
PORSCHE Cayenne Coupé EHybrid,79990.0,78512.97,https://www.coches.net/porsche-cayenne-coupe-ehybrid-5p-electrico-hibrido-2022-en-madrid-70414145-covo.aspx,-1.8812576743889844
LAND-ROVER Range Rover Velar 2.0D D240 S 4WD Auto,38900.0,38179.668,https://www.coches.net/land-rover-range-rover-velar-20d-d240-s-4wd-auto-5p-diesel-2018-en-sta-c-tenerife-61887337-covo.aspx,-1.8866901405208414
PEUGEOT 508 SW Allure BlueHDi 96kW130CV SS EAT8,11990.0,11766.374,https://www.coches.net/peugeot-508-sw-allure-bluehdi-96kw130cv-ss-eat8-5p-diesel-2019-en-castellon-61660432-covo.aspx,-1.9005513178236413
PORSCHE 911 Targa 4S,174900.0,171634.8,https://www.coches.net/porsche-911-targa-4s-2p-gasolina-2024-en-murcia-70445483-covo.aspx,-1.9024132544509704
MG MG4 51kWh Standard,25500.0,25023.05,https://www.coches.net/mg-mg4-51kwh-standard-5p-electrico-hibrido-2022-en-madrid-70274333-covo.aspx,-1.9060394470660724
TOYOTA Corolla 1.8 125H ACTIVE TECH ECVT TOU SPORT,19990.0,19615.908,https://www.coches.net/toyota-corolla-18-125h-active-tech-ecvt-tou-sport-5p-electrico-hibrido-2021-en-sta-c-tenerife-62460924-covo.aspx,-1.907083745505108
PORSCHE Macan Macan,48990.0,48072.484,https://www.coches.net/porsche-macan-macan-5p-gasolina-2022-en-murcia-70329606-covo.aspx,-1.9086087122993631
TOYOTA Corolla 1.8 125H BUSINESS PLUS ECVT,19990.0,19614.594,https://www.coches.net/toyota-corolla-18-125h-business-plus-ecvt-5p-electrico-hibrido-2021-en-madrid-70418633-covo.aspx,-1.9139129506569565
SEAT León 1.0 TSI SS Style Go S,14500.0,14227.235,https://www.coches.net/seat-leon-10-tsi-81kw-ss-style-go-s-5p-gasolina-2022-en-castellon-70427440-covo.aspx,-1.9172006485964523
BMW X1 sDrive20i,43000.0,42185.887,https://www.coches.net/bmw-x1-sdrive20i-5p-electrico-hibrido-2025-en-ciudad-real-62531505-covo.aspx,-1.9298237978915305
LAND-ROVER Range Rover Evoque 1.5 P300e I3 S AUTO 4WD PHEV,47900.0,46990.633,https://www.coches.net/land-rover-range-rover-evoque-15-p300e-i3-s-auto-4wd-phev-5p-electrico-hibrido-2024-en-sta-c-tenerife-61887329-covo.aspx,-1.9352094940464364
PEUGEOT 2008 Allure BlueHDI 130 SS EAT8,21990.0,21567.95,https://www.coches.net/peugeot-2008-allure-bluehdi-130-ss-eat8-5p-diesel-2023-en-madrid-70065444-covo.aspx,-1.9568424284080381
VOLKSWAGEN T-Roc Cabrio Style 1.0 TSI,16985.0,16657.072,https://www.coches.net/volkswagen-t-roc-cabrio-style-10-tsi-81kw-110cv-2p-gasolina-2023-en-las-palmas-70497363-covo.aspx,-1.9686997159263129
PORSCHE Taycan GTS,99900.0,97947.4,https://www.coches.net/porsche-taycan-gts-4p-electrico-hibrido-2024-en-lugo-70494903-covo.aspx,-1.9935205974316412
NISSAN QASHQAI DIGT Xtronic NConnecta,22985.0,22532.414,https://www.coches.net/nissan-qashqai-digt-116kw-xtronic-nconnecta-5p-electrico-hibrido-2024-en-las-palmas-70466456-covo.aspx,-2.0085994170204104
NISSAN JUKE DIGT 114 CV 6MT Acenta,14995.0,14698.409,https://www.coches.net/nissan-juke-digt-84-kw-114-cv-6mt-acenta-5p-gasolina-2021-en-las-palmas-70314193-covo.aspx,-2.017842997066474
RENAULT Arkana Techno TCe 103kW140CV EDC mild hybrid,26990.0,26451.088,https://www.coches.net/renault-arkana-techno-tce-103kw140cv-edc-mild-hybrid-5p-electrico-hibrido-2024-en-murcia-70015452-covo.aspx,-2.03739109560785
LAND-ROVER Defender 4.4 V8 635 Octa Black 110 Auto 4WD,234100.0,229404.0,https://www.coches.net/land-rover-defender-44-v8-635-octa-black-110-auto-4wd-5p-electrico-hibrido-2026-en-madrid-70409614-covo.aspx,-2.047043643528448
CITROEN Berlingo Talla M BlueHDi 100 SS LIVE,13000.0,12737.782,https://www.coches.net/citroen-berlingo-talla-m-bluehdi-100-ss-live-4p-diesel-2020-en-murcia-60828973-covo.aspx,-2.0585826384336277
FIAT 500 1.2 8v Mirror,9990.0,9788.095,https://www.coches.net/fiat-500-12-8v-51kw-69cv-mirror-3p-gasolina-2018-en-valencia-70317204-covo.aspx,-2.062763786802945
PORSCHE Panamera Turbo S EHybrid,84900.0,83174.48,https://www.coches.net/porsche-panamera-turbo-s-ehybrid-5p-electrico-hibrido-2018-en-madrid-70362201-covo.aspx,-2.0745828634140975
MERCEDES-BENZ GLA GLA 200 D 4MATIC,32990.0,32315.428,https://www.coches.net/mercedes-benz-gla-gla-200-d-4matic-5p-diesel-2020-en-murcia-62579102-covo.aspx,-2.0874619737972244
SEAT Arona 1.0 TSI Xperience XL,17990.0,17620.02,https://www.coches.net/seat-arona-10-tsi-81kw-xperience-xl-5p-gasolina-2023-en-madrid-70316379-covo.aspx,-2.0997733180364575
HYUNDAI i20 1.0 TGDI Klass,15700.0,15369.846,https://www.coches.net/hyundai-i20-10-tgdi-klass-5p-gasolina-2025-en-ciudad-real-70373805-covo.aspx,-2.1480651351488387
MERCEDES-BENZ Clase A A 180 d Sedan,24890.0,24365.334,https://www.coches.net/mercedes-benz-clase-a-a-180-d-sedan-4p-diesel-2022-en-madrid-70255154-covo.aspx,-2.1533298741624383
VOLKSWAGEN Polo RLine 1.0 TSI DSG,16190.0,15847.59,https://www.coches.net/volkswagen-polo-rline-10-tsi-81kw-110cv-dsg-5p-gasolina-2022-en-madrid-70234009-covo.aspx,-2.160644991610761
NISSAN JUKE DIGT 114 CV 6MT NConnecta,15850.0,15514.371,https://www.coches.net/nissan-juke-digt-84-kw-114-cv-6mt-nconnecta-5p-gasolina-2021-en-huelva-70322035-covo.aspx,-2.163342002211156
FIAT 500L Cross 1.4 16v 95 CV SS,13985.0,13687.35,https://www.coches.net/fiat-500l-cross-14-16v-70-kw-95-cv-ss-5p-gasolina-2021-en-las-palmas-70497352-covo.aspx,-2.1746386197451084
BMW X5 xDrive25d,20999.0,20550.47,https://www.coches.net/bmw-x5-xdrive25d-5p-diesel-2016-en-sevilla-70328917-covo.aspx,-2.1825743232576884
VOLVO XC90 2.0 T8 AWD Recharge RDesign Auto,45900.0,44918.492,https://www.coches.net/volvo-xc90-20-t8-awd-recharge-rdesign-auto-5p-electrico-hibrido-2022-en-valladolid-70469589-covo.aspx,-2.1850862856281177
OPEL Insignia GS GS Line 1.5D DVH MT6,20140.0,19707.695,https://www.coches.net/opel-insignia-gs-gs-line-15d-dvh-90kw-122cv-mt6-5p-diesel-2021-en-huelva-62505675-covo.aspx,-2.1935831696454233
AUDI Q3 45 TFSI e S tronic S Line,27990.0,27388.133,https://www.coches.net/audi-q3-45-tfsi-e-180kw-s-tronic-s-line-5p-electrico-hibrido-2022-en-madrid-70469307-covo.aspx,-2.1975473524259623
SUZUKI Vitara 1.4 T GLE 4WD Mild Hybrid,18900.0,18490.68,https://www.coches.net/suzuki-vitara-14-t-gle-4wd-mild-hybrid-5p-electrico-hibrido-2022-en-lugo-70494866-covo.aspx,-2.2136574718597672
LAND-ROVER Discovery Sport 1.5 I3 PHEV 309PS AWD Auto SE,44900.0,43914.508,https://www.coches.net/land-rover-discovery-sport-15-i3-phev-309ps-awd-auto-se-5p-electrico-hibrido-2023-en-sta-c-tenerife-61887258-covo.aspx,-2.244115297176314
KIA Sportage 1.6 MHEV Business 4x2,18995.0,18576.312,https://www.coches.net/kia-sportage-16-mhev-business-100kw-136cv-4x2-5p-electrico-hibrido-2021-en-las-palmas-70470858-covo.aspx,-2.2538784271636256
MERCEDES-BENZ GLC Coupé GLC 300 de 4MATIC,55990.0,54736.535,https://www.coches.net/mercedes-benz-glc-coupe-glc-300-de-4matic-5p-electrico-hibrido-2024-en-las-palmas-62413464-covo.aspx,-2.2899966908242915
VOLKSWAGEN T-Roc Style 1.5 TSI Cabrio,22990.0,22472.676,https://www.coches.net/volkswagen-t-roc-style-15-tsi-110kw-150cv-cabrio-2p-gasolina-2022-en-madrid-70417510-covo.aspx,-2.302014338593483
SEAT Ibiza 1.0 MPI Reference,11900.0,11631.793,https://www.coches.net/seat-ibiza-10-mpi-59kw-80cv-reference-5p-gasolina-2019-en-valladolid-70429404-covo.aspx,-2.3058098778972904
OPEL Astra 1.6 Selective,6950.0,6793.134,https://www.coches.net/opel-astra-16-selective-5p-gasolina-2012-en-valencia-70486238-covo.aspx,-2.3091877152495863
RENAULT Espace Zen Energy dCi TT EDC,13990.0,13669.124,https://www.coches.net/renault-espace-zen-energy-dci-118kw-160cv-tt-edc-5p-diesel-2016-en-castellon-61751887-covo.aspx,-2.3474509120870963
BMW X2 sDrive20d,44500.0,43478.75,https://www.coches.net/bmw-x2-sdrive20d-5p-electrico-hibrido-2025-en-ciudad-real-70081819-covo.aspx,-2.348848575453526
RENAULT Kadjar Zen Blue dCi EDC,15900.0,15533.748,https://www.coches.net/renault-kadjar-zen-blue-dci-85kw-115cv-edc-5p-diesel-2020-en-malaga-70185340-covo.aspx,-2.357782243022029
RENAULT Mégane Sp. Tourer Intens En. dCi,14690.0,14349.603,https://www.coches.net/renault-megane-sp-tourer-intens-en-dci-81kw-110cv-5p-diesel-2016-en-madrid-70317051-covo.aspx,-2.372173445298361
CITROEN C3 PureTech CSeries,11985.0,11706.719,https://www.coches.net/citroen-c3-puretech-60kw-83cv-cseries-5p-gasolina-2023-en-sta-c-tenerife-70307781-covo.aspx,-2.377107163354377
MERCEDES-BENZ GLA GLA 250 e,39985.0,39037.582,https://www.coches.net/mercedes-benz-gla-gla-250-e-5p-electrico-hibrido-2023-en-las-palmas-70497395-covo.aspx,-2.426938143841957
FIAT 500 Dolcevita 1.0 Hybrid 70 CV,12190.0,11897.823,https://www.coches.net/fiat-500-dolcevita-10-hybrid-51kw-70-cv-3p-electrico-hibrido-2024-en-madrid-70452091-covo.aspx,-2.4557160739831363
SEAT Ateca 1.5 TSI DSG FR 75 Aniversario,33600.0,32784.867,https://www.coches.net/km-0/seat/ateca/burgos/15-tsi-110kw-dsg-fr-75-aniversario-gasolina-de-km0-70169468-kovn.aspx,-2.4863081123317423
HYUNDAI i30 1.4 TGDI Tecno Tech DCT,13490.0,13156.307,https://www.coches.net/hyundai-i30-14-tgdi-tecno-tech-dct-5p-gasolina-2017-en-barcelona-70485749-covo.aspx,-2.5363756599028893
KIA Sportage 1.6 TGDi PHEV Drive 4x4,35690.0,34805.34,https://www.coches.net/kia-sportage-16-tgdi-phev-198kw-265cv-drive-4x4-5p-electrico-hibrido-2023-en-sevilla-62393441-covo.aspx,-2.541736872047404
CITROEN C3 PureTech CSeries,11985.0,11683.27,https://www.coches.net/citroen-c3-puretech-60kw-83cv-cseries-5p-gasolina-2023-en-las-palmas-70446863-covo.aspx,-2.5825858758367417
BMW X3 xDrive30e xLine,36190.0,35270.438,https://www.coches.net/bmw-x3-xdrive30e-xline-5p-electrico-hibrido-2023-en-madrid-70255160-covo.aspx,-2.6071763357060713
MG eHS 1.5TGDI PHEV Luxury,24900.0,24265.266,https://www.coches.net/mg-ehs-15tgdi-phev-luxury-5p-electrico-hibrido-2022-en-madrid-70477311-covo.aspx,-2.615814657911869
AUDI A3 Sportback Advanced 30 TFSI S tronic,22900.0,22313.81,https://www.coches.net/audi-a3-sportback-advanced-30-tfsi-81kw-s-tronic-5p-electrico-hibrido-2023-en-madrid-70468264-covo.aspx,-2.6270253209042083
RENAULT Grand Scénic Zen TCe GPF,17900.0,17439.688,https://www.coches.net/renault-grand-scenic-zen-tce-103-kw-140cv-gpf-5p-gasolina-2020-en-madrid-70255131-covo.aspx,-2.6394538319565646
PORSCHE Cayenne Coupé EHybrid,72990.0,71079.57,https://www.coches.net/porsche-cayenne-coupe-ehybrid-5p-electrico-hibrido-2020-en-badajoz-70386873-covo.aspx,-2.687733872195388
AUDI A3 Sportback S line 40 TFSI e S tron,31490.0,30665.33,https://www.coches.net/audi-a3-sportback-s-line-40-tfsi-e-150kw-s-tron-5p-electrico-hibrido-2022-en-madrid-70500632-covo.aspx,-2.6892582593241845
SEAT Arona 1.0 TSI FR Special Edition,20900.0,20351.826,https://www.coches.net/seat-arona-10-tsi-85kw-115cv-fr-special-edition-5p-gasolina-2025-en-jaen-70473909-covo.aspx,-2.6934871765097093
HONDA CR-V 2.0 iMMD 4x2Elegance Navi,28990.0,28229.201,https://www.coches.net/honda-cr-v-20-immd-4x2elegance-navi-5p-electrico-hibrido-2023-en-barcelona-70489192-covo.aspx,-2.695077425297428
MERCEDES-BENZ Clase GLC GLC 200 4MATIC,37500.0,36513.84,https://www.coches.net/mercedes-benz-clase-glc-glc-200-4matic-5p-electrico-hibrido-2021-en-madrid-70487927-covo.aspx,-2.700784580504203
PORSCHE 911 GT3 Pack Touring,208000.0,202506.45,https://www.coches.net/porsche-911-gt3-pack-touring-2p-gasolina-2023-en-murcia-70428525-covo.aspx,-2.7127762055113522
BMW X6 xDrive30d,53990.0,52557.945,https://www.coches.net/bmw-x6-xdrive30d-5p-electrico-hibrido-2022-en-madrid-70426097-covo.aspx,-2.724715890214625
VOLKSWAGEN Passat Alltrack 2.0 TDI 4Mot DSG,25890.0,25202.986,https://www.coches.net/volkswagen-passat-alltrack-20-tdi-147kw-200cv-4mot-dsg-5p-diesel-2023-en-madrid-70281194-covo.aspx,-2.725921694082477
KIA Niro 1.6 GDi PHEV Emotion,35890.0,34930.03,https://www.coches.net/kia-niro-16-gdi-phev-126kw-171cv-emotion-5p-electrico-hibrido-2025-en-sevilla-60415894-covo.aspx,-2.748261927191949
PEUGEOT 3008 Hybrid 1.2 Allure eDCS6,29750.0,28952.945,https://www.coches.net/peugeot-3008-hybrid-12-107kw-allure-edcs6-5p-electrico-hibrido-2025-en-ciudad-real-70233462-covo.aspx,-2.752931278310686
SMART forfour 60kW81CV electric drive,11985.0,11663.131,https://www.coches.net/smart-forfour-60kw81cv-electric-drive-5p-electrico-hibrido-2019-en-las-palmas-70497377-covo.aspx,-2.7597147327407097
AUDI A3 RS3 Sportback TFSI quattro S tron,57999.0,56436.88,https://www.coches.net/audi-a3-rs3-sportback-tfsi-294kw-quattro-s-tron-5p-gasolina-2022-en-alicante-70072269-covo.aspx,-2.767908367762353
CITROEN C3 Aircross PureTech SS Feel,12990.0,12636.416,https://www.coches.net/citroen-c3-aircross-puretech-81kw-110cv-ss-feel-5p-gasolina-2021-en-las-palmas-70314677-covo.aspx,-2.798135040329405
AUDI Q3 35 TFSI S tronic,31900.0,31027.062,https://www.coches.net/audi-q3-35-tfsi-110kw-150cv-s-tronic-5p-electrico-hibrido-2021-en-valencia-70319977-covo.aspx,-2.8134713042847674
PORSCHE Macan Macan,59990.0,58341.69,https://www.coches.net/porsche-macan-macan-5p-gasolina-2022-en-asturias-70307854-covo.aspx,-2.8252670672030273
KIA Sportage 1.6 TGDi PHEV Drive 4x4,34890.0,33914.895,https://www.coches.net/kia-sportage-16-tgdi-phev-198kw-265cv-drive-4x4-5p-electrico-hibrido-2023-en-sevilla-60533468-covo.aspx,-2.8751540649832017
LAND-ROVER Range Rover Sport 3.0 I6 PHEV 460 PS AWD Auto SE,99900.0,97106.65,https://www.coches.net/land-rover-range-rover-sport-30-i6-phev-460-ps-awd-auto-se-5p-electrico-hibrido-2025-en-madrid-62502285-covo.aspx,-2.876581168690899
VOLVO XC60 2.0 B4 G Core Auto,32499.0,31580.662,https://www.coches.net/volvo-xc60-20-b4-g-core-auto-5p-electrico-hibrido-2024-en-alicante-70486659-covo.aspx,-2.907912086974209
VOLKSWAGEN Polo Life 1.0 TSI,16990.0,16508.22,https://www.coches.net/volkswagen-polo-life-10-tsi-70kw-95cv-5p-gasolina-2024-en-las-palmas-70214129-covo.aspx,-2.9184204981206685
BMW X6 xDrive40d M Sport,84900.0,82476.78,https://www.coches.net/bmw-x6-xdrive40d-m-sport-5p-electrico-hibrido-2025-en-malaga-70264076-covo.aspx,-2.938061734798847
SKODA Karoq 2.0 TDI DSG 4X4 Ambition,23490.0,22813.547,https://www.coches.net/skoda-karoq-20-tdi-110kw-150cv-dsg-4x4-ambition-5p-diesel-2021-en-madrid-70354645-covo.aspx,-2.9651379012059036
KIA Picanto 1.0 DPi Concept,12650.0,12285.687,https://www.coches.net/kia-picanto-10-dpi-49kw-67cv-concept-5p-gasolina-2022-en-las-palmas-70417616-covo.aspx,-2.9653489519490535
LAND-ROVER Range Rover Velar 2.0 D180 RDynamic S 4WD Auto,30900.0,30003.924,https://www.coches.net/land-rover-range-rover-velar-20-d180-132kw-rdynamic-s-4wd-auto-5p-diesel-2019-en-asturias-62355810-covo.aspx,-2.9865299519092847
PEUGEOT 3008 Hybrid 1.2 Allure eDCS6,31900.0,30972.96,https://www.coches.net/km-0/peugeot/3008-hybrid/asturias/12-107kw-allure-edcs6-electrico-hibrido-de-km0-61479120-kovn.aspx,-2.993059218234453
RENAULT Kadjar Zen Blue dCi,14490.0,14066.267,https://www.coches.net/renault-kadjar-zen-blue-dci-85kw-115cv-5p-diesel-2019-en-barcelona-70486089-covo.aspx,-3.012408412552277
BMW X1 sDrive20d,41900.0,40670.543,https://www.coches.net/bmw-x1-sdrive20d-5p-electrico-hibrido-2025-en-madrid-70425176-covo.aspx,-3.0229668489911163
AUDI A3 Sportback 2.0 TDI 150 S tronic Ambition,15999.0,15526.355,https://www.coches.net/audi-a3-sportback-20-tdi-150-s-tronic-ambition-5p-diesel-2014-en-alicante-70024823-covo.aspx,-3.044143438563511
CITROEN C4 Picasso BlueHDi SS Live Edition,9490.0,9208.918,https://www.coches.net/citroen-c4-picasso-bluehdi-100cv-ss-live-edition-5p-diesel-2015-en-valencia-62269165-covo.aspx,-3.052280758758388
HYUNDAI i20 1.1 CRDi Essence,10900.0,10576.851,https://www.coches.net/hyundai-i20-11-crdi-essence-5p-diesel-2015-en-valladolid-70322209-covo.aspx,-3.0552517636218175
KIA XCeed 1.6 GDi PHEV eTech,23490.0,22792.951,https://www.coches.net/kia-xceed-16-gdi-phev-104kw-141cv-etech-5p-electrico-hibrido-2023-en-madrid-70358965-covo.aspx,-3.058177165689331
BMW X5 xDrive40d,19900.0,19304.553,https://www.coches.net/bmw-x5-xdrive40d-5p-diesel-2013-en-madrid-70278442-covo.aspx,-3.0844913830337344
SEAT Ateca 1.5 TSI DSG FR Special Edition,33800.0,32784.867,https://www.coches.net/km-0/seat/ateca/burgos/15-tsi-110kw-dsg-fr-special-edition-gasolina-de-km0-70233410-kovn.aspx,-3.096345660619431
MERCEDES-BENZ Clase GLC GLC 220 d 4MATIC,36990.0,35879.055,https://www.coches.net/mercedes-benz-clase-glc-glc-220-d-4matic-5p-diesel-2022-en-almeria-70471381-covo.aspx,-3.096361713473586
KIA Sorento 2.0 CRDi Drive 4x2,8990.0,8719.447,https://www.coches.net/kia-sorento-20-crdi-150cv-drive-4x2-5p-diesel-2010-en-madrid-70271118-covo.aspx,-3.1028656534412455
PORSCHE Cayenne Diesel,32000.0,31032.701,https://www.coches.net/porsche-cayenne-diesel-5p-diesel-2018-en-murcia-62643626-covo.aspx,-3.1170307179114167
KIA Sportage 1.6 TGDi MHEV 30 Aniversario 4x2,31900.0,30935.41,https://www.coches.net/kia-sportage-16-tgdi-118kw-mhev-30-aniversario-4x2-5p-electrico-hibrido-2025-en-madrid-70396694-covo.aspx,-3.1180767892780636
TOYOTA Yaris 1.5 100H Active,14900.0,14447.968,https://www.coches.net/toyota-yaris-15-100h-active-5p-electrico-hibrido-2019-en-valladolid-70421681-covo.aspx,-3.128690717275536
BMW X2 sDrive18d,23490.0,22774.004,https://www.coches.net/bmw-x2-sdrive18d-5p-diesel-2020-en-madrid-70326870-covo.aspx,-3.1439183759580596
MERCEDES-BENZ Clase C C 220 d,39990.0,38757.85,https://www.coches.net/mercedes-benz-clase-c-c-220-d-4p-electrico-hibrido-2022-en-valencia-70474813-covo.aspx,-3.179093752173199
MAZDA CX-30 eSKYACTIVG 2.0 2WD Homura,27900.0,27040.355,https://www.coches.net/mazda-cx-30-eskyactivg-20-110-kw-2wd-homura-5p-electrico-hibrido-2022-en-madrid-70511744-covo.aspx,-3.1791169766369163
VOLKSWAGEN Golf GTI 2.0 TSI DSG,32900.0,31880.18,https://www.coches.net/volkswagen-golf-gti-20-tsi-180kw-245cv-dsg-5p-gasolina-2024-en-guadalajara-70433969-covo.aspx,-3.1989164505865837
MERCEDES-BENZ Clase G MercedesAMG G 63,129900.0,125871.95,https://www.coches.net/mercedes-benz-clase-g-mercedesamg-g-63-5p-gasolina-2019-en-madrid-70395822-covo.aspx,-3.200114699896534
HYUNDAI i20 1.2 MPI Essence,10990.0,10647.513,https://www.coches.net/hyundai-i20-12-mpi-55kw-75cv-essence-5p-gasolina-2018-en-madrid-70470716-covo.aspx,-3.216594471291665
MERCEDES-BENZ GLA GLA 200,37900.0,36717.406,https://www.coches.net/mercedes-benz-gla-gla-200-5p-gasolina-2020-en-lugo-70495158-covo.aspx,-3.2207987185914035
VOLVO XC40 1.5 T4 Recharge PHEV Core Auto,27900.0,27025.203,https://www.coches.net/volvo-xc40-15-t4-recharge-phev-core-auto-5p-electrico-hibrido-2023-en-madrid-70075124-covo.aspx,-3.23696688218694
CITROEN Berlingo Multispace LIVE Edition BlueHDi 100,11500.0,11139.278,https://www.coches.net/citroen-berlingo-multispace-live-edition-bluehdi-100-4p-diesel-2015-en-valencia-70457455-covo.aspx,-3.238285904300669
TOYOTA Rav4 2.5l PLUGIN 300PH eCVT Advance,34985.0,33886.69,https://www.coches.net/toyota-rav4-25l-plugin-300ph-ecvt-advance-5p-electrico-hibrido-2021-en-las-palmas-70355051-covo.aspx,-3.241120770933187
LAND-ROVER Range Rover Evoque 2.0 D163 RDynamic S AUTO 4WD MHEV,35900.0,34769.023,https://www.coches.net/land-rover-range-rover-evoque-20-d163-rdynamic-s-auto-4wd-mhev-5p-electrico-hibrido-2022-en-sta-c-tenerife-61887296-covo.aspx,-3.2528280943323518
LAND-ROVER Range Rover Evoque 2.0 D163 RDynamic S AUTO 4WD MHEV,35900.0,34769.023,https://www.coches.net/land-rover-range-rover-evoque-20-d163-rdynamic-s-auto-4wd-mhev-5p-electrico-hibrido-2022-en-sta-c-tenerife-61887328-covo.aspx,-3.2528280943323518
SKODA Kamiq 1.0 TSI Ambition,17990.0,17416.35,https://www.coches.net/skoda-kamiq-10-tsi-85kw-115cv-ambition-5p-gasolina-2021-en-sta-c-tenerife-70006343-covo.aspx,-3.293746413520611
MERCEDES-BENZ Clase C Cabrio C 300,35990.0,34825.1,https://www.coches.net/mercedes-benz-clase-c-cabrio-c-300-2p-gasolina-2018-en-murcia-70329608-covo.aspx,-3.3449965261677046
AUDI Q2 Advanced 30 TDI S tronic,23990.0,23212.719,https://www.coches.net/audi-q2-advanced-30-tdi-85kw-116cv-s-tronic-5p-diesel-2023-en-murcia-70319949-covo.aspx,-3.3485144862662843
AUDI A3 30 TFSI S tronic Sportback,17990.0,17406.527,https://www.coches.net/audi-a3-30-tfsi-85kw-116cv-s-tronic-sportback-5p-gasolina-2019-en-vizcaya-61753951-covo.aspx,-3.3520336637365067
VOLKSWAGEN Touran Advance 1.6 TDI DSG,13985.0,13529.002,https://www.coches.net/volkswagen-touran-advance-16-tdi-85kw-115cv-dsg-5p-diesel-2019-en-sta-c-tenerife-70273578-covo.aspx,-3.3705224410117793
JEEP Renegade 1.6 Mjet Longitude 4x2 E6,13490.0,13047.405,https://www.coches.net/jeep-renegade-16-mjet-longitude-4x2-e6-5p-diesel-2017-en-barcelona-70485759-covo.aspx,-3.3922049425685765
MINI COUNTRYMAN Cooper S E ALL4,25900.0,25048.418,https://www.coches.net/mini-countryman-cooper-s-e-all4-5p-electrico-hibrido-2021-en-madrid-70379772-covo.aspx,-3.399743777480957
NISSAN JUKE DIGT EU6 115 CV 6MT NCONNECTA,13495.0,13050.333,https://www.coches.net/nissan-juke-digt-eu6-85-kw-115-cv-6mt-nconnecta-5p-gasolina-2016-en-sta-c-tenerife-70452884-covo.aspx,-3.4073229542978165
KIA XCeed 1.6 GDi PHEV eTech,17990.0,17396.398,https://www.coches.net/kia-xceed-16-gdi-phev-104kw-141cv-etech-5p-electrico-hibrido-2021-en-las-palmas-62420946-covo.aspx,-3.4122095135532273
MAZDA Mazda6e EV 245 CV Gran Autonomia RWD Takumi Plus,39900.0,38582.754,https://www.coches.net/mazda-mazda6e-ev-245-cv-gran-autonomia-rwd-takumi-plus-5p-electrico-hibrido-2025-en-madrid-70271260-covo.aspx,-3.4140800238124527
RENAULT Mégane TECH ROAD Energy TCe,13985.0,13519.804,https://www.coches.net/renault-megane-tech-road-energy-tce-97kw-130cv-5p-gasolina-2017-en-las-palmas-70497365-covo.aspx,-3.440850910329097
BMW Serie 1 118d Business Auto.,25900.0,25029.795,https://www.coches.net/bmw-serie-1-118d-business-auto-5p-diesel-2021-en-a-coruna-62281896-covo.aspx,-3.476676819930622
VOLKSWAGEN T-Roc Edition 2.0 TDI,17900.0,17293.73,https://www.coches.net/volkswagen-t-roc-edition-20-tdi-85kw-115cv-5p-diesel-2022-en-lugo-70494874-covo.aspx,-3.5057186322265004
SKODA Kodiaq 2.0 TDI DSG 4x2 Clever,23500.0,22700.371,https://www.coches.net/skoda-kodiaq-20-tdi-110kw-dsg-4x2-clever-5p-diesel-2021-en-guipuzcoa-70290355-covo.aspx,-3.522536715138364
BMW Serie 2 216dA DCT Gran Coupe,19990.0,19307.72,https://www.coches.net/bmw-serie-2-216da-dct-gran-coupe-4p-diesel-2022-en-murcia-70410993-covo.aspx,-3.5337122768953844
MINI MINI COOPER 5 PUERTAS,17990.0,17375.553,https://www.coches.net/mini-mini-cooper-5-puertas-5p-gasolina-2020-en-las-palmas-70214161-covo.aspx,-3.5362746441407045
SEAT León 1.0 eTSI DSG7 SS Style,17900.0,17288.352,https://www.coches.net/seat-leon-10-etsi-81kw-dsg7-ss-style-5p-electrico-hibrido-2021-en-madrid-70232933-covo.aspx,-3.537922255275748
AUDI A4 Allroad Quattro 40 TDI quattro S tronic,39990.0,38611.902,https://www.coches.net/audi-a4-allroad-quattro-40-tdi-150kw-204cv-quattro-s-tronic-5p-electrico-hibrido-2022-en-malaga-70483645-covo.aspx,-3.56910064668976
NISSAN JUKE 1.6 Hybrid Tekna,25590.0,24707.766,https://www.coches.net/nissan-juke-16-hybrid-105kw-145cv-tekna-5p-electrico-hibrido-2023-en-huelva-70507244-covo.aspx,-3.570676476335565
CITROEN C1 VTi SS City Edition,10900.0,10522.027,https://www.coches.net/citroen-c1-vti-53kw-72cv-ss-city-edition-5p-gasolina-2021-en-sta-c-tenerife-62487721-covo.aspx,-3.59220370658429
RENAULT Arkana Techno TCe 103kW140CV EDC mild hybrid,26990.0,26049.936,https://www.coches.net/renault-arkana-techno-tce-103kw140cv-edc-mild-hybrid-5p-electrico-hibrido-2024-en-murcia-70015450-covo.aspx,-3.608701647009533
BMW Serie 5 520d Gran Turismo,11999.0,11579.994,https://www.coches.net/bmw-serie-5-520d-gran-turismo-5p-diesel-2014-en-sevilla-70365023-covo.aspx,-3.6183598565481248
OPEL Mokka 1.2 T 130 CV Ultimate Auto,18990.0,18325.178,https://www.coches.net/opel-mokka-12-t-96kw-130-cv-ultimate-auto-5p-gasolina-2022-en-vizcaya-70290204-covo.aspx,-3.627917149081198
CITROEN C3 Aircross PureTech LIVE,9290.0,8962.872,https://www.coches.net/citroen-c3-aircross-puretech-60kw-82cv-live-5p-gasolina-2019-en-las-palmas-61978705-covo.aspx,-3.6498114345627863
CITROEN Berlingo Talla M BlueHDi 100 SS LIVE PACK BUSINE,17990.0,17349.602,https://www.coches.net/citroen-berlingo-talla-m-bluehdi-100-ss-live-pack-busine-4p-diesel-2021-en-murcia-61975179-covo.aspx,-3.691142042617153
VOLKSWAGEN Golf Advance 1.4 TSI DSG,15900.0,15330.439,https://www.coches.net/volkswagen-golf-advance-14-tsi-92kw-125cv-dsg-5p-gasolina-2018-en-murcia-70485974-covo.aspx,-3.715226485297518
AUDI A5 Black Line 40 TDI S tronic Sportback,40900.0,39434.82,https://www.coches.net/audi-a5-black-line-40-tdi-s-tronic-sportback-5p-electrico-hibrido-2023-en-murcia-70402377-covo.aspx,-3.7154465923496782
KIA Stonic 1.2 DPi Concept,13985.0,13481.324,https://www.coches.net/kia-stonic-12-dpi-62kw-84cv-concept-5p-gasolina-2022-en-las-palmas-70364810-covo.aspx,-3.736100201117344
MERCEDES-BENZ GLE GLE 300 d 4MATIC,61900.0,59665.473,https://www.coches.net/mercedes-benz-gle-gle-300-d-4matic-5p-electrico-hibrido-2022-en-madrid-70419010-covo.aspx,-3.7450928389082856
BMW Serie 2 218d,19750.0,19034.53,https://www.coches.net/bmw-serie-2-218d-2p-diesel-2017-en-alicante-70237081-covo.aspx,-3.7588042864945583
VOLKSWAGEN T-Roc Edition 1.6 TDI,17990.0,17326.445,https://www.coches.net/volkswagen-t-roc-edition-16-tdi-85kw-115cv-5p-diesel-2020-en-madrid-70351129-covo.aspx,-3.8297219973983045
TOYOTA C-HR 1.8 125H Advance,21985.0,21166.033,https://www.coches.net/toyota-c-hr-18-125h-advance-5p-electrico-hibrido-2020-en-sta-c-tenerife-70354389-covo.aspx,-3.8692502700699056
NISSAN Micra IGT 100 CV E6D Acenta,12990.0,12503.249,https://www.coches.net/nissan-micra-igt-74-kw-100-cv-e6d-acenta-5p-gasolina-2020-en-murcia-62600428-covo.aspx,-3.892995937696506
CITROEN Berlingo Talla M BlueHDi 100 SS SHINE,15000.0,14433.893,https://www.coches.net/citroen-berlingo-talla-m-bluehdi-100-ss-shine-5p-diesel-2021-en-murcia-70120935-covo.aspx,-3.9220703549710003
JEEP Renegade Longitude 1.0G 4x2,16990.0,16348.228,https://www.coches.net/jeep-renegade-longitude-10g-88kw-120cv-4x2-5p-gasolina-2022-en-las-palmas-61038775-covo.aspx,-3.9256393967116443
BENTLEY Flying Spur Flying Spur W8,109000.0,104876.03,https://www.coches.net/bentley-flying-spur-flying-spur-w8-4p-gasolina-2015-en-murcia-70358348-covo.aspx,-3.9322318940248797
AUDI A6 Competition 3.0 TDI quattro tiptro Avant,31900.0,30692.477,https://www.coches.net/audi-a6-competition-30-tdi-quattro-tiptro-avant-5p-diesel-2018-en-burgos-70473599-covo.aspx,-3.934265242627405
CITROEN C3 PureTech Feel,11900.0,11449.208,https://www.coches.net/citroen-c3-puretech-60kw-83cv-feel-5p-gasolina-2022-en-guipuzcoa-70511398-covo.aspx,-3.9373203096659335
PEUGEOT E-5008 GT Exclusive Electrico,43990.0,42311.863,https://www.coches.net/km-0/peugeot/e-5008/guipuzcoa/gt-exclusive-electrico-157kw-electrico-hibrido-de-km0-70498364-kovn.aspx,-3.9661139657105258
LAND-ROVER Range Rover Evoque 1.5 P160 AUTO MHEV,31900.0,30675.035,https://www.coches.net/land-rover-range-rover-evoque-15-p160-auto-mhev-5p-electrico-hibrido-2023-en-sta-c-tenerife-61887263-covo.aspx,-3.993360847054856
VOLVO XC60 2.0 D4 AWD Momentum Auto,20990.0,20183.863,https://www.coches.net/volvo-xc60-20-d4-awd-momentum-auto-5p-diesel-2018-en-albacete-70224367-covo.aspx,-3.993966405325727
MAZDA CX-30 SKYACTIVG 2.0 2WD Origin,17800.0,17110.953,https://www.coches.net/mazda-cx-30-skyactivg-20-90-kw-2wd-origin-5p-gasolina-2019-en-almeria-70375888-covo.aspx,-4.026934501931785
MERCEDES-BENZ Clase GLA GLA 200 CDI Urban,18990.0,18250.975,https://www.coches.net/mercedes-benz-clase-gla-gla-200-cdi-urban-5p-diesel-2015-en-malaga-70109276-covo.aspx,-4.049237952724914
BMW X1 xDrive25e,47700.0,45843.336,https://www.coches.net/bmw-x1-xdrive25e-5p-electrico-hibrido-2025-en-albacete-62475884-covo.aspx,-4.050019538349614
LAND-ROVER Range Rover Evoque 2.0L TD4 4x4 Dynamic Auto Conv,31900.0,30654.518,https://www.coches.net/land-rover-range-rover-evoque-20l-td4-110kw-4x4-dynamic-auto-conv-2p-diesel-2018-en-sta-c-tenerife-70107984-covo.aspx,-4.062965331947594
LAMBORGHINI Huracán LP 6104,249980.0,240184.2,https://www.coches.net/lamborghini-huracan-lp-6104-2p-gasolina-2015-en-jaen-70356904-covo.aspx,-4.078451766414436
BMW X1 xDrive20i Auto,23990.0,23045.662,https://www.coches.net/bmw-x1-xdrive20i-auto-5p-gasolina-2020-en-malaga-70109111-covo.aspx,-4.097681750878585
VOLVO XC60 2.0 T8 AWD Business Plus Auto,36900.0,35438.062,https://www.coches.net/volvo-xc60-20-t8-awd-business-plus-auto-5p-electrico-hibrido-2020-en-madrid-70324243-covo.aspx,-4.125331343946922
BMW X6 xDrive30d,52999.0,50898.12,https://www.coches.net/bmw-x6-xdrive30d-5p-electrico-hibrido-2023-en-alicante-70410493-covo.aspx,-4.127615835524381
BMW Serie 1 118i Auto.,22990.0,22078.26,https://www.coches.net/bmw-serie-1-118i-auto-5p-gasolina-2021-en-madrid-70354594-covo.aspx,-4.129583780849179
KIA Stonic 1.0 TGDi MHEV MT Drive,20500.0,19681.049,https://www.coches.net/kia-stonic-10-tgdi-74kw-100cv-mhev-mt-drive-5p-electrico-hibrido-2024-en-madrid-70398186-covo.aspx,-4.161115492507118
VOLVO EX90 Twin BEV eAWD Ultra,85900.0,82456.4,https://www.coches.net/volvo-ex90-twin-bev-408cv-eawd-ultra-5p-electrico-hibrido-2025-en-valencia-70308295-covo.aspx,-4.176269674342093
CUPRA Formentor 1.5 TSI 150 CV,22999.0,22068.54,https://www.coches.net/cupra-formentor-15-tsi-110kw-150-cv-5p-gasolina-2022-en-murcia-70352967-covo.aspx,-4.216232596389161
FERRARI 488 GTB,214900.0,206204.45,https://www.coches.net/ferrari-488-gtb-2p-gasolina-2016-en-malaga-70332580-covo.aspx,-4.216953971274718
KIA Stonic 1.0 TGDi MHEV MT Concept,16990.0,16302.517,https://www.coches.net/kia-stonic-10-tgdi-74kw-100cv-mhev-mt-concept-5p-electrico-hibrido-2024-en-las-palmas-70314232-covo.aspx,-4.217038480866253
AUDI Q2 Advanced 30 TFSI,19985.0,19173.512,https://www.coches.net/audi-q2-advanced-30-tfsi-81kw-110cv-5p-gasolina-2021-en-sta-c-tenerife-70430313-covo.aspx,-4.232340393108249
FORD Focus 1.0 Ecoboost MHEV STLine Auto,18990.0,18218.42,https://www.coches.net/ford-focus-10-ecoboost-mhev-92kw-stline-auto-5p-electrico-hibrido-2022-en-madrid-70376695-covo.aspx,-4.235164637952811
KIA Ceed Tourer Tourer 1.6 GDi PHEV eTech,22900.0,21966.006,https://www.coches.net/kia-ceed-tourer-tourer-16-gdi-phev-104kw-141cv-etech-5p-electrico-hibrido-2024-en-madrid-70396695-covo.aspx,-4.251998049187332
SKODA Kamiq 1.0 TSI AMBITION,15900.0,15248.264,https://www.coches.net/skoda-kamiq-10-tsi-81kw-110cv-ambition-5p-gasolina-2023-en-madrid-70494876-covo.aspx,-4.274167486538874
MERCEDES-BENZ Clase C C 200 d,23890.0,22904.324,https://www.coches.net/mercedes-benz-clase-c-c-200-d-4p-diesel-2018-en-madrid-70326900-covo.aspx,-4.3034484311181
BMW X1 xDrive25e,29900.0,28664.04,https://www.coches.net/bmw-x1-xdrive25e-5p-electrico-hibrido-2022-en-sta-c-tenerife-70465938-covo.aspx,-4.311886872624862
BMW X2 xDrive25e Auto,29900.0,28664.04,https://www.coches.net/bmw-x2-xdrive25e-auto-5p-electrico-hibrido-2022-en-sta-c-tenerife-70465935-covo.aspx,-4.311886872624862
HYUNDAI i30 1.0 TGDI Klass,15590.0,14936.477,https://www.coches.net/hyundai-i30-10-tgdi-klass-5p-gasolina-2019-en-madrid-70511747-covo.aspx,-4.375352076946695
SKODA Kamiq 1.0 TSI DSG Style,14990.0,14359.546,https://www.coches.net/skoda-kamiq-10-tsi-81kw-110cv-dsg-style-5p-gasolina-2021-en-las-palmas-62487538-covo.aspx,-4.390487735626106
SKODA Scala 1.0 TSI 115 CV SELECTION,21500.0,20589.236,https://www.coches.net/skoda-scala-10-tsi-85kw-115-cv-selection-5p-gasolina-2025-en-guipuzcoa-70488664-covo.aspx,-4.423494185798879
POLESTAR 4 Long Range Single Motor,47900.0,45867.773,https://www.coches.net/polestar-4-long-range-single-motor-5p-electrico-hibrido-2025-en-valencia-70332581-covo.aspx,-4.430619605438527
MERCEDES-BENZ Clase C C Cabrio 300,29990.0,28715.922,https://www.coches.net/mercedes-benz-clase-c-c-cabrio-300-2p-gasolina-2017-en-madrid-70470764-covo.aspx,-4.436835183442983
KIA Sportage 1.6 TGDi Drive 4x2,22900.0,21926.57,https://www.coches.net/kia-sportage-16-tgdi-110kw-150cv-drive-4x2-5p-gasolina-2023-en-madrid-70410695-covo.aspx,-4.439498168781383
KIA Ceed 1.0 TGDi Tech,15600.0,14936.477,https://www.coches.net/kia-ceed-10-tgdi-88kw-120cv-tech-5p-gasolina-2019-en-madrid-70204435-covo.aspx,-4.442302270709971
MERCEDES-BENZ Clase A A 180 Sedan,26740.0,25601.895,https://www.coches.net/mercedes-benz-clase-a-a-180-sedan-4p-gasolina-2022-en-madrid-70255135-covo.aspx,-4.4453955052459655
MERCEDES-BENZ GLC Coupé GLC 300 de 4MATIC,38985.0,37321.383,https://www.coches.net/mercedes-benz-glc-coupe-glc-300-de-4matic-5p-electrico-hibrido-2022-en-sta-c-tenerife-70406299-covo.aspx,-4.4575443408886954
KIA Picanto 1.0 DPi Concept,12490.0,11956.41,https://www.coches.net/kia-picanto-10-dpi-49kw-67cv-concept-5p-gasolina-2023-en-las-palmas-70138488-covo.aspx,-4.462793068963726
SEAT Ibiza 1.0 MPI Style XL,15900.0,15217.59,https://www.coches.net/seat-ibiza-10-mpi-59kw-80cv-style-xl-5p-gasolina-2025-en-guipuzcoa-70488665-covo.aspx,-4.484351091446139
MERCEDES-BENZ Clase G MercedesAMG G 63,168990.0,161730.58,https://www.coches.net/mercedes-benz-clase-g-mercedesamg-g-63-5p-gasolina-2019-en-badajoz-70446317-covo.aspx,-4.488589578520682
HYUNDAI i10 1.0 Klass,15985.0,15297.255,https://www.coches.net/hyundai-i10-10-klass-5p-gasolina-2023-en-sta-c-tenerife-70354393-covo.aspx,-4.49587277231177
VOLKSWAGEN Polo Life 1.0 TSI DSG,17990.0,17210.41,https://www.coches.net/volkswagen-polo-life-10-tsi-70kw-95cv-dsg-5p-gasolina-2023-en-murcia-62179859-covo.aspx,-4.529757493704414
FORD Focus 1.0 Ecoboost STLine,13490.0,12901.349,https://www.coches.net/ford-focus-10-ecoboost-92kw-stline-5p-gasolina-2019-en-madrid-70316374-covo.aspx,-4.562711883394579
VOLVO XC40 1.5 T5 Twin Inscription Auto,26900.0,25718.951,https://www.coches.net/volvo-xc40-15-t5-twin-inscription-auto-5p-electrico-hibrido-2020-en-madrid-70447310-covo.aspx,-4.5921344934801915
RENAULT Scénic Limited Blue dCi,14900.0,14244.882,https://www.coches.net/renault-scenic-limited-blue-dci-88-kw-120cv-5p-diesel-2019-en-valladolid-70383618-covo.aspx,-4.598972259704846
KIA Carens 1.7 CRDi VGT Drive 5pl,9750.0,9320.913,https://www.coches.net/kia-carens-17-crdi-vgt-115cv-drive-5pl-5p-diesel-2014-en-pontevedra-70196039-covo.aspx,-4.603485839921254
FIAT 500C Monotrim 1.0 Hybrid 70 CV,13750.0,13143.576,https://www.coches.net/fiat-500c-monotrim-10-hybrid-51kw-70-cv-2p-electrico-hibrido-2023-en-malaga-70475529-covo.aspx,-4.613841926998856
PEUGEOT 508 SW GT Pack BlueHDi 130 SS EAT8,18490.0,17666.975,https://www.coches.net/peugeot-508-sw-gt-pack-bluehdi-130-ss-eat8-5p-diesel-2022-en-vizcaya-62457241-covo.aspx,-4.6585530846252565
MERCEDES-BENZ GLE Coupé GLE 400 d 4MATIC,82900.0,79191.945,https://www.coches.net/mercedes-benz-gle-coupe-gle-400-d-4matic-5p-diesel-2023-en-murcia-70478867-covo.aspx,-4.6823634308610735
VOLKSWAGEN T-Roc Advance 1.0 TSI,17900.0,17098.86,https://www.coches.net/volkswagen-t-roc-advance-10-tsi-85kw-115cv-5p-gasolina-2020-en-murcia-70401852-covo.aspx,-4.685345422346336
LEXUS ES 2.5 300h Premium,49000.0,46799.42,https://www.coches.net/lexus-es-25-300h-premium-4p-electrico-hibrido-2024-en-granada-70465640-covo.aspx,-4.702148096781377
AUDI R8 Spyder 5.2 FSI quattro S tronic,118990.0,113582.6,https://www.coches.net/audi-r8-spyder-52-fsi-397kw-quattro-s-tronic-2p-gasolina-2018-en-valencia-70492101-covo.aspx,-4.760762971716688
KIA XCeed 1.6 GDi PHEV eTech,24990.0,23847.422,https://www.coches.net/kia-xceed-16-gdi-phev-104kw-141cv-etech-5p-electrico-hibrido-2023-en-sevilla-70508853-covo.aspx,-4.791201879133947
VOLVO XC40 1.5 T5 Twin Inscription Auto,26900.0,25656.78,https://www.coches.net/volvo-xc40-15-t5-twin-inscription-auto-5p-electrico-hibrido-2020-en-madrid-70447314-covo.aspx,-4.845583651555301
VOLVO XC40 1.5 T5 Twin Inscription Auto,26900.0,25655.986,https://www.coches.net/volvo-xc40-15-t5-twin-inscription-auto-5p-electrico-hibrido-2020-en-madrid-70430480-covo.aspx,-4.848824192392355
HYUNDAI i20 1.2 MPI Essence,15500.0,14781.452,https://www.coches.net/hyundai-i20-12-mpi-essence-5p-gasolina-2023-en-valencia-70354283-covo.aspx,-4.861145199718794
RENAULT Captur Zen Energy TCe EDC,13990.0,13334.084,https://www.coches.net/renault-captur-zen-energy-tce-87kw-120cv-edc-5p-gasolina-2017-en-madrid-70316369-covo.aspx,-4.919093178006141
AUDI Q5 SPORTBACK Advanced 40 TDI quattroultra,39990.0,38098.28,https://www.coches.net/audi-q5-sportback-advanced-40-tdi-150kw-quattroultra-5p-electrico-hibrido-2023-en-zaragoza-70416227-covo.aspx,-4.9653650714230055
MERCEDES-BENZ Clase GLC GLC 220 d 4MATIC AMG Line,27990.0,26665.305,https://www.coches.net/mercedes-benz-clase-glc-glc-220-d-4matic-amg-line-5p-diesel-2017-en-murcia-70292325-covo.aspx,-4.967861151502172
BMW X3 xDrive30e xLine,39985.0,38082.97,https://www.coches.net/bmw-x3-xdrive30e-xline-5p-electrico-hibrido-2023-en-las-palmas-70286470-covo.aspx,-4.994440592292322
DS DS 7 Crossback BlueHDi DE AT. PERF.LINE,17490.0,16658.006,https://www.coches.net/ds-ds-7-crossback-bluehdi-de-96kw-130cv-at-perfline-5p-diesel-2021-en-castellon-70310025-covo.aspx,-4.994560259184685
SEAT Arona 1.0 TSI Style,15600.0,14856.908,https://www.coches.net/seat-arona-10-tsi-81kw-110cv-style-5p-gasolina-2023-en-valencia-70450367-covo.aspx,-5.00165839833821
SEAT León 1.6 Sport,5499.0,5235.493,https://www.coches.net/seat-leon-16-102cv-sport-5p-gasolina-2006-en-alicante-70426252-covo.aspx,-5.033085283087848
PEUGEOT 3008 1.5 BlueHDi SS Allure,18480.0,17590.852,https://www.coches.net/peugeot-3008-15-bluehdi-96kw-130cv-ss-allure-5p-diesel-2022-en-madrid-70281249-covo.aspx,-5.054607131103748
VOLKSWAGEN Arteon Elegance 2.0 TDI DSG,22590.0,21499.396,https://www.coches.net/volkswagen-arteon-elegance-20-tdi-110kw-150cv-dsg-5p-diesel-2022-en-madrid-70194130-covo.aspx,-5.072716884948896
VOLKSWAGEN T-Cross Advance 1.0 TSI DSG,19500.0,18554.514,https://www.coches.net/volkswagen-t-cross-advance-10-tsi-81kw-110cv-dsg-5p-gasolina-2022-en-jaen-70466150-covo.aspx,-5.095721423074385
SEAT León 1.0 eTSI DSG7 SS FR XS ECO,22340.0,21255.203,https://www.coches.net/seat-leon-10-etsi-81kw-dsg7-ss-fr-xs-eco-5p-electrico-hibrido-2024-en-madrid-70326852-covo.aspx,-5.103676820307969
AUDI Q8 55 TFSI S Line quattro tiptronic,50500.0,48045.184,https://www.coches.net/audi-q8-55-tfsi-s-line-250kw-quattro-tiptronic-5p-electrico-hibrido-2021-en-murcia-70393650-covo.aspx,-5.109391249301702
HYUNDAI i20 1.2 MPI Klass,15790.0,15019.95,https://www.coches.net/hyundai-i20-12-mpi-klass-5p-gasolina-2025-en-barcelona-70469581-covo.aspx,-5.126846591860344
VOLKSWAGEN Golf Edition 1.6 TDI,13470.0,12805.731,https://www.coches.net/volkswagen-golf-edition-16-tdi-85kw-115cv-5p-diesel-2018-en-madrid-70222411-covo.aspx,-5.187275381529679
MERCEDES-BENZ Clase C C 200 d Berlina,43990.0,41816.574,https://www.coches.net/mercedes-benz-clase-c-c-200-d-berlina-4p-electrico-hibrido-2025-en-jaen-70410152-covo.aspx,-5.197522326626806
BMW Serie 3 318d Auto.,41100.0,39066.688,https://www.coches.net/bmw-serie-3-318d-auto-4p-electrico-hibrido-2025-en-albacete-70128793-covo.aspx,-5.204722053795833
RENAULT Scénic Zen Energy TCe,14890.0,14153.134,https://www.coches.net/renault-scenic-zen-energy-tce-103-kw-140cv-5p-gasolina-2017-en-barcelona-70485918-covo.aspx,-5.206382006414353
PEUGEOT 2008 Allure Pack Puretech 100 SS BVM6,15990.0,15174.378,https://www.coches.net/peugeot-2008-allure-pack-puretech-100-ss-bvm6-5p-gasolina-2022-en-vizcaya-70251562-covo.aspx,-5.374995100898326
MERCEDES-BENZ GLB 2.0 GLB 200 D DCT,31990.0,30356.684,https://www.coches.net/mercedes-benz-glb-20-glb-200-d-dct-110kw-150cv-5p-diesel-2022-en-barcelona-70503333-covo.aspx,-5.380417795658931
SEAT Arona 1.0 TSI DSG FR XM,20900.0,19826.756,https://www.coches.net/seat-arona-10-tsi-85kw-115cv-dsg-fr-xm-5p-gasolina-2025-en-guipuzcoa-62024245-covo.aspx,-5.413110184223713
SEAT Arona 1.0 TSI FR Special Edition,20900.0,19826.756,https://www.coches.net/seat-arona-10-tsi-85kw-115cv-fr-special-edition-5p-gasolina-2026-en-guipuzcoa-61946241-covo.aspx,-5.413110184223713
TOYOTA Yaris 1.5 130H GR Sport Plus,25690.0,24368.725,https://www.coches.net/toyota-yaris-15-130h-gr-sport-plus-5p-electrico-hibrido-2025-en-barcelona-70409484-covo.aspx,-5.422012894826208
RENAULT Arkana Zen TCe 103kW140CV EDC mild hybrid,19990.0,18957.338,https://www.coches.net/renault-arkana-zen-tce-103kw140cv-edc-mild-hybrid-5p-electrico-hibrido-2021-en-las-palmas-62438308-covo.aspx,-5.447294948968989
BMW Serie 3 M3 Comp. Touring M xDrive,94900.0,89972.9,https://www.coches.net/bmw-serie-3-m3-comp-touring-m-xdrive-5p-gasolina-2025-en-murcia-70308164-covo.aspx,-5.476206333313391
HYUNDAI Bayon 1.0 TGDI Tecno,15490.0,14683.689,https://www.coches.net/hyundai-bayon-10-tgdi-74kw-100cv-tecno-5p-gasolina-2021-en-madrid-70373818-covo.aspx,-5.491198580908425
HYUNDAI i10 1.0 Klass,12890.0,12214.576,https://www.coches.net/hyundai-i10-10-klass-5p-gasolina-2023-en-madrid-70499578-covo.aspx,-5.52965423131271
FIAT Grande Panda Red 44kWh,22490.0,21299.086,https://www.coches.net/km-0/fiat/grande-panda/vizcaya/red-44kwh-87kw-118cv-electrico-hibrido-de-km0-70483161-kovn.aspx,-5.591385780566434
PORSCHE 911 Targa 4 GTS,242990.0,230108.14,https://www.coches.net/porsche-911-targa-4-gts-2p-gasolina-2025-en-madrid-70345007-covo.aspx,-5.598176292247374
MAZDA CX-60 eSkyactiv PHEV Takumi,42900.0,40615.293,https://www.coches.net/mazda-cx-60-eskyactiv-phev-takumi-5p-electrico-hibrido-2022-en-madrid-70243768-covo.aspx,-5.62523833819908
SKODA Kamiq 1.0 TSI SELECTION,21500.0,20351.826,https://www.coches.net/skoda-kamiq-10-tsi-85kw-115cv-selection-5p-gasolina-2025-en-guipuzcoa-70488661-covo.aspx,-5.641625564352093
PEUGEOT 2008 Allure Pack Puretech 100 SS 6 Vel. MAN,15985.0,15130.041,https://www.coches.net/peugeot-2008-allure-pack-puretech-100-ss-6-vel-man-5p-gasolina-2023-en-sta-c-tenerife-70354383-covo.aspx,-5.6507380481789315
MERCEDES-BENZ Clase G MercedesAMG G 63,175000.0,165614.52,https://www.coches.net/mercedes-benz-clase-g-mercedesamg-g-63-5p-gasolina-2019-en-murcia-70489716-covo.aspx,-5.667066283158113
PEUGEOT e-2008 Electrico Allure 156,27990.0,26487.443,https://www.coches.net/peugeot-e-2008-electrico-allure-156-115kw-5p-electrico-hibrido-2023-en-madrid-70424165-covo.aspx,-5.6727129917323005
CITROEN Berlingo Talla M BlueHDi 100 FEEL,13990.0,13237.7295,https://www.coches.net/citroen-berlingo-talla-m-bluehdi-100-feel-5p-diesel-2019-en-madrid-70470767-covo.aspx,-5.682775949277909
MERCEDES-BENZ Clase GLA GLA 200 CDI Urban,14999.0,14184.637,https://www.coches.net/mercedes-benz-clase-gla-gla-200-cdi-urban-5p-diesel-2015-en-sevilla-70317931-covo.aspx,-5.741164172174615
SKODA Kamiq 1.5 TSI DSG MONTE CARLO,30500.0,28839.04,https://www.coches.net/skoda-kamiq-15-tsi-110kw-150cv-dsg-monte-carlo-5p-gasolina-2026-en-guipuzcoa-61965129-covo.aspx,-5.7594184532305785
SMART fortwo 60kW81CV electric drive coupe,8990.0,8498.188,https://www.coches.net/smart-fortwo-60kw81cv-electric-drive-coupe-3p-electrico-hibrido-2017-en-madrid-70459450-covo.aspx,-5.787251304132487
SEAT Arona 1.0 TSI DSG FR Special Ed,20900.0,19754.908,https://www.coches.net/seat-arona-10-tsi-85kw-115cv-dsg-fr-special-ed-5p-gasolina-2025-en-jaen-70499719-covo.aspx,-5.796492624014622
VOLVO XC90 2.0 T8 AWD Business Plus Auto,35900.0,33923.805,https://www.coches.net/volvo-xc90-20-t8-awd-business-plus-auto-5p-electrico-hibrido-2020-en-madrid-70413859-covo.aspx,-5.8253940874390615
FORD Focus 1.0 Ecoboost STLine X SB,21499.0,20315.006,https://www.coches.net/ford-focus-10-ecoboost-92kw-stline-x-sb-5p-gasolina-2024-en-alicante-70290365-covo.aspx,-5.828175235689674
BMW X3 xDrive20d xLine,39500.0,37321.59,https://www.coches.net/bmw-x3-xdrive20d-xline-5p-electrico-hibrido-2024-en-ciudad-real-70011377-covo.aspx,-5.836863234846368
PEUGEOT 2008 Allure Puretech 100 SS 6 Vel. MAN,15985.0,15103.182,https://www.coches.net/peugeot-2008-allure-puretech-100-ss-6-vel-man-5p-gasolina-2023-en-sta-c-tenerife-70497345-covo.aspx,-5.838626458699656
PEUGEOT 2008 Allure Puretech 100 SS 6 Vel. MAN,15985.0,15103.182,https://www.coches.net/peugeot-2008-allure-puretech-100-ss-6-vel-man-5p-gasolina-2023-en-sta-c-tenerife-70497347-covo.aspx,-5.838626458699656
FORD Focus 1.5 Ecoblue STLine Auto,11990.0,11326.496,https://www.coches.net/ford-focus-15-ecoblue-88kw-stline-auto-5p-diesel-2019-en-madrid-70351137-covo.aspx,-5.857980268197186
BMW X1 sDrive18i,21490.0,20294.709,https://www.coches.net/bmw-x1-sdrive18i-5p-gasolina-2022-en-madrid-70326946-covo.aspx,-5.889668171863222
MERCEDES-BENZ Clase GLC GLC 300 d 4MATIC,39850.0,37621.91,https://www.coches.net/mercedes-benz-clase-glc-glc-300-d-4matic-5p-diesel-2020-en-madrid-70326949-covo.aspx,-5.922319825060384
NISSAN Micra IGT 92 CV E6DF Acenta Sprint,15900.0,15007.887,https://www.coches.net/nissan-micra-igt-68-kw-92-cv-e6df-acenta-sprint-5p-gasolina-2022-en-valencia-70450369-covo.aspx,-5.94429647536881
AUDI Q5 Black line 35 TDI S tronic,33900.0,31995.172,https://www.coches.net/audi-q5-black-line-35-tdi-120kw-s-tronic-5p-diesel-2020-en-madrid-70487903-covo.aspx,-5.953486146103098
BMW X6 xDrive30d,65000.0,61322.465,https://www.coches.net/bmw-x6-xdrive30d-5p-electrico-hibrido-2022-en-murcia-61923927-covo.aspx,-5.997043930997199
BMW Serie 4 420d Gran Coupe,33900.0,31979.877,https://www.coches.net/bmw-serie-4-420d-gran-coupe-5p-electrico-hibrido-2023-en-valencia-70380980-covo.aspx,-6.004160208900897
SEAT Alhambra 2.0 TDI Eco SS Ref Plus,17990.0,16970.615,https://www.coches.net/seat-alhambra-20-tdi-110kw-150cv-eco-ss-ref-plus-5p-diesel-2018-en-madrid-70463081-covo.aspx,-6.006763759278303
KIA XCeed 1.6 GDi PHEV eMotion,24990.0,23562.742,https://www.coches.net/kia-xceed-16-gdi-phev-104kw-141cv-emotion-5p-electrico-hibrido-2022-en-sevilla-61724140-covo.aspx,-6.05726532651687
CUPRA Formentor 1.4 eHybrid 245 CV VZ DSG,29490.0,27799.328,https://www.coches.net/cupra-formentor-14-ehybrid-180kw-245-cv-vz-dsg-5p-electrico-hibrido-2023-en-madrid-70326913-covo.aspx,-6.081700490738029
SEAT León 1.5 TSI SS FR Special Edition,26700.0,25167.506,https://www.coches.net/km-0/seat/leon/burgos/15-tsi-85kw-ss-fr-special-edition-gasolina-de-km0-70179282-kovn.aspx,-6.08917764512664
KIA Niro 1.6 GDi PHEV Emotion,21490.0,20256.201,https://www.coches.net/kia-niro-16-gdi-phev-104kw-141cv-emotion-5p-electrico-hibrido-2020-en-huelva-61033211-covo.aspx,-6.090968477535092
TOYOTA Aygo X Cross 1.0 VVTI Play,15590.0,14693.609,https://www.coches.net/toyota-aygo-x-cross-10-vvti-72cv-play-5p-gasolina-2023-en-madrid-70316413-covo.aspx,-6.100547538204853
PEUGEOT 2008 Allure Gasolina 100 SS 6 Vel. MAN,17990.0,16940.521,https://www.coches.net/peugeot-2008-allure-gasolina-100-ss-6-vel-man-5p-gasolina-2024-en-madrid-70474663-covo.aspx,-6.195077976749305
BMW X1 sDrive18dA Business,21900.0,20619.695,https://www.coches.net/bmw-x1-sdrive18da-business-5p-diesel-2020-en-murcia-70385624-covo.aspx,-6.209134849455598
FIAT 500X Sport 1.0 Firefly T3 120 CV SS,17490.0,16464.445,https://www.coches.net/fiat-500x-sport-10-firefly-t3-88kw-120-cv-ss-5p-gasolina-2022-en-malaga-70282374-covo.aspx,-6.228905183470633
CITROEN C4 Cactus BlueHDi 100 SS CSeries,15900.0,14965.954,https://www.coches.net/citroen-c4-cactus-bluehdi-100-ss-cseries-5p-diesel-2020-en-valencia-70364764-covo.aspx,-6.2411383337062505
TOYOTA Yaris 1.5 100H Advance,15600.0,14683.247,https://www.coches.net/toyota-yaris-15-100h-advance-5p-electrico-hibrido-2019-en-valladolid-70421676-covo.aspx,-6.243529958309072
KIA Picanto 1.0 DPi GT Line,12990.0,12226.306,https://www.coches.net/kia-picanto-10-dpi-49kw-67cv-gt-line-5p-gasolina-2021-en-madrid-70448250-covo.aspx,-6.24632130850672
SEAT Arona 1.6 TDI Reference Edition Eco,13999.0,13175.25,https://www.coches.net/seat-arona-16-tdi-70kw-reference-edition-eco-5p-diesel-2020-en-caceres-70461773-covo.aspx,-6.252253277926415
RENAULT Arkana RS Line TCe 103kW140CV EDC Microhib.,21990.0,20693.51,https://www.coches.net/renault-arkana-rs-line-tce-103kw140cv-edc-microhib-5p-electrico-hibrido-2021-en-las-palmas-70304206-covo.aspx,-6.265202225524175
AUDI A7 Sportback S line 50 TFSIe qua S tr,48800.0,45906.035,https://www.coches.net/audi-a7-sportback-s-line-50-tfsie-220kw-qua-s-tr-5p-electrico-hibrido-2022-en-vizcaya-70426131-covo.aspx,-6.304105405530744
CITROEN C5 Aircross HYBRID eDCS6 Max,26900.0,25297.852,https://www.coches.net/citroen-c5-aircross-hybrid-100kw-136cv-edcs6-max-5p-electrico-hibrido-2024-en-madrid-70452471-covo.aspx,-6.333140320401467
LAND-ROVER Discovery Sport 2.0D TD4 AWD Auto MHEV Dynamic SE,51900.0,48788.125,https://www.coches.net/land-rover-discovery-sport-20d-td4-150kw-awd-auto-mhev-dynamic-se-5p-electrico-hibrido-2024-en-madrid-62654028-covo.aspx,-6.378345140338966
FIAT 500X City Cross 10 GSE T3 120 CV SS,13790.0,12957.701,https://www.coches.net/fiat-500x-city-cross-10-gse-t3-88kw-120-cv-ss-5p-gasolina-2019-en-madrid-70070076-covo.aspx,-6.423198197621076
NISSAN JUKE DIGT 114 CV DCT 7V NConnecta,18590.0,17463.398,https://www.coches.net/nissan-juke-digt-84-kw-114-cv-dct-7v-nconnecta-5p-gasolina-2023-en-madrid-70317048-covo.aspx,-6.451216047850079
KIA Niro 1.6 GDi HEV Drive,27900.0,26200.598,https://www.coches.net/kia-niro-16-gdi-hev-102kw-139cv-drive-5p-electrico-hibrido-2026-en-sevilla-70510443-covo.aspx,-6.486120530707121
KIA e-Niro eNiro Drive Long Range,33640.0,31590.938,https://www.coches.net/kia-e-niro-eniro-150kw-204cv-drive-long-range-5p-electrico-hibrido-2024-en-sevilla-62353437-covo.aspx,-6.486235174248945
PORSCHE Macan GTS,79990.0,75110.4,https://www.coches.net/porsche-macan-gts-5p-gasolina-2023-en-zaragoza-70430694-covo.aspx,-6.496572597148925
OPEL Mokka-e BEV 50kWh Ultimate,21490.0,20176.566,https://www.coches.net/opel-mokka-e-bev-50kwh-ultimate-5p-electrico-hibrido-2021-en-huelva-61669152-covo.aspx,-6.509698267308475
BMW X5 xDrive30d xLine,71990.0,67563.58,https://www.coches.net/bmw-x5-xdrive30d-xline-5p-electrico-hibrido-2025-en-barcelona-70499078-covo.aspx,-6.551491199608517
MERCEDES-BENZ Clase A A 200 d,21999.0,20641.344,https://www.coches.net/mercedes-benz-clase-a-a-200-d-5p-diesel-2018-en-alicante-70291931-covo.aspx,-6.577363695132493
VOLVO XC60 2.0 B4 D RDesign Auto,33990.0,31890.096,https://www.coches.net/volvo-xc60-20-b4-d-rdesign-auto-5p-electrico-hibrido-2022-en-badajoz-70489708-covo.aspx,-6.584816541234853
BMW X2 sDrive18i,20490.0,19217.057,https://www.coches.net/bmw-x2-sdrive18i-5p-gasolina-2021-en-madrid-70486632-covo.aspx,-6.624028763509955
AUDI Q3 Advanced 35 TDI S tronic,27990.0,26248.162,https://www.coches.net/audi-q3-advanced-35-tdi-110kw-150cv-s-tronic-5p-diesel-2021-en-barcelona-70466548-covo.aspx,-6.636037538044888
AUDI Q3 35 TDI S tronic,27990.0,26248.162,https://www.coches.net/audi-q3-35-tdi-110kw-150cv-s-tronic-5p-diesel-2021-en-barcelona-70457363-covo.aspx,-6.636037538044888
PEUGEOT 3008 1.2 PURETECH GT LINE SS,11900.0,11158.658,https://www.coches.net/peugeot-3008-12-puretech-96kw-130cv-gt-line-ss-5p-gasolina-2018-en-madrid-70474601-covo.aspx,-6.643646425762786
AUDI A4 Allroad Quattro 2.0 TDI quattroultra,21990.0,20615.627,https://www.coches.net/audi-a4-allroad-quattro-20-tdi-110kw-150cv-quattroultra-5p-diesel-2018-en-sevilla-70486096-covo.aspx,-6.666656561064068
VOLKSWAGEN Polo RLine 1.0 TSI,18990.0,17802.516,https://www.coches.net/volkswagen-polo-rline-10-tsi-70kw-95cv-5p-gasolina-2023-en-zaragoza-70468451-covo.aspx,-6.670317836050208
VOLKSWAGEN T-Cross Advance 1.0 TSI,17890.0,16769.717,https://www.coches.net/volkswagen-t-cross-advance-10-tsi-70kw-95cv-5p-gasolina-2023-en-madrid-70281210-covo.aspx,-6.680394288672558
RENAULT Captur Intens TCe GLP,12990.0,12175.62,https://www.coches.net/renault-captur-intens-tce-74kw-100cv-glp-5p-otros-2021-en-madrid-70317045-covo.aspx,-6.688611134170447
BMW Serie 5 530e,52900.0,49571.754,https://www.coches.net/bmw-serie-5-530e-4p-electrico-hibrido-2025-en-madrid-70422247-covo.aspx,-6.71399704768238
VOLVO XC40 2.0 B4 G AWD RDesign Auto,34450.0,32279.799,https://www.coches.net/volvo-xc40-20-b4-g-awd-rdesign-auto-5p-electrico-hibrido-2022-en-navarra-70375066-covo.aspx,-6.723093856409445
MAZDA Mazda2 eSKYACTIV G 1.5 MT Zenith,16990.0,15915.473,https://www.coches.net/mazda-mazda2-eskyactiv-g-15-66kw-90cv-mt-zenith-5p-electrico-hibrido-2022-en-madrid-70511743-covo.aspx,-6.751463603740563
VOLVO XC60 2.0 D3 Momentum,16999.0,15923.473,https://www.coches.net/volvo-xc60-20-d3-momentum-5p-diesel-2016-en-sevilla-70316913-covo.aspx,-6.754351685515364
SEAT Arona 1.0 TSI DSG Style XL,20350.0,19061.783,https://www.coches.net/seat-arona-10-tsi-81kw-dsg-style-xl-5p-gasolina-2024-en-madrid-70326866-covo.aspx,-6.758112728214267
JEEP Avenger 1.2 G Altitude,16990.0,15910.101,https://www.coches.net/jeep-avenger-12-g-74kw-100cv-altitude-5p-gasolina-2023-en-sta-c-tenerife-62460923-covo.aspx,-6.7875084021592755
JEEP Avenger 1.2 G Altitude,16990.0,15910.101,https://www.coches.net/jeep-avenger-12-g-74kw-100cv-altitude-5p-gasolina-2024-en-sta-c-tenerife-62487745-covo.aspx,-6.7875084021592755
VOLKSWAGEN Golf Life 1.0 TSI,16990.0,15907.565,https://www.coches.net/volkswagen-golf-life-10-tsi-81kw-110cv-5p-gasolina-2022-en-las-palmas-62537316-covo.aspx,-6.804526909519455
BMW X3 xDrive20d xLine,37985.0,35557.59,https://www.coches.net/bmw-x3-xdrive20d-xline-5p-electrico-hibrido-2023-en-las-palmas-70474969-covo.aspx,-6.82670047918523
FORD Focus 1.0 Ecoboost AutoStartStop Sport,8970.0,8392.232,https://www.coches.net/ford-focus-10-ecoboost-autostartstop-125cv-sport-5p-gasolina-2015-en-madrid-62567146-covo.aspx,-6.884551679229049
RENAULT Kangoo Combi Life Edition One 1.5 Blue dCi 70kW95CV,14500.0,13565.394,https://www.coches.net/renault-kangoo-combi-life-edition-one-15-blue-dci-70kw95cv-5p-diesel-2021-en-murcia-62577266-covo.aspx,-6.889637529089956
AUDI Q5 SPORTBACK S line 35 TDI S tronic,35800.0,33491.777,https://www.coches.net/audi-q5-sportback-s-line-35-tdi-120kw-s-tronic-5p-electrico-hibrido-2023-en-almeria-70376458-covo.aspx,-6.891908519990039
PEUGEOT Rifter GT Long BlueHDi,14500.0,13563.587,https://www.coches.net/peugeot-rifter-gt-long-bluehdi-96kw-5p-diesel-2020-en-sevilla-70500246-covo.aspx,-6.903874999073015
VOLVO XC40 2.0 D3 Momentum Pro Auto,23990.0,22437.316,https://www.coches.net/volvo-xc40-20-d3-momentum-pro-auto-5p-diesel-2021-en-sevilla-70417901-covo.aspx,-6.920094924175041
MINI MINI COOPER CABRIO,22150.0,20708.963,https://www.coches.net/mini-mini-cooper-cabrio-2p-gasolina-2022-en-malaga-70475516-covo.aspx,-6.958518961021275
MINI MINI Cooper S,11999.0,11217.077,https://www.coches.net/mini-mini-cooper-s-3p-gasolina-2012-en-alicante-70489991-covo.aspx,-6.970825298027117
LEXUS RX 450h Executive,73000.0,68233.55,https://www.coches.net/lexus-rx-450h-executive-5p-electrico-hibrido-2024-en-vizcaya-62466032-covo.aspx,-6.985498106571937
MITSUBISHI L200 DC 220 DID MPro Auto,22990.0,21482.414,https://www.coches.net/mitsubishi-l200-dc-220-did-mpro-auto-4p-diesel-2020-en-vizcaya-62207621-covo.aspx,-7.017767803534068
MITSUBISHI ASX 160 MPI Motion,15990.0,14936.477,https://www.coches.net/mitsubishi-asx-160-mpi-motion-5p-gasolina-2019-en-madrid-70272594-covo.aspx,-7.053359827477719
BMW Serie 6 640d,26900.0,25126.67,https://www.coches.net/bmw-serie-6-640d-2p-diesel-2014-en-guadalajara-70239382-covo.aspx,-7.057561084054193
TOYOTA Rav4 2.5l 220H Advance,33900.0,31660.238,https://www.coches.net/toyota-rav4-25l-220h-advance-5p-electrico-hibrido-2022-en-valencia-70450368-covo.aspx,-7.074367851730427
JEEP Renegade 2.0 Mjet Longitude 4x4 120 CV Active Dri,12990.0,12130.738,https://www.coches.net/jeep-renegade-20-mjet-longitude-4x4-120-cv-active-dri-5p-diesel-2016-en-madrid-70352158-covo.aspx,-7.083342322850429
PEUGEOT 2008 Allure Pack Puretech 100 SS 6 Vel. MAN,15985.0,14926.472,https://www.coches.net/peugeot-2008-allure-pack-puretech-100-ss-6-vel-man-5p-gasolina-2023-en-las-palmas-70364814-covo.aspx,-7.091617785018711
PEUGEOT 2008 Allure Puretech 100 SS 6 Vel. MAN,15985.0,14926.472,https://www.coches.net/peugeot-2008-allure-puretech-100-ss-6-vel-man-5p-gasolina-2023-en-las-palmas-70355054-covo.aspx,-7.091617785018711
LAND-ROVER Range Rover Sport 3.0 I6 PHEV 460 PS AWD Auto Dynamic SE,104900.0,97941.72,https://www.coches.net/land-rover-range-rover-sport-30-i6-phev-460-ps-awd-auto-dynamic-se-5p-electrico-hibrido-2025-en-madrid-70328946-covo.aspx,-7.104512090257758
SKODA Fabia Combi 1.0 TSI DSG Ambition,11900.0,11110.434,https://www.coches.net/skoda-fabia-combi-10-tsi-70kw-95cv-dsg-ambition-5p-gasolina-2021-en-madrid-70494875-covo.aspx,-7.106530988080953
HYUNDAI i10 1.0 Klass,12990.0,12123.145,https://www.coches.net/hyundai-i10-10-klass-5p-gasolina-2023-en-las-palmas-70415205-covo.aspx,-7.150417670229819
BMW X1 sDrive18d,32990.0,30779.676,https://www.coches.net/bmw-x1-sdrive18d-5p-diesel-2022-en-sevilla-70431042-covo.aspx,-7.181115988546114
CITROEN C1 VTi SS City Edition,11985.0,11179.749,https://www.coches.net/citroen-c1-vti-53kw-72cv-ss-city-edition-5p-gasolina-2021-en-las-palmas-70497361-covo.aspx,-7.20276434537441
BMW X6 xDrive40d,63800.0,59508.527,https://www.coches.net/bmw-x6-xdrive40d-5p-electrico-hibrido-2022-en-almeria-70273225-covo.aspx,-7.211525554077958
BMW X5 xDrive30d xLine,79800.0,74378.13,https://www.coches.net/bmw-x5-xdrive30d-xline-5p-electrico-hibrido-2025-en-albacete-70128795-covo.aspx,-7.289598410823242
HYUNDAI Kona HEV 1.6GDI DT Maxx,25990.0,24219.8,https://www.coches.net/hyundai-kona-hev-16gdi-129cv-dt-maxx-5p-electrico-hibrido-2025-en-murcia-70483192-covo.aspx,-7.308892565790291
BMW X6 xDrive30d,28500.0,26558.717,https://www.coches.net/bmw-x6-xdrive30d-5p-diesel-2017-en-murcia-60887813-covo.aspx,-7.309401346353521
PORSCHE Macan Macan,42000.0,39116.203,https://www.coches.net/porsche-macan-macan-5p-gasolina-2020-en-murcia-70394029-covo.aspx,-7.372384445863826
MERCEDES-BENZ Clase GLA GLA 180,18490.0,17216.697,https://www.coches.net/mercedes-benz-clase-gla-gla-180-5p-gasolina-2018-en-madrid-70326890-covo.aspx,-7.395743299252214
KIA Sportage 1.7 CRDi VGT GT Line DCT 4x2 EcoDynam,16240.0,15113.623,https://www.coches.net/kia-sportage-17-crdi-vgt-gt-line-dct-4x2-ecodynam-5p-diesel-2017-en-madrid-70255139-covo.aspx,-7.452726256513971
BMW X4 xDrive20d,32990.0,30697.652,https://www.coches.net/bmw-x4-xdrive20d-5p-diesel-2018-en-almeria-70499073-covo.aspx,-7.467501522854138
BMW Serie 1 116d,20000.0,18605.06,https://www.coches.net/bmw-serie-1-116d-5p-diesel-2021-en-murcia-62636455-covo.aspx,-7.497634579637534
VOLKSWAGEN Polo RLine 1.0 TSI,17490.0,16260.762,https://www.coches.net/volkswagen-polo-rline-10-tsi-70kw-95cv-5p-gasolina-2021-en-madrid-70459499-covo.aspx,-7.559536893235369
OPEL Grandland 1.2 Turbo GS,18290.0,17003.898,https://www.coches.net/opel-grandland-12-turbo-gs-5p-gasolina-2023-en-madrid-70070087-covo.aspx,-7.563568832331188
AUDI Q2 S line 30 TDI,28300.0,26307.7,https://www.coches.net/audi-q2-s-line-30-tdi-85kw-116cv-5p-diesel-2025-en-madrid-70340786-covo.aspx,-7.573071155648796
VOLKSWAGEN Golf Advance 1.4 TSI BMT,11990.0,11144.903,https://www.coches.net/volkswagen-golf-advance-14-tsi-140cv-bmt-5p-gasolina-2013-en-malaga-70109376-covo.aspx,-7.5828085304898245
OPEL Astra 1.2T XHT GS,17990.0,16718.111,https://www.coches.net/opel-astra-12t-xht-96kw-130cv-gs-5p-gasolina-2023-en-madrid-70316372-covo.aspx,-7.60784903815835
HYUNDAI Kona HEV 1.6GDI DT Maxx,25990.0,24147.953,https://www.coches.net/hyundai-kona-hev-16gdi-129cv-dt-maxx-5p-electrico-hibrido-2025-en-murcia-70429681-covo.aspx,-7.628169830646877
BMW Serie 3 318d Auto.Touring,39900.0,37056.426,https://www.coches.net/bmw-serie-3-318d-autotouring-5p-electrico-hibrido-2024-en-toledo-60027373-covo.aspx,-7.67363327358141
VOLKSWAGEN T-Cross TCross 1.0 TSI,16985.0,15773.484,https://www.coches.net/volkswagen-t-cross-tcross-10-tsi-70kw-95cv-5p-gasolina-2024-en-las-palmas-70286564-covo.aspx,-7.680710210866139
AUDI Q3 35 TDI S tronic,27990.0,25993.092,https://www.coches.net/audi-q3-35-tdi-110kw-150cv-s-tronic-5p-diesel-2021-en-albacete-70224340-covo.aspx,-7.6824573957187985
BMW Serie 3 318d Auto.,27990.0,25989.393,https://www.coches.net/bmw-serie-3-318d-auto-4p-electrico-hibrido-2023-en-barcelona-70510017-covo.aspx,-7.697784455181497
VOLVO XC40 1.5 T5 Recharge PHEV Plus Dark Auto,30890.0,28676.992,https://www.coches.net/volvo-xc40-15-t5-recharge-phev-plus-dark-auto-5p-electrico-hibrido-2023-en-madrid-70070057-covo.aspx,-7.717015083139113
JEEP Compass eHybrid 1.5 MHEV Night Eagle Dct,22390.0,20785.223,https://www.coches.net/jeep-compass-ehybrid-15-mhev-96kw-night-eagle-dct-5p-electrico-hibrido-2023-en-madrid-70224485-covo.aspx,-7.720760899655085
AUDI A1 Sportback Adrenalin 30 TFSI S tron,19990.0,18554.111,https://www.coches.net/audi-a1-sportback-adrenalin-30-tfsi-81kw-s-tron-5p-gasolina-2023-en-sta-c-tenerife-70330786-covo.aspx,-7.738924524498392
VOLKSWAGEN T-Roc Advance 1.0 TSI,17950.0,16657.072,https://www.coches.net/volkswagen-t-roc-advance-10-tsi-81kw-110cv-5p-gasolina-2022-en-las-palmas-70314265-covo.aspx,-7.762034730696339
KIA XCeed 1.6 GDi PHEV eDrive,25450.0,23610.012,https://www.coches.net/kia-xceed-16-gdi-phev-104kw-141cv-edrive-5p-electrico-hibrido-2023-en-sevilla-61536039-covo.aspx,-7.793254417526462
BMW Serie 3 318d,13900.0,12892.326,https://www.coches.net/bmw-serie-3-318d-4p-diesel-2014-en-murcia-70357822-covo.aspx,-7.8160745756128245
TOYOTA Corolla 1.8 125H ACTIVE TECH ECVT SEDAN,19900.0,18450.152,https://www.coches.net/toyota-corolla-18-125h-active-tech-ecvt-sedan-4p-electrico-hibrido-2022-en-madrid-70472681-covo.aspx,-7.8581879934511045
NISSAN Micra IGT 92 CV E6DF CVT Acenta,14990.0,13894.958,https://www.coches.net/nissan-micra-igt-68-kw-92-cv-e6df-cvt-acenta-5p-gasolina-2022-en-las-palmas-62487533-covo.aspx,-7.8808585932523725
RENAULT Espace Zen Energy dCi TT EDC,17350.0,16077.335,https://www.coches.net/renault-espace-zen-energy-dci-118kw-160cv-tt-edc-5p-diesel-2016-en-madrid-70023904-covo.aspx,-7.915895527179391
RENAULT Mégane Business Blue dCi,14990.0,13888.552,https://www.coches.net/renault-megane-business-blue-dci-70-kw-95cv-5p-diesel-2018-en-madrid-70281206-covo.aspx,-7.930619847155196
LAND-ROVER Range Rover Sport 3.0 I6 PHEV 460 PS AWD Auto Dynamic HSE,112900.0,104595.664,https://www.coches.net/land-rover-range-rover-sport-30-i6-phev-460-ps-awd-auto-dynamic-hse-5p-electrico-hibrido-2025-en-madrid-70313589-covo.aspx,-7.939464806627007
VOLKSWAGEN T-Roc Advance RLine 1.0 TSI,17590.0,16294.575,https://www.coches.net/volkswagen-t-roc-advance-rline-10-tsi-81kw-110cv-5p-gasolina-2022-en-madrid-62250128-covo.aspx,-7.950037292534991
FIAT Panda 1.3 Lounge Diese E5l,10990.0,10178.704,https://www.coches.net/fiat-panda-13-lounge-75cv-diese-e5l-5p-diesel-2012-en-las-palmas-60930104-covo.aspx,-7.970522478524162
KIA Niro 1.6 GDi HEV Drive,25875.0,23952.0,https://www.coches.net/kia-niro-16-gdi-hev-95kw-129cv-drive-5p-electrico-hibrido-2025-en-malaga-70511325-covo.aspx,-8.028557114228457
MERCEDES-BENZ GLA GLA 200 D,32800.0,30358.55,https://www.coches.net/mercedes-benz-gla-gla-200-d-5p-diesel-2023-en-alicante-70064026-covo.aspx,-8.042047976341097
VOLKSWAGEN T-Cross Advance 1.0 TSI,17240.0,15956.388,https://www.coches.net/volkswagen-t-cross-advance-10-tsi-70kw-95cv-5p-gasolina-2022-en-sevilla-70500436-covo.aspx,-8.044504365261734
MERCEDES-BENZ GLA GLA 250 e,34985.0,32377.566,https://www.coches.net/mercedes-benz-gla-gla-250-e-5p-electrico-hibrido-2020-en-las-palmas-70466453-covo.aspx,-8.053210550273706
HONDA HR-V 1.5 iMMD Elegance 4x2,30990.0,28679.172,https://www.coches.net/km-0/honda/hr-v/murcia/15-immd-elegance-4x2-electrico-hibrido-de-demostracion-70429700-devn.aspx,-8.05751342846262
DS DS 7 Crossback BlueHDi DE Auto. Bastille,18990.0,17567.793,https://www.coches.net/ds-ds-7-crossback-bluehdi-de-96kw-130cv-auto-bastille-5p-diesel-2021-en-vizcaya-62309421-covo.aspx,-8.095536154028313
MERCEDES-BENZ Clase C Cabrio C 220 d,38900.0,35971.58,https://www.coches.net/mercedes-benz-clase-c-cabrio-c-220-d-2p-diesel-2018-en-malaga-70151653-covo.aspx,-8.140932446232508
BMW Serie 1 116d Business,19990.0,18482.465,https://www.coches.net/bmw-serie-1-116d-business-5p-diesel-2021-en-sevilla-70385401-covo.aspx,-8.15656985685968
MERCEDES-BENZ GLA GLA 180,28800.0,26622.438,https://www.coches.net/mercedes-benz-gla-gla-180-5p-gasolina-2023-en-alicante-70151203-covo.aspx,-8.179425719376747
VOLKSWAGEN Golf Life 1.0 eTSI DSG,22900.0,21162.703,https://www.coches.net/volkswagen-golf-life-10-etsi-81kw-110cv-dsg-5p-electrico-hibrido-2024-en-lugo-70494871-covo.aspx,-8.209238983973131
AUDI A6 Avant 3.0 TDI quattro S tro S line,22900.0,21157.65,https://www.coches.net/audi-a6-avant-30-tdi-218cv-quattro-s-tro-s-line-5p-diesel-2016-en-burgos-70442620-covo.aspx,-8.235080820444216
RENAULT Grand Scénic Limited TCe EDC GPF MY21,20490.0,18928.035,https://www.coches.net/renault-grand-scenic-limited-tce-103-kw-140cv-edc-gpf-my21-5p-gasolina-2021-en-vizcaya-70500154-covo.aspx,-8.252123534514052
PEUGEOT 3008 Hybrid 1.2 GT Exclusive eDCS6,36990.0,34170.05,https://www.coches.net/km-0/peugeot/3008-hybrid/vizcaya/12-107kw-gt-exclusive-edcs6-electrico-hibrido-de-km0-70119995-kovn.aspx,-8.252692501988847
BMW Serie 2 218d,18990.0,17541.68,https://www.coches.net/bmw-serie-2-218d-2p-diesel-2016-en-castellon-61379838-covo.aspx,-8.256451709878482
RENAULT Grand Kangoo Combi M1AC dCi Euro 6,14990.0,13846.199,https://www.coches.net/renault-grand-kangoo-combi-m1ac-5p-dci-66kw-90cv-euro-6-5p-diesel-2016-en-madrid-70372356-covo.aspx,-8.260756350386092
AUDI A1 Sportback Adrenalin 30 TFSI S tron,21490.0,19849.885,https://www.coches.net/audi-a1-sportback-adrenalin-30-tfsi-81kw-s-tron-5p-gasolina-2023-en-madrid-70347894-covo.aspx,-8.26259322782199
VOLKSWAGEN Golf 1.6 TDI BlueMotion,9999.0,9235.061,https://www.coches.net/volkswagen-golf-16-tdi-105cv-bluemotion-5p-diesel-2013-en-sevilla-70505060-covo.aspx,-8.272165074039554
JEEP Compass eHybrid 1.5 MHEV Limited Dct,24990.0,23078.885,https://www.coches.net/jeep-compass-ehybrid-15-mhev-96kw-limited-dct-5p-electrico-hibrido-2023-en-madrid-70508986-covo.aspx,-8.280795427435573
LAND-ROVER Range Rover Evoque 2.0 D163 S AUTO 4WD MHEV,48900.0,45133.656,https://www.coches.net/land-rover-range-rover-evoque-20-d163-s-auto-4wd-mhev-5p-electrico-hibrido-2025-en-madrid-62196798-covo.aspx,-8.3448673627012
MERCEDES-BENZ GLC Coupé GLC 200 4MATIC,39999.0,36905.707,https://www.coches.net/mercedes-benz-glc-coupe-glc-200-4matic-5p-electrico-hibrido-2021-en-alicante-70457780-covo.aspx,-8.381611456815463
MERCEDES-BENZ Clase GLC GLC 220 d 4MATIC,24990.0,23023.78,https://www.coches.net/mercedes-benz-clase-glc-glc-220-d-4matic-5p-diesel-2019-en-valencia-70408958-covo.aspx,-8.539956354567183
SKODA Kodiaq 1.5 TSI DSG mHEV Selection,33900.0,31229.43,https://www.coches.net/skoda-kodiaq-15-tsi-110kw-dsg-mhev-selection-5p-electrico-hibrido-2025-en-guipuzcoa-70488668-covo.aspx,-8.55145399459194
VOLVO XC60 2.0 B4 D Core Auto,46900.0,43201.703,https://www.coches.net/volvo-xc60-20-b4-d-core-auto-5p-electrico-hibrido-2024-en-asturias-62400608-covo.aspx,-8.560534903680374
PORSCHE Macan S Diesel,30000.0,27633.082,https://www.coches.net/porsche-macan-s-diesel-5p-diesel-2015-en-murcia-62181153-covo.aspx,-8.56552289778344
SEAT Ateca 2.0 TDI SS Style,20900.0,19249.744,https://www.coches.net/seat-ateca-20-tdi-85kw-115cv-ss-style-5p-diesel-2022-en-guipuzcoa-70485906-covo.aspx,-8.572871656471895
AUDI Q8 50 TDI quattro tiptronic,43990.0,40504.645,https://www.coches.net/audi-q8-50-tdi-210kw-286cv-quattro-tiptronic-5p-electrico-hibrido-2019-en-las-palmas-70504555-covo.aspx,-8.604829172271813
MG ZS 1.5 Luxury,14985.0,13796.904,https://www.coches.net/mg-zs-15-luxury-5p-gasolina-2022-en-las-palmas-70430248-covo.aspx,-8.611320898950527
MG ZS 1.5 Luxury,14985.0,13789.178,https://www.coches.net/mg-zs-15-luxury-5p-gasolina-2022-en-sta-c-tenerife-70430311-covo.aspx,-8.672179651756451
AUDI Q5 3.0 TDI quattro S tronic,15900.0,14628.889,https://www.coches.net/audi-q5-30-tdi-240cv-quattro-s-tronic-5p-diesel-2012-en-a-coruna-62260375-covo.aspx,-8.689049159071086
KIA XCeed 1.6 GDi PHEV eTech,26380.0,24265.885,https://www.coches.net/kia-xceed-16-gdi-phev-104kw-141cv-etech-5p-electrico-hibrido-2023-en-sevilla-62402849-covo.aspx,-8.712294049009294
KIA EV6 GTLine 774kWh RWD Long Range,39990.0,36775.426,https://www.coches.net/kia-ev6-gtline-774kwh-168kw-rwd-long-range-5p-electrico-hibrido-2024-en-sevilla-70050439-covo.aspx,-8.741093136136998
SMART forfour 60kW81CV EQ,13900.0,12777.319,https://www.coches.net/smart-forfour-60kw81cv-eq-5p-electrico-hibrido-2020-en-valencia-70319874-covo.aspx,-8.786511744328463
TOYOTA C-HR 1.8 125H Advance,19985.0,18366.188,https://www.coches.net/toyota-c-hr-18-125h-advance-5p-electrico-hibrido-2019-en-las-palmas-70307614-covo.aspx,-8.81409111172365
VOLKSWAGEN Tiguan Advance 1.5 TSI,20675.0,18987.072,https://www.coches.net/volkswagen-tiguan-advance-15-tsi-110kw-150cv-5p-gasolina-2019-en-valencia-70371588-covo.aspx,-8.889878917408957
FORD Tourneo Custom 2.0 EcoBlue L1 Titanium Auto,37985.0,34878.168,https://www.coches.net/ford-tourneo-custom-20-ecoblue-125kw-l1-titanium-auto-4p-diesel-2024-en-sta-c-tenerife-70459244-covo.aspx,-8.90766978940421
BMW Serie 3 M3,52800.0,48475.836,https://www.coches.net/bmw-serie-3-m3-4p-gasolina-2016-en-murcia-70192074-covo.aspx,-8.920246508126551
BMW Serie 2 M2 Competition,56990.0,52317.723,https://www.coches.net/bmw-serie-2-m2-competition-2p-gasolina-2019-en-pontevedra-70499119-covo.aspx,-8.930582423185498
BMW X2 sDrive18i,26490.0,24317.586,https://www.coches.net/bmw-x2-sdrive18i-5p-gasolina-2022-en-barcelona-70498856-covo.aspx,-8.93351037427582
MERCEDES-BENZ Clase GLC GLC 220 d 4MATIC Exclusive,20999.0,19274.453,https://www.coches.net/mercedes-benz-clase-glc-glc-220-d-4matic-exclusive-5p-diesel-2016-en-alicante-70014441-covo.aspx,-8.947319354877935
MERCEDES-BENZ GLC Coupé GLC 300 de 4MATIC,46900.0,43041.793,https://www.coches.net/mercedes-benz-glc-coupe-glc-300-de-4matic-5p-electrico-hibrido-2022-en-guadalajara-70484358-covo.aspx,-8.963862249073145
BMW X3 xDrive20d,33990.0,31191.45,https://www.coches.net/bmw-x3-xdrive20d-5p-diesel-2020-en-albacete-70071105-covo.aspx,-8.972172987613918
VOLKSWAGEN T-Cross Advance 1.0 TSI,18900.0,17341.508,https://www.coches.net/volkswagen-t-cross-advance-10-tsi-70kw-95cv-5p-gasolina-2023-en-cadiz-70302906-covo.aspx,-8.987062741895011
LAND-ROVER Defender 90 SW E,44900.0,41194.07,https://www.coches.net/land-rover-defender-90-sw-e-3p-diesel-2014-en-madrid-70187238-covo.aspx,-8.996269752871365
KIA XCeed 1.6 GDi PHEV eDrive,24090.0,22100.992,https://www.coches.net/kia-xceed-16-gdi-phev-104kw-141cv-edrive-5p-electrico-hibrido-2022-en-sevilla-62250544-covo.aspx,-8.999631308973331
RENAULT Kangoo Combi Expression 1.5dCi,7490.0,6871.2173,https://www.coches.net/renault-kangoo-combi-expression-15dci-85cv-5p-diesel-2009-en-madrid-70462282-covo.aspx,-9.005430757960363
SKODA Kamiq 1.0 TSI DSG SELECTION,22900.0,21007.7,https://www.coches.net/skoda-kamiq-10-tsi-85kw-115cv-dsg-selection-5p-gasolina-2025-en-guipuzcoa-70397511-covo.aspx,-9.00765362996565
BMW Serie 1 116d,15900.0,14579.227,https://www.coches.net/bmw-serie-1-116d-5p-diesel-2017-en-guadalajara-62416130-covo.aspx,-9.059283301744081
TOYOTA C-HR 1.8 125H Advance,21985.0,20157.46,https://www.coches.net/toyota-c-hr-18-125h-advance-5p-electrico-hibrido-2020-en-sta-c-tenerife-70398596-covo.aspx,-9.066315783354101
LAND-ROVER Range Rover Sport 3.0 I6 PHEV 460 PS AWD Auto Dynamic SE,104900.0,96055.94,https://www.coches.net/land-rover-range-rover-sport-30-i6-phev-460-ps-awd-auto-dynamic-se-5p-electrico-hibrido-2025-en-madrid-70070451-covo.aspx,-9.207200231635863
TOYOTA Yaris Hybrid Active,11500.0,10528.528,https://www.coches.net/toyota-yaris-hybrid-active-5p-electrico-hibrido-2015-en-granada-70398123-covo.aspx,-9.227041521209163
FIAT 600 600 MHEV La prima 1.2 DDCT,21900.0,20041.596,https://www.coches.net/fiat-600-600-mhev-la-prima-12-74kw-100cv-ddct-5p-electrico-hibrido-2025-en-malaga-70463919-covo.aspx,-9.272736185298992
BMW X2 sDrive18d,39985.0,36581.453,https://www.coches.net/bmw-x2-sdrive18d-5p-diesel-2025-en-las-palmas-70459104-covo.aspx,-9.304023170894746
SEAT León 2.0 TDI SS Style XL,17500.0,16009.632,https://www.coches.net/seat-leon-20-tdi-85kw-ss-style-xl-5p-diesel-2023-en-jaen-70158939-covo.aspx,-9.309196984261732
OPEL Corsa 1.2 XEL Edition,12500.0,11434.75,https://www.coches.net/opel-corsa-12-xel-55kw-75cv-edition-5p-gasolina-2022-en-valencia-70421919-covo.aspx,-9.315901090972693
VOLKSWAGEN Polo Life 1.0 TSI DSG,17990.0,16451.762,https://www.coches.net/volkswagen-polo-life-10-tsi-70kw-95cv-dsg-5p-gasolina-2024-en-valencia-70446464-covo.aspx,-9.34999125046211
MERCEDES-BENZ Clase GLC GLC 220 d 4MATIC,41990.0,38373.57,https://www.coches.net/mercedes-benz-clase-glc-glc-220-d-4matic-5p-diesel-2021-en-valencia-70417451-covo.aspx,-9.424272117629789
SEAT Arona 1.0 TSI StartStop FR,22990.0,21007.7,https://www.coches.net/seat-arona-10-tsi-85kw-115cv-startstop-fr-5p-gasolina-2026-en-a-coruna-70348486-covo.aspx,-9.436067989210057
MERCEDES-BENZ Clase E Cabrio E 220 d,39900.0,36450.78,https://www.coches.net/mercedes-benz-clase-e-cabrio-e-220-d-2p-diesel-2019-en-alicante-70476352-covo.aspx,-9.462674411128019
VOLKSWAGEN Taigo RLine 1.0 TSI,20985.0,19161.277,https://www.coches.net/volkswagen-taigo-rline-10-tsi-81kw-110cv-5p-gasolina-2024-en-las-palmas-70364817-covo.aspx,-9.51775094912897
VOLKSWAGEN Golf Advance 1.5 TSI EVO DSG,15990.0,14599.143,https://www.coches.net/volkswagen-golf-advance-15-tsi-evo-96kw-130cv-dsg-3p-gasolina-2019-en-barcelona-70485753-covo.aspx,-9.526980193748
OPEL Insignia ST GS Line 1.5D DVH MT6,17990.0,16423.582,https://www.coches.net/opel-insignia-st-gs-line-15d-dvh-90kw-122cv-mt6-5p-diesel-2021-en-huelva-61744792-covo.aspx,-9.537614667552399
BMW Serie 1 116d EfficientDynamics,14990.0,13683.168,https://www.coches.net/bmw-serie-1-116d-efficientdynamics-5p-diesel-2016-en-malaga-70109527-covo.aspx,-9.550654016924877
HONDA Civic 1.0 IVTEC TURBO ELEGANCE NAV,21750.0,19853.725,https://www.coches.net/honda-civic-10-ivtec-turbo-elegance-nav-5p-gasolina-2020-en-las-palmas-70383049-covo.aspx,-9.551232466121606
AUDI Q5 Design 2.0 TDI quattro S tronic,30900.0,28204.344,https://www.coches.net/audi-q5-design-20-tdi-140kw-quattro-s-tronic-5p-diesel-2018-en-guadalajara-70307451-covo.aspx,-9.557592525087559
AUDI A3 Sportback 30 TFSI S tronic,21490.0,19614.406,https://www.coches.net/audi-a3-sportback-30-tfsi-81kw-110cv-s-tronic-5p-electrico-hibrido-2022-en-madrid-70316412-covo.aspx,-9.562327434713962
AUDI Q5 SPORTBACK S line 35 TDI S tronic,40990.0,37406.53,https://www.coches.net/audi-q5-sportback-s-line-35-tdi-120kw-s-tronic-5p-electrico-hibrido-2023-en-barcelona-70240297-covo.aspx,-9.57979430396931
VOLKSWAGEN Golf Mas 1.5 TSI,23900.0,21797.342,https://www.coches.net/volkswagen-golf-mas-15-tsi-85kw-116cv-5p-gasolina-2026-en-lugo-70494870-covo.aspx,-9.646397357619312
KIA Stonic 1.2 CVVT Business,14300.0,13040.624,https://www.coches.net/kia-stonic-12-cvvt-62kw-84cv-business-5p-gasolina-2020-en-valencia-70372193-covo.aspx,-9.657329084091861
VOLKSWAGEN Golf Life 1.0 TSI,22290.0,20304.383,https://www.coches.net/volkswagen-golf-life-10-tsi-81kw-110cv-5p-gasolina-2024-en-madrid-70316410-covo.aspx,-9.779254094232272
TOYOTA Yaris 1.5 100H Feel,17900.0,16298.042,https://www.coches.net/toyota-yaris-15-100h-feel-5p-electrico-hibrido-2019-en-guipuzcoa-70421908-covo.aspx,-9.829143946128019
AUDI Q8 RS Q8 TFSI quattro tipt,92999.0,84671.016,https://www.coches.net/audi-q8-rs-q8-tfsi-441kw-600cv-quattro-tipt-5p-gasolina-2021-en-alicante-70313483-covo.aspx,-9.835696800761033
CITROEN C4 Cactus PureTech SS Feel Edition,7990.0,7271.6978,https://www.coches.net/citroen-c4-cactus-puretech-110cv-ss-feel-edition-5p-gasolina-2015-en-valencia-62058803-covo.aspx,-9.878054209663603
SKODA Karoq 1.5 TSI DSG ACT Design,30500.0,27755.412,https://www.coches.net/skoda-karoq-15-tsi-110kw-150cv-dsg-act-design-5p-gasolina-2024-en-guipuzcoa-61288635-covo.aspx,-9.88847825357259
FORD Ranger 3.2 TDCi 4x4 Dob Cab Wildtrack SS,29000.0,26388.771,https://www.coches.net/ford-ranger-32-tdci-147kw-4x4-dob-cab-wildtrack-ss-4p-diesel-2018-en-murcia-70138935-covo.aspx,-9.895225767410693
BMW X3 xDrive20d,9980.0,9079.883,https://www.coches.net/bmw-x3-xdrive20d-5p-diesel-2013-en-jaen-70242875-covo.aspx,-9.913312826690184
KIA Stonic 1.0 TGDi Drive,13900.0,12640.842,https://www.coches.net/kia-stonic-10-tgdi-74kw-100cv-drive-5p-gasolina-2020-en-madrid-70406963-covo.aspx,-9.961031261670266
KIA Ceed Tourer Tourer 1.0 TGDi Style Edition,19290.0,17536.389,https://www.coches.net/kia-ceed-tourer-tourer-10-tgdi-74kw-style-edition-5p-gasolina-2025-en-madrid-70326898-covo.aspx,-9.999842960469142
VOLKSWAGEN Golf 1.0 TSI,17850.0,16227.068,https://www.coches.net/volkswagen-golf-10-tsi-81kw-110cv-5p-gasolina-2021-en-malaga-70357073-covo.aspx,-10.001385368462875
TOYOTA C-HR 1.8 125H Advance,21985.0,19984.514,https://www.coches.net/toyota-c-hr-18-125h-advance-5p-electrico-hibrido-2019-en-sta-c-tenerife-70426174-covo.aspx,-10.010182689310893
MAZDA CX-30 eSKYACTIVG 2.0 2WD Zenith,22290.0,20261.654,https://www.coches.net/mazda-cx-30-eskyactivg-20-90-kw-2wd-zenith-5p-electrico-hibrido-2021-en-madrid-70499579-covo.aspx,-10.010760589463992
AUDI A5 RS 5 2.9 TFSI quattro Sportback,62900.0,57174.543,https://www.coches.net/audi-a5-rs-5-29-tfsi-quattro-sportback-5p-gasolina-2022-en-murcia-62632811-covo.aspx,-10.013997023779227
AUDI A3 Sportb 1.6 TDI 110 clean S tr Attraction,10999.0,9997.749,https://www.coches.net/audi-a3-sportb-16-tdi-110-clean-s-tr-attraction-5p-diesel-2016-en-sevilla-70401898-covo.aspx,-10.01476406554405
FORD Mondeo 1.5 TDCi Trend,11470.0,10420.098,https://www.coches.net/ford-mondeo-15-tdci-88kw-120cv-trend-5p-diesel-2017-en-madrid-70439439-covo.aspx,-10.075743801885254
SEAT Ibiza 1.0 TSI FR Plus,14990.0,13613.718,https://www.coches.net/seat-ibiza-10-tsi-81kw-110cv-fr-plus-5p-gasolina-2022-en-zaragoza-70468416-covo.aspx,-10.109525182370408
VOLKSWAGEN Golf 2.0 TDI,19990.0,18154.36,https://www.coches.net/volkswagen-golf-20-tdi-85kw-115cv-5p-diesel-2023-en-sevilla-70421913-covo.aspx,-10.111293861064706
RENAULT Arkana RS Line TCe 103kW140CV EDC mild hybrid,20990.0,19057.78,https://www.coches.net/renault-arkana-rs-line-tce-103kw140cv-edc-mild-hybrid-5p-electrico-hibrido-2021-en-madrid-70448083-covo.aspx,-10.138750549188256
SEAT Mii Mii Electric Plus,12590.0,11430.434,https://www.coches.net/seat-mii-mii-electric-plus-61kw-83cv-5p-electrico-hibrido-2020-en-madrid-70326856-covo.aspx,-10.144553106752088
MAZDA CX-5 2.2 DE Zenith 2WD,18990.0,17238.635,https://www.coches.net/mazda-cx-5-22-de-110kw-150cv-zenith-2wd-5p-diesel-2017-en-barcelona-70485760-covo.aspx,-10.159535590761168
AUDI Q5 35 TDI S tronic,33900.0,30750.967,https://www.coches.net/audi-q5-35-tdi-120kw-163cv-s-tronic-5p-electrico-hibrido-2021-en-madrid-70326947-covo.aspx,-10.24043641920557
MERCEDES-BENZ GLB GLB 200 d,37890.0,34354.855,https://www.coches.net/mercedes-benz-glb-glb-200-d-5p-diesel-2024-en-madrid-70481719-covo.aspx,-10.290087043054664
VOLKSWAGEN Golf Sport 1.6 TDI,16500.0,14950.331,https://www.coches.net/volkswagen-golf-sport-16-tdi-85kw-115cv-5p-diesel-2020-en-pontevedra-70196375-covo.aspx,-10.365449030151206
MERCEDES-BENZ GLA GLA 250 e,37900.0,34328.207,https://www.coches.net/mercedes-benz-gla-gla-250-e-5p-electrico-hibrido-2020-en-sevilla-70434632-covo.aspx,-10.40483403487543
SKODA Kamiq 1.0 TSI SELECTION,21900.0,19826.756,https://www.coches.net/skoda-kamiq-10-tsi-85kw-115cv-selection-5p-gasolina-2025-en-jaen-70498861-covo.aspx,-10.456799666722457
RENAULT Captur Intens Energy TCe,12990.0,11757.549,https://www.coches.net/renault-captur-intens-energy-tce-66kw-90cv-5p-gasolina-2017-en-murcia-61682541-covo.aspx,-10.482211810397741
RENAULT Mégane Dynamique 1.5dCi eco2,6490.0,5874.1157,https://www.coches.net/renault-megane-dynamique-15dci-105cv-eco2-5p-diesel-2009-en-castellon-70461401-covo.aspx,-10.48471474554556
MAZDA CX-60 eSkyac D MHEV 4WD Homura Plus,54890.0,49670.547,https://www.coches.net/mazda-cx-60-eskyac-d-mhev-187kw-4wd-homura-plus-5p-electrico-hibrido-2025-en-madrid-70284123-covo.aspx,-10.508145074655975
NISSAN Micra IGT 92 CV E6DF CVT Acenta,16390.0,14824.621,https://www.coches.net/nissan-micra-igt-68-kw-92-cv-e6df-cvt-acenta-5p-gasolina-2022-en-murcia-70016617-covo.aspx,-10.559318152893347
MG ZS 1.5 Luxury,18990.0,17170.248,https://www.coches.net/mg-zs-15-luxury-5p-gasolina-2024-en-huelva-70429356-covo.aspx,-10.598285756600916
BMW X1 sDrive18dA Corporate,27990.0,25299.44,https://www.coches.net/bmw-x1-sdrive18da-corporate-5p-diesel-2022-en-murcia-70284100-covo.aspx,-10.63486229353062
TOYOTA Rav4 2.5l 220H Style,33990.0,30708.932,https://www.coches.net/toyota-rav4-25l-220h-style-5p-electrico-hibrido-2023-en-barcelona-70503253-covo.aspx,-10.684410639132942
KIA Ceed 1.0 TGDi Style Edition,19490.0,17608.236,https://www.coches.net/kia-ceed-10-tgdi-74kw-100cv-style-edition-5p-gasolina-2025-en-madrid-70326906-covo.aspx,-10.686837891136927
LAND-ROVER Range Rover Evoque 1.5 P160 AUTO MHEV,33900.0,30625.54,https://www.coches.net/land-rover-range-rover-evoque-15-p160-auto-mhev-5p-electrico-hibrido-2022-en-valencia-70467726-covo.aspx,-10.69192914716552
VOLKSWAGEN Tiguan RLine 2.0 TDI DSG,35990.0,32499.883,https://www.coches.net/volkswagen-tiguan-rline-20-tdi-110kw-150cv-dsg-5p-diesel-2024-en-badajoz-70326120-covo.aspx,-10.738860837238596
BMW Serie 7 750e xDrive,91900.0,82978.78,https://www.coches.net/bmw-serie-7-750e-xdrive-4p-electrico-hibrido-2023-en-ciudad-real-61666981-covo.aspx,-10.751204844913289
SKODA Kodiaq 1.5 TSI DSG mHEV Selection,33900.0,30573.557,https://www.coches.net/skoda-kodiaq-15-tsi-110kw-dsg-mhev-selection-5p-electrico-hibrido-2025-en-guipuzcoa-70488627-covo.aspx,-10.880132130113203
BMW X1 sDrive18d,39900.0,35963.75,https://www.coches.net/bmw-x1-sdrive18d-5p-diesel-2025-en-madrid-70472764-covo.aspx,-10.945048833895243
BMW X1 sDrive18d,43300.0,39009.363,https://www.coches.net/bmw-x1-sdrive18d-5p-diesel-2025-en-ciudad-real-70490218-covo.aspx,-10.998991928720638
LAND-ROVER Discovery 3.0 SDV6 LANDMARK Auto,54900.0,49446.605,https://www.coches.net/land-rover-discovery-30-sdv6-225kw-306cv-landmark-auto-5p-diesel-2020-en-madrid-70414949-covo.aspx,-11.028855225858765
DS DS 7 Crossback BlueHDi DE Auto. CHIC,18890.0,17010.707,https://www.coches.net/ds-ds-7-crossback-bluehdi-de-96kw-130cv-auto-chic-5p-diesel-2021-en-madrid-70224486-covo.aspx,-11.047706396316107
SKODA Kamiq 1.0 TSI AMBITION,16990.0,15281.418,https://www.coches.net/skoda-kamiq-10-tsi-70kw-95cv-ambition-5p-gasolina-2023-en-barcelona-70503092-covo.aspx,-11.180782010831681
FIAT 500C Club 1.0 Hybrid 70 CV,13990.0,12581.752,https://www.coches.net/fiat-500c-club-10-hybrid-51kw-70-cv-2p-electrico-hibrido-2022-en-madrid-70319634-covo.aspx,-11.192781832940408
SKODA Kamiq 1.0 TSI DSG SELECTION,22900.0,20589.236,https://www.coches.net/skoda-kamiq-10-tsi-85kw-115cv-dsg-selection-5p-gasolina-2025-en-guipuzcoa-70488666-covo.aspx,-11.223163574641596
SEAT Ibiza 1.0 MPI Style,12490.0,11228.966,https://www.coches.net/seat-ibiza-10-mpi-59kw-80cv-style-5p-gasolina-2020-en-madrid-70355213-covo.aspx,-11.230189848884994
VOLKSWAGEN Tiguan Allspace Advance 2.0 TDI DSG,25990.0,23356.559,https://www.coches.net/volkswagen-tiguan-allspace-advance-20-tdi-110kw-150cv-dsg-5p-diesel-2021-en-las-palmas-62487542-covo.aspx,-11.274954722801862
AUDI Q2 Design 30 TFSI,19500.0,17519.568,https://www.coches.net/audi-q2-design-30-tfsi-85kw-116cv-5p-gasolina-2020-en-cadiz-70364773-covo.aspx,-11.304112064868537
TOYOTA Corolla 1.8 125H ADVANCE ECVT SEDAN,21990.0,19753.719,https://www.coches.net/toyota-corolla-18-125h-advance-ecvt-sedan-4p-electrico-hibrido-2021-en-madrid-70359167-covo.aspx,-11.320811429493498
RENAULT Kadjar Life Energy dCi 110,12490.0,11217.141,https://www.coches.net/renault-kadjar-life-energy-dci-110-5p-diesel-2015-en-madrid-70452977-covo.aspx,-11.347449564491843
LAND-ROVER Defender 3.0D I6 250 XDyn SE 110 Auto 4WD MHEV,108900.0,97799.234,https://www.coches.net/land-rover-defender-30d-i6-250-xdyn-se-110-auto-4wd-mhev-5p-electrico-hibrido-2026-en-madrid-70384594-covo.aspx,-11.350564956812832
LAND-ROVER Range Rover Velar 2.0D D240 RDynamic SE 4WD Auto,37900.0,34011.67,https://www.coches.net/land-rover-range-rover-velar-20d-d240-rdynamic-se-4wd-auto-5p-diesel-2018-en-sta-c-tenerife-61887292-covo.aspx,-11.432334579994826
KIA e-Niro eNiro Emotion Long Range,34420.0,30887.518,https://www.coches.net/kia-e-niro-eniro-150kw-emotion-long-range-5p-electrico-hibrido-2023-en-sevilla-62021263-covo.aspx,-11.436601898939127
MINI COUNTRYMAN One,13990.0,12552.796,https://www.coches.net/mini-countryman-one-5p-gasolina-2019-en-barcelona-70486087-covo.aspx,-11.449274832401242
HYUNDAI IONIQ 5 73KWH Energy RWD,27990.0,25109.963,https://www.coches.net/hyundai-ioniq-5-73kwh-160kw-energy-rwd-5p-electrico-hibrido-2021-en-madrid-70433100-covo.aspx,-11.469698788166207
MERCEDES-BENZ Vito 116CDI AT Tourer Select Larga,48490.0,43498.332,https://www.coches.net/mercedes-benz-vito-116cdi-at-120kw-tourer-select-larga-4p-diesel-2024-en-barcelona-70499682-covo.aspx,-11.475538798048381
SKODA Karoq 2.0 TSI DSG 4X4 Sportline,39900.0,35778.23,https://www.coches.net/skoda-karoq-20-tsi-140kw-190cv-dsg-4x4-sportline-5p-gasolina-2024-en-guipuzcoa-59854818-covo.aspx,-11.520328080087982
SEAT Ateca 1.0 TSI StSp Style Eco,18990.0,17022.451,https://www.coches.net/seat-ateca-10-tsi-85kw-115cv-stsp-style-eco-5p-gasolina-2020-en-sta-c-tenerife-62540027-covo.aspx,-11.55855175179379
VOLKSWAGEN Golf Life 2.0 TDI,20900.0,18730.582,https://www.coches.net/volkswagen-golf-life-20-tdi-85kw-115cv-5p-diesel-2022-en-jaen-70448084-covo.aspx,-11.582224007404335
MG ZS 1.5 Luxury,18990.0,17018.662,https://www.coches.net/mg-zs-15-luxury-5p-gasolina-2024-en-huelva-70397404-covo.aspx,-11.58338932846582
FORD Kuga 2.0 TDCi 2WD Trend,6980.0,6253.7114,https://www.coches.net/ford-kuga-20-tdci-140cv-2wd-trend-5p-diesel-2011-en-jaen-70208639-covo.aspx,-11.613720633551903
PEUGEOT 207 Confort 1.4 VTi 16v 95,3850.0,3449.3694,https://www.coches.net/peugeot-207-confort-14-vti-16v-95-5p-gasolina-2008-en-jaen-70503426-covo.aspx,-11.614604600011452
VOLKSWAGEN T-Roc Edition 2.0 TDI,19890.0,17819.047,https://www.coches.net/volkswagen-t-roc-edition-20-tdi-85kw-115cv-5p-diesel-2021-en-madrid-70282774-covo.aspx,-11.622131865568708
SEAT Ateca 1.0 TSI FR Special Edition,27900.0,24987.445,https://www.coches.net/seat-ateca-10-tsi-85kw-115cv-fr-special-edition-5p-gasolina-2026-en-guipuzcoa-70197376-covo.aspx,-11.65607228380002
VOLKSWAGEN Touareg RLine Indiv. Atm 3.0 TDI Tip 4Mot,30990.0,27748.68,https://www.coches.net/volkswagen-touareg-rline-indiv-atm-30-tdi-170kw-tip-4mot-5p-diesel-2021-en-madrid-70368160-covo.aspx,-11.68098932635027
LAND-ROVER Range Rover Sport 3.0D I6 MHEV HSE AWD Auto.,42500.0,38044.934,https://www.coches.net/land-rover-range-rover-sport-30d-i6-183kw-249cv-mhev-hse-awd-auto-5p-electrico-hibrido-2022-en-murcia-70183289-covo.aspx,-11.710012307609537
BMW X1 sDrive18i,24990.0,22361.553,https://www.coches.net/bmw-x1-sdrive18i-5p-gasolina-2021-en-madrid-70406559-covo.aspx,-11.754314634799282
OPEL Combo Life 1.5 TD SS Edition L,12990.0,11615.816,https://www.coches.net/opel-combo-life-15-td-75kw-100cv-ss-edition-l-5p-diesel-2022-en-vizcaya-70500045-covo.aspx,-11.830279901898308
SEAT León SP 1.0 TSI SS Style XL Vision,21500.0,19224.488,https://www.coches.net/seat-leon-sp-10-tsi-81kw-ss-style-xl-vision-5p-gasolina-2024-en-guipuzcoa-61665420-covo.aspx,-11.836526858139308
MERCEDES-BENZ Clase A A 180 d,22900.0,20475.1,https://www.coches.net/mercedes-benz-clase-a-a-180-d-5p-diesel-2020-en-cuenca-70317442-covo.aspx,-11.843167734894452
VOLKSWAGEN Tiguan RLine 1.4 TSI eHybrid DSG,31985.0,28584.025,https://www.coches.net/volkswagen-tiguan-rline-14-tsi-ehybrid-180kw-245cv-dsg-5p-electrico-hibrido-2022-en-sta-c-tenerife-70286478-covo.aspx,-11.898165366486321
MAZDA CX-30 SKYACTIVG 2.0 2WD Evolution,18990.0,16970.621,https://www.coches.net/mazda-cx-30-skyactivg-20-90-kw-2wd-evolution-5p-electrico-hibrido-2020-en-madrid-70241569-covo.aspx,-11.899263409950883
SKODA Kamiq 1.0 TSI DSG AMBITION,19900.0,17782.725,https://www.coches.net/skoda-kamiq-10-tsi-81kw-110cv-dsg-ambition-5p-gasolina-2023-en-jaen-70020463-covo.aspx,-11.906361016853282
AUDI A5 35 TFSI S tronic Sportback,21250.0,18982.895,https://www.coches.net/audi-a5-35-tfsi-110kw-150cv-s-tronic-sportback-5p-gasolina-2019-en-malaga-70348492-covo.aspx,-11.942886081033892
KIA Ceed Tourer Tourer 1.5 MHEV 103kW140CV GT Line DCT,27900.0,24909.02,https://www.coches.net/kia-ceed-tourer-tourer-15-mhev-103kw140cv-gt-line-dct-5p-electrico-hibrido-2025-en-madrid-70398187-covo.aspx,-12.007620231690046
TOYOTA C-HR 1.8 125H Advance,20985.0,18734.207,https://www.coches.net/toyota-c-hr-18-125h-advance-5p-electrico-hibrido-2020-en-las-palmas-70497401-covo.aspx,-12.014348752501327
MERCEDES-BENZ Mercedes-AMG SL MercedesAMG SL 43,115990.0,103515.805,https://www.coches.net/mercedes-benz-mercedes-amg-sl-mercedesamg-sl-43-2p-gasolina-2024-en-asturias-70375997-covo.aspx,-12.050522478338339
VOLKSWAGEN Golf Life 1.0 eTSI DSG,18790.0,16766.95,https://www.coches.net/volkswagen-golf-life-10-etsi-81kw-110cv-dsg-5p-electrico-hibrido-2022-en-madrid-70255128-covo.aspx,-12.0657059006756
OPEL Grandland 1.2T XHT Hybrid eDCT6 SS GS,28990.0,25865.398,https://www.coches.net/opel-grandland-12t-xht-hybrid-edct6-ss-gs-5p-electrico-hibrido-2024-en-madrid-70407001-covo.aspx,-12.080237503590553
AUDI Q3 Sportback 35 TDI S tronic,29990.0,26757.291,https://www.coches.net/audi-q3-sportback-35-tdi-110kw-150cv-s-tronic-5p-diesel-2022-en-almeria-70498994-covo.aspx,-12.08160042243159
BMW X4 xDrive20d,24990.0,22278.73,https://www.coches.net/bmw-x4-xdrive20d-5p-diesel-2015-en-las-palmas-62324600-covo.aspx,-12.16976674255767
VOLKSWAGEN Tiguan Allspace Advance 2.0 TDI DSG,26490.0,23612.754,https://www.coches.net/volkswagen-tiguan-allspace-advance-20-tdi-110kw-150cv-dsg-5p-diesel-2021-en-madrid-70406554-covo.aspx,-12.185135648190656
KIA XCeed 1.6 GDi PHEV eTech,23600.0,21035.867,https://www.coches.net/kia-xceed-16-gdi-phev-104kw-141cv-etech-5p-electrico-hibrido-2024-en-madrid-70406967-covo.aspx,-12.18933733344574
VOLKSWAGEN T-Cross Advance 1.0 TSI,18900.0,16846.137,https://www.coches.net/volkswagen-t-cross-advance-10-tsi-70kw-95cv-5p-gasolina-2023-en-cadiz-70379935-covo.aspx,-12.191894886879433
KIA Niro 1.6 GDi HEV Drive,27900.0,24843.74,https://www.coches.net/kia-niro-16-gdi-hev-104kw-141cv-drive-5p-electrico-hibrido-2024-en-madrid-70051578-covo.aspx,-12.301930936293607
FORD Kuga 1.5 TDCi 4x2 Titanium,14999.0,13355.69,https://www.coches.net/ford-kuga-15-tdci-88kw-4x2-titanium-5p-diesel-2019-en-sevilla-70505094-covo.aspx,-12.304190329686689
SKODA Kodiaq 1.5 TSI DSG mHEV Selection,33900.0,30172.404,https://www.coches.net/skoda-kodiaq-15-tsi-110kw-dsg-mhev-selection-5p-electrico-hibrido-2025-en-guipuzcoa-70488652-covo.aspx,-12.354321075801945
KIA Ceed Tourer Tourer 1.0 TGDi Style Edition,19790.0,17608.236,https://www.coches.net/kia-ceed-tourer-tourer-10-tgdi-74kw-style-edition-5p-gasolina-2025-en-madrid-70326899-covo.aspx,-12.390586037229337
SKODA Kamiq 1.0 TSI Ambition,16490.0,14665.885,https://www.coches.net/skoda-kamiq-10-tsi-85kw-115cv-ambition-5p-gasolina-2020-en-madrid-70224480-covo.aspx,-12.437812402907312
MAZDA CX-30 eSKYACTIV G MHEV Primeline,21500.0,19116.906,https://www.coches.net/mazda-cx-30-eskyactiv-g-mhev-90kw-primeline-5p-electrico-hibrido-2024-en-cuenca-70317700-covo.aspx,-12.465896515028419
RENAULT Trafic Equilibre Largo Ene Blue dCi,33300.0,29602.42,https://www.coches.net/renault-trafic-equilibre-largo-ene-blue-dci-110kw-5p-diesel-2023-en-valladolid-70422462-covo.aspx,-12.490803413651452
CITROEN C4 1.4 VTi Business,4500.0,3999.328,https://www.coches.net/citroen-c4-14-vti-95cv-business-5p-gasolina-2012-en-sevilla-70504029-covo.aspx,-12.518906527689863
BMW Serie 2 Gran Tourer 216d,22990.0,20420.389,https://www.coches.net/bmw-serie-2-gran-tourer-216d-5p-diesel-2021-en-cadiz-70102409-covo.aspx,-12.583557391657903
VOLKSWAGEN Touareg Prem Eleg 3.0 V6 TDI Tip 4M,49890.0,44290.812,https://www.coches.net/volkswagen-touareg-prem-eleg-30-v6-tdi-210kw-tip-4m-5p-diesel-2022-en-madrid-70503033-covo.aspx,-12.641871268448732
SUBARU WRX STI 2.5T Rally Edition AWD,50000.0,44344.633,https://www.coches.net/subaru-wrx-sti-25t-rally-edition-awd-4p-gasolina-2018-en-murcia-62259628-covo.aspx,-12.753216858085805
CUPRA Formentor 1.5 TSI 150 CV DSG,24990.0,22154.89,https://www.coches.net/cupra-formentor-15-tsi-110kw-150-cv-dsg-5p-gasolina-2022-en-a-coruna-70358304-covo.aspx,-12.796765386874936
POLESTAR 4 Long Range Single Motor Prime,58900.0,52205.168,https://www.coches.net/km-0/polestar/4/asturias/long-range-single-motor-prime-electrico-hibrido-de-km0-70329572-kovn.aspx,-12.824079093582316
LAND-ROVER Range Rover Evoque 2.0 D163 SE AUTO 4WD MHEV,43900.0,38870.105,https://www.coches.net/land-rover-range-rover-evoque-20-d163-se-auto-4wd-mhev-5p-electrico-hibrido-2023-en-madrid-59704170-covo.aspx,-12.940264685656263
RENAULT Scénic Zen Energy TCe,15985.0,14149.9795,https://www.coches.net/renault-scenic-zen-energy-tce-103-kw-140cv-5p-gasolina-2018-en-las-palmas-70497386-covo.aspx,-12.968361606641574
PEUGEOT 3008 1.5L BlueHDi SS GT Line,16990.0,15037.403,https://www.coches.net/peugeot-3008-15l-bluehdi-96kw-130cv-ss-gt-line-5p-diesel-2018-en-vizcaya-70313533-covo.aspx,-12.984932558468627
TOYOTA Highlander 2.5 Advance P. Metalizada,44900.0,39675.773,https://www.coches.net/toyota-highlander-25-advance-p-metalizada-5p-electrico-hibrido-2022-en-valladolid-70355295-covo.aspx,-13.16729608492588
BMW Serie 4 420i Cabrio,36390.0,32155.146,https://www.coches.net/bmw-serie-4-420i-cabrio-2p-gasolina-2022-en-malaga-70326400-covo.aspx,-13.170064448883236
SEAT Ateca 1.5 TSI DSG StSp Style,19900.0,17580.582,https://www.coches.net/seat-ateca-15-tsi-110kw-150cv-dsg-stsp-style-5p-gasolina-2020-en-cuenca-70317459-covo.aspx,-13.193067013521887
BMW X1 sDrive18i,32490.0,28696.87,https://www.coches.net/bmw-x1-sdrive18i-5p-gasolina-2024-en-barcelona-70499261-covo.aspx,-13.217925763215813
NISSAN JUKE DIGT 114 CV 6MT NConnecta,23790.0,21007.7,https://www.coches.net/nissan-juke-digt-84-kw-114-cv-6mt-nconnecta-5p-gasolina-2025-en-huelva-70168065-covo.aspx,-13.244195626938115
PEUGEOT Rifter Active Pack Busin. Standard BlueHDi,15590.0,13758.862,https://www.coches.net/peugeot-rifter-active-pack-busin-standard-bluehdi-73kw-5p-diesel-2021-en-madrid-70326891-covo.aspx,-13.308787127614835
SEAT Ateca 2.0 TDI SS FR Edition,17490.0,15434.475,https://www.coches.net/seat-ateca-20-tdi-110kw-150cv-ss-fr-edition-5p-diesel-2020-en-madrid-70503914-covo.aspx,-13.31775420056385
MERCEDES-BENZ GLC Coupé GLC 300 de 4MATIC,42990.0,37929.19,https://www.coches.net/mercedes-benz-glc-coupe-glc-300-de-4matic-5p-electrico-hibrido-2021-en-barcelona-70397521-covo.aspx,-13.342780075496352
VOLKSWAGEN Tiguan RLine 1.4 TSI eHybrid DSG,32985.0,29078.783,https://www.coches.net/volkswagen-tiguan-rline-14-tsi-ehybrid-180kw-245cv-dsg-5p-electrico-hibrido-2023-en-sta-c-tenerife-70398597-covo.aspx,-13.433219573146415
HYUNDAI Tucson 1.6 CRDI Maxx,22000.0,19392.805,https://www.coches.net/hyundai-tucson-16-crdi-85kw-115cv-maxx-5p-diesel-2022-en-murcia-62577459-covo.aspx,-13.444137423714256
TOYOTA Yaris Cross 1.5 120H Active Tech,19990.0,17615.064,https://www.coches.net/toyota-yaris-cross-15-120h-active-tech-5p-electrico-hibrido-2021-en-madrid-70400491-covo.aspx,-13.482411904849286
AUDI A1 Sportback Adrenalin 30 TFSI S tron,26500.0,23344.098,https://www.coches.net/audi-a1-sportback-adrenalin-30-tfsi-85kw-s-tron-5p-gasolina-2025-en-jaen-70292299-covo.aspx,-13.519059036771374
KIA Ceed 1.0 TGDi Style Edition,19990.0,17608.236,https://www.coches.net/kia-ceed-10-tgdi-74kw-100cv-style-edition-5p-gasolina-2024-en-madrid-70410694-covo.aspx,-13.526418134624278
AUDI Q3 Sportback Black line TDI S tronic,59890.0,52729.918,https://www.coches.net/audi-q3-sportback-black-line-tdi-110-kw-s-tronic-5p-diesel-2026-en-pontevedra-70498372-covo.aspx,-13.57878469580281
NISSAN QASHQAI dCi 115 CV E6D NCONNECTA,14990.0,13195.764,https://www.coches.net/nissan-qashqai-dci-85-kw-115-cv-e6d-nconnecta-5p-diesel-2018-en-madrid-70478807-covo.aspx,-13.597063214682862
VOLKSWAGEN Golf Advance 1.6 TDI DSG,16900.0,14867.788,https://www.coches.net/volkswagen-golf-advance-16-tdi-85kw-115cv-dsg-5p-diesel-2018-en-murcia-62419378-covo.aspx,-13.668555822265457
PEUGEOT 5008 Allure BlueHDi SS EAT8,14499.0,12752.704,https://www.coches.net/peugeot-5008-allure-bluehdi-96kw-130cv-ss-eat8-5p-diesel-2019-en-alicante-70173530-covo.aspx,-13.693534206784728
TOYOTA Yaris Cross 1.5 120H Business Plus,22850.0,20096.826,https://www.coches.net/toyota-yaris-cross-15-120h-business-plus-5p-electrico-hibrido-2021-en-las-palmas-70383417-covo.aspx,-13.699545413683268
SUBARU Forester 2.0i Hybrid CVT Executive Plus,26900.0,23650.531,https://www.coches.net/subaru-forester-20i-hybrid-cvt-executive-plus-5p-electrico-hibrido-2022-en-barcelona-70326016-covo.aspx,-13.73951695059704
DACIA Duster Journey Go TCE 96kW130CV 4X2,24750.0,21756.973,https://www.coches.net/dacia-duster-journey-go-tce-96kw130cv-4x2-5p-gasolina-2023-en-madrid-70326916-covo.aspx,-13.756635130440403
JEEP Wrangler 2.0 Rubicon 8ATX E6D,59900.0,52653.934,https://www.coches.net/jeep-wrangler-4p-20-380cv-rubicon-8atx-e6d-5p-electrico-hibrido-2023-en-malaga-70477983-covo.aspx,-13.761681059114842
PEUGEOT 3008 2.0BLUEHDI GT LINE SS,13900.0,12211.701,https://www.coches.net/peugeot-3008-20bluehdi-110kw-150cv-gt-line-ss-5p-diesel-2016-en-madrid-70495060-covo.aspx,-13.825255010443204
MERCEDES-BENZ Clase GLE Coupé GLE 350 d 4MATIC,42990.0,37756.215,https://www.coches.net/mercedes-benz-clase-gle-coupe-gle-350-d-4matic-5p-diesel-2017-en-jaen-70265693-covo.aspx,-13.862049408049648
SEAT León SP 1.5 TSI Style 25 Aniversario,22500.0,19754.908,https://www.coches.net/seat-leon-sp-15-tsi-85kw-style-25-aniversario-5p-gasolina-2025-en-guipuzcoa-61746736-covo.aspx,-13.895745647862631
AUDI Q3 Advanced 35 TDI S tronic,29610.0,25994.604,https://www.coches.net/audi-q3-advanced-35-tdi-110kw-150cv-s-tronic-5p-diesel-2023-en-madrid-70326885-covo.aspx,-13.908257851295309
NISSAN X-TRAIL dCi TEKNA LIMITED EDITION,11999.0,10530.115,https://www.coches.net/nissan-x-trail-dci-130cv-96kw-tekna-limited-edition-5p-diesel-2014-en-alicante-62499404-covo.aspx,-13.949370286375443
TOYOTA Corolla 1.8 125H ACTIVE TECH ECVT,21900.0,19216.377,https://www.coches.net/toyota-corolla-18-125h-active-tech-ecvt-5p-electrico-hibrido-2022-en-guipuzcoa-70511400-covo.aspx,-13.965291446047454
LAND-ROVER Defender 90 2.5TD5 HTOP,52900.0,46407.11,https://www.coches.net/land-rover-defender-90-25td5-htop-3p-diesel-1999-en-madrid-57512817-covo.aspx,-13.991155045950327
MAZDA CX-30 eSKYACTIVG 2.0 2WD Evolution,23500.0,20612.275,https://www.coches.net/mazda-cx-30-eskyactivg-20-90-kw-2wd-evolution-5p-electrico-hibrido-2022-en-madrid-70418954-covo.aspx,-14.00973233012602
FORD Kuga 2.0 TDCi 4WD Trend,7290.0,6393.4233,https://www.coches.net/ford-kuga-20-tdci-4wd-trend-5p-diesel-2009-en-valencia-70286249-covo.aspx,-14.02342082634812
CITROEN C4 Cactus BlueHDi 100 Feel,8490.0,7445.4404,https://www.coches.net/citroen-c4-cactus-bluehdi-100-feel-5p-diesel-2015-en-madrid-70068678-covo.aspx,-14.029520216795854
PEUGEOT 408 408 Allure Puretech 130 EAT8,23990.0,21037.959,https://www.coches.net/peugeot-408-408-allure-puretech-130-eat8-5p-gasolina-2023-en-valladolid-70430621-covo.aspx,-14.031974384100169
SMART fortwo 60kW81CV EQ coupe,17990.0,15773.083,https://www.coches.net/smart-fortwo-60kw81cv-eq-coupe-3p-electrico-hibrido-2023-en-jaen-70347496-covo.aspx,-14.055064511417637
CUPRA Formentor 1.5 TSI 150 CV DSG,24990.0,21904.85,https://www.coches.net/cupra-formentor-15-tsi-110kw-150-cv-dsg-5p-gasolina-2021-en-murcia-70376564-covo.aspx,-14.084325825750451
BMW X1 sDrive20d,10900.0,9554.016,https://www.coches.net/bmw-x1-sdrive20d-5p-diesel-2010-en-malaga-70470641-covo.aspx,-14.088153377915372
NISSAN QASHQAI dCi 115 CV E6D ACENTA,15990.0,14014.492,https://www.coches.net/nissan-qashqai-dci-85-kw-115-cv-e6d-acenta-5p-diesel-2018-en-madrid-70281204-covo.aspx,-14.0961783421737
VOLKSWAGEN T-Roc Edition 1.6 TDI,17290.0,15151.161,https://www.coches.net/volkswagen-t-roc-edition-16-tdi-85kw-115cv-5p-diesel-2019-en-madrid-70426294-covo.aspx,-14.116666362655659
MAZDA CX-3 1.5 SKYACTIV DE Luxury 2WD,14990.0,13133.689,https://www.coches.net/mazda-cx-3-15-skyactiv-de-77kw-luxury-2wd-5p-diesel-2017-en-barcelona-70485751-covo.aspx,-14.133961013013854
BMW Serie 4 420i Cabrio,36990.0,32406.277,https://www.coches.net/bmw-serie-4-420i-cabrio-2p-gasolina-2022-en-malaga-70475523-covo.aspx,-14.144551710238431
VOLVO XC40 2.0 D3 AWD Inscription Auto,26990.0,23642.037,https://www.coches.net/volvo-xc40-20-d3-awd-inscription-auto-5p-diesel-2020-en-almeria-70498939-covo.aspx,-14.161059282397456
VOLVO S60 2.0 D4 RDesign Momentum Auto,14990.0,13124.198,https://www.coches.net/volvo-s60-20-d4-rdesign-momentum-auto-4p-diesel-2015-en-madrid-70463406-covo.aspx,-14.21650087404893
SUZUKI S-Cross 1.4T S2 Mild Hybrid,24900.0,21793.795,https://www.coches.net/suzuki-s-cross-14t-s2-mild-hybrid-5p-electrico-hibrido-2022-en-madrid-70511741-covo.aspx,-14.252703988726722
OPEL Combo Life 1.2 T SS Selective L,15985.0,13973.8,https://www.coches.net/opel-combo-life-12-t-ss-selective-l-5p-gasolina-2020-en-sta-c-tenerife-70354381-covo.aspx,-14.392650699331218
VOLVO XC40 1.5 T2 Core Auto,29900.0,26135.191,https://www.coches.net/volvo-xc40-15-t2-core-auto-5p-gasolina-2024-en-asturias-62403482-covo.aspx,-14.405131132307986
FORD Fiesta 1.6 TDCi Sport Coupe,5999.0,5243.0625,https://www.coches.net/ford-fiesta-16-tdci-sport-coupe-3p-diesel-2007-en-alicante-70313146-covo.aspx,-14.417861698196427
LEXUS CT 1.8 200h Executive,25900.0,22633.834,https://www.coches.net/lexus-ct-18-200h-executive-5p-electrico-hibrido-2020-en-madrid-70278447-covo.aspx,-14.430458480343008
KIA Sportage 1.6 CRDi MHEV Drive 4x2,27950.0,24410.883,https://www.coches.net/kia-sportage-16-crdi-mhev-100kw-136cv-drive-4x2-5p-electrico-hibrido-2025-en-madrid-61337932-covo.aspx,-14.498112234137375
SEAT Arona 1.0 TSI Style Edition Eco,12800.0,11169.277,https://www.coches.net/seat-arona-10-tsi-70kw-95cv-style-edition-eco-5p-gasolina-2020-en-valencia-70319526-covo.aspx,-14.600073093918692
MINI COUNTRYMAN Cooper S E ALL4,28900.0,25213.287,https://www.coches.net/mini-countryman-cooper-s-e-all4-5p-electrico-hibrido-2021-en-madrid-70457388-covo.aspx,-14.622103316525429
NISSAN X-TRAIL 5pl 1.5 e4ORCE 4x4 AT Tekna,37900.0,33063.58,https://www.coches.net/nissan-x-trail-5pl-15-e4orce-158kw-4x4-at-tekna-5p-electrico-hibrido-2023-en-jaen-61034284-covo.aspx,-14.627642104298111
MAZDA Mazda3 2.0 eSKYACTIVG EXCLUSIVELINE AT,27290.0,23789.295,https://www.coches.net/mazda-mazda3-20-eskyactivg-90kw-exclusiveline-at-5p-electrico-hibrido-2024-en-madrid-70477329-covo.aspx,-14.715463781593597
KIA XCeed 1.0 TGDi Drive,20990.0,18296.012,https://www.coches.net/kia-xceed-10-tgdi-drive-74kw-100cv-5p-gasolina-2025-en-huelva-70178974-covo.aspx,-14.724456469871871
NISSAN QASHQAI dCi 115 CV E6D ACENTA,16990.0,14798.759,https://www.coches.net/nissan-qashqai-dci-85-kw-115-cv-e6d-acenta-5p-diesel-2018-en-madrid-70316370-covo.aspx,-14.806925649447084
MERCEDES-BENZ GLC GLC 200 4MATIC,46950.0,40887.344,https://www.coches.net/mercedes-benz-glc-glc-200-4matic-5p-electrico-hibrido-2023-en-madrid-70326918-covo.aspx,-14.827708757676389
KIA EV6 Air 774kWh RWD Long Range,37980.0,33065.28,https://www.coches.net/kia-ev6-air-774kwh-168kw-rwd-long-range-5p-electrico-hibrido-2023-en-sevilla-59506294-covo.aspx,-14.86368348976315
MAZDA CX-60 eSkyactiv PHEV AWD Homura,51500.0,44827.074,https://www.coches.net/mazda-cx-60-eskyactiv-phev-awd-homura-5p-electrico-hibrido-2024-en-madrid-70359732-covo.aspx,-14.885927528276849
MAZDA Mazda3 Active 1.6 VVT AT,6490.0,5648.905,https://www.coches.net/mazda-mazda3-active--16-vvt-at-5p-gasolina-2006-en-madrid-70389848-covo.aspx,-14.88952720629872
DS DS 7 Crossback 1.6 ETense 225 Auto Bastille,29890.0,26010.404,https://www.coches.net/ds-ds-7-crossback-16-etense-225-auto-bastille--5p-electrico-hibrido-2022-en-madrid-70281214-covo.aspx,-14.915553248786336
MAZDA CX-30 eSKYACTIVG 2.0 2WD Zenith,21990.0,19134.398,https://www.coches.net/mazda-cx-30-eskyactivg-20-90-kw-2wd-zenith-5p-electrico-hibrido-2021-en-sta-c-tenerife-62613647-covo.aspx,-14.9239160657569
MINI MINI JOHN COOPER WORKS,36900.0,32102.854,https://www.coches.net/mini-mini-john-cooper-works-3p-gasolina-2022-en-murcia-70462341-covo.aspx,-14.943053215005165
AUDI A3 Cabrio 2.0 TDI clean S tr Ambition,21990.0,19109.955,https://www.coches.net/audi-a3-cabrio-20-tdi-clean-150cv-s-tr-ambition-2p-diesel-2016-en-malaga-70109040-covo.aspx,-15.070914139258038
NISSAN Micra IGT 100 CV E6D Tekna,14390.0,12503.249,https://www.coches.net/nissan-micra-igt-74-kw-100-cv-e6d-tekna-5p-gasolina-2020-en-murcia-62278232-covo.aspx,-15.090085569164952
CUPRA Formentor 2.0 TDI 150 CV 4Drive DSG,26990.0,23446.438,https://www.coches.net/cupra-formentor-20-tdi-110kw-150-cv-4drive-dsg-5p-diesel-2022-en-murcia-70292329-covo.aspx,-15.11343674278875
VOLKSWAGEN T-Roc TRoc 2.0 TDI,27090.0,23508.21,https://www.coches.net/volkswagen-t-roc-troc-20-tdi-85kw-115cv-5p-diesel-2024-en-madrid-70326854-covo.aspx,-15.236331986397039
MINI COUNTRYMAN Cooper,21250.0,18423.527,https://www.coches.net/mini-countryman-cooper-5p-gasolina-2021-en-madrid-70316427-covo.aspx,-15.341647685120693
BMW X4 xDrive20d,27990.0,24259.258,https://www.coches.net/bmw-x4-xdrive20d-5p-diesel-2020-en-asturias-70317505-covo.aspx,-15.37863283508068
VOLVO C40 Recharge Single Plus Auto,42900.0,37131.066,https://www.coches.net/volvo-c40-recharge-single-plus-auto-5p-electrico-hibrido-2024-en-valencia-70383487-covo.aspx,-15.536676298580417
VOLKSWAGEN Golf Mas 2.0 TDI,28900.0,24989.113,https://www.coches.net/volkswagen-golf-mas-20-tdi-85kw-115cv-5p-diesel-2025-en-jaen-70448243-covo.aspx,-15.650362118628847
BMW X3 xDrive20d xLine,40990.0,35435.035,https://www.coches.net/bmw-x3-xdrive20d-xline-5p-electrico-hibrido-2023-en-zaragoza-70424923-covo.aspx,-15.676476174654564
AUDI Q3 Sportback 45 TFSI e S tronic S Line,39500.0,34113.902,https://www.coches.net/audi-q3-sportback-45-tfsi-e-180kw-s-tronic-s-line-5p-electrico-hibrido-2023-en-jaen-70058031-covo.aspx,-15.78857089399151
KIA Sportage 1.6 CRDi MHEV Drive 4x2,28090.0,24259.635,https://www.coches.net/kia-sportage-16-crdi-mhev-100kw-136cv-drive-4x2-5p-electrico-hibrido-2023-en-sevilla-60250620-covo.aspx,-15.789047408918478
AUDI A1 Sportback Adrenalin 30 TFSI S tron,27900.0,24088.158,https://www.coches.net/audi-a1-sportback-adrenalin-30-tfsi-85kw-s-tron-5p-gasolina-2026-en-jaen-70236986-covo.aspx,-15.824546504267326
OPEL Grandland X 1.2 Turbo Selective,15985.0,13799.04,https://www.coches.net/opel-grandland-x-12-turbo-selective-5p-gasolina-2020-en-las-palmas-70497388-covo.aspx,-15.841391537016028
PEUGEOT 3008 1.2 PureTech SS GT EAT8,22990.0,19819.965,https://www.coches.net/peugeot-3008-12-puretech-96kw-ss-gt-eat8-5p-gasolina-2022-en-vizcaya-70313535-covo.aspx,-15.994151257284567
AUDI A5 Sportback 2.0 TDI S line edition,14500.0,12495.013,https://www.coches.net/audi-a5-sportback-20-tdi-150cv-s-line-edition-5p-diesel-2014-en-murcia-61453915-covo.aspx,-16.046300660740187
MERCEDES-BENZ GLA GLA 200 D,37800.0,32550.045,https://www.coches.net/mercedes-benz-gla-gla-200-d-5p-diesel-2020-en-vizcaya-70425968-covo.aspx,-16.12887198996401
FORD S-MAX 2.0 TDCi Titanium,6590.0,5672.417,https://www.coches.net/ford-s-max-20-tdci-titanium-5p-diesel-2007-en-madrid-70180131-covo.aspx,-16.176226273143666
HONDA HR-V 1.5 iMMD Elegance 4x2,25790.0,22191.57,https://www.coches.net/honda-hr-v-15-immd-elegance-4x2-5p-electrico-hibrido-2022-en-madrid-70326867-covo.aspx,-16.215299939694162
BMW Serie 1 116d,14250.0,12261.324,https://www.coches.net/bmw-serie-1-116d-5p-diesel-2018-en-pontevedra-70250253-covo.aspx,-16.219094657075615
BMW X3 sDrive18d xLine,46990.0,40402.785,https://www.coches.net/bmw-x3-sdrive18d-xline-5p-electrico-hibrido-2023-en-badajoz-70102713-covo.aspx,-16.303863256642366
SEAT León 1.0 TSI SS Style XM,21985.0,18900.402,https://www.coches.net/seat-leon-10-tsi-81kw-ss-style-xm-5p-gasolina-2024-en-las-palmas-70497358-covo.aspx,-16.320275093350155
PEUGEOT 2008 Allure Puretech 100 SS 6 Vel. MAN,16485.0,14164.486,https://www.coches.net/peugeot-2008-allure-puretech-100-ss-6-vel-man-5p-gasolina-2023-en-las-palmas-70355052-covo.aspx,-16.382617894638287
VOLKSWAGEN T-Roc Life 1.0 TSI,22900.0,19674.688,https://www.coches.net/volkswagen-t-roc-life-10-tsi-81kw-110cv-5p-gasolina-2024-en-jaen-70304589-covo.aspx,-16.393208278403407
LAND-ROVER Discovery Sport 2.0D eD4 163 PS FWD Manual RDynamic SE,45900.0,39418.125,https://www.coches.net/land-rover-discovery-sport-20d-ed4-163-ps-fwd-manual-rdynamic-se-5p-diesel-2023-en-asturias-62356428-covo.aspx,-16.443894781905534
FORD Kuga STLine X 1.5 EcoBlue Auto,21990.0,18883.57,https://www.coches.net/ford-kuga-stline-x-15-ecoblue-88kw-120cv-auto-5p-diesel-2022-en-vizcaya-70483145-covo.aspx,-16.45043620508403
AUDI Q5 Black Line 50 TFSI e quattro,39990.0,34326.99,https://www.coches.net/audi-q5-black-line-50-tfsi-e-quattro-5p-electrico-hibrido-2022-en-las-palmas-62537294-covo.aspx,-16.4972577039135
VOLKSWAGEN T-Roc Advance RLine 1.0 TSI,18900.0,16218.581,https://www.coches.net/volkswagen-t-roc-advance-rline-10-tsi-81kw-110cv-5p-gasolina-2022-en-lugo-70494872-covo.aspx,-16.53300579299146
CUPRA Formentor 2.0 TDI 150 CV 4Drive DSG,28490.0,24442.768,https://www.coches.net/cupra-formentor-20-tdi-110kw-150-cv-4drive-dsg-5p-diesel-2023-en-madrid-70070096-covo.aspx,-16.55799577089242
MERCEDES-BENZ Clase GLC GLC 220 d 4MATIC AMG Line,22500.0,19303.371,https://www.coches.net/mercedes-benz-clase-glc-glc-220-d-4matic-amg-line-5p-diesel-2016-en-murcia-61677614-covo.aspx,-16.559951579053447
MERCEDES-BENZ GLC Coupé GLC 220 d 4MATIC,38990.0,33445.32,https://www.coches.net/mercedes-benz-glc-coupe-glc-220-d-4matic-5p-diesel-2019-en-almeria-70232467-covo.aspx,-16.578342308259213
BMW X6 xDrive30d,33500.0,28732.225,https://www.coches.net/bmw-x6-xdrive30d-5p-diesel-2017-en-murcia-70245953-covo.aspx,-16.593826114909767
RENAULT Kadjar Zen Energy dCi EDC,13490.0,11560.931,https://www.coches.net/renault-kadjar-zen-energy-dci-81kw-110cv-edc-5p-diesel-2016-en-guipuzcoa-70485764-covo.aspx,-16.686107649914984
ALFA ROMEO Stelvio 2.2 Diesel Super RWD,17450.0,14952.493,https://www.coches.net/alfa-romeo-stelvio-22-diesel-110kw-150cv-super-rwd-5p-diesel-2017-en-malaga-70282377-covo.aspx,-16.70294584678441
BMW X3 20d xDrive,57500.0,49252.016,https://www.coches.net/bmw-x3-20d-xdrive-5p-electrico-hibrido-2024-en-albacete-70128797-covo.aspx,-16.74649102241691
JEEP Renegade 2.0 Mjet Longitude 4x4 Active Drive,13470.0,11529.848,https://www.coches.net/jeep-renegade-20-mjet-longitude-4x4-88kw-active-drive-5p-diesel-2018-en-madrid-70439228-covo.aspx,-16.827215775902285
BMW X1 sDrive18d,40000.0,34233.367,https://www.coches.net/bmw-x1-sdrive18d-5p-diesel-2023-en-ciudad-real-62010636-covo.aspx,-16.84506458542481
VOLKSWAGEN Golf Life 2.0 TDI,25900.0,22153.438,https://www.coches.net/volkswagen-golf-life-20-tdi-85kw-115cv-5p-diesel-2024-en-guadalajara-70307386-covo.aspx,-16.911878799847653
RENAULT Captur Intens TCe 90,15985.0,13664.535,https://www.coches.net/renault-captur-intens-tce-90-5p-gasolina-2021-en-caceres-70258367-covo.aspx,-16.98165958238723
BMW Serie 2 Active Tourer 218i,26890.0,22982.965,https://www.coches.net/bmw-serie-2-active-tourer-218i-5p-gasolina-2022-en-madrid-70316416-covo.aspx,-16.999700355511273
BMW Serie 4 420i,40900.0,34938.367,https://www.coches.net/bmw-serie-4-420i-2p-gasolina-2023-en-valladolid-70421683-covo.aspx,-17.06328398378305
SKODA Octavia Combi 2.0 TDI Selection,32600.0,27843.623,https://www.coches.net/skoda-octavia-combi-20-tdi-85kw-115cv-selection-5p-diesel-2026-en-guipuzcoa-70450451-covo.aspx,-17.08246425085412
AUDI Q5 SPORTBACK S line 40 TDI quattroultra,46900.0,40056.86,https://www.coches.net/audi-q5-sportback-s-line-40-tdi-150kw-quattroultra-5p-electrico-hibrido-2023-en-vizcaya-70387724-covo.aspx,-17.083567538175227
MERCEDES-BENZ Clase C C Coupe 200,24000.0,20481.9,https://www.coches.net/mercedes-benz-clase-c-c-coupe-200-2p-gasolina-2018-en-murcia-61677775-covo.aspx,-17.17662688656229
SKODA Kodiaq 1.5 TSI 4x2 Ambition,20900.0,17822.908,https://www.coches.net/skoda-kodiaq-15-tsi-110kw-150cv-4x2-ambition-5p-gasolina-2020-en-valladolid-70421692-covo.aspx,-17.26481313714826
NISSAN QASHQAI 1.6dCi TEKNA 4x2 XTRONIC Piel,14990.0,12782.554,https://www.coches.net/nissan-qashqai-16dci-tekna-4x2-xtronic-piel-5p-diesel-2015-en-barcelona-70485752-covo.aspx,-17.2692119194749
KIA XCeed 1.0 TGDi Tech,18900.0,16114.97,https://www.coches.net/kia-xceed-10-tgdi-tech-88kw-120cv-5p-gasolina-2021-en-madrid-70204433-covo.aspx,-17.28225569575164
AUDI Q5 35 TDI S tronic,36900.0,31448.379,https://www.coches.net/audi-q5-35-tdi-120kw-163cv-s-tronic-5p-electrico-hibrido-2022-en-valencia-70319843-covo.aspx,-17.335141852626794
OPEL Mokka 1.2 T 100 CV Business Elegance,16990.0,14478.106,https://www.coches.net/opel-mokka-12-t-74kw-100-cv-business-elegance-5p-gasolina-2022-en-las-palmas-62492610-covo.aspx,-17.349599992067766
SEAT Alhambra 2.0 TDI 177 CV StartStop Style 4Kids,15600.0,13280.706,https://www.coches.net/seat-alhambra-20-tdi-177-cv-startstop-style-4kids-5p-diesel-2014-en-navarra-62172865-covo.aspx,-17.463634356201208
VOLKSWAGEN Tiguan RLine 1.5 TSI DSG,33300.0,28334.166,https://www.coches.net/volkswagen-tiguan-rline-15-tsi-110kw-150cv-dsg-5p-gasolina-2021-en-zaragoza-70507847-covo.aspx,-17.52595781939221
FORD Ranger 2.0 Ecobl 4x4 Dob Cab Wildtrack AT,37999.0,32318.633,https://www.coches.net/ford-ranger-20-ecobl-157kw-4x4-dob-cab-wildtrack-at-4p-diesel-2022-en-alicante-70286665-covo.aspx,-17.57613702428335
TOYOTA C-HR 1.8 125H Advance,21900.0,18612.857,https://www.coches.net/toyota-c-hr-18-125h-advance-5p-electrico-hibrido-2023-en-valladolid-70322213-covo.aspx,-17.660601505826524
MINI MINI ONE CABRIO,13990.0,11882.833,https://www.coches.net/mini-mini-one-cabrio-2p-gasolina-2018-en-las-palmas-62487529-covo.aspx,-17.732867160567853
TOYOTA C-HR 1.8 125H Advance,21470.0,18234.613,https://www.coches.net/toyota-c-hr-18-125h-advance-5p-electrico-hibrido-2021-en-madrid-70380544-covo.aspx,-17.743105756330092
HYUNDAI Tucson 1.7CRDi BD TecnoSky DCT4x2,18599.0,15790.3545,https://www.coches.net/hyundai-tucson-17crdi-104kw-141cv-bd-tecnosky-dct4x2-5p-diesel-2015-en-jaen-70292053-covo.aspx,-17.787095971797953
MERCEDES-BENZ Clase B B 180 BlueEFFICIENCY,15990.0,13568.682,https://www.coches.net/mercedes-benz-clase-b-b-180-blueefficiency-5p-gasolina-2013-en-malaga-70107538-covo.aspx,-17.844905079985864
MERCEDES-BENZ GLE Coupé GLE 350 e 4MATIC Hibrido Enchufable,63900.0,54187.668,https://www.coches.net/mercedes-benz-gle-coupe-gle-350-e-4matic-hibrido-enchufable-5p-electrico-hibrido-2022-en-valladolid-70469588-covo.aspx,-17.923509896847925
AUDI A6 Competition 3.0 TDI quat tip Avant,34900.0,29592.682,https://www.coches.net/audi-a6-competition-30-tdi-240kw-quat-tip-avant-5p-diesel-2017-en-burgos-62478250-covo.aspx,-17.934563767580574
KIA Sportage 1.6 TGDi PHEV GTline 4x4,39990.0,33898.35,https://www.coches.net/kia-sportage-16-tgdi-phev-198kw-265cv-gtline-4x4-5p-electrico-hibrido-2023-en-sevilla-59503770-covo.aspx,-17.970338251606538
AUDI Q8 50 TDI Black Line Plus quattro tip,69990.0,59278.03,https://www.coches.net/audi-q8-50-tdi-210kw-black-line-plus-quattro-tip-5p-electrico-hibrido-2023-en-badajoz-70104576-covo.aspx,-18.07072287003459
MINI MINI COOPER,21990.0,18620.922,https://www.coches.net/mini-mini-cooper-3p-gasolina-2021-en-las-palmas-70314151-covo.aspx,-18.092971699340207
PEUGEOT Rifter Rifter GT BlueHDi 130 EAT8 Long,26990.0,22853.04,https://www.coches.net/peugeot-rifter-rifter-gt-bluehdi-130-eat8-long-5p-diesel-2024-en-madrid-70321309-covo.aspx,-18.10245423458108
AUDI Q3 Sportback 35 TDI S tronic,32990.0,27882.621,https://www.coches.net/audi-q3-sportback-35-tdi-110kw-150cv-s-tronic-5p-diesel-2021-en-almeria-70396475-covo.aspx,-18.317427508258323
AUDI Q3 Sportback Black line 35 TDI S tronic,31900.0,26950.258,https://www.coches.net/audi-q3-sportback-black-line-35-tdi-110kw-150cv-s-tronic-5p-diesel-2022-en-malaga-70315452-covo.aspx,-18.36621460891637
MINI COUNTRYMAN Cooper SE ALL4,31999.0,27019.238,https://www.coches.net/mini-countryman-cooper-se-all4-5p-electrico-hibrido-2023-en-sevilla-70364723-covo.aspx,-18.430429706842276
MERCEDES-BENZ Clase GLA GLA 180,23990.0,20254.197,https://www.coches.net/mercedes-benz-clase-gla-gla-180-5p-gasolina-2018-en-alicante-70410136-covo.aspx,-18.44458551174144
FORD Tourneo Connect 2.0 Ecoblue Titanium,26990.0,22784.684,https://www.coches.net/ford-tourneo-connect-20-ecoblue-90kw-titanium-5p-diesel-2023-en-malaga-70109344-covo.aspx,-18.45676894720429
ALFA ROMEO Giulia 2.2 Diesel Giulia,19490.0,16446.213,https://www.coches.net/alfa-romeo-giulia-22-diesel-100-kw-136cv-giulia-4p-diesel-2016-en-alicante-70426730-covo.aspx,-18.50752589436612
SEAT Arona 1.0 TSI Reference XM,17990.0,15179.177,https://www.coches.net/seat-arona-10-tsi-70kw-95cv-reference-xm-5p-gasolina-2023-en-las-palmas-70503994-covo.aspx,-18.51762639723403
BMW X1 sDrive18d,17990.0,15161.098,https://www.coches.net/bmw-x1-sdrive18d-5p-diesel-2016-en-alicante-70259837-covo.aspx,-18.658954700313636
AUDI Q3 Sportback 35 TDI S tronic Black Lim.,48900.0,41198.79,https://www.coches.net/audi-q3-sportback-35-tdi-110kw-150cv-s-tronic-black-lim-5p-diesel-2025-en-jaen-61380799-covo.aspx,-18.692808970227244
SKODA Karoq 2.0 TDI DSG Ambition,26985.0,22715.936,https://www.coches.net/skoda-karoq-20-tdi-85kw-115cv-dsg-ambition-5p-diesel-2023-en-las-palmas-70497360-covo.aspx,-18.793258346395906
MERCEDES-BENZ GLE Coupé MercedesAMG GLE 53 4MATIC,81610.0,68650.17,https://www.coches.net/mercedes-benz-gle-coupe-mercedesamg-gle-53-4matic-5p-electrico-hibrido-2022-en-madrid-70326889-covo.aspx,-18.878070907961582
VOLVO XC40 2.0 D3 RDesign Auto,26990.0,22700.371,https://www.coches.net/volvo-xc40-20-d3-rdesign-auto-5p-diesel-2020-en-sevilla-70418704-covo.aspx,-18.896734720918488
OPEL Corsa 1.2 Essentia,5890.0,4950.928,https://www.coches.net/opel-corsa-12-essentia-3p-gasolina-2011-en-madrid-70281267-covo.aspx,-18.96759021967649
MAZDA CX-80 eSKYACTIV PHEV AWD Homura Plus,59900.0,50319.395,https://www.coches.net/mazda-cx-80-eskyactiv-phev-241kw-awd-homura-plus-5p-electrico-hibrido-2024-en-madrid-70029154-covo.aspx,-19.039588130974288
FORD Kuga STLine X 1.5 EcoBlue Auto,21900.0,18381.316,https://www.coches.net/ford-kuga-stline-x-15-ecoblue-88kw-120cv-auto-5p-diesel-2021-en-valencia-70354284-covo.aspx,-19.142718160020248
VOLVO V90 Cross Country 2.0 B4 D Pro AWD Auto,36900.0,30947.154,https://www.coches.net/volvo-v90-cross-country-20-b4-d-pro-awd-auto-5p-electrico-hibrido-2022-en-madrid-70402162-covo.aspx,-19.235518865545934
PEUGEOT 5008 1.2 PureTech SS Allure Pack,21990.0,18438.611,https://www.coches.net/peugeot-5008-12-puretech-96kw-ss-allure-pack-5p-gasolina-2021-en-guipuzcoa-70498280-covo.aspx,-19.26060812648051
AUDI Q5 SPORTBACK Black line 35 TDI S tronic,36900.0,30939.691,https://www.coches.net/audi-q5-sportback-black-line-35-tdi-120kw-s-tronic-5p-electrico-hibrido-2022-en-jaen-70186943-covo.aspx,-19.264279386270744
AUDI Q2 Design 30 TFSI,20900.0,17519.568,https://www.coches.net/audi-q2-design-30-tfsi-85kw-116cv-5p-gasolina-2019-en-guipuzcoa-70123382-covo.aspx,-19.295176520807818
LAND-ROVER Range Rover Evoque 2.0 D163 Dynamic SE AUTO 4WD MHEV,53900.0,45133.656,https://www.coches.net/land-rover-range-rover-evoque-20-d163-dynamic-se-auto-4wd-mhev-5p-electrico-hibrido-2025-en-madrid-70159393-covo.aspx,-19.423074659500912
ALFA ROMEO Tonale 1.5 MHEV GASOLINA 130 CV SPECIALE FWD,21490.0,17981.566,https://www.coches.net/alfa-romeo-tonale-15-mhev-gasolina-130-cv-speciale-fwd-5p-electrico-hibrido-2022-en-madrid-70417886-covo.aspx,-19.511279020333543
HYUNDAI Tucson 1.6 CRDI 48V NLine 4X2,21900.0,18301.46,https://www.coches.net/hyundai-tucson-16-crdi-100kw-136cv-48v-nline-4x2-5p-electrico-hibrido-2020-en-madrid-70261398-covo.aspx,-19.662578166787405
RENAULT Clio Zen Energy dCi,9900.0,8271.11,https://www.coches.net/renault-clio-zen-energy-dci-66kw-90cv-5p-diesel-2016-en-pontevedra-70406724-covo.aspx,-19.693724049151218
BMW X1 sDrive16d Business,22900.0,19124.47,https://www.coches.net/bmw-x1-sdrive16d-business-5p-diesel-2021-en-madrid-70261453-covo.aspx,-19.741876026184958
BMW X3 xDrive20d xLine,36500.0,30427.746,https://www.coches.net/bmw-x3-xdrive20d-xline-5p-electrico-hibrido-2022-en-murcia-70183126-covo.aspx,-19.95630529958073
HYUNDAI Tucson 1.6 CRDI 48V NLine X DCT 4X2,25500.0,21254.488,https://www.coches.net/hyundai-tucson-16-crdi-100kw-48v-nline-x-dct-4x2-5p-electrico-hibrido-2020-en-valencia-70421923-covo.aspx,-19.974659763957945
PEUGEOT 5008 1.5 BlueHDi SS Active Pack,23900.0,19920.732,https://www.coches.net/peugeot-5008-15-bluehdi-96kw-130cv-ss-active-pack-5p-diesel-2020-en-madrid-70329881-covo.aspx,-19.97550839925623
BMW X1 sDrive18d,18490.0,15401.768,https://www.coches.net/bmw-x1-sdrive18d-5p-diesel-2017-en-alicante-70468316-covo.aspx,-20.051155857339324
VOLVO XC60 2.0 B4 D RDesign Auto,37650.0,31335.816,https://www.coches.net/volvo-xc60-20-b4-d-rdesign-auto-5p-electrico-hibrido-2021-en-navarra-70222314-covo.aspx,-20.15005293588145
VOLKSWAGEN Passat CC 2.0 TDI Advance BlueMotion Tech,9990.0,8306.018,https://www.coches.net/volkswagen-passat-cc-20-tdi-140cv-advance-bluemotion-tech-4p-diesel-2012-en-alicante-70426247-covo.aspx,-20.27424582281154
LEXUS RX 450h Executive,73900.0,61437.824,https://www.coches.net/lexus-rx-450h-executive-5p-electrico-hibrido-2024-en-vizcaya-70066057-covo.aspx,-20.28420755409289
BMW X4 xDrive20d,35990.0,29917.98,https://www.coches.net/bmw-x4-xdrive20d-5p-diesel-2020-en-almeria-70325721-covo.aspx,-20.29555282848172
VOLKSWAGEN Arteon RLine 2.0 TDI DSG,32890.0,27336.043,https://www.coches.net/volkswagen-arteon-rline-20-tdi-110kw-150cv-dsg-5p-diesel-2023-en-madrid-70414139-covo.aspx,-20.317340873363307
PEUGEOT 508 GT Pack BlueHDi 130 SS EAT8,21980.0,18264.834,https://www.coches.net/peugeot-508-5p-gt-pack-bluehdi-130-ss-eat8-5p-diesel-2022-en-jaen-70357989-covo.aspx,-20.340540838220647
MAZDA CX-30 eSKYACTIVG 2.0 2WD Evolution,20990.0,17422.06,https://www.coches.net/mazda-cx-30-eskyactivg-20-90-kw-2wd-evolution-5p-electrico-hibrido-2021-en-madrid-70241548-covo.aspx,-20.479434355800024
MERCEDES-BENZ Clase C C 220 BlueTEC Avantgarde,19000.0,15765.49,https://www.coches.net/mercedes-benz-clase-c-c-220-bluetec-avantgarde-4p-diesel-2015-en-murcia-70444020-covo.aspx,-20.516391926541495
BMW X3 20d xDrive,61000.0,50603.71,https://www.coches.net/bmw-x3-20d-xdrive-5p-electrico-hibrido-2024-en-albacete-70056337-covo.aspx,-20.54451910718628
NISSAN Pathfinder 2.5 dCi CHROME 7 plazas,9980.0,8274.97,https://www.coches.net/nissan-pathfinder-25-dci-171cv-chrome-7-plazas-5p-diesel-2008-en-jaen-70474119-covo.aspx,-20.604670829965507
MERCEDES-BENZ CLE CLE 220 d Coupe,53490.0,44307.547,https://www.coches.net/mercedes-benz-cle-cle-220-d-coupe-2p-electrico-hibrido-2025-en-alicante-70426850-covo.aspx,-20.724354591116143
VOLKSWAGEN Tiguan RLine 2.0 TDI DSG,28990.0,24005.459,https://www.coches.net/volkswagen-tiguan-rline-20-tdi-110kw-150cv-dsg-5p-diesel-2021-en-barcelona-70397479-covo.aspx,-20.76419792210349
VOLKSWAGEN Caddy Edition 2.0 TDI BMT,20850.0,17242.736,https://www.coches.net/volkswagen-caddy-edition-20-tdi-75kw-102cv-bmt-5p-diesel-2020-en-las-palmas-70314523-covo.aspx,-20.920482707788754
JAGUAR E-Pace 2.0D RDynamic,22800.0,18854.164,https://www.coches.net/jaguar-e-pace-20d-110kw-rdynamic-5p-diesel-2018-en-sta-c-tenerife-61887284-covo.aspx,-20.928193498369268
MINI MINI ONE D 5 PUERTAS,16900.0,13971.87,https://www.coches.net/mini-mini-one-d-5-puertas-5p-diesel-2018-en-ciudad-real-62312446-covo.aspx,-20.95732252198981
VOLVO XC90 2.0 B5 Gasolina AWD Core Auto,64900.0,53618.06,https://www.coches.net/volvo-xc90-20-b5-gasolina-awd-core-auto-5p-electrico-hibrido-2025-en-valencia-70314614-covo.aspx,-21.041309033082154
MERCEDES-BENZ GLE GLE 350 de 4MATIC Hibrido Enchufable,59990.0,49551.344,https://www.coches.net/mercedes-benz-gle-gle-350-de-4matic-hibrido-enchufable-5p-electrico-hibrido-2022-en-jaen-70207508-covo.aspx,-21.06634343291649
MERCEDES-BENZ Clase A A 180 CDI Aut. Urban,12990.0,10721.477,https://www.coches.net/mercedes-benz-clase-a-a-180-cdi-aut-urban-5p-diesel-2014-en-valencia-70286667-covo.aspx,-21.158684853488435
MERCEDES-BENZ Clase GLE Coupé GLE 350 d 4MATIC,37500.0,30931.47,https://www.coches.net/mercedes-benz-clase-gle-coupe-gle-350-d-4matic-5p-diesel-2018-en-murcia-62358295-covo.aspx,-21.235748406270844
TOYOTA Land Cruiser 2.8 D4D GX,39985.0,32903.645,https://www.coches.net/toyota-land-cruiser-28-d4d-gx-5p-diesel-2020-en-sta-c-tenerife-70426173-covo.aspx,-21.521492739275534
PEUGEOT 3008 1.6BLUEHDI ALLURE AUTO SS,12750.0,10481.118,https://www.coches.net/peugeot-3008-16bluehdi-88kw-120cv-allure-auto-ss-5p-diesel-2017-en-madrid-70209110-covo.aspx,-21.64732617667653
LAND-ROVER Range Rover 2.0 I4 PHEV 404 PS 4WD Auto Vogue,64900.0,53210.637,https://www.coches.net/land-rover-range-rover-20-i4-phev-404-ps-4wd-auto-vogue-5p-electrico-hibrido-2021-en-madrid-70415446-covo.aspx,-21.968095106689415
VOLKSWAGEN Golf Life 1.0 eTSI DSG,20990.0,17189.035,https://www.coches.net/volkswagen-golf-life-10-etsi-81kw-110cv-dsg-5p-electrico-hibrido-2023-en-madrid-70281211-covo.aspx,-22.11272947666265
OPEL Astra 1.7 CDTi 110 CV Enjoy,5990.0,4894.43,https://www.coches.net/opel-astra-17-cdti-110-cv-enjoy-5p-diesel-2011-en-madrid-70503415-covo.aspx,-22.384011720912433
TOYOTA Yaris Cross 1.5 120H Active Tech,24800.0,20259.764,https://www.coches.net/toyota-yaris-cross-15-120h-active-tech-5p-electrico-hibrido-2021-en-granada-70388058-covo.aspx,-22.410114953255082
PEUGEOT 5008 1.5 BlueHDi SS Allure,18900.0,15439.108,https://www.coches.net/peugeot-5008-15-bluehdi-96kw-130cv-ss-allure-5p-diesel-2022-en-lugo-70495030-covo.aspx,-22.416395508388014
AUDI Q8 50 TDI quattro tiptronic,48900.0,39924.74,https://www.coches.net/audi-q8-50-tdi-210kw-286cv-quattro-tiptronic-5p-diesel-2019-en-almeria-70367903-covo.aspx,-22.48045223370966
VOLKSWAGEN Tiguan RLine 2.0 TDI DSG,27990.0,22830.982,https://www.coches.net/volkswagen-tiguan-rline-20-tdi-110kw-150cv-dsg-5p-diesel-2023-en-murcia-61518781-covo.aspx,-22.596564102217524
TOYOTA Yaris Cross 1.5 130H GR Sport,29990.0,24445.945,https://www.coches.net/toyota-yaris-cross-15-130h-gr-sport-5p-electrico-hibrido-2024-en-las-palmas-60895313-covo.aspx,-22.678831260680052
PEUGEOT 5008 1.2 PureTech SS Allure,19900.0,16207.97,https://www.coches.net/peugeot-5008-12-puretech-96kw-130cv-ss-allure-5p-gasolina-2022-en-lugo-70494942-covo.aspx,-22.77910395764622
HYUNDAI Tucson 1.6 CRDI 48V SLE 4X2,17500.0,14244.882,https://www.coches.net/hyundai-tucson-16-crdi-85kw-116cv-48v-sle-4x2-5p-electrico-hibrido-2018-en-caceres-70483536-covo.aspx,-22.851141915760724
FORD Kuga 1.5 EcoBoost 4x2 STLine,15985.0,12982.564,https://www.coches.net/ford-kuga-15-ecoboost-88kw-4x2-stline-5p-gasolina-2019-en-sta-c-tenerife-70314669-covo.aspx,-23.12667545549748
BMW X1 sDrive16d,15999.0,12989.343,https://www.coches.net/bmw-x1-sdrive16d-5p-diesel-2016-en-alicante-70308155-covo.aspx,-23.170204059262225
HONDA CR-V 2.0 iMMD PHEV 4X2 Advance Tech,51900.0,42101.8,https://www.coches.net/honda-cr-v-20-immd-phev-4x2-advance-tech-5p-electrico-hibrido-2024-en-navarra-70050699-covo.aspx,-23.27263688709871
VOLKSWAGEN Touran Life 1.5 TSI DSG,32990.0,26755.242,https://www.coches.net/volkswagen-touran-life-15-tsi-110kw-150cv-dsg-5p-gasolina-2024-en-madrid-70470717-covo.aspx,-23.302939172843175
FORD Focus 1.0 Ecoboost MHEV STLine Auto,22490.0,18218.42,https://www.coches.net/ford-focus-10-ecoboost-mhev-92kw-stline-auto-5p-electrico-hibrido-2023-en-madrid-70410697-covo.aspx,-23.446490400608674
PEUGEOT 5008 1.2 PureTech SS Allure Pack,21850.0,17692.752,https://www.coches.net/peugeot-5008-12-puretech-96kw-ss-allure-pack-5p-gasolina-2023-en-madrid-70281213-covo.aspx,-23.496898944207047
VOLKSWAGEN Tiguan RLine 2.0 TDI DSG,41990.0,33983.953,https://www.coches.net/volkswagen-tiguan-rline-20-tdi-110kw-150cv-dsg-5p-diesel-2025-en-zaragoza-70424948-covo.aspx,-23.558315436559443
SKODA Kodiaq 1.5 TSI DSG 4x2 Ambition,26790.0,21668.549,https://www.coches.net/skoda-kodiaq-15-tsi-110kw-150cv-dsg-4x2-ambition-5p-gasolina-2022-en-madrid-70068675-covo.aspx,-23.635413762584506
HYUNDAI Tucson 1.6 CRDI Maxx,22990.0,18587.436,https://www.coches.net/hyundai-tucson-16-crdi-85kw-115cv-maxx-5p-diesel-2023-en-madrid-70224490-covo.aspx,-23.685701247072664
SEAT Ateca 1.4 EcoTSI DSG7 StSp Xcellence,17990.0,14502.142,https://www.coches.net/seat-ateca-14-ecotsi-150cv-dsg7-stsp-xcellence-5p-gasolina-2017-en-murcia-62573784-covo.aspx,-24.05064365156736
PEUGEOT Rifter Allure Long BlueHDi,15500.0,12487.608,https://www.coches.net/peugeot-rifter-allure-long-bluehdi-73kw-5p-diesel-2021-en-pontevedra-70442642-covo.aspx,-24.123046667121805
FORD Ranger 2.0 TDCi 4x4 Dob Cab. Limited SS,33990.0,27354.324,https://www.coches.net/ford-ranger-20-tdci-125kw-4x4-dob-cab-limited-ss-4p-diesel-2020-en-sevilla-70418722-covo.aspx,-24.25823328035858
PEUGEOT Rifter Rifter GT BlueHDi 130 EAT8 Long,30990.0,24925.627,https://www.coches.net/peugeot-rifter-rifter-gt-bluehdi-130-eat8-long-5p-diesel-2026-en-vizcaya-70483137-covo.aspx,-24.32987165490211
PEUGEOT 5008 1.2 PureTech SS Allure Pack EAT8,23990.0,19292.066,https://www.coches.net/peugeot-5008-12-puretech-96kw-ss-allure-pack-eat8-5p-gasolina-2022-en-vizcaya-70313563-covo.aspx,-24.351634992444474
RENAULT Kangoo Combi Life Edition One 1.5 Blue dCi 70kW95CV,17990.0,14445.839,https://www.coches.net/renault-kangoo-combi-life-edition-one-15-blue-dci-70kw95cv-5p-diesel-2021-en-madrid-70224127-covo.aspx,-24.53413169977108
FORD S-MAX 2.0 TDCi DPF Titanium S Powershift,8980.0,7185.0317,https://www.coches.net/ford-s-max-20-tdci-163cv-dpf-titanium-s-powershift-5p-diesel-2011-en-jaen-70489514-covo.aspx,-24.982050561520957
MERCEDES-BENZ GLC Coupé GLC 220 d 4MATIC,46999.0,37531.375,https://www.coches.net/mercedes-benz-glc-coupe-glc-220-d-4matic-5p-diesel-2022-en-alicante-70203508-covo.aspx,-25.22589433507299
LAND-ROVER Defender 90 2.5 TD5 Pick Up S,53900.0,43011.97,https://www.coches.net/land-rover-defender-90-25-td5-pick-up-s-2p-diesel-2007-en-madrid-57135482-covo.aspx,-25.313956943670473
NISSAN QASHQAI DIGT mHEV 4x2 Acenta,24990.0,19912.953,https://www.coches.net/nissan-qashqai-digt-103kw-140cv-mhev-4x2-acenta-5p-electrico-hibrido-2023-en-huelva-70507247-covo.aspx,-25.496202613091825
MINI MINI COOPER 5 PUERTAS,23990.0,19080.355,https://www.coches.net/mini-mini-cooper-5-puertas-5p-gasolina-2023-en-madrid-70255124-covo.aspx,-25.73141018934928
VOLVO XC90 2.0 B5 D AWD RDesign Auto,48890.0,38839.293,https://www.coches.net/volvo-xc90-20-b5-d-awd-rdesign-auto-5p-electrico-hibrido-2021-en-madrid-70414149-covo.aspx,-25.877677637790097
KIA Sportage 1.6 CRDi MHEV Drive 4x2,32990.0,26200.598,https://www.coches.net/kia-sportage-16-crdi-mhev-100kw-136cv-drive-4x2-5p-electrico-hibrido-2025-en-sevilla-61473788-covo.aspx,-25.913158290610323
CITROEN Berlingo Talla M BlueHDi 100 SHINE,15990.0,12689.39,https://www.coches.net/citroen-berlingo-talla-m-bluehdi-100-shine-5p-diesel-2018-en-malaga-70109239-covo.aspx,-26.010788879581128
LAND-ROVER Defender 2.0 P404E XDynamic SE 110 Auto 4WD PHEV,72900.0,57830.41,https://www.coches.net/land-rover-defender-20-p404e-xdynamic-se-110-auto-4wd-phev-5p-electrico-hibrido-2023-en-madrid-70483628-covo.aspx,-26.05824479375815
RENAULT Kangoo Combi Intens Edition One 1.5 Blue dCi 70kW95,19500.0,15414.654,https://www.coches.net/renault-kangoo-combi-intens-edition-one-15-blue-dci-70kw95-5p-diesel-2021-en-sta-c-tenerife-70156232-covo.aspx,-26.50299918794299
MERCEDES-BENZ GLC Coupé GLC 200 d 4MATIC,35990.0,28444.213,https://www.coches.net/mercedes-benz-glc-coupe-glc-200-d-4matic-5p-diesel-2020-en-madrid-70449926-covo.aspx,-26.52837376231998
TOYOTA Prius PlugIn 125PH Advance,21985.0,17352.479,https://www.coches.net/toyota-prius-plugin-125ph-advance-5p-electrico-hibrido-2021-en-las-palmas-70497400-covo.aspx,-26.6965982997971
MAZDA CX-30 eSKYACTIVG 2.0 2WD Evolution,24900.0,19647.719,https://www.coches.net/mazda-cx-30-eskyactivg-20-90-kw-2wd-evolution-5p-electrico-hibrido-2022-en-madrid-70410699-covo.aspx,-26.732270126779984
KIA Stonic 1.2 DPi Drive,19990.0,15756.775,https://www.coches.net/kia-stonic-12-dpi-58kw-79cv-drive-5p-gasolina-2025-en-huelva-70260542-covo.aspx,-26.866059231216134
VOLKSWAGEN Golf Life 1.5 TSI,23500.0,18469.281,https://www.coches.net/volkswagen-golf-life-15-tsi-96kw-130cv-5p-gasolina-2022-en-toledo-70379837-covo.aspx,-27.238302789936668
MINI COUNTRYMAN Cooper,18990.0,14914.511,https://www.coches.net/mini-countryman-cooper-5p-gasolina-2019-en-madrid-70425874-covo.aspx,-27.325665107367453
BMW Serie 1 116d,17990.0,14097.114,https://www.coches.net/bmw-serie-1-116d-5p-diesel-2017-en-murcia-62498646-covo.aspx,-27.61477044871149
BMW X4 xDrive20d xLine,38990.0,30501.887,https://www.coches.net/bmw-x4-xdrive20d-xline-5p-electrico-hibrido-2022-en-murcia-70487417-covo.aspx,-27.82815817105576
AUDI A5 B.Line 35 TDI S tronic Sportback,63900.0,49929.277,https://www.coches.net/audi-a5-bline-35-tdi-120kw-s-tronic-sportback-5p-electrico-hibrido-2024-en-jaen-70291296-covo.aspx,-27.98102315814674
VOLKSWAGEN Touran Sport 2.0 TDI DSG,36500.0,28479.172,https://www.coches.net/volkswagen-touran-sport-20-tdi-110kw-150cv-dsg-5p-diesel-2022-en-vizcaya-70401260-covo.aspx,-28.163839033679768
LAND-ROVER Defender 2.0 D240 SD4 110 Auto 4WD,49990.0,38997.344,https://www.coches.net/land-rover-defender-20-d240-sd4-110-auto-4wd-5p-diesel-2020-en-madrid-70417508-covo.aspx,-28.188217947536494
BMW X3 20d xDrive,57900.0,45155.72,https://www.coches.net/bmw-x3-20d-xdrive-5p-electrico-hibrido-2026-en-malaga-70358593-covo.aspx,-28.222961792630088
PEUGEOT 5008 GTLine 1.2L PureTech SS,18900.0,14729.632,https://www.coches.net/peugeot-5008-gtline-12l-puretech-96kw-130cv-ss-5p-gasolina-2019-en-madrid-70321372-covo.aspx,-28.31277937230987
HYUNDAI Kona 1.6 GDI HEV Maxx DCT,26490.0,20631.45,https://www.coches.net/hyundai-kona-16-gdi-hev-maxx-dct-5p-electrico-hibrido-2023-en-madrid-70477339-covo.aspx,-28.396215501554344
VOLKSWAGEN Golf 3.2 R32 4motion DSG,17900.0,13915.8955,https://www.coches.net/volkswagen-golf-32-r32-4motion-dsg-5p-gasolina-2007-en-malaga-70407073-covo.aspx,-28.62988220880784
VOLKSWAGEN Touran Sport 2.0 TDI,23490.0,18138.613,https://www.coches.net/volkswagen-touran-sport-20-tdi-85kw-115cv-5p-diesel-2020-en-sevilla-70431230-covo.aspx,-29.50273339959104
MERCEDES-BENZ GLA GLA 180,34490.0,26622.438,https://www.coches.net/mercedes-benz-gla-gla-180-5p-gasolina-2020-en-jaen-70458464-covo.aspx,-29.552374759073057
HYUNDAI Tucson 1.6 CRDI 48V Style DCT 4x4,26990.0,20832.74,https://www.coches.net/hyundai-tucson-16-crdi-100kw-136cv-48v-style-dct-4x4-5p-electrico-hibrido-2021-en-barcelona-70466743-covo.aspx,-29.555688288500964
BMW X2 sDrive18i,25900.0,19973.809,https://www.coches.net/bmw-x2-sdrive18i-5p-gasolina-2021-en-madrid-70422352-covo.aspx,-29.669811735876767
MERCEDES-BENZ Clase C C 200 d,22490.0,17340.773,https://www.coches.net/mercedes-benz-clase-c-c-200-d-4p-diesel-2018-en-alicante-70301606-covo.aspx,-29.69433042337446
TOYOTA Land Cruiser 2.8 D4D GX,42200.0,32532.459,https://www.coches.net/toyota-land-cruiser-28-d4d-gx-5p-diesel-2019-en-a-coruna-70170089-covo.aspx,-29.716600950048743
VOLKSWAGEN Jetta 1.6 TDI Advance Bluemotion Tech,10500.0,8078.6226,https://www.coches.net/volkswagen-jetta-16-tdi-105cv-advance-bluemotion-tech-4p-diesel-2012-en-sevilla-70318118-covo.aspx,-29.97265219217941
CUPRA Terramar 1.5 TSI eHybrid 204 CV DSG,45990.0,35277.37,https://www.coches.net/cupra-terramar-15-tsi-ehybrid-150kw-204-cv-dsg-5p-electrico-hibrido-2026-en-a-coruna-70431458-covo.aspx,-30.366857206510854
SEAT León 1.4 TSI StSp FR Plus,17999.0,13805.558,https://www.coches.net/seat-leon-14-tsi-92kw-125cv-stsp-fr-plus-5p-gasolina-2018-en-alicante-70125958-covo.aspx,-30.375030832451067
AUDI Q3 2.0 TDI quattro S tronic Ambiente,14900.0,11393.591,https://www.coches.net/audi-q3-20-tdi-140cv-quattro-s-tronic-ambiente-5p-diesel-2014-en-cuenca-70486368-covo.aspx,-30.77527739048055
HYUNDAI Staria 2.2 CRDI Tecno 9S,34900.0,26643.781,https://www.coches.net/hyundai-staria-22-crdi-tecno-9s-5p-diesel-2023-en-valladolid-70421678-covo.aspx,-30.987413807865575
JAGUAR F-Type 2.0 I4 300PS RWD Auto RDynamic,58900.0,44963.547,https://www.coches.net/jaguar-f-type-20-i4-300ps-rwd-auto-rdynamic-3p-gasolina-2021-en-sta-c-tenerife-61887341-covo.aspx,-30.995003938954717
NISSAN X-TRAIL dCi 96kW130 CV Xtronic NCONNECTA,18390.0,14024.158,https://www.coches.net/nissan-x-trail-5p-dci-96-kw130-cv-xtronic-nconnecta-5p-diesel-2017-en-valencia-70488758-covo.aspx,-31.13086528004341
TOYOTA Land Cruiser 2.8 D4D GX,41990.0,31932.508,https://www.coches.net/toyota-land-cruiser-28-d4d-gx-3p-diesel-2021-en-madrid-70414789-covo.aspx,-31.49609246650834
MERCEDES-BENZ Clase V 250 d Avantgarde Largo,39999.0,30406.832,https://www.coches.net/mercedes-benz-clase-v-250-d-avantgarde-largo-5p-diesel-2016-en-alicante-70403356-covo.aspx,-31.54609450564217
TOYOTA Hilux 2.4 D4D Cabina Doble GX,23990.0,18223.713,https://www.coches.net/toyota-hilux-24-d4d-cabina-doble-gx-4p-diesel-2019-en-madrid-70418719-covo.aspx,-31.641670081081042
LAND-ROVER Range Rover Sport 3.0D TD6 300PS AWD Auto MHEV Dynamic SE,86900.0,66004.625,https://www.coches.net/land-rover-range-rover-sport-30d-td6-300ps-awd-auto-mhev-dynamic-se-5p-electrico-hibrido-2024-en-malaga-70505141-covo.aspx,-31.65744067177111
MERCEDES-BENZ Clase A A 180,19999.0,15176.692,https://www.coches.net/mercedes-benz-clase-a-a-180-5p-gasolina-2018-en-alicante-70025023-covo.aspx,-31.774430788679158
FORD Ranger 2.0 Ecobl eAWD D Cab Wildtrack AT,43900.0,33215.94,https://www.coches.net/ford-ranger-20-ecobl-151kw-eawd-d-cab-wildtrack-at-4p-diesel-2023-en-barcelona-70400633-covo.aspx,-32.165454722712326
VOLVO XC60 2.0 B4 D AWD Plus Bright Auto,41900.0,31688.086,https://www.coches.net/volvo-xc60-20-b4-d-awd-plus-bright-auto-5p-electrico-hibrido-2023-en-navarra-70486558-covo.aspx,-32.22635183027927
VOLKSWAGEN Caddy Comfortline 2.0 TDI SCR BMT DSG,19990.0,15090.442,https://www.coches.net/volkswagen-caddy-comfortline-20-tdi-scr-bmt-150cv-dsg-5p-diesel-2016-en-las-palmas-62652100-covo.aspx,-32.46795218387984
TOYOTA Land Cruiser 2.8 D4D GX,38500.0,29057.416,https://www.coches.net/toyota-land-cruiser-28-d4d-gx-3p-diesel-2019-en-a-coruna-70459808-covo.aspx,-32.49629622708865
VOLKSWAGEN Caddy Maxi Outdoor 1.0 TSI BMT,21985.0,16531.834,https://www.coches.net/volkswagen-caddy-maxi-outdoor-10-tsi-75kw-102cv-bmt-5p-gasolina-2020-en-sta-c-tenerife-70459236-covo.aspx,-32.985850334445885
PEUGEOT 5008 Allure 1.5L BlueHDi SS,17900.0,13448.685,https://www.coches.net/peugeot-5008-allure-15l-bluehdi-96kw-130cv-ss-5p-diesel-2018-en-madrid-70426745-covo.aspx,-33.09851908872651
MAZDA MX-5 1.5 Zenith ST,17985.0,13431.59,https://www.coches.net/mazda-mx-5-15-97kw-132cv-zenith-st-2p-gasolina-2019-en-las-palmas-70355056-covo.aspx,-33.90075344184812
BMW X5 xDrive30d,27990.0,20671.357,https://www.coches.net/bmw-x5-xdrive30d-5p-diesel-2014-en-madrid-70251538-covo.aspx,-35.40475078032472
SUBARU Impreza 2.5 WRX,34900.0,25735.973,https://www.coches.net/subaru-impreza-25-wrx-5p-gasolina-2008-en-madrid-70371142-covo.aspx,-35.607853125086805
SUZUKI Vitara 1.0 T GLE 4WD 6AT,16990.0,12513.307,https://www.coches.net/suzuki-vitara-10-t-gle-4wd-6at-5p-gasolina-2018-en-barcelona-70485754-covo.aspx,-35.77546277689079
MAZDA Mazda3 2.0 SKYACTIVG ZENITH SAFETY BLACK,20490.0,15027.149,https://www.coches.net/mazda-mazda3-20-skyactivg-88kw-zenith-safety-black-5p-electrico-hibrido-2019-en-madrid-70477316-covo.aspx,-36.35320602339477
RENAULT Captur techno TCe,21500.0,15688.962,https://www.coches.net/renault-captur-techno-tce-67kw-90cv-5p-gasolina-2022-en-malaga-70418947-covo.aspx,-37.03902219769485
LAND-ROVER Defender 2.0 D240 SD4 S 110 Auto 4WD,59900.0,43581.98,https://www.coches.net/land-rover-defender-20-d240-sd4-s-110-auto-4wd-5p-diesel-2020-en-murcia-70487624-covo.aspx,-37.44212483173101
MERCEDES-BENZ GLC Coupé GLC 220 d 4MATIC,39999.0,28669.809,https://www.coches.net/mercedes-benz-glc-coupe-glc-220-d-4matic-5p-diesel-2018-en-alicante-70375646-covo.aspx,-39.516104089790666
RENAULT Trafic Equilibre En Blue dCi 81kW110CV,29990.0,21403.258,https://www.coches.net/renault-trafic-equilibre-en-blue-dci-81kw110cv-5p-diesel-2023-en-las-palmas-61410427-covo.aspx,-40.11885602987571
JAGUAR F-Pace 2.0D I4 204PS AWD Auto MHEV RDynamic S,48900.0,34614.56,https://www.coches.net/jaguar-f-pace-20d-i4-204ps-awd-auto-mhev-rdynamic-s-5p-electrico-hibrido-2024-en-sta-c-tenerife-61887260-covo.aspx,-41.2700377719951
JEEP Wrangler Unlimited 2.0T GME Rubicon 8ATX E6D,51300.0,36162.332,https://www.coches.net/jeep-wrangler-unlimited-20t-gme-rubicon-8atx-e6d-5p-gasolina-2019-en-valencia-70364766-covo.aspx,-41.860320168701094
MERCEDES-BENZ Clase G G 400 D,137000.0,96127.21,https://www.coches.net/mercedes-benz-clase-g-g-400-d-5p-diesel-2022-en-murcia-70509685-covo.aspx,-42.51947878637057
SEAT Alhambra 2.0 TDI Eco SS Xc Trav Ed,29999.0,20601.133,https://www.coches.net/seat-alhambra-20-tdi-110kw-150cv-eco-ss-xc-trav-ed-5p-diesel-2020-en-vizcaya-70441130-covo.aspx,-45.61820591631604
MERCEDES-BENZ Clase V 250 d Avantgarde Largo,76900.0,52492.28,https://www.coches.net/mercedes-benz-clase-v-250-d-avantgarde-largo-5p-diesel-2024-en-lugo-70495193-covo.aspx,-46.497729130413816
RENAULT Trafic SpaceClass Largo EnBlue dCi 110kW150CV,41900.0,28289.518,https://www.coches.net/renault-trafic-spaceclass-largo-enblue-dci-110kw150cv-4p-diesel-2021-en-vizcaya-70479401-covo.aspx,-48.111398097503674
SMART fortwo 60kW81CV EQ cabrio,21900.0,14163.531,https://www.coches.net/smart-fortwo-60kw81cv-eq-cabrio-2p-electrico-hibrido-2019-en-madrid-70494879-covo.aspx,-54.62245688200109
CITROEN Spacetourer Talla M BlueHDi 120 SS 6v Business,26990.0,17239.713,https://www.coches.net/citroen-spacetourer-talla-m-bluehdi-120-ss-6v-business-4p-diesel-2021-en-madrid-70316956-covo.aspx,-56.55713161370124
MERCEDES-BENZ GLE Coupé GLE 350 de 4MATIC Hibrido Enchufable,74900.0,47106.832,https://www.coches.net/mercedes-benz-gle-coupe-gle-350-de-4matic-hibrido-enchufable-5p-electrico-hibrido-2022-en-valencia-70319783-covo.aspx,-59.000290977564376
VOLKSWAGEN Multivan Premium Corto 2.0 TDI BMT DSG,46900.0,28974.293,https://www.coches.net/volkswagen-multivan-premium-corto-20-tdi-110kw-bmt-dsg-5p-diesel-2021-en-vizcaya-70433566-covo.aspx,-61.86762538289936
MERCEDES-BENZ Clase V 250 d Avantgarde Largo,49999.0,30406.832,https://www.coches.net/mercedes-benz-clase-v-250-d-avantgarde-largo-5p-diesel-2016-en-alicante-70058228-covo.aspx,-64.43344031569796
RENAULT Trafic Authentic Largo En Blue dCi,31990.0,19299.092,https://www.coches.net/renault-trafic-authentic-largo-en-blue-dci-81kw-110cv-4p-diesel-2023-en-madrid-70351128-covo.aspx,-65.75909548852434
MERCEDES-BENZ Clase V 250 d Avantgarde Compacto,76900.0,44591.062,https://www.coches.net/mercedes-benz-clase-v-250-d-avantgarde-compacto-5p-diesel-2024-en-madrid-70506866-covo.aspx,-72.45608354813254
MERCEDES-BENZ Clase G G 350 BlueTEC Largo,59900.0,31334.922,https://www.coches.net/mercedes-benz-clase-g-g-350-bluetec-largo-5p-diesel-2014-en-madrid-70503029-covo.aspx,-91.16052128341234
