Brand,Car_Name,Selling_Price,Year,Kms_Driven,Fuel_Type,cc,Location,Date Scraping,Etiqueta,Ref
MERCEDES-BENZ,MERCEDES-BENZ Clase A A 200 d,20.990 €,2018,76.605 km,Diesel,136 cv,Madrid,2026-05-07 12:22:40,C,https://www.coches.net/mercedes-benz-clase-a-a-200-d-5p-diesel-2018-en-madrid-70571875-covo.aspx
FORD,FORD Fiesta 1.4 TDCi Trend,4.900 €,2011,163.000 km,Diesel,70 cv,Madrid,2026-05-07 12:22:40,B,https://www.coches.net/ford-fiesta-14-tdci-trend-5p-diesel-2011-en-madrid-70574705-covo.aspx
SEAT,SEAT León 1.5 TSI SS Style,15.490 €,2021,116.000 km,Gasolina,130 cv,Alicante,2026-05-07 12:22:40,C,https://www.coches.net/seat-leon-15-tsi-96kw-ss-style-5p-gasolina-2022-en-alicante-70552960-covo.aspx
BMW,BMW Serie 3 318d,21.490 €,2019,133.555 km,Diesel,150 cv,Madrid,2026-05-07 12:22:40,C,https://www.coches.net/bmw-serie-3-318d-4p-diesel-2019-en-madrid-70564357-covo.aspx
RENAULT,RENAULT Clio Business TCe GLP,12.990 €,2021,59.170 km,Gas licuado (GLP),100 cv,Madrid,2026-05-07 12:22:40,ECO,https://www.coches.net/renault-clio-business-tce-74-kw-100cv-glp-5p-otros-2021-en-madrid-70539725-covo.aspx
OPEL,OPEL Insignia ST 1.4 Turbo SS Excellence,8.900 €,2014,174.500 km,Gasolina,140 cv,Madrid,2026-05-07 12:22:40,C,https://www.coches.net/opel-insignia-st-14-turbo-ss-excellence-5p-gasolina-2015-en-madrid-70570079-covo.aspx
OPEL,OPEL Astra 1.4 Turbo SS Dynamic,9.995 €,2017,100.000 km,Gasolina,125 cv,Bizkaia,2026-05-07 12:22:40,UNKNOWN,https://www.coches.net/opel-astra-14-turbo-ss-92kw-125cv-dynamic-5p-gasolina-2017-en-vizcaya-70551406-covo.aspx
FORD,FORD Mondeo 2.0 Hibrido Trend HEV Auto,15.999 €,2022,208.000 km,Híbrido,187 cv,Sevilla,2026-05-07 12:22:40,ECO,https://www.coches.net/ford-mondeo-20-hibrido-138kw-187cv-trend-hev-auto-4p-electrico-hibrido-2022-en-sevilla-70558914-covo.aspx
TOYOTA,TOYOTA Yaris 1.5 120H Active Tech,12.990 €,2022,153.429 km,Híbrido,116 cv,Valencia,2026-05-07 12:22:40,ECO,https://www.coches.net/toyota-yaris-15-120h-active-tech-5p-electrico-hibrido-2022-en-valencia-70552129-covo.aspx
VOLKSWAGEN,VOLKSWAGEN Golf 2.0 TDI,15.490 €,2022,165.131 km,Diesel,115 cv,Valencia,2026-05-07 12:22:40,C,https://www.coches.net/volkswagen-golf-20-tdi-85kw-115cv-5p-diesel-2023-en-valencia-70552140-covo.aspx
KIA,KIA Ceed 1.6 CRDi Tech,11.490 €,2020,204.000 km,Diesel,115 cv,Madrid,2026-05-07 12:22:40,ECO,https://www.coches.net/kia-ceed-16-crdi-85kw-115cv-tech-5p-diesel-2020-en-madrid-70551635-covo.aspx
FORD,FORD Kuga 2.0 TDCi 150 4x4 Trend,7.490 €,2014,289.000 km,Diesel,150 cv,Madrid,2026-05-07 12:22:40,C,https://www.coches.net/ford-kuga-20-tdci-150-4x4-trend-5p-diesel-2015-en-madrid-70579096-covo.aspx
HYUNDAI,HYUNDAI Tucson 1.6 GDi Tecno 4x2,14.799 €,2019,111.145 km,Gasolina,132 cv,Barcelona,2026-05-07 12:22:40,C,https://www.coches.net/hyundai-tucson-16-gdi-tecno-4x2-5p-gasolina-2018-en-barcelona-70565339-covo.aspx
VOLKSWAGEN,VOLKSWAGEN Golf Last Edition 1.6 TDI,14.990 €,2020,103.341 km,Diesel,115 cv,Barcelona,2026-05-07 12:22:40,C,https://www.coches.net/volkswagen-golf-last-edition-16-tdi-85kw-115cv-5p-diesel-2020-en-barcelona-70525786-covo.aspx
MERCEDES-BENZ,MERCEDES-BENZ Clase A A 200 d Sedan,33.900 €,2023,52.601 km,Diesel,150 cv,Salamanca,2026-05-07 12:22:40,C,https://www.coches.net/mercedes-benz-clase-a-a-200-d-sedan-4p-diesel-2023-en-salamanca-70571197-covo.aspx
NISSAN,NISSAN QASHQAI dCi 115 CV E6D DCT ACENTA,17.990 €,2020,83.161 km,Diesel,115 cv,Málaga,2026-05-07 12:22:40,C,https://www.coches.net/nissan-qashqai-dci-85-kw-115-cv-e6d-dct-acenta-5p-diesel-2020-en-malaga-70555260-covo.aspx
OPEL,OPEL Corsa 1.2T XHL GS,15.500 €,2024,14.000 km,Gasolina,100 cv,Castellón,2026-05-07 12:22:40,C,https://www.coches.net/opel-corsa-12t-xhl-74kw-100cv-gs-5p-gasolina-2025-en-castellon-70554315-covo.aspx
FORD,FORD Focus 1.5 Ecoblue Active,12.999 €,2022,161.000 km,Diesel,120 cv,Málaga,2026-05-07 12:22:40,C,https://www.coches.net/ford-focus-15-ecoblue-88kw-active-5p-diesel-2022-en-malaga-70535476-covo.aspx
SEAT,SEAT León 2.0 TDI DSG FR,11.300 €,2012,120.000 km,Diesel,140 cv,Bizkaia,2026-05-07 12:22:40,B,https://www.coches.net/seat-leon-20-tdi-140cv-dsg-fr-5p-diesel-2013-en-vizcaya-70558204-covo.aspx
FORD,FORD Focus 1.6 TIVCT Trend,8.900 €,2011,140.000 km,Gasolina,105 cv,Navarra,2026-05-07 12:22:40,UNKNOWN,https://www.coches.net/ford-focus-16-tivct-105cv-trend-5p-gasolina-2011-en-navarra-70561465-covo.aspx
VOLKSWAGEN,VOLKSWAGEN Tiguan Life 2.0 TDI,19.990 €,2022,162.219 km,Diesel,150 cv,Zaragoza,2026-05-07 12:22:40,C,https://www.coches.net/volkswagen-tiguan-life-20-tdi-110kw-150cv-5p-diesel-2022-en-zaragoza-70572330-covo.aspx
CITROEN,CITROEN C4 BlueHDi Live Edition,7.990 €,2017,109.945 km,Diesel,99 cv,Madrid,2026-05-07 12:22:40,C,https://www.coches.net/citroen-c4-bluehdi-73kw-100cv-live-edition-5p-diesel-2016-en-madrid-70568770-covo.aspx
MERCEDES-BENZ,MERCEDES-BENZ Clase A A 180,22.990 €,2021,86.000 km,Gasolina,136 cv,Madrid,2026-05-07 12:22:40,UNKNOWN,https://www.coches.net/mercedes-benz-clase-a-a-180-5p-gasolina-2020-en-madrid-70552450-covo.aspx
VOLKSWAGEN,VOLKSWAGEN Golf Sport 2.0 TDI,23.490 €,2020,70.719 km,Diesel,150 cv,Murcia,2026-05-07 12:22:40,C,https://www.coches.net/volkswagen-golf-sport-20-tdi-110kw-150cv-5p-diesel-2020-en-murcia-70548092-covo.aspx
AUDI,AUDI A3 Sportback 30 TFSI S tronic,21.490 €,2021,75.869 km,Híbrido,110 cv,Madrid,2026-05-07 12:22:40,ECO,https://www.coches.net/audi-a3-sportback-30-tfsi-81kw-110cv-s-tronic-5p-electrico-hibrido-2022-en-madrid-70555837-covo.aspx
BMW,BMW Serie 1 116d Corporate Auto.,14.999 €,2021,207.000 km,Diesel,116 cv,Málaga,2026-05-07 12:22:40,C,https://www.coches.net/bmw-serie-1-116d-corporate-auto-5p-diesel-2022-en-malaga-70535575-covo.aspx
NISSAN,NISSAN QASHQAI 1.2 DIGT NCONNECTA,13.490 €,2016,99.035 km,Gasolina,115 cv,Barcelona,2026-05-07 12:22:40,UNKNOWN,https://www.coches.net/nissan-qashqai-12-digt-nconnecta-5p-gasolina-2016-en-barcelona-70554756-covo.aspx
VOLKSWAGEN,VOLKSWAGEN Polo Polo 1.0 TSI,16.485 €,2024,57.271 km,Gasolina,95 cv,Sta. C. Tenerife,2026-05-07 12:22:40,C,https://www.coches.net/volkswagen-polo-polo-10-tsi-70kw-95cv-5p-gasolina-2023-en-sta-c-tenerife-70560024-covo.aspx
VOLKSWAGEN,VOLKSWAGEN Tiguan 2.0 TDI 4x2 T1 BlueMotion Tech,9.500 €,2012,231.192 km,Diesel,140 cv,Madrid,2026-05-07 12:22:40,B,https://www.coches.net/volkswagen-tiguan-20-tdi-140cv-4x2-t1-bluemotion-tech-5p-diesel-2012-en-madrid-70572685-covo.aspx
SEAT,SEAT León 2.0 TDI DSG6 StSp FR,16.490 €,2018,116.740 km,Diesel,150 cv,Madrid,2026-05-07 12:22:40,C,https://www.coches.net/seat-leon-20-tdi-110kw-150cv-dsg6-stsp-fr-5p-diesel-2018-en-madrid-70568524-covo.aspx
FORD,FORD Focus 1.5 Ecoblue Trend,12.470 €,2020,129.000 km,Diesel,120 cv,Madrid,2026-05-07 12:22:40,C,https://www.coches.net/ford-focus-15-ecoblue-88kw-trend-5p-diesel-2020-en-madrid-70519388-covo.aspx
TOYOTA,TOYOTA Corolla 1.8 125H BUSINESS PLUS ECVT SEDAN,18.000 €,2021,88.395 km,Híbrido,122 cv,Navarra,2026-05-07 12:22:40,ECO,https://www.coches.net/toyota-corolla-18-125h-business-plus-ecvt-sedan-4p-electrico-hibrido-2021-en-navarra-70570084-covo.aspx
MAZDA,MAZDA Mazda3 2.0 SKYACTIVG ORIGIN,17.990 €,2020,47.364 km,Híbrido,122 cv,Madrid,2026-05-07 12:22:40,UNKNOWN,https://www.coches.net/mazda-mazda3-20-skyactivg-88kw-origin-5p-electrico-hibrido-2020-en-madrid-70570149-covo.aspx
MERCEDES-BENZ,MERCEDES-BENZ Clase C C 220 BlueTEC AMG Line,17.599 €,2014,153.800 km,Diesel,170 cv,Madrid,2026-05-07 12:22:40,C,https://www.coches.net/mercedes-benz-clase-c-c-220-bluetec-amg-line-4p-diesel-2015-en-madrid-70568908-covo.aspx
MERCEDES-BENZ,MERCEDES-BENZ Clase E E 220 d,35.900 €,2021,67.630 km,Diesel,194 cv,Madrid,2026-05-07 12:22:40,C,https://www.coches.net/mercedes-benz-clase-e-e-220-d-4p-diesel-2021-en-madrid-70561233-covo.aspx
CITROEN,CITROEN C3 PureTech SS FEEL,9.490 €,2019,86.410 km,Gasolina,110 cv,Lleida,2026-05-07 12:22:40,C,https://www.coches.net/citroen-c3-puretech-81kw-110cv-ss-feel-5p-gasolina-2019-en-lleida-70563870-covo.aspx
AUDI,AUDI A3 2.0 TDI clean d. quattro Ambiente,10.499 €,2014,225.000 km,Diesel,150 cv,Madrid,2026-05-07 12:22:40,B,https://www.coches.net/audi-a3-20-tdi-150cv-clean-d-quattro-ambiente-3p-diesel-2015-en-madrid-70564691-covo.aspx
PEUGEOT,PEUGEOT 308 Style 1.2 PureTech EAT8,10.490 €,2018,97.849 km,Gasolina,130 cv,Valencia,2026-05-07 12:22:40,C,https://www.coches.net/peugeot-308-5p-style-12-puretech-96kw-130cv-eat8-5p-gasolina-2018-en-valencia-70555317-covo.aspx
PEUGEOT,PEUGEOT 208 PureTech GT,7.990 €,2020,119.800 km,Gasolina,100 cv,Madrid,2026-05-07 12:22:40,C,https://www.coches.net/peugeot-208-puretech-73kw-100cv-gt-5p-gasolina-2020-en-madrid-70556394-covo.aspx
PEUGEOT,PEUGEOT 208 BlueHDi Allure,11.990 €,2020,73.263 km,Diesel,100 cv,Barcelona,2026-05-07 12:22:40,C,https://www.coches.net/peugeot-208-bluehdi-73kw-100cv-allure-5p-diesel-2020-en-barcelona-70556580-covo.aspx
PEUGEOT,PEUGEOT 208 BlueHDi Active,11.990 €,2020,108.300 km,Diesel,100 cv,Madrid,2026-05-07 12:22:40,C,https://www.coches.net/peugeot-208-bluehdi-73kw-100cv-active-5p-diesel-2020-en-madrid-70557633-covo.aspx
BMW,BMW Serie 1 118i,25.490 €,2022,10.171 km,Gasolina,140 cv,Girona,2026-05-07 12:22:40,C,https://www.coches.net/bmw-serie-1-118i-5p-gasolina-2020-en-girona-70569360-covo.aspx
BMW,BMW Serie 1 118i Corporate Auto.,25.990 €,2021,68.700 km,Gasolina,136 cv,Sta. C. Tenerife,2026-05-07 12:22:40,UNKNOWN,https://www.coches.net/bmw-serie-1-118i-corporate-auto-5p-gasolina-2022-en-sta-c-tenerife-70569542-covo.aspx
CITROEN,CITROEN C3 PureTech FEEL,9.199 €,2019,39.618 km,Gasolina,82 cv,Barcelona,2026-05-07 12:22:40,C,https://www.coches.net/citroen-c3-puretech-60kw-82cv-feel-5p-gasolina-2019-en-barcelona-70549807-covo.aspx
RENAULT,RENAULT Clio techno EcoG,18.900 €,2026,11.353 km,Gas licuado (GLP),100 cv,Bizkaia,2026-05-07 12:22:40,ECO,https://www.coches.net/renault-clio-techno-ecog-100cv-74kw-5p-otros-2025-en-vizcaya-70569582-covo.aspx
AUDI,AUDI A3 Sportback 30 TDI,23.900 €,2021,97.300 km,Diesel,116 cv,Cádiz,2026-05-07 12:22:40,C,https://www.coches.net/audi-a3-sportback-30-tdi-85kw-116cv-5p-diesel-2022-en-cadiz-70561736-covo.aspx
HYUNDAI,HYUNDAI i20 1.0 TGDI Klass,13.399 €,2021,58.134 km,Gasolina,100 cv,Barcelona,2026-05-07 12:22:40,C,https://www.coches.net/hyundai-i20-10-tgdi-74kw-100cv-klass-5p-gasolina-2021-en-barcelona-70565338-covo.aspx
HYUNDAI,HYUNDAI i20 1.2 MPI Klass,14.199 €,2023,39.763 km,Gasolina,84 cv,Sevilla,2026-05-07 12:22:40,C,https://www.coches.net/hyundai-i20-12-mpi-klass-5p-gasolina-2023-en-sevilla-70566491-covo.aspx
KIA,KIA Ceed 1.0 TGDi Drive,13.990 €,2022,105.572 km,Gasolina,100 cv,Barcelona,2026-05-07 12:22:40,C,https://www.coches.net/kia-ceed-10-tgdi-74kw-100cv-drive-5p-gasolina-2022-en-barcelona-70569024-covo.aspx
CITROEN,CITROEN Berlingo Talla M BlueHDi 100 SHINE,15.999 €,2019,89.253 km,Diesel,102 cv,Sevilla,2026-05-07 12:22:40,C,https://www.coches.net/citroen-berlingo-talla-m-bluehdi-100-shine-5p-diesel-2019-en-sevilla-70574449-covo.aspx
FORD,FORD Focus 1.0 Ecoboost AutoSS Pow.Trend,7.990 €,2016,165.000 km,Gasolina,125 cv,Barcelona,2026-05-07 12:22:40,C,https://www.coches.net/ford-focus-10-ecoboost-autoss-125cv-powtrend-5p-gasolina-2015-en-barcelona-70561583-covo.aspx
MERCEDES-BENZ,MERCEDES-BENZ Clase C C 220 d,36.990 €,2023,51.178 km,Híbrido,200 cv,Valencia,2026-05-07 12:22:40,ECO,https://www.coches.net/mercedes-benz-clase-c-c-220-d-4p-electrico-hibrido-2023-en-valencia-70573509-covo.aspx
NISSAN,NISSAN QASHQAI dCi NCONNECTA,14.199 €,2019,149.088 km,Diesel,150 cv,Sevilla,2026-05-07 12:22:40,C,https://www.coches.net/nissan-qashqai-dci-150cv-110kw-nconnecta-5p-diesel-2018-en-sevilla-70550146-covo.aspx
PEUGEOT,PEUGEOT 208 GTLine 1.6L BlueHDi,10.990 €,2017,105.895 km,Diesel,100 cv,Madrid,2026-05-07 12:22:40,C,https://www.coches.net/peugeot-208-5p-gtline-16l-bluehdi-73kw-100cv-5p-diesel-2017-en-madrid-70560350-covo.aspx
TOYOTA,TOYOTA Rav4 2.0D 150D 2WD Advance,14.700 €,2016,199.800 km,Diesel,143 cv,Madrid,2026-05-07 12:22:40,C,https://www.coches.net/toyota-rav4-20d-150d-2wd-advance-5p-diesel-2016-en-madrid-70572527-covo.aspx
FORD,FORD Fiesta 1.5 TDCi Titanium,6.300 €,2014,194.000 km,Diesel,75 cv,Sevilla,2026-05-07 12:22:40,C,https://www.coches.net/ford-fiesta-15-tdci-75cv-titanium-5p-5p-diesel-2014-en-sevilla-70553049-covo.aspx
KIA,KIA Sportage 1.6 GDI Basic 4x2,12.290 €,2015,76.574 km,Gasolina,135 cv,Zaragoza,2026-05-07 12:22:40,C,https://www.coches.net/kia-sportage-16-gdi-basic-4x2-5p-gasolina-2014-en-zaragoza-70574001-covo.aspx
FORD,FORD Fiesta 1.0 EcoBoost MHEV 92kW125CV STLine,12.799 €,2022,86.113 km,Híbrido,125 cv,Sevilla,2026-05-07 12:22:40,ECO,https://www.coches.net/ford-fiesta-10-ecoboost-mhev-92kw125cv-stline-5p-5p-electrico-hibrido-2022-en-sevilla-70550205-covo.aspx
PEUGEOT,PEUGEOT 308 SW Allure BlueHDI 130 SS EAT8,12.900 €,2020,142.750 km,Diesel,130 cv,Navarra,2026-05-07 12:22:40,C,https://www.coches.net/peugeot-308-sw-allure-bluehdi-130-ss-eat8-5p-diesel-2020-en-navarra-70561444-covo.aspx
MERCEDES-BENZ,MERCEDES-BENZ Clase A A 250 e,22.990 €,2021,119.990 km,Híbrido enchufable,218 cv,Madrid,2026-05-07 12:22:40,CERO,https://www.coches.net/mercedes-benz-clase-a-a-250-e-5p-electrico-hibrido-2022-en-madrid-70556529-covo.aspx
CITROEN,CITROEN C4 Cactus BlueHDi 100 SS Shine,12.250 €,2020,77.000 km,Diesel,102 cv,Málaga,2026-05-07 12:22:40,C,https://www.coches.net/citroen-c4-cactus-bluehdi-100-ss-shine-5p-diesel-2020-en-malaga-70570301-covo.aspx
SEAT,SEAT León 1.2 TSI Reference,3.650 €,2011,316.200 km,Gasolina,105 cv,Alicante,2026-05-07 12:22:40,C,https://www.coches.net/seat-leon-12-tsi-reference-5p-gasolina-2011-en-alicante-70577901-covo.aspx
VOLKSWAGEN,VOLKSWAGEN Golf Golf 1.5 TSI,23.900 €,2025,18.500 km,Gasolina,116 cv,Tarragona,2026-05-07 12:22:40,C,https://www.coches.net/volkswagen-golf-golf-15-tsi-85kw-116cv-5p-gasolina-2026-en-tarragona-70564367-covo.aspx
BMW,BMW Serie 5 520d,16.799 €,2016,147.519 km,Diesel,190 cv,Sevilla,2026-05-07 12:22:40,C,https://www.coches.net/bmw-serie-5-520d-4p-diesel-2017-en-sevilla-70566492-covo.aspx
PEUGEOT,PEUGEOT 3008 1.6BLUEHDI ALLURE AUTO SS,11.490 €,2017,177.341 km,Diesel,120 cv,Madrid,2026-05-07 12:22:40,C,https://www.coches.net/peugeot-3008-16bluehdi-88kw-120cv-allure-auto-ss-5p-diesel-2016-en-madrid-70571881-covo.aspx
PEUGEOT,PEUGEOT 3008 1.5 BlueHDi SS Allure,11.100 €,2018,163.800 km,Diesel,130 cv,Madrid,2026-05-07 12:22:40,C,https://www.coches.net/peugeot-3008-15-bluehdi-96kw-130cv-ss-allure-5p-diesel-2019-en-madrid-70572743-covo.aspx
CITROEN,CITROEN Grand C4 Picasso BlueHDi EAT6 Feel Edition,10.599 €,2016,80.121 km,Diesel,120 cv,Barcelona,2026-05-07 12:22:40,C,https://www.coches.net/citroen-grand-c4-picasso-bluehdi-120cv-eat6-feel-edition-5p-diesel-2015-en-barcelona-70573744-covo.aspx
CITROEN,CITROEN Berlingo Talla M BlueHDi 100 FEEL,10.499 €,2018,170.000 km,Diesel,100 cv,Sta. C. Tenerife,2026-05-07 12:22:40,UNKNOWN,https://www.coches.net/citroen-berlingo-talla-m-bluehdi-100-feel-5p-diesel-2018-en-sta-c-tenerife-70578472-covo.aspx
PEUGEOT,PEUGEOT 3008 1.5L BlueHDi SS Allure,12.999 €,2018,160.650 km,Diesel,130 cv,Valencia,2026-05-07 12:22:40,UNKNOWN,https://www.coches.net/peugeot-3008-15l-bluehdi-96kw-130cv-ss-allure-5p-diesel-2017-en-valencia-70579340-covo.aspx
FORD,FORD Focus 1.5 Ecoblue Trend,14.400 €,2021,75.286 km,Diesel,120 cv,Pontevedra,2026-05-07 12:22:40,UNKNOWN,https://www.coches.net/ford-focus-15-ecoblue-88kw-trend-5p-diesel-2021-en-pontevedra-70526846-covo.aspx
MINI,MINI MINI Cooper,8.999 €,2008,99.900 km,Gasolina,120 cv,Madrid,2026-05-07 12:22:40,C,https://www.coches.net/mini-mini-cooper-3p-gasolina-2008-en-madrid-70566135-covo.aspx
AUDI,AUDI A4 RS4 Avant TFSI quattro tiptronic,81.900 €,2020,33.000 km,Gasolina,450 cv,Asturias,2026-05-07 12:22:40,C,https://www.coches.net/audi-a4-rs4-avant-tfsi-331kw-quattro-tiptronic-5p-gasolina-2020-en-asturias-59834781-covo.aspx
KIA,KIA Sportage 1.6 CRDi MHEV Drive 4x2,27.340 €,2023,15.419 km,Híbrido,136 cv,Sevilla,2026-05-07 12:22:40,ECO,https://www.coches.net/kia-sportage-16-crdi-mhev-100kw-136cv-drive-4x2-5p-electrico-hibrido-2023-en-sevilla-60250620-covo.aspx
BMW,BMW Serie 4 M4,49.900 €,2016,76.000 km,Gasolina,431 cv,Asturias,2026-05-07 12:22:40,C,https://www.coches.net/bmw-serie-4-m4-2p-gasolina-2017-en-asturias-60682748-covo.aspx
PORSCHE,PORSCHE Panamera 4S EHybrid Sport Turismo,109.900 €,2021,38.000 km,Híbrido enchufable,560 cv,Asturias,2026-05-07 12:22:40,ECO,https://www.coches.net/porsche-panamera-4s-ehybrid-sport-turismo-5p-electrico-hibrido-2022-en-asturias-60750259-covo.aspx
PORSCHE,PORSCHE 911 GT3 Pack Touring,216.900 €,2022,24.000 km,Gasolina,510 cv,Asturias,2026-05-07 12:22:40,C,https://www.coches.net/porsche-911-gt3-pack-touring-2p-gasolina-2023-en-asturias-60788328-covo.aspx
BMW,BMW Serie 1 118d,13.500 €,2016,100.000 km,Diesel,150 cv,Murcia,2026-05-07 12:22:40,C,https://www.coches.net/bmw-serie-1-118d-5p-diesel-2017-en-murcia-60829031-covo.aspx
BMW,BMW X6 xDrive30d,27.500 €,2016,180.000 km,Diesel,258 cv,Murcia,2026-05-07 12:22:40,C,https://www.coches.net/bmw-x6-xdrive30d-5p-diesel-2017-en-murcia-60887813-covo.aspx
MERCEDES-BENZ,MERCEDES-BENZ Clase B B 200 d,21.900 €,2018,64.073 km,Diesel,136 cv,Jaén,2026-05-07 12:22:40,C,https://www.coches.net/mercedes-benz-clase-b-b-200-d-5p-diesel-2018-en-jaen-61012216-covo.aspx
NISSAN,NISSAN X-TRAIL 5pl 1.5 e4ORCE 4x4 AT Tekna,37.900 €,2022,5500 km,Híbrido,213 cv,Jaén,2026-05-07 12:22:40,ECO,https://www.coches.net/nissan-x-trail-5pl-15-e4orce-158kw-4x4-at-tekna-5p-electrico-hibrido-2023-en-jaen-61034284-covo.aspx
MAZDA,MAZDA CX-3 1.5 SKYACTIV DE Luxury 2WD,14.500 €,2016,100.000 km,Diesel,105 cv,Murcia,2026-05-07 12:22:40,C,https://www.coches.net/mazda-cx-3-15-skyactiv-de-77kw-luxury-2wd-5p-diesel-2015-en-murcia-61145042-covo.aspx
BMW,BMW Serie 2 218d,18.990 €,2016,130.000 km,Diesel,150 cv,Castellón,2026-05-07 12:22:40,C,https://www.coches.net/bmw-serie-2-218d-2p-diesel-2016-en-castellon-61379838-covo.aspx
AUDI,AUDI Q3 Sportback 35 TDI S tronic Black Lim.,48.900 €,2025,7149 km,Diesel,150 cv,Jaén,2026-05-07 12:22:40,C,https://www.coches.net/audi-q3-sportback-35-tdi-110kw-150cv-s-tronic-black-lim-5p-diesel-2025-en-jaen-61380799-covo.aspx
PORSCHE,PORSCHE Panamera Diesel Edition,38.990 €,2016,140.000 km,Diesel,300 cv,A Coruña,2026-05-07 12:22:40,B,https://www.coches.net/porsche-panamera-diesel-edition-5p-diesel-2016-en-a-coruna-61414323-covo.aspx
OPEL,OPEL Antara 2.2 CDTI 163 CV StartStop Selective 4X2,8.990 €,2011,184.000 km,Diesel,163 cv,A Coruña,2026-05-07 12:22:40,B,https://www.coches.net/opel-antara-22-cdti-163-cv-startstop-selective-4x2-5p-diesel-2012-en-a-coruna-61489629-covo.aspx
PEUGEOT,PEUGEOT 208 STYLE S 1.2L PureTech,8.990 €,2017,114.000 km,Gasolina,82 cv,A Coruña,2026-05-07 12:22:40,C,https://www.coches.net/peugeot-208-5p-style-s-12l-puretech-60kw-82cv-5p-gasolina-2017-en-a-coruna-61489746-covo.aspx
AUDI,AUDI Q8 RS Q8 TFSI quattro tipt,99.990 €,2020,89.000 km,Gasolina,600 cv,A Coruña,2026-05-07 12:22:40,ECO,https://www.coches.net/audi-q8-rs-q8-tfsi-441kw-600cv-quattro-tipt-5p-gasolina-2021-en-a-coruna-61518181-covo.aspx
KIA,KIA XCeed 1.6 GDi PHEV eDrive,25.450 €,2023,15.361 km,Híbrido enchufable,141 cv,Sevilla,2026-05-07 12:22:40,CERO,https://www.coches.net/kia-xceed-16-gdi-phev-104kw-141cv-edrive-5p-electrico-hibrido-2023-en-sevilla-61536039-covo.aspx
BMW,BMW Serie 4 420d Automatica,22.490 €,2015,155.000 km,Diesel,190 cv,Castellón,2026-05-07 12:22:40,C,https://www.coches.net/bmw-serie-4-420d-automatica-2p-diesel-2016-en-castellon-61555434-covo.aspx
PEUGEOT,PEUGEOT Rifter Active Pack Standard BlueHDi,11.990 €,2021,160.000 km,Diesel,100 cv,Castellón,2026-05-07 12:22:40,C,https://www.coches.net/peugeot-rifter-active-pack-standard-bluehdi-73kw-5p-diesel-2021-en-castellon-61620583-covo.aspx
OPEL,OPEL Antara 2.2 CDTI 163 CV StartStop Selective 4X2,7.500 €,2014,170.000 km,Diesel,163 cv,Murcia,2026-05-07 12:22:40,B,https://www.coches.net/opel-antara-22-cdti-163-cv-startstop-selective-4x2-5p-diesel-2015-en-murcia-61653293-covo.aspx
KIA,KIA XCeed 1.6 GDi PHEV eMotion,24.990 €,2022,10.917 km,Híbrido enchufable,141 cv,Sevilla,2026-05-07 12:22:40,CERO,https://www.coches.net/kia-xceed-16-gdi-phev-104kw-141cv-emotion-5p-electrico-hibrido-2022-en-sevilla-61724140-covo.aspx
MERCEDES-BENZ,MERCEDES-BENZ Clase GLA GLA 220 d 4MATIC,18.990 €,2018,180.000 km,Diesel,177 cv,Castellón,2026-05-07 12:22:40,C,https://www.coches.net/mercedes-benz-clase-gla-gla-220-d-4matic-5p-diesel-2018-en-castellon-61751812-covo.aspx
RENAULT,RENAULT Espace Zen Energy dCi TT EDC,13.990 €,2016,170.000 km,Diesel,160 cv,Castellón,2026-05-07 12:22:40,C,https://www.coches.net/renault-espace-zen-energy-dci-118kw-160cv-tt-edc-5p-diesel-2016-en-castellon-61751887-covo.aspx
KIA,KIA Sportage 1.6 MHEV Drive Plus 4x2,21.240 €,2021,65.528 km,Híbrido,136 cv,Sevilla,2026-05-07 12:22:40,ECO,https://www.coches.net/kia-sportage-16-mhev-drive-plus-100kw-136cv-4x2-5p-electrico-hibrido-2021-en-sevilla-61837336-covo.aspx
KIA,KIA Sportage 1.6 CRDi MHEV Drive 4x2,27.090 €,2024,28.679 km,Híbrido,136 cv,Sevilla,2026-05-07 12:22:40,ECO,https://www.coches.net/kia-sportage-16-crdi-mhev-100kw-136cv-drive-4x2-5p-electrico-hibrido-2024-en-sevilla-61866191-covo.aspx
KIA,KIA Niro 1.6 GDi PHEV Drive,27.990 €,2024,20.335 km,Híbrido enchufable,183 cv,Sevilla,2026-05-07 12:22:40,CERO,https://www.coches.net/kia-niro-16-gdi-phev-135kw-183cv-drive-5p-electrico-hibrido-2024-en-sevilla-61872879-covo.aspx
KIA,KIA Niro 1.6 GDi PHEV Concept,27.890 €,2023,17 km,Híbrido enchufable,183 cv,Sevilla,2026-05-07 12:22:40,CERO,https://www.coches.net/kia-niro-16-gdi-phev-135kw-183cv-concept-5p-electrico-hibrido-2024-en-sevilla-61872884-covo.aspx
MINI,MINI MINI COOPER 5 PUERTAS,17.490 €,2021,115.774 km,Gasolina,136 cv,Sta. C. Tenerife,2026-05-07 12:22:40,C,https://www.coches.net/mini-mini-cooper-5-puertas-5p-gasolina-2022-en-sta-c-tenerife-61887195-covo.aspx
MINI,MINI MINI COOPER 5 PUERTAS,20.900 €,2022,50.416 km,Gasolina,136 cv,Sta. C. Tenerife,2026-05-07 12:22:40,C,https://www.coches.net/mini-mini-cooper-5-puertas-5p-gasolina-2023-en-sta-c-tenerife-61887196-covo.aspx
LAND-ROVER,LAND-ROVER Discovery Sport 1.5 I3 PHEV 309PS AWD Auto SE,44.900 €,2023,24.500 km,Híbrido enchufable,309 cv,Sta. C. Tenerife,2026-05-07 12:22:40,CERO,https://www.coches.net/land-rover-discovery-sport-15-i3-phev-309ps-awd-auto-se-5p-electrico-hibrido-2023-en-sta-c-tenerife-61887258-covo.aspx
JAGUAR,JAGUAR F-Pace 2.0D I4 204PS AWD Auto MHEV RDynamic S,48.900 €,2022,39.005 km,Híbrido,204 cv,Sta. C. Tenerife,2026-05-07 12:22:40,UNKNOWN,https://www.coches.net/jaguar-f-pace-20d-i4-204ps-awd-auto-mhev-rdynamic-s-5p-electrico-hibrido-2024-en-sta-c-tenerife-61887260-covo.aspx
JAGUAR,JAGUAR i-Pace EV400 S AUTO 4WD,38.900 €,2021,39.760 km,Eléctrico,400 cv,Sta. C. Tenerife,2026-05-07 12:22:40,CERO,https://www.coches.net/jaguar-i-pace-ev400-s-auto-4wd-5p-electrico-hibrido-2021-en-sta-c-tenerife-61887262-covo.aspx
LAND-ROVER,LAND-ROVER Range Rover Evoque 1.5 P160 AUTO MHEV,31.900 €,2022,36.139 km,Híbrido,160 cv,Sta. C. Tenerife,2026-05-07 12:22:40,ECO,https://www.coches.net/land-rover-range-rover-evoque-15-p160-auto-mhev-5p-electrico-hibrido-2023-en-sta-c-tenerife-61887263-covo.aspx
JAGUAR,JAGUAR E-Pace 2.0D RDynamic,22.800 €,2018,71.691 km,Diesel,150 cv,Sta. C. Tenerife,2026-05-07 12:22:40,UNKNOWN,https://www.coches.net/jaguar-e-pace-20d-110kw-rdynamic-5p-diesel-2018-en-sta-c-tenerife-61887284-covo.aspx
LAND-ROVER,LAND-ROVER Range Rover Evoque 2.0 D204 Dynamic SE AUTO 4WD MHEV,44.900 €,2024,28.900 km,Híbrido,204 cv,Sta. C. Tenerife,2026-05-07 12:22:40,ECO,https://www.coches.net/land-rover-range-rover-evoque-20-d204-dynamic-se-auto-4wd-mhev-5p-electrico-hibrido-2024-en-sta-c-tenerife-61887290-covo.aspx
LAND-ROVER,LAND-ROVER Range Rover Evoque 1.5 P300e RDynamic S AUTO 4WD PHEV,41.900 €,2024,16.000 km,Híbrido enchufable,309 cv,Sta. C. Tenerife,2026-05-07 12:22:40,CERO,https://www.coches.net/land-rover-range-rover-evoque-15-p300e-rdynamic-s-auto-4wd-phev-5p-electrico-hibrido-2023-en-sta-c-tenerife-61887291-covo.aspx
LAND-ROVER,LAND-ROVER Range Rover Velar 2.0D D240 RDynamic SE 4WD Auto,37.900 €,2017,90.253 km,Diesel,240 cv,Sta. C. Tenerife,2026-05-07 12:22:40,C,https://www.coches.net/land-rover-range-rover-velar-20d-d240-rdynamic-se-4wd-auto-5p-diesel-2018-en-sta-c-tenerife-61887292-covo.aspx
LAND-ROVER,LAND-ROVER Range Rover Evoque 2.0 D150 FWD,28.900 €,2021,22.354 km,Diesel,150 cv,Sta. C. Tenerife,2026-05-07 12:22:40,C,https://www.coches.net/land-rover-range-rover-evoque-20-d150-fwd-5p-diesel-2020-en-sta-c-tenerife-61887294-covo.aspx
LAND-ROVER,LAND-ROVER Range Rover Evoque 2.0 D163 RDynamic S AUTO 4WD MHEV,35.900 €,2022,37.800 km,Híbrido,163 cv,Sta. C. Tenerife,2026-05-07 12:22:40,ECO,https://www.coches.net/land-rover-range-rover-evoque-20-d163-rdynamic-s-auto-4wd-mhev-5p-electrico-hibrido-2022-en-sta-c-tenerife-61887296-covo.aspx
JAGUAR,JAGUAR XF 2.0D RSport Auto 4WD,19.800 €,2016,50.800 km,Diesel,180 cv,Sta. C. Tenerife,2026-05-07 12:22:40,UNKNOWN,https://www.coches.net/jaguar-xf-20d-132kw-180cv-rsport-auto-4wd-4p-diesel-2017-en-sta-c-tenerife-61887297-covo.aspx
LAND-ROVER,LAND-ROVER Range Rover Evoque 1.5 P300e I3 S AUTO 4WD PHEV,47.900 €,2024,18.657 km,Híbrido enchufable,309 cv,Sta. C. Tenerife,2026-05-07 12:22:40,UNKNOWN,https://www.coches.net/land-rover-range-rover-evoque-15-p300e-i3-s-auto-4wd-phev-5p-electrico-hibrido-2024-en-sta-c-tenerife-61887301-covo.aspx
LAND-ROVER,LAND-ROVER Range Rover Evoque 2.0 D163 SE AUTO 4WD MHEV,35.900 €,2023,41.900 km,Híbrido,163 cv,Sta. C. Tenerife,2026-05-07 12:22:40,UNKNOWN,https://www.coches.net/land-rover-range-rover-evoque-20-d163-se-auto-4wd-mhev-5p-electrico-hibrido-2023-en-sta-c-tenerife-61887302-covo.aspx
LAND-ROVER,LAND-ROVER Range Rover Evoque 2.0 D163 RDynamic S AUTO 4WD MHEV,35.900 €,2023,38.900 km,Híbrido,163 cv,Sta. C. Tenerife,2026-05-07 12:22:40,UNKNOWN,https://www.coches.net/land-rover-range-rover-evoque-20-d163-rdynamic-s-auto-4wd-mhev-5p-electrico-hibrido-2023-en-sta-c-tenerife-61887303-covo.aspx
LAND-ROVER,LAND-ROVER Range Rover Evoque 1.5 P300e I3 S AUTO 4WD PHEV,49.900 €,2025,12 km,Híbrido enchufable,309 cv,Sta. C. Tenerife,2026-05-07 12:22:40,UNKNOWN,https://www.coches.net/land-rover-range-rover-evoque-15-p300e-i3-s-auto-4wd-phev-5p-electrico-hibrido-2023-en-sta-c-tenerife-61887307-covo.aspx
LAND-ROVER,LAND-ROVER Range Rover Evoque 2.0 D163 RDynamic S AUTO 4WD MHEV,35.900 €,2022,51.900 km,Híbrido,163 cv,Sta. C. Tenerife,2026-05-07 12:22:40,ECO,https://www.coches.net/land-rover-range-rover-evoque-20-d163-rdynamic-s-auto-4wd-mhev-5p-electrico-hibrido-2022-en-sta-c-tenerife-61887328-covo.aspx
LAND-ROVER,LAND-ROVER Range Rover Evoque 1.5 P300e I3 S AUTO 4WD PHEV,47.900 €,2024,16.900 km,Híbrido enchufable,309 cv,Sta. C. Tenerife,2026-05-07 12:22:40,UNKNOWN,https://www.coches.net/land-rover-range-rover-evoque-15-p300e-i3-s-auto-4wd-phev-5p-electrico-hibrido-2024-en-sta-c-tenerife-61887329-covo.aspx
LAND-ROVER,LAND-ROVER Range Rover Velar 2.0D D240 S 4WD Auto,38.900 €,2018,27.101 km,Diesel,240 cv,Sta. C. Tenerife,2026-05-07 12:22:40,UNKNOWN,https://www.coches.net/land-rover-range-rover-velar-20d-d240-s-4wd-auto-5p-diesel-2018-en-sta-c-tenerife-61887337-covo.aspx
JAGUAR,JAGUAR F-Type 2.0 I4 300PS RWD Auto RDynamic,58.900 €,2021,32.401 km,Gasolina,300 cv,Sta. C. Tenerife,2026-05-07 12:22:40,C,https://www.coches.net/jaguar-f-type-20-i4-300ps-rwd-auto-rdynamic-3p-gasolina-2021-en-sta-c-tenerife-61887341-covo.aspx
LAND-ROVER,LAND-ROVER Range Rover Evoque 1.5 P300e I3 SE AUTO 4WD PHEV,36.900 €,2022,35.000 km,Híbrido enchufable,309 cv,Sta. C. Tenerife,2026-05-07 12:22:40,UNKNOWN,https://www.coches.net/land-rover-range-rover-evoque-15-p300e-i3-se-auto-4wd-phev-5p-electrico-hibrido-2023-en-sta-c-tenerife-61887342-covo.aspx
BMW,BMW X6 xDrive30d,58.000 €,2021,60.000 km,Híbrido,286 cv,Murcia,2026-05-07 12:22:40,ECO,https://www.coches.net/bmw-x6-xdrive30d-5p-electrico-hibrido-2022-en-murcia-61923927-covo.aspx
BMW,BMW Serie 4 430d Auto. Gran Coupe,25.490 €,2019,179.000 km,Diesel,258 cv,Castellón,2026-05-07 12:22:40,C,https://www.coches.net/bmw-serie-4-430d-auto-gran-coupe-5p-diesel-2019-en-castellon-61928425-covo.aspx
KIA,KIA Sportage 1.6 TGDi Drive 4x2,25.990 €,2024,32.055 km,Gasolina,150 cv,Sevilla,2026-05-07 12:22:40,C,https://www.coches.net/kia-sportage-16-tgdi-110kw-150cv-drive-4x2-5p-gasolina-2024-en-sevilla-61991499-covo.aspx
SEAT,SEAT Arona 1.0 TSI DSG FR XM,19.900 €,2024,17.268 km,Gasolina,115 cv,Gipuzkoa,2026-05-07 12:22:40,C,https://www.coches.net/seat-arona-10-tsi-85kw-115cv-dsg-fr-xm-5p-gasolina-2025-en-guipuzcoa-62024245-covo.aspx
KIA,KIA e-Soul eSoul Drive Long Range,25.190 €,2020,18.762 km,Eléctrico,204 cv,Sevilla,2026-05-07 12:22:40,CERO,https://www.coches.net/kia-e-soul-esoul-150kw-204cv-drive-long-range-5p-electrico-hibrido-2019-en-sevilla-62035197-covo.aspx
SKODA,SKODA Fabia 1.0 TSI DSG Design,19.500 €,2025,15.597 km,Gasolina,115 cv,Gipuzkoa,2026-05-07 12:22:40,C,https://www.coches.net/skoda-fabia-10-tsi-85kw-115cv-dsg-design-5p-gasolina-2025-en-guipuzcoa-62058066-covo.aspx
AUDI,AUDI Q3 45 TFSI e S tronic S Line,26.900 €,2021,231.000 km,Híbrido enchufable,245 cv,Asturias,2026-05-07 12:22:40,UNKNOWN,https://www.coches.net/audi-q3-45-tfsi-e-180kw-s-tronic-s-line-5p-electrico-hibrido-2022-en-asturias-62084695-covo.aspx
SEAT,SEAT Arona 1.0 TSI DSG FR XM,19.900 €,2024,16.600 km,Gasolina,110 cv,Gipuzkoa,2026-05-07 12:22:40,C,https://www.coches.net/seat-arona-10-tsi-81kw-110cv-dsg-fr-xm-5p-gasolina-2024-en-guipuzcoa-62096324-covo.aspx
SKODA,SKODA Scala 1.0 TSI 115 CV SELECTION,20.500 €,2024,20.627 km,Gasolina,115 cv,Gipuzkoa,2026-05-07 12:22:40,C,https://www.coches.net/skoda-scala-10-tsi-85kw-115-cv-selection-5p-gasolina-2025-en-guipuzcoa-62127254-covo.aspx
RENAULT,RENAULT Austral Techno ETech Full Hybrid,28.435 €,2025,26.201 km,Híbrido,200 cv,Barcelona,2026-05-07 12:22:40,UNKNOWN,https://www.coches.net/renault-austral-techno-etech-full-hybrid-147kw-200cv-5p-electrico-hibrido-2025-en-barcelona-62137665-covo.aspx
PEUGEOT,PEUGEOT Rifter Allure Pack Standard BlueHDi,17.990 €,2021,138.791 km,Diesel,130 cv,Murcia,2026-05-07 12:22:40,C,https://www.coches.net/peugeot-rifter-allure-pack-standard-bluehdi-96kw-5p-diesel-2021-en-murcia-62149913-covo.aspx
AUDI,AUDI A5 RS 5 4.2 FSI quattro S tronic,25.990 €,2011,200.000 km,Gasolina,450 cv,A Coruña,2026-05-07 12:22:40,C,https://www.coches.net/audi-a5-rs-5-42-fsi-quattro-s-tronic-2p-gasolina-2011-en-a-coruna-62170286-covo.aspx
LAND-ROVER,LAND-ROVER Discovery Sport 2.0L eD4 4x2 HSE,15.000 €,2016,150.000 km,Diesel,150 cv,Murcia,2026-05-07 12:22:40,C,https://www.coches.net/land-rover-discovery-sport-20l-ed4-110kw-150cv-4x2-hse-5p-diesel-2017-en-murcia-62181217-covo.aspx
RENAULT,RENAULT Austral Techno ETech Full Hybrid,34.160 €,2025,12.222 km,Híbrido,200 cv,Barcelona,2026-05-07 12:22:40,UNKNOWN,https://www.coches.net/renault-austral-techno-etech-full-hybrid-147kw-200cv-5p-electrico-hibrido-2024-en-barcelona-62218715-covo.aspx
KIA,KIA Ceed Tourer Tourer 1.6 GDi PHEV 104kW141CV eMotion,24.590 €,2021,28.970 km,Híbrido enchufable,141 cv,Sevilla,2026-05-07 12:22:40,CERO,https://www.coches.net/kia-ceed-tourer-tourer-16-gdi-phev-104kw141cv-emotion-5p-electrico-hibrido-2021-en-sevilla-62246937-covo.aspx
KIA,KIA XCeed 1.6 GDi PHEV eMotion,26.790 €,2023,9922 km,Híbrido enchufable,141 cv,Sevilla,2026-05-07 12:22:40,CERO,https://www.coches.net/kia-xceed-16-gdi-phev-104kw-141cv-emotion-5p-electrico-hibrido-2023-en-sevilla-62247138-covo.aspx
KIA,KIA Ceed Tourer Tourer 1.6 GDi PHEV eTech,24.510 €,2021,31.549 km,Híbrido enchufable,141 cv,Sevilla,2026-05-07 12:22:40,CERO,https://www.coches.net/kia-ceed-tourer-tourer-16-gdi-phev-104kw-141cv-etech-5p-electrico-hibrido-2021-en-sevilla-62248126-covo.aspx
KIA,KIA Niro 1.6 GDi PHEV Drive,25.990 €,2022,26.641 km,Híbrido enchufable,183 cv,Sevilla,2026-05-07 12:22:40,CERO,https://www.coches.net/kia-niro-16-gdi-phev-135kw-183cv-drive-5p-electrico-hibrido-2023-en-sevilla-62249266-covo.aspx
AUDI,AUDI A8 50 TDI quattro tiptronic,51.490 €,2022,100.051 km,Híbrido,286 cv,Madrid,2026-05-07 12:22:40,ECO,https://www.coches.net/audi-a8-50-tdi-210kw-286cv-quattro-tiptronic-4p-electrico-hibrido-2022-en-madrid-62250127-covo.aspx
VOLKSWAGEN,VOLKSWAGEN T-Roc Advance RLine 1.0 TSI,17.590 €,2022,104.060 km,Gasolina,110 cv,Madrid,2026-05-07 12:22:40,C,https://www.coches.net/volkswagen-t-roc-advance-rline-10-tsi-81kw-110cv-5p-gasolina-2022-en-madrid-62250128-covo.aspx
KIA,KIA e-Niro eNiro Emotion Long Range,24.690 €,2022,23.756 km,Eléctrico,204 cv,Sevilla,2026-05-07 12:22:40,CERO,https://www.coches.net/kia-e-niro-eniro-150kw-emotion-long-range-5p-electrico-hibrido-2022-en-sevilla-62250255-covo.aspx
VOLKSWAGEN,VOLKSWAGEN Golf 2.0 TSI DSG GTI BMT,15.000 €,2014,200.000 km,Gasolina,220 cv,Murcia,2026-05-07 12:22:40,C,https://www.coches.net/volkswagen-golf-20-tsi-220cv-dsg-gti-bmt-3p-gasolina-2015-en-murcia-62266900-covo.aspx
VOLKSWAGEN,VOLKSWAGEN Arteon 2.0 TDI,22.999 €,2022,169.000 km,Diesel,150 cv,Cáceres,2026-05-07 12:22:40,C,https://www.coches.net/volkswagen-arteon-20-tdi-110kw-150cv-5p-diesel-2022-en-caceres-62285477-covo.aspx
BMW,BMW X2 sDrive18i,21.950 €,2020,132.000 km,Gasolina,136 cv,Cáceres,2026-05-07 12:22:40,C,https://www.coches.net/bmw-x2-sdrive18i-5p-gasolina-2021-en-caceres-62285784-covo.aspx
FORD,FORD Focus 1.6 TDCi Trend,6.990 €,2011,188.000 km,Diesel,115 cv,Castellón,2026-05-07 12:22:40,B,https://www.coches.net/ford-focus-16-tdci-115cv-trend-5p-diesel-2011-en-castellon-62298900-covo.aspx
SEAT,SEAT Alhambra 1.9 TDI Reference Plus,4.490 €,2007,439.000 km,Diesel,115 cv,Castellón,2026-05-07 12:22:40,B,https://www.coches.net/seat-alhambra-19-tdi-115cv-reference-plus-5p-diesel-2008-en-castellon-62298956-covo.aspx
FORD,FORD Mondeo 1.5 EcoBoost Trend,14.999 €,2017,158.000 km,Gasolina,160 cv,Navarra,2026-05-07 12:22:40,C,https://www.coches.net/ford-mondeo-15-ecoboost-118kw-160cv-trend-5p-gasolina-2018-en-navarra-62300899-covo.aspx
LYNK,LYNK & CO 01 1.5 PHEV More,38.900 €,2025,2500 km,Híbrido enchufable,276 cv,Asturias,2026-05-07 12:22:40,CERO,https://www.coches.net/km-0/lynk--co/01/asturias/15-phev-more-electrico-hibrido-de-km0-62353265-kovn.aspx
LYNK,LYNK & CO 08 1.5 PHEV More,48.900 €,2025,5000 km,Híbrido enchufable,350 cv,Asturias,2026-05-07 12:22:40,CERO,https://www.coches.net/km-0/lynk--co/08/asturias/15-phev-more-electrico-hibrido-de-km0-62353326-kovn.aspx
LAND-ROVER,LAND-ROVER Range Rover Velar 2.0D D240 RDynamic SE 4WD Auto,28.900 €,2017,92.900 km,Diesel,240 cv,Asturias,2026-05-07 12:22:40,C,https://www.coches.net/land-rover-range-rover-velar-20d-d240-rdynamic-se-4wd-auto-5p-diesel-2018-en-asturias-62355735-covo.aspx
LAND-ROVER,LAND-ROVER Range Rover Velar 2.0 D180 RDynamic S 4WD Auto,30.900 €,2018,61.000 km,Diesel,180 cv,Asturias,2026-05-07 12:22:40,C,https://www.coches.net/land-rover-range-rover-velar-20-d180-132kw-rdynamic-s-4wd-auto-5p-diesel-2019-en-asturias-62355810-covo.aspx
LYNK,LYNK & CO 01 1.5 PHEV 6.6kW,33.900 €,2024,500 km,Híbrido enchufable,261 cv,Asturias,2026-05-07 12:22:40,CERO,https://www.coches.net/lynk--co-01-15-phev-66kw-5p-electrico-hibrido-2023-en-asturias-62356176-covo.aspx
LAND-ROVER,LAND-ROVER Discovery Sport 2.0D eD4 163 PS FWD Manual RDynamic SE,45.900 €,2023,20.000 km,Diesel,163 cv,Asturias,2026-05-07 12:22:40,ECO,https://www.coches.net/land-rover-discovery-sport-20d-ed4-163-ps-fwd-manual-rdynamic-se-5p-diesel-2023-en-asturias-62356428-covo.aspx
SKODA,SKODA Karoq 1.5 TSI ACT Selection,26.900 €,2025,6251 km,Gasolina,150 cv,Gipuzkoa,2026-05-07 12:22:40,C,https://www.coches.net/skoda-karoq-15-tsi-110kw-150cv-act-selection-5p-gasolina-2025-en-guipuzcoa-62364936-covo.aspx
AUDI,AUDI A3 Sportback Genuine 40 TFSI e S tron,42.500 €,2025,300 km,Híbrido enchufable,204 cv,Jaén,2026-05-07 12:22:40,CERO,https://www.coches.net/audi-a3-sportback-genuine-40-tfsi-e-150kw-s-tron-5p-electrico-hibrido-2025-en-jaen-62384075-covo.aspx
KIA,KIA XCeed 1.6 GDi PHEV eTech,26.380 €,2023,9232 km,Híbrido enchufable,141 cv,Sevilla,2026-05-07 12:22:40,CERO,https://www.coches.net/kia-xceed-16-gdi-phev-104kw-141cv-etech-5p-electrico-hibrido-2023-en-sevilla-62402849-covo.aspx
MERCEDES-BENZ,MERCEDES-BENZ Clase GLC GLC 300 de 4MATIC,36.990 €,2022,63.500 km,Híbrido enchufable,306 cv,Las Palmas,2026-05-07 12:22:40,CERO,https://www.coches.net/mercedes-benz-clase-glc-glc-300-de-4matic-5p-electrico-hibrido-2022-en-las-palmas-62413460-covo.aspx
MERCEDES-BENZ,MERCEDES-BENZ GLC Coupé GLC 300 de 4MATIC,55.990 €,2024,41.000 km,Híbrido enchufable,333 cv,Las Palmas,2026-05-07 12:22:40,CERO,https://www.coches.net/mercedes-benz-glc-coupe-glc-300-de-4matic-5p-electrico-hibrido-2024-en-las-palmas-62413464-covo.aspx
OPEL,OPEL Corsa 1.2T XHL GS,14.990 €,2024,31.000 km,Gasolina,100 cv,Las Palmas,2026-05-07 12:22:40,C,https://www.coches.net/opel-corsa-12t-xhl-74kw-100cv-gs-5p-gasolina-2024-en-las-palmas-62418353-covo.aspx
MERCEDES-BENZ,MERCEDES-BENZ Clase A A 250 e,26.990 €,2022,44.650 km,Híbrido enchufable,218 cv,Las Palmas,2026-05-07 12:22:40,CERO,https://www.coches.net/mercedes-benz-clase-a-a-250-e-5p-electrico-hibrido-2022-en-las-palmas-62418356-covo.aspx
KIA,KIA XCeed 1.6 GDi PHEV eTech,17.990 €,2022,79.500 km,Híbrido enchufable,141 cv,Las Palmas,2026-05-07 12:22:40,CERO,https://www.coches.net/kia-xceed-16-gdi-phev-104kw-141cv-etech-5p-electrico-hibrido-2021-en-las-palmas-62420946-covo.aspx
SEAT,SEAT León 1.5 eTSI DSG7 SS FR Go XL,13.590 €,2021,203.480 km,Híbrido,150 cv,Madrid,2026-05-07 12:22:40,ECO,https://www.coches.net/seat-leon-15-etsi-110kw-dsg7-ss-fr-go-xl-5p-electrico-hibrido-2022-en-madrid-62427109-covo.aspx
VOLVO,VOLVO V60 Cross Country 2.0 B4 D AWD Cross Country Core Auto,26.900 €,2022,161.645 km,Híbrido,197 cv,Jaén,2026-05-07 12:22:40,ECO,https://www.coches.net/volvo-v60-cross-country-20-b4-d-awd-cross-country-core-auto-5p-electrico-hibrido-2023-en-jaen-62437005-covo.aspx
OPEL,OPEL Grandland X PHEV 1.6 Turbo Edition Auto 4x2,17.990 €,2022,60.500 km,Híbrido enchufable,224 cv,Las Palmas,2026-05-07 12:22:40,CERO,https://www.coches.net/opel-grandland-x-phev-16-turbo-edition-auto-4x2-5p-electrico-hibrido-2021-en-las-palmas-62438281-covo.aspx
JEEP,JEEP Compass 1.4 Mair Longitude 4x2,14.990 €,2020,102.500 km,Gasolina,140 cv,Las Palmas,2026-05-07 12:22:40,C,https://www.coches.net/jeep-compass-14-mair-103kw-longitude-4x2-5p-gasolina-2020-en-las-palmas-62438284-covo.aspx
KIA,KIA XCeed 1.6 GDi PHEV eDrive,16.990 €,2021,76.000 km,Híbrido enchufable,141 cv,Las Palmas,2026-05-07 12:22:40,CERO,https://www.coches.net/kia-xceed-16-gdi-phev-104kw-141cv-edrive-5p-electrico-hibrido-2021-en-las-palmas-62438286-covo.aspx
AUDI,AUDI A1 Sportback 25 TFSI,16.990 €,2022,59.000 km,Gasolina,95 cv,Las Palmas,2026-05-07 12:22:40,C,https://www.coches.net/audi-a1-sportback-25-tfsi-70kw-95cv-5p-gasolina-2022-en-las-palmas-62438294-covo.aspx
FIAT,FIAT 500C Dolcevita 1.0 Hybrid 70 CV,11.990 €,2023,70.000 km,Híbrido,70 cv,Las Palmas,2026-05-07 12:22:40,ECO,https://www.coches.net/fiat-500c-dolcevita-10-hybrid-51kw-70-cv-2p-electrico-hibrido-2022-en-las-palmas-62438301-covo.aspx
HYUNDAI,HYUNDAI i10 1.0 Klass,10.990 €,2023,73.000 km,Gasolina,67 cv,Las Palmas,2026-05-07 12:22:40,C,https://www.coches.net/hyundai-i10-10-klass-5p-gasolina-2023-en-las-palmas-62438304-covo.aspx
KIA,KIA XCeed 1.6 GDi PHEV eMotion,18.990 €,2021,47.000 km,Híbrido enchufable,141 cv,Las Palmas,2026-05-07 12:22:40,CERO,https://www.coches.net/kia-xceed-16-gdi-phev-104kw-141cv-emotion-5p-electrico-hibrido-2022-en-las-palmas-62438307-covo.aspx
RENAULT,RENAULT Arkana Zen TCe 103kW140CV EDC mild hybrid,19.990 €,2021,72.000 km,Híbrido,140 cv,Las Palmas,2026-05-07 12:22:40,ECO,https://www.coches.net/renault-arkana-zen-tce-103kw140cv-edc-mild-hybrid-5p-electrico-hibrido-2021-en-las-palmas-62438308-covo.aspx
RENAULT,RENAULT Clio Intens ETech Hibrido,15.990 €,2021,66.000 km,Híbrido,140 cv,Las Palmas,2026-05-07 12:22:40,ECO,https://www.coches.net/renault-clio-intens-etech-hibrido-104-kw-140cv-5p-electrico-hibrido-2021-en-las-palmas-62438309-covo.aspx
PEUGEOT,PEUGEOT 3008 Hybrid 225 eEAT8 Allure,19.990 €,2021,18.800 km,Híbrido enchufable,225 cv,Sta. C. Tenerife,2026-05-07 12:22:40,CERO,https://www.coches.net/peugeot-3008-hybrid-225-eeat8-allure-5p-electrico-hibrido-2020-en-sta-c-tenerife-62451018-covo.aspx
FORD,FORD Puma 1.0 EcoBoost STLine MHEV,21.990 €,2024,1100 km,Híbrido,125 cv,Sta. C. Tenerife,2026-05-07 12:22:40,ECO,https://www.coches.net/ford-puma-10-ecoboost-125cv-stline-mhev-5p-electrico-hibrido-2023-en-sta-c-tenerife-62451023-covo.aspx
VOLKSWAGEN,VOLKSWAGEN T-Roc Advance 1.5 TSI DSG,19.990 €,2022,71.000 km,Gasolina,150 cv,Sta. C. Tenerife,2026-05-07 12:22:40,C,https://www.coches.net/volkswagen-t-roc-advance-15-tsi-110kw-150cv-dsg-5p-gasolina-2022-en-sta-c-tenerife-62451024-covo.aspx
JEEP,JEEP Avenger 1.2 G Altitude,16.990 €,2024,70.000 km,Gasolina,100 cv,Sta. C. Tenerife,2026-05-07 12:22:40,C,https://www.coches.net/jeep-avenger-12-g-74kw-100cv-altitude-5p-gasolina-2023-en-sta-c-tenerife-62460923-covo.aspx
TOYOTA,TOYOTA Corolla 1.8 125H ACTIVE TECH ECVT TOU SPORT,19.990 €,2022,58.000 km,Híbrido,122 cv,Sta. C. Tenerife,2026-05-07 12:22:40,ECO,https://www.coches.net/toyota-corolla-18-125h-active-tech-ecvt-tou-sport-5p-electrico-hibrido-2021-en-sta-c-tenerife-62460924-covo.aspx
VOLVO,VOLVO XC60 2.0 T6 AWD Recharge RDesign Auto,31.990 €,2022,79.000 km,Híbrido enchufable,340 cv,Sta. C. Tenerife,2026-05-07 12:22:40,CERO,https://www.coches.net/volvo-xc60-20-t6-awd-recharge-rdesign-auto-5p-electrico-hibrido-2021-en-sta-c-tenerife-62467478-covo.aspx
LAND-ROVER,LAND-ROVER Range Rover Evoque 1.5 P300e I3 S AUTO 4WD PHEV,30.990 €,2021,33.000 km,Híbrido enchufable,309 cv,Sta. C. Tenerife,2026-05-07 12:22:40,CERO,https://www.coches.net/land-rover-range-rover-evoque-15-p300e-i3-s-auto-4wd-phev-5p-electrico-hibrido-2022-en-sta-c-tenerife-62467482-covo.aspx
NISSAN,NISSAN QASHQAI DIGT mHEV Xtronic Tekna,24.990 €,2024,52.000 km,Híbrido,158 cv,Sta. C. Tenerife,2026-05-07 12:22:40,ECO,https://www.coches.net/nissan-qashqai-digt-116kw-mhev-xtronic-tekna-5p-electrico-hibrido-2024-en-sta-c-tenerife-62467483-covo.aspx
JEEP,JEEP Avenger 1.2 G Altitude,16.990 €,2024,71.500 km,Gasolina,100 cv,Las Palmas,2026-05-07 12:22:40,C,https://www.coches.net/jeep-avenger-12-g-74kw-100cv-altitude-5p-gasolina-2024-en-las-palmas-62473543-covo.aspx
MERCEDES-BENZ,MERCEDES-BENZ GLC GLC 300 e 4MATIC,36.990 €,2022,73.000 km,Híbrido enchufable,313 cv,Las Palmas,2026-05-07 12:22:40,CERO,https://www.coches.net/mercedes-benz-glc-glc-300-e-4matic-5p-electrico-hibrido-2023-en-las-palmas-62474068-covo.aspx
VOLKSWAGEN,VOLKSWAGEN Tiguan Life 1.4 TSI eHybrid DSG,24.990 €,2023,55.750 km,Híbrido enchufable,245 cv,Las Palmas,2026-05-07 12:22:40,CERO,https://www.coches.net/volkswagen-tiguan-life-14-tsi-ehybrid-180kw-245cv-dsg-5p-electrico-hibrido-2023-en-las-palmas-62474151-covo.aspx
SKODA,SKODA Kamiq 1.5 TSI Ambition,19.990 €,2021,63.000 km,Gasolina,150 cv,Las Palmas,2026-05-07 12:22:40,C,https://www.coches.net/skoda-kamiq-15-tsi-110kw-150cv-ambition-5p-gasolina-2022-en-las-palmas-62475759-covo.aspx
HYUNDAI,HYUNDAI Tucson 1.6 TGDI PHEV Maxx Auto 4X4,24.990 €,2022,54.000 km,Híbrido enchufable,265 cv,Las Palmas,2026-05-07 12:22:40,CERO,https://www.coches.net/hyundai-tucson-16-tgdi-phev-195kw-maxx-auto-4x4-5p-electrico-hibrido-2021-en-las-palmas-62475962-covo.aspx
VOLVO,VOLVO XC60 2.0 T6 AWD Recharge Inscription Exp Auto,30.500 €,2021,99.900 km,Híbrido enchufable,340 cv,Madrid,2026-05-07 12:22:40,CERO,https://www.coches.net/volvo-xc60-20-t6-awd-recharge-inscription-exp-auto-5p-electrico-hibrido-2022-en-madrid-62480389-covo.aspx
DS,DS DS 3 Crossback PureTech PERFORMANCE LINE,13.990 €,2023,80.000 km,Gasolina,130 cv,Las Palmas,2026-05-07 12:22:40,C,https://www.coches.net/ds-ds-3-crossback-puretech-96kw-130cv-performance-line-5p-gasolina-2022-en-las-palmas-62487518-covo.aspx
KIA,KIA Niro 1.6 GDi HEV Concept,19.990 €,2023,48.000 km,Híbrido,141 cv,Las Palmas,2026-05-07 12:22:40,ECO,https://www.coches.net/kia-niro-16-gdi-hev-104kw-141cv-concept-5p-electrico-hibrido-2024-en-las-palmas-62487521-covo.aspx
MINI,MINI COUNTRYMAN Cooper,18.990 €,2022,73.000 km,Gasolina,136 cv,Las Palmas,2026-05-07 12:22:40,C,https://www.coches.net/mini-countryman-cooper-5p-gasolina-2022-en-las-palmas-62487528-covo.aspx
MINI,MINI MINI ONE CABRIO,12.990 €,2018,102.000 km,Gasolina,102 cv,Las Palmas,2026-05-07 12:22:40,UNKNOWN,https://www.coches.net/mini-mini-one-cabrio-2p-gasolina-2018-en-las-palmas-62487529-covo.aspx
NISSAN,NISSAN Micra IGT 92 CV E6DF CVT Acenta,14.990 €,2022,70.000 km,Gasolina,92 cv,Las Palmas,2026-05-07 12:22:40,C,https://www.coches.net/nissan-micra-igt-68-kw-92-cv-e6df-cvt-acenta-5p-gasolina-2022-en-las-palmas-62487533-covo.aspx
SKODA,SKODA Kamiq 1.0 TSI DSG Style,14.990 €,2021,86.000 km,Gasolina,110 cv,Las Palmas,2026-05-07 12:22:40,C,https://www.coches.net/skoda-kamiq-10-tsi-81kw-110cv-dsg-style-5p-gasolina-2021-en-las-palmas-62487538-covo.aspx
VOLKSWAGEN,VOLKSWAGEN T-Roc Cabrio 1.0 TSI Manual 6 vel,15.990 €,2021,76.000 km,Gasolina,115 cv,Las Palmas,2026-05-07 12:22:40,C,https://www.coches.net/volkswagen-t-roc-cabrio-10-tsi-85kw-115cv-manual-6-vel-2p-gasolina-2020-en-las-palmas-62487541-covo.aspx
VOLKSWAGEN,VOLKSWAGEN Tiguan Allspace Advance 2.0 TDI DSG,25.990 €,2021,73.000 km,Diesel,150 cv,Las Palmas,2026-05-07 12:22:40,C,https://www.coches.net/volkswagen-tiguan-allspace-advance-20-tdi-110kw-150cv-dsg-5p-diesel-2021-en-las-palmas-62487542-covo.aspx
SKODA,SKODA Octavia 1.5 TSI 110kW150CV mHEV DSG Selection,28.500 €,2024,19.382 km,Híbrido,150 cv,Gipuzkoa,2026-05-07 12:22:40,ECO,https://www.coches.net/skoda-octavia-15-tsi-110kw150cv-mhev-dsg-selection-5p-electrico-hibrido-2025-en-guipuzcoa-62488815-covo.aspx
MERCEDES-BENZ,MERCEDES-BENZ EQV EQV 300 Largo,53.900 €,2021,18.800 km,Eléctrico,204 cv,Málaga,2026-05-07 12:22:40,CERO,https://www.coches.net/mercedes-benz-eqv-eqv-300-largo-5p-electrico-hibrido-2021-en-malaga-62492080-covo.aspx
OPEL,OPEL Mokka 1.2 T 100 CV Business Elegance,16.990 €,2022,30.000 km,Gasolina,100 cv,Las Palmas,2026-05-07 12:22:40,C,https://www.coches.net/opel-mokka-12-t-74kw-100-cv-business-elegance-5p-gasolina-2022-en-las-palmas-62492610-covo.aspx
SEAT,SEAT Ibiza 1.0 TSI FR XM,16.990 €,2024,17.500 km,Gasolina,115 cv,Las Palmas,2026-05-07 12:22:40,C,https://www.coches.net/seat-ibiza-10-tsi-85kw-115cv-fr-xm-5p-gasolina-2024-en-las-palmas-62503277-covo.aspx
MERCEDES-BENZ,MERCEDES-BENZ Clase E E 350 Cabrio,59.900 €,2022,24.000 km,Híbrido,299 cv,Málaga,2026-05-07 12:22:40,ECO,https://www.coches.net/mercedes-benz-clase-e-e-350-cabrio-2p-electrico-hibrido-2023-en-malaga-62507480-covo.aspx
SEAT,SEAT León ST 1.2 TSI StSp Style,8.490 €,2016,216.000 km,Gasolina,110 cv,Castellón,2026-05-07 12:22:40,C,https://www.coches.net/seat-leon-st-12-tsi-110cv-stsp-style-5p-gasolina-2016-en-castellon-62509701-covo.aspx
RENAULT,RENAULT Captur Intens ETECH hibrido enchufable,17.990 €,2022,63.000 km,Híbrido enchufable,160 cv,Las Palmas,2026-05-07 12:22:40,CERO,https://www.coches.net/renault-captur-intens-etech-hibrido-enchufable-160cv-5p-electrico-hibrido-2021-en-las-palmas-62510737-covo.aspx
CITROEN,CITROEN Xsara Picasso 1.6 HDi 92 Exclusive,3.990 €,2006,177.000 km,Diesel,92 cv,Castellón,2026-05-07 12:22:40,B,https://www.coches.net/citroen-xsara-picasso-16-hdi-92-exclusive-5p-diesel-2005-en-castellon-62511125-covo.aspx
TOYOTA,TOYOTA Yaris 1.5 100H Active,14.990 €,2020,40.000 km,Híbrido,100 cv,Las Palmas,2026-05-07 12:22:40,ECO,https://www.coches.net/toyota-yaris-15-100h-active-5p-electrico-hibrido-2019-en-las-palmas-62537313-covo.aspx
VOLKSWAGEN,VOLKSWAGEN Golf Life 1.0 TSI,16.990 €,2021,88.000 km,Gasolina,110 cv,Las Palmas,2026-05-07 12:22:40,C,https://www.coches.net/volkswagen-golf-life-10-tsi-81kw-110cv-5p-gasolina-2022-en-las-palmas-62537316-covo.aspx
SEAT,SEAT Arona 1.0 TSI DSG Xperience Special Ed,20.900 €,2025,13.356 km,Gasolina,115 cv,Gipuzkoa,2026-05-07 12:22:40,C,https://www.coches.net/seat-arona-10-tsi-85kw-dsg-xperience-special-ed-5p-gasolina-2026-en-guipuzcoa-62549317-covo.aspx
CITROEN,CITROEN C5 Aircross PureTech SS Feel,14.125 €,2021,68.177 km,Gasolina,131 cv,Barcelona,2026-05-07 12:22:40,UNKNOWN,https://www.coches.net/citroen-c5-aircross-puretech-96kw-130cv-ss-feel-5p-gasolina-2021-en-barcelona-62569659-covo.aspx
KIA,KIA XCeed 1.0 TGDi Drive,17.950 €,2024,34.417 km,Gasolina,100 cv,Cádiz,2026-05-07 12:22:40,UNKNOWN,https://www.coches.net/kia-xceed-10-tgdi-drive-74kw-100cv-5p-gasolina-2025-en-cadiz-62576154-covo.aspx
VOLVO,VOLVO XC60 2.0 T8 AWD Inscription Auto,28.990 €,2019,65.000 km,Híbrido enchufable,390 cv,Sta. C. Tenerife,2026-05-07 12:22:40,CERO,https://www.coches.net/volvo-xc60-20-t8-awd-inscription-auto-5p-electrico-hibrido-2019-en-sta-c-tenerife-62597824-covo.aspx
OPEL,OPEL Crossland 1.2 Edition,12.990 €,2022,63.000 km,Gasolina,110 cv,Sta. C. Tenerife,2026-05-07 12:22:40,C,https://www.coches.net/opel-crossland-12-81kw-110cv-edition-5p-gasolina-2022-en-sta-c-tenerife-62597889-covo.aspx
AUDI,AUDI Q3 Sportback 45 TFSI e S tronic,29.990 €,2022,78.000 km,Híbrido enchufable,245 cv,Sta. C. Tenerife,2026-05-07 12:22:40,CERO,https://www.coches.net/audi-q3-sportback-45-tfsi-e-180kw-245cv-s-tronic-5p-electrico-hibrido-2022-en-sta-c-tenerife-62602980-covo.aspx
AUDI,AUDI Q3 35 TDI S tronic,27.390 €,2020,51.033 km,Diesel,150 cv,Cádiz,2026-05-07 12:22:40,UNKNOWN,https://www.coches.net/audi-q3-35-tdi-110kw-150cv-s-tronic-5p-diesel-2020-en-cadiz-62608337-covo.aspx
OPEL,OPEL Combo Life 1.5 TD SS Elegance L,19.990 €,2023,23.000 km,Diesel,102 cv,Sta. C. Tenerife,2026-05-07 12:22:40,C,https://www.coches.net/opel-combo-life-15-td-75kw-100cv-ss-elegance-l-5p-diesel-2022-en-sta-c-tenerife-62613634-covo.aspx
RENAULT,RENAULT Clio Zen TCe,12.990 €,2021,45.000 km,Gasolina,100 cv,Sta. C. Tenerife,2026-05-07 12:22:40,C,https://www.coches.net/renault-clio-zen-tce-74-kw-100cv-5p-gasolina-2019-en-sta-c-tenerife-62613636-covo.aspx
VOLKSWAGEN,VOLKSWAGEN Taigo Life 1.0 TSI,16.490 €,2023,46.500 km,Gasolina,95 cv,Sta. C. Tenerife,2026-05-07 12:22:40,C,https://www.coches.net/volkswagen-taigo-life-10-tsi-70kw-95cv-5p-gasolina-2024-en-sta-c-tenerife-62613644-covo.aspx
MAZDA,MAZDA CX-30 eSKYACTIVG 2.0 2WD Zenith,21.990 €,2023,72.500 km,Híbrido,122 cv,Sta. C. Tenerife,2026-05-07 12:22:40,ECO,https://www.coches.net/mazda-cx-30-eskyactivg-20-90-kw-2wd-zenith-5p-electrico-hibrido-2021-en-sta-c-tenerife-62613647-covo.aspx
VOLKSWAGEN,VOLKSWAGEN T-Cross Life 1.0 TSI,15.990 €,2023,72.500 km,Gasolina,95 cv,Sta. C. Tenerife,2026-05-07 12:22:40,C,https://www.coches.net/volkswagen-t-cross-life-10-tsi-70kw-95cv-5p-gasolina-2024-en-sta-c-tenerife-62613665-covo.aspx
VOLKSWAGEN,VOLKSWAGEN Polo 1.8 GTI,8.990 €,2006,173.000 km,Gasolina,150 cv,A Coruña,2026-05-07 12:22:40,B,https://www.coches.net/volkswagen-polo-18-gti-150cv-3p-gasolina-2007-en-a-coruna-62643118-covo.aspx
VOLKSWAGEN,VOLKSWAGEN Golf Advance 1.6 TDI Variant,13.500 €,2019,189.000 km,Diesel,115 cv,A Coruña,2026-05-07 12:22:40,C,https://www.coches.net/volkswagen-golf-advance-16-tdi-85kw-115cv-variant-5p-diesel-2019-en-a-coruna-62652447-covo.aspx
OPEL,OPEL Corsa 1.2 XEL Edition,7.990 €,2021,149.500 km,Gasolina,75 cv,Castellón,2026-05-07 12:22:40,C,https://www.coches.net/opel-corsa-12-xel-55kw-75cv-edition-5p-gasolina-2021-en-castellon-62656713-covo.aspx
SKODA,SKODA Kamiq 1.0 TSI Ambition,17.990 €,2021,28.000 km,Gasolina,115 cv,Sta. C. Tenerife,2026-05-07 12:22:40,C,https://www.coches.net/skoda-kamiq-10-tsi-85kw-115cv-ambition-5p-gasolina-2021-en-sta-c-tenerife-70006343-covo.aspx
MERCEDES-BENZ,MERCEDES-BENZ Clase C C 200 CDI Blue Efficiency,13.490 €,2011,98.000 km,Diesel,136 cv,Castellón,2026-05-07 12:22:40,B,https://www.coches.net/mercedes-benz-clase-c-c-200-cdi-blue-efficiency-4p-diesel-2012-en-castellon-70019539-covo.aspx
VOLKSWAGEN,VOLKSWAGEN Golf Life 1.5 eTSI DSG,18.690 €,2020,121.380 km,Híbrido,150 cv,Madrid,2026-05-07 12:22:40,ECO,https://www.coches.net/volkswagen-golf-life-15-etsi-110kw-150cv-dsg-5p-electrico-hibrido-2020-en-madrid-70027143-covo.aspx
KIA,KIA e-Soul eSoul Emotion Long Range,25.990 €,2021,10.442 km,Eléctrico,204 cv,Sevilla,2026-05-07 12:22:40,CERO,https://www.coches.net/kia-e-soul-esoul-150kw-emotion-long-range-5p-electrico-hibrido-2022-en-sevilla-70034518-covo.aspx
JEEP,JEEP Grand Cherokee 3.0 V6 Diesel Overland 250 CV,23.900 €,2014,82.000 km,Diesel,250 cv,Barcelona,2026-05-07 12:22:40,B,https://www.coches.net/jeep-grand-cherokee-30-v6-diesel-overland-250-cv-5p-diesel-2015-en-barcelona-70056792-covo.aspx
LEXUS,LEXUS RX 450h Executive,73.900 €,2024,35.246 km,Híbrido enchufable,309 cv,Bizkaia,2026-05-07 12:22:40,CERO,https://www.coches.net/lexus-rx-450h-executive-5p-electrico-hibrido-2024-en-vizcaya-70066057-covo.aspx
SKODA,SKODA Kamiq 1.0 TSI Active,15.390 €,2020,64.460 km,Gasolina,115 cv,Madrid,2026-05-07 12:22:40,C,https://www.coches.net/skoda-kamiq-10-tsi-85kw-115cv-active-5p-gasolina-2021-en-madrid-70070063-covo.aspx
PEUGEOT,PEUGEOT 208 PureTech Like,11.340 €,2022,52.360 km,Gasolina,75 cv,Madrid,2026-05-07 12:22:40,UNKNOWN,https://www.coches.net/peugeot-208-puretech-55kw-75cv-like-5p-gasolina-2021-en-madrid-70070084-covo.aspx
BMW,BMW X3 xDrive20d,33.990 €,2020,102.000 km,Diesel,190 cv,Albacete,2026-05-07 12:22:40,C,https://www.coches.net/bmw-x3-xdrive20d-5p-diesel-2020-en-albacete-70071105-covo.aspx
SEAT,SEAT León 1.0 TSI SS Style 25 Aniversario,18.900 €,2025,23.800 km,Gasolina,110 cv,Gipuzkoa,2026-05-07 12:22:40,C,https://www.coches.net/seat-leon-10-tsi-81kw-ss-style-25-aniversario-5p-gasolina-2024-en-guipuzcoa-70074049-covo.aspx
SKODA,SKODA Karoq 1.5 TSI ACT Ambition,22.000 €,2022,60.650 km,Gasolina,150 cv,Gipuzkoa,2026-05-07 12:22:40,C,https://www.coches.net/skoda-karoq-15-tsi-110kw-150cv-act-ambition-5p-gasolina-2022-en-guipuzcoa-70074873-covo.aspx
VOLVO,VOLVO XC40 1.5 T4 Recharge PHEV Core Auto,27.900 €,2022,33.000 km,Híbrido enchufable,211 cv,Madrid,2026-05-07 12:22:40,CERO,https://www.coches.net/volvo-xc40-15-t4-recharge-phev-core-auto-5p-electrico-hibrido-2023-en-madrid-70075124-covo.aspx
JEEP,JEEP Wrangler 2.5 HARD TOP,18.990 €,1999,94.000 km,Gasolina,118 cv,Barcelona,2026-05-07 12:22:40,UNKNOWN,https://www.coches.net/jeep-wrangler-25-hard-top-3p-gasolina-1999-en-barcelona-70086373-covo.aspx
MERCEDES-BENZ,MERCEDES-BENZ GLA GLA 180,31.800 €,2022,100.200 km,Gasolina,136 cv,Alicante,2026-05-07 12:22:40,C,https://www.coches.net/mercedes-benz-gla-gla-180-5p-gasolina-2020-en-alicante-70151658-covo.aspx
SEAT,SEAT León SP 2.0 TDI DSG SS FR XXL,32.200 €,2026,10 km,Diesel,150 cv,Burgos,2026-05-07 12:22:40,C,https://www.coches.net/km-0/seat/leon/burgos/sp-20-tdi-110kw-dsg-ss-fr-xxl-diesel-de-km0-70158867-kovn.aspx
PEUGEOT,PEUGEOT 5008 GTLine 1.2L PureTech SS,16.900 €,2019,126.969 km,Gasolina,130 cv,Madrid,2026-05-07 12:22:40,C,https://www.coches.net/peugeot-5008-gtline-12l-puretech-96kw-130cv-ss-5p-gasolina-2019-en-madrid-70163512-covo.aspx
CITROEN,CITROEN C3 Aircross Turbo BVM6 YOU,17.990 €,2025,26.362 km,Gasolina,100 cv,Madrid,2026-05-07 12:22:40,C,https://www.coches.net/citroen-c3-aircross-turbo-73kw-100cv-bvm6-you-5p-gasolina-2024-en-madrid-70163686-covo.aspx
FIAT,FIAT Grande Panda La Prima MHEV,21.990 €,2025,3800 km,Híbrido,110 cv,Madrid,2026-05-07 12:22:40,ECO,https://www.coches.net/fiat-grande-panda-la-prima-mhev-81kw-110cv-5p-electrico-hibrido-2025-en-madrid-70164059-covo.aspx
OPEL,OPEL Corsa 1.2T XHL Elegance Auto,10.490 €,2021,114.113 km,Gasolina,100 cv,Castellón,2026-05-07 12:22:40,C,https://www.coches.net/opel-corsa-12t-xhl-74kw-100cv-elegance-auto-5p-gasolina-2022-en-castellon-70165178-covo.aspx
HYUNDAI,HYUNDAI Kona 1.0 TGDI Klass 4X2,13.250 €,2022,90.303 km,Gasolina,120 cv,Castellón,2026-05-07 12:22:40,C,https://www.coches.net/hyundai-kona-10-tgdi-klass-4x2-5p-gasolina-2023-en-castellon-70165179-covo.aspx
SKODA,SKODA Fabia 1.0 TSI DSG Monte Carlo,24.900 €,2026,50 km,Gasolina,115 cv,Gipuzkoa,2026-05-07 12:22:40,C,https://www.coches.net/skoda-fabia-10-tsi-85kw-115cv-dsg-monte-carlo-5p-gasolina-2026-en-guipuzcoa-70168828-covo.aspx
SEAT,SEAT León 1.5 TSI SS Style EVO Edition,22.900 €,2026,50 km,Gasolina,116 cv,Gipuzkoa,2026-05-07 12:22:40,C,https://www.coches.net/seat-leon-15-tsi-85kw-ss-style-evo-edition-5p-gasolina-2026-en-guipuzcoa-70171075-covo.aspx
KIA,KIA Ceed 1.0 TGDi Drive,16.590 €,2022,59.838 km,Gasolina,120 cv,Madrid,2026-05-07 12:22:40,C,https://www.coches.net/kia-ceed-10-tgdi-88kw-120cv-drive-5p-gasolina-2023-en-madrid-70180094-covo.aspx
FORD,FORD Focus 1.0 Ecoboost MHEV Trend,17.020 €,2021,40.223 km,Híbrido,125 cv,Madrid,2026-05-07 12:22:40,ECO,https://www.coches.net/ford-focus-10-ecoboost-mhev-92kw-trend-5p-electrico-hibrido-2022-en-madrid-70180110-covo.aspx
FORD,FORD S-MAX 2.0 TDCi Titanium,6.590 €,2007,299.601 km,Diesel,140 cv,Madrid,2026-05-07 12:22:40,B,https://www.coches.net/ford-s-max-20-tdci-titanium-5p-diesel-2007-en-madrid-70180131-covo.aspx
SEAT,SEAT León SP 1.5 eTSI DSG Style Spec Edition,23.900 €,2025,17.700 km,Híbrido,150 cv,Gipuzkoa,2026-05-07 12:22:40,CERO,https://www.coches.net/seat-leon-sp-15-etsi-110kw-dsg-style-spec-edition-5p-electrico-hibrido-2025-en-guipuzcoa-70181006-covo.aspx
LAND-ROVER,LAND-ROVER Range Rover Sport 3.0D I6 MHEV HSE AWD Auto.,41.900 €,2021,158.000 km,Híbrido,249 cv,Murcia,2026-05-07 12:22:40,ECO,https://www.coches.net/land-rover-range-rover-sport-30d-i6-183kw-249cv-mhev-hse-awd-auto-5p-electrico-hibrido-2022-en-murcia-70183289-covo.aspx
LAND-ROVER,LAND-ROVER Range Rover Sport 3.0 I6 PHEV 460 PS AWD Auto Dynamic SE,99.900 €,2025,15.851 km,Híbrido enchufable,460 cv,Madrid,2026-05-07 12:22:40,CERO,https://www.coches.net/land-rover-range-rover-sport-30-i6-phev-460-ps-awd-auto-dynamic-se-5p-electrico-hibrido-2025-en-madrid-70190241-covo.aspx
BMW,BMW Serie 4 430i xDrive Gran Coupe,31.700 €,2019,129.000 km,Gasolina,252 cv,Murcia,2026-05-07 12:22:40,C,https://www.coches.net/bmw-serie-4-430i-xdrive-gran-coupe-5p-gasolina-2019-en-murcia-70192018-covo.aspx
SEAT,SEAT Ateca 1.0 TSI FR Special Edition,27.900 €,2026,50 km,Gasolina,115 cv,Gipuzkoa,2026-05-07 12:22:40,C,https://www.coches.net/seat-ateca-10-tsi-85kw-115cv-fr-special-edition-5p-gasolina-2026-en-guipuzcoa-70197376-covo.aspx
VOLKSWAGEN,VOLKSWAGEN Golf Advance 1.5 TSI EVO,15.990 €,2018,152.356 km,Gasolina,150 cv,Valencia,2026-05-07 12:22:40,C,https://www.coches.net/volkswagen-golf-advance-15-tsi-evo-110kw-150cv-5p-gasolina-2018-en-valencia-70211140-covo.aspx
AUDI,AUDI A6 Avant 4.0 TFSI quattro S tronic S6,27.900 €,2013,186.500 km,Gasolina,420 cv,Murcia,2026-05-07 12:22:40,C,https://www.coches.net/audi-a6-avant-40-tfsi-420cv-quattro-s-tronic-s6-5p-gasolina-2014-en-murcia-70211911-covo.aspx
MERCEDES-BENZ,MERCEDES-BENZ Clase B B 250 e,47.150 €,2025,15 km,Híbrido enchufable,218 cv,Gipuzkoa,2026-05-07 12:22:40,CERO,https://www.coches.net/km-0/mercedes-benz/clase-b/guipuzcoa/b-250-e-electrico-hibrido-de-km0-70220466-kovn.aspx
MERCEDES-BENZ,MERCEDES-BENZ EQB EQB 250,44.900 €,2025,15 km,Eléctrico,190 cv,Gipuzkoa,2026-05-07 12:22:40,CERO,https://www.coches.net/km-0/mercedes-benz/eqb/guipuzcoa/eqb-250-electrico-hibrido-de-km0-70221729-kovn.aspx
AUDI,AUDI Q3 35 TDI S tronic,27.990 €,2021,158.722 km,Diesel,150 cv,Albacete,2026-05-07 12:22:40,C,https://www.coches.net/audi-q3-35-tdi-110kw-150cv-s-tronic-5p-diesel-2021-en-albacete-70224340-covo.aspx
KIA,KIA Rio 1.1 CRDi WGT Concept,8.490 €,2015,140.000 km,Diesel,75 cv,Madrid,2026-05-07 12:22:40,B,https://www.coches.net/kia-rio-11-crdi-wgt-75cv-concept-5p-diesel-2015-en-madrid-70224474-covo.aspx
DS,DS DS 7 Crossback E-Tense 1.6 ETense 225 PERFORMANCE LINE Auto,21.840 €,2021,93.704 km,Híbrido enchufable,225 cv,Madrid,2026-05-07 12:22:40,UNKNOWN,https://www.coches.net/ds-ds-7-crossback-e-tense-16-etense-225-performance-line--auto-5p-electrico-hibrido-2021-en-madrid-70224475-covo.aspx
SKODA,SKODA Kamiq 1.0 TSI Ambition,16.490 €,2020,95.694 km,Gasolina,115 cv,Madrid,2026-05-07 12:22:40,C,https://www.coches.net/skoda-kamiq-10-tsi-85kw-115cv-ambition-5p-gasolina-2020-en-madrid-70224480-covo.aspx
AUDI,AUDI A1 Sportback Adrenalin 30 TFSI,16.590 €,2021,134.593 km,Gasolina,110 cv,Madrid,2026-05-07 12:22:40,C,https://www.coches.net/audi-a1-sportback-adrenalin-30-tfsi-81kw-110cv-5p-gasolina-2022-en-madrid-70224484-covo.aspx
JEEP,JEEP Compass eHybrid 1.5 MHEV Night Eagle Dct,22.390 €,2023,49.307 km,Híbrido,130 cv,Madrid,2026-05-07 12:22:40,ECO,https://www.coches.net/jeep-compass-ehybrid-15-mhev-96kw-night-eagle-dct-5p-electrico-hibrido-2023-en-madrid-70224485-covo.aspx
DS,DS DS 7 Crossback BlueHDi DE Auto. CHIC,18.890 €,2021,98.163 km,Diesel,130 cv,Madrid,2026-05-07 12:22:40,C,https://www.coches.net/ds-ds-7-crossback-bluehdi-de-96kw-130cv-auto-chic-5p-diesel-2021-en-madrid-70224486-covo.aspx
HYUNDAI,HYUNDAI Tucson 1.6 CRDI Maxx,22.990 €,2023,64.344 km,Diesel,115 cv,Madrid,2026-05-07 12:22:40,C,https://www.coches.net/hyundai-tucson-16-crdi-85kw-115cv-maxx-5p-diesel-2023-en-madrid-70224490-covo.aspx
SEAT,SEAT León ST 2.0 TSI DSG7 SS Cupra,27.070 €,2020,67.122 km,Gasolina,290 cv,Madrid,2026-05-07 12:22:40,C,https://www.coches.net/seat-leon-st-20-tsi-213kw-290cv-dsg7-ss-cupra-5p-gasolina-2020-en-madrid-70224527-covo.aspx
KIA,KIA XCeed 1.6 GDi PHEV eDrive,26.140 €,2023,17.182 km,Híbrido enchufable,141 cv,Sevilla,2026-05-07 12:22:40,CERO,https://www.coches.net/kia-xceed-16-gdi-phev-104kw-141cv-edrive-5p-electrico-hibrido-2023-en-sevilla-70227778-covo.aspx
VOLKSWAGEN,VOLKSWAGEN Taigo Life 1.0 TSI,19.990 €,2023,11.479 km,Gasolina,95 cv,Madrid,2026-05-07 12:22:40,C,https://www.coches.net/volkswagen-taigo-life-10-tsi-70kw-95cv-5p-gasolina-2023-en-madrid-70228971-covo.aspx
PEUGEOT,PEUGEOT 308 Allure Hybrid 180 eEAT8,24.990 €,2023,50.000 km,Híbrido enchufable,180 cv,Ciudad Real,2026-05-07 12:22:40,ECO,https://www.coches.net/peugeot-308-5p-allure-hybrid-180-eeat8-5p-electrico-hibrido-2023-en-ciudad-real-70229536-covo.aspx
SEAT,SEAT Ateca 1.5 TSI FR Special Edition,31.700 €,2026,10 km,Gasolina,150 cv,Burgos,2026-05-07 12:22:40,C,https://www.coches.net/km-0/seat/ateca/burgos/15-tsi-110kw-150cv-fr-special-edition-gasolina-de-km0-70233660-kovn.aspx
BMW,BMW Serie 1 116d,22.490 €,2022,33.594 km,Diesel,116 cv,Madrid,2026-05-07 12:22:40,C,https://www.coches.net/bmw-serie-1-116d-5p-diesel-2023-en-madrid-70235125-covo.aspx
SUBARU,SUBARU XV 2.0i Hybrid CVT Executive Plus,22.990 €,2023,86.675 km,Híbrido,150 cv,Madrid,2026-05-07 12:22:40,ECO,https://www.coches.net/subaru-xv-20i-hybrid-cvt-executive-plus-5p-electrico-hibrido-2022-en-madrid-70238503-covo.aspx
BMW,BMW X5 xDrive30d,27.990 €,2014,199.932 km,Diesel,258 cv,Madrid,2026-05-07 12:22:40,C,https://www.coches.net/bmw-x5-xdrive30d-5p-diesel-2014-en-madrid-70251538-covo.aspx
FIAT,FIAT 500 Dolcevita 1.0 Hybrid 70 CV,9.400 €,2022,75.000 km,Híbrido,70 cv,Madrid,2026-05-07 12:22:40,ECO,https://www.coches.net/fiat-500-dolcevita-10-hybrid-51kw-70-cv-3p-electrico-hibrido-2022-en-madrid-70252274-covo.aspx
LEXUS,LEXUS UX 300e Business,22.000 €,2021,80.634 km,Eléctrico,204 cv,Bizkaia,2026-05-07 12:22:40,CERO,https://www.coches.net/lexus-ux-300e-business-5p-electrico-hibrido-2021-en-vizcaya-70253802-covo.aspx
PEUGEOT,PEUGEOT 2008 Allure Gasolina 100 SS 6 Vel. MAN,19.990 €,2025,7029 km,Gasolina,100 cv,Madrid,2026-05-07 12:22:40,C,https://www.coches.net/peugeot-2008-allure-gasolina-100-ss-6-vel-man-5p-gasolina-2025-en-madrid-70254012-covo.aspx
TOYOTA,TOYOTA Yaris 1.5 110 Active,13.890 €,2020,82.260 km,Gasolina,111 cv,Madrid,2026-05-07 12:22:40,C,https://www.coches.net/toyota-yaris-15-110-active-5p-gasolina-2019-en-madrid-70254013-covo.aspx
PEUGEOT,PEUGEOT 2008 Allure Gasolina 100 SS 6 Vel. MAN,19.480 €,2025,9715 km,Gasolina,100 cv,Madrid,2026-05-07 12:22:40,C,https://www.coches.net/peugeot-2008-allure-gasolina-100-ss-6-vel-man-5p-gasolina-2025-en-madrid-70255095-covo.aspx
OPEL,OPEL Crossland X 1.2 Opel 2020,11.490 €,2020,40.425 km,Gasolina,110 cv,Madrid,2026-05-07 12:22:40,C,https://www.coches.net/opel-crossland-x-12-81kw-110cv-opel-2020-5p-gasolina-2020-en-madrid-70255098-covo.aspx
RENAULT,RENAULT Talisman Intens Energy TCe EDC,14.890 €,2017,102.046 km,Gasolina,150 cv,Madrid,2026-05-07 12:22:40,UNKNOWN,https://www.coches.net/renault-talisman-intens-energy-tce-110kw-150cv-edc-4p-gasolina-2015-en-madrid-70255116-covo.aspx
FORD,FORD Kuga Titanium 1.5T EcoBoost,24.490 €,2025,33.538 km,Gasolina,150 cv,Madrid,2026-05-07 12:22:40,C,https://www.coches.net/ford-kuga-titanium-15t-ecoboost-110kw-150cv-5p-gasolina-2025-en-madrid-70255117-covo.aspx
VOLVO,VOLVO V60 Cross Country 2.0 B4 D AWD Cross Country AUTO,27.590 €,2021,100.627 km,Híbrido,197 cv,Madrid,2026-05-07 12:22:40,ECO,https://www.coches.net/volvo-v60-cross-country-20-b4-d-awd-cross-country-auto-5p-electrico-hibrido-2022-en-madrid-70255121-covo.aspx
MINI,MINI MINI COOPER 5 PUERTAS,23.990 €,2023,67.773 km,Gasolina,136 cv,Madrid,2026-05-07 12:22:40,C,https://www.coches.net/mini-mini-cooper-5-puertas-5p-gasolina-2023-en-madrid-70255124-covo.aspx
SEAT,SEAT Ibiza 1.0 TSI FR XS,18.990 €,2024,14.419 km,Gasolina,115 cv,Madrid,2026-05-07 12:22:40,C,https://www.coches.net/seat-ibiza-10-tsi-85kw-115cv-fr-xs-5p-gasolina-2025-en-madrid-70255125-covo.aspx
CUPRA,CUPRA León 1.5 eTSI DSG,26.990 €,2024,25.902 km,Híbrido,150 cv,Madrid,2026-05-07 12:22:40,ECO,https://www.coches.net/cupra-leon-15-etsi-110kw-150cv-dsg-5p-electrico-hibrido-2025-en-madrid-70255126-covo.aspx
VOLKSWAGEN,VOLKSWAGEN Golf Life 1.0 eTSI DSG,18.790 €,2021,92.431 km,Híbrido,110 cv,Madrid,2026-05-07 12:22:40,ECO,https://www.coches.net/volkswagen-golf-life-10-etsi-81kw-110cv-dsg-5p-electrico-hibrido-2022-en-madrid-70255128-covo.aspx
MG,MG ZS 1.0T Luxury Auto,18.490 €,2024,17.086 km,Gasolina,111 cv,Madrid,2026-05-07 12:22:40,C,https://www.coches.net/mg-zs-10t-luxury-auto-5p-gasolina-2023-en-madrid-70255130-covo.aspx
RENAULT,RENAULT Grand Scénic Zen TCe GPF,17.900 €,2020,102.848 km,Gasolina,140 cv,Madrid,2026-05-07 12:22:40,UNKNOWN,https://www.coches.net/renault-grand-scenic-zen-tce-103-kw-140cv-gpf-5p-gasolina-2020-en-madrid-70255131-covo.aspx
PEUGEOT,PEUGEOT 3008 1.2 PURETECH ACTIVE SS,12.489 €,2018,60.528 km,Gasolina,130 cv,Madrid,2026-05-07 12:22:40,C,https://www.coches.net/peugeot-3008-12-puretech-96kw-130cv-active-ss-5p-gasolina-2018-en-madrid-70255132-covo.aspx
SKODA,SKODA Octavia 1.4 TSI 150kW204CV DSG PHEV Style,24.440 €,2022,51.393 km,Híbrido enchufable,204 cv,Madrid,2026-05-07 12:22:40,UNKNOWN,https://www.coches.net/skoda-octavia-14-tsi-150kw204cv-dsg-phev-style-5p-electrico-hibrido-2022-en-madrid-70255133-covo.aspx
RENAULT,RENAULT Scénic Zen Energy TCe,11.900 €,2016,79.146 km,Gasolina,130 cv,Madrid,2026-05-07 12:22:40,C,https://www.coches.net/renault-scenic-zen-energy-tce-97kw-130cv-5p-gasolina-2016-en-madrid-70255138-covo.aspx
KIA,KIA Sportage 1.7 CRDi VGT GT Line DCT 4x2 EcoDynam,16.240 €,2018,146.058 km,Diesel,141 cv,Madrid,2026-05-07 12:22:40,UNKNOWN,https://www.coches.net/kia-sportage-17-crdi-vgt-gt-line-dct-4x2-ecodynam-5p-diesel-2017-en-madrid-70255139-covo.aspx
ALFA,ALFA ROMEO Stelvio 2.2 Diesel Sprint RWD,21.390 €,2021,120.656 km,Diesel,190 cv,Madrid,2026-05-07 12:22:40,C,https://www.coches.net/alfa-romeo-stelvio-22-diesel-140kw-190cv-sprint-rwd-5p-diesel-2021-en-madrid-70255144-covo.aspx
VOLKSWAGEN,VOLKSWAGEN Tiguan Life 1.4 TSI eHybrid DSG,25.440 €,2021,92.952 km,Híbrido enchufable,245 cv,Madrid,2026-05-07 12:22:40,C,https://www.coches.net/volkswagen-tiguan-life-14-tsi-ehybrid-180kw-245cv-dsg-5p-electrico-hibrido-2021-en-madrid-70255157-covo.aspx
NISSAN,NISSAN Micra IGT 100 CV E6D Acenta,11.790 €,2019,90.498 km,Gasolina,100 cv,Madrid,2026-05-07 12:22:40,C,https://www.coches.net/nissan-micra-igt-74-kw-100-cv-e6d-acenta-5p-gasolina-2019-en-madrid-70255266-covo.aspx
KIA,KIA Sportage 1.6 TGDi MHEV Tech 4x4 DCT,24.890 €,2022,90.352 km,Híbrido,180 cv,Madrid,2026-05-07 12:22:40,ECO,https://www.coches.net/kia-sportage-16-tgdi-mhev-180cv-tech-4x4-dct-5p-electrico-hibrido-2022-en-madrid-70255310-covo.aspx
NISSAN,NISSAN Primera 1.8 Acenta,3.290 €,2005,195.602 km,Gasolina,116 cv,Madrid,2026-05-07 12:22:40,B,https://www.coches.net/nissan-primera-18-acenta-5p-gasolina-2005-en-madrid-70255313-covo.aspx
PEUGEOT,PEUGEOT 208 PureTech Style,9.990 €,2021,99.504 km,Gasolina,100 cv,Madrid,2026-05-07 12:22:40,C,https://www.coches.net/peugeot-208-puretech-74kw-100cv-style-5p-gasolina-2021-en-madrid-70255355-covo.aspx
AUDI,AUDI A4 2.0 TDI S line edition,13.500 €,2014,200.000 km,Diesel,150 cv,A Coruña,2026-05-07 12:22:40,B,https://www.coches.net/audi-a4-20-tdi-150cv-s-line-edition-4p-diesel-2015-en-a-coruna-70255650-covo.aspx
VOLKSWAGEN,VOLKSWAGEN Passat Variant 2.0 TDI Highline Bmot Tech,7.990 €,2012,230.000 km,Diesel,140 cv,Zamora,2026-05-07 12:22:40,B,https://www.coches.net/volkswagen-passat-variant-20-tdi-140cv-highline-bmot-tech-5p-diesel-2014-en-zamora-70257868-covo.aspx
CITROEN,CITROEN C3 Aircross PureTech SS EAT6 SHINE,8.990 €,2018,149.000 km,Gasolina,110 cv,A Coruña,2026-05-07 12:22:40,C,https://www.coches.net/citroen-c3-aircross-puretech-81kw-110cv-ss-eat6-shine-5p-gasolina-2017-en-a-coruna-70258686-covo.aspx
BMW,BMW X1 sDrive18d,17.990 €,2015,183.000 km,Diesel,150 cv,Alicante,2026-05-07 12:22:40,C,https://www.coches.net/bmw-x1-sdrive18d-5p-diesel-2016-en-alicante-70259837-covo.aspx
PEUGEOT,PEUGEOT 2008 Allure Pack Puretech 130 SS BVM6,12.290 €,2021,92.430 km,Gasolina,130 cv,Castellón,2026-05-07 12:22:40,C,https://www.coches.net/peugeot-2008-allure-pack-puretech-130-ss-bvm6-5p-gasolina-2021-en-castellon-70263973-covo.aspx
SKODA,SKODA Kodiaq 1.5 TSI DSG mHEV Selection,33.900 €,2025,11.534 km,Híbrido,150 cv,Gipuzkoa,2026-05-07 12:22:40,ECO,https://www.coches.net/skoda-kodiaq-15-tsi-110kw-dsg-mhev-selection-5p-electrico-hibrido-2025-en-guipuzcoa-70270806-covo.aspx
OPEL,OPEL Mokka 1.2 T 136 CV GS,14.700 €,2023,67.146 km,Gasolina,136 cv,Valencia,2026-05-07 12:22:40,C,https://www.coches.net/opel-mokka-12-t-100kw-136-cv-gs-5p-gasolina-2023-en-valencia-70272231-covo.aspx
PEUGEOT,PEUGEOT 5008 1.5 BlueHDi SS GT EAT8,19.990 €,2020,92.844 km,Diesel,130 cv,Madrid,2026-05-07 12:22:40,C,https://www.coches.net/peugeot-5008-15-bluehdi-96kw-ss-gt-eat8-5p-diesel-2020-en-madrid-70275229-covo.aspx
JAGUAR,JAGUAR XF 2.0D Prestige,14.490 €,2016,133.943 km,Diesel,163 cv,Madrid,2026-05-07 12:22:40,C,https://www.coches.net/jaguar-xf-20d-120kw-163cv-prestige-4p-diesel-2017-en-madrid-70281248-covo.aspx
PEUGEOT,PEUGEOT 3008 1.5 BlueHDi SS Allure,18.480 €,2022,80.547 km,Diesel,130 cv,Madrid,2026-05-07 12:22:40,C,https://www.coches.net/peugeot-3008-15-bluehdi-96kw-130cv-ss-allure-5p-diesel-2022-en-madrid-70281249-covo.aspx
DACIA,DACIA Duster Essent. Blue dCi 4X2,15.290 €,2020,52.679 km,Diesel,95 cv,Madrid,2026-05-07 12:22:40,C,https://www.coches.net/dacia-duster-essent-blue-dci-70kw-95cv-4x2-5p-diesel-2019-en-madrid-70281252-covo.aspx
LAND-ROVER,LAND-ROVER Range Rover Evoque 2.0 D163 AUTO 4WD MHEV,26.590 €,2021,110.258 km,Híbrido,163 cv,Madrid,2026-05-07 12:22:40,ECO,https://www.coches.net/land-rover-range-rover-evoque-20-d163-auto-4wd-mhev-5p-electrico-hibrido-2022-en-madrid-70281254-covo.aspx
OPEL,OPEL Grandland X 1.2 Turbo Edition,15.490 €,2021,39.772 km,Gasolina,130 cv,Madrid,2026-05-07 12:22:40,C,https://www.coches.net/opel-grandland-x-12-turbo-edition-5p-gasolina-2021-en-madrid-70281258-covo.aspx
CITROEN,CITROEN C3 PureTech Max,13.790 €,2024,19.676 km,Gasolina,110 cv,Madrid,2026-05-07 12:22:40,C,https://www.coches.net/citroen-c3-puretech-81kw-110cv-max-5p-gasolina-2023-en-madrid-70281259-covo.aspx
FORD,FORD Focus 1.5 Ecoblue Trend,15.450 €,2022,81.563 km,Diesel,120 cv,Madrid,2026-05-07 12:22:40,C,https://www.coches.net/ford-focus-15-ecoblue-88kw-trend-5p-diesel-2022-en-madrid-70281260-covo.aspx
OPEL,OPEL Crossland 1.2 Edition,11.290 €,2021,71.465 km,Gasolina,110 cv,Madrid,2026-05-07 12:22:40,C,https://www.coches.net/opel-crossland-12-81kw-110cv-edition-5p-gasolina-2022-en-madrid-70281261-covo.aspx
FORD,FORD Focus 1.5 Ecoblue Trend,16.450 €,2022,62.444 km,Diesel,120 cv,Madrid,2026-05-07 12:22:40,C,https://www.coches.net/ford-focus-15-ecoblue-88kw-trend-5p-diesel-2022-en-madrid-70281262-covo.aspx
CITROEN,CITROEN Grand C4 Picasso 1.6 HDi CMP SX,4.290 €,2007,180.088 km,Diesel,110 cv,Madrid,2026-05-07 12:22:40,B,https://www.coches.net/citroen-grand-c4-picasso-16-hdi-cmp-sx-5p-diesel-2006-en-madrid-70281263-covo.aspx
FORD,FORD Focus 1.5 Ecoblue Trend,15.100 €,2022,94.768 km,Diesel,120 cv,Madrid,2026-05-07 12:22:40,C,https://www.coches.net/ford-focus-15-ecoblue-88kw-trend-5p-diesel-2022-en-madrid-70281266-covo.aspx
OPEL,OPEL Corsa 1.2 Essentia,5.890 €,2011,120.997 km,Gasolina,85 cv,Madrid,2026-05-07 12:22:40,C,https://www.coches.net/opel-corsa-12-essentia-3p-gasolina-2011-en-madrid-70281267-covo.aspx
SKODA,SKODA Octavia Combi 1.0 TSI 81kW110CV DSG mHEV Ambi.,21.200 €,2022,81.569 km,Híbrido,110 cv,Gipuzkoa,2026-05-07 12:22:40,ECO,https://www.coches.net/skoda-octavia-combi-10-tsi-81kw110cv-dsg-mhev-ambi-5p-electrico-hibrido-2023-en-guipuzcoa-70290115-covo.aspx
SKODA,SKODA Kodiaq 2.0 TDI DSG 4x2 Clever,23.500 €,2021,122.158 km,Diesel,150 cv,Gipuzkoa,2026-05-07 12:22:40,C,https://www.coches.net/skoda-kodiaq-20-tdi-110kw-dsg-4x2-clever-5p-diesel-2021-en-guipuzcoa-70290355-covo.aspx
MERCEDES-BENZ,MERCEDES-BENZ Clase C C 200 d,22.490 €,2018,187.000 km,Diesel,136 cv,Alicante,2026-05-07 12:22:40,C,https://www.coches.net/mercedes-benz-clase-c-c-200-d-4p-diesel-2018-en-alicante-70301606-covo.aspx
BMW,BMW Serie 1 118d,30.990 €,2025,28.894 km,Diesel,150 cv,Madrid,2026-05-07 12:22:40,C,https://www.coches.net/bmw-serie-1-118d-5p-diesel-2025-en-madrid-70308104-covo.aspx
LAND-ROVER,LAND-ROVER Defender 3.0D I6 250 SE 110 Auto 4WD MHEV,69.990 €,2023,52.982 km,Híbrido,249 cv,Madrid,2026-05-07 12:22:40,ECO,https://www.coches.net/land-rover-defender-30d-i6-250-se-110-auto-4wd-mhev-5p-electrico-hibrido-2023-en-madrid-70308541-covo.aspx
PORSCHE,PORSCHE Cayenne Diesel Platinum Edition,38.990 €,2017,104.828 km,Diesel,262 cv,Madrid,2026-05-07 12:22:40,C,https://www.coches.net/porsche-cayenne-diesel-platinum-edition-5p-diesel-2018-en-madrid-70312608-covo.aspx
VOLKSWAGEN,VOLKSWAGEN Polo Advance 1.0 TSI DSG,13.990 €,2021,70.201 km,Gasolina,95 cv,Castellón,2026-05-07 12:22:40,C,https://www.coches.net/volkswagen-polo-advance-10-tsi-70kw-95cv-dsg-5p-gasolina-2021-en-castellon-70315519-covo.aspx
BMW,BMW X4 xDrive20d,27.990 €,2019,214.000 km,Diesel,190 cv,Asturias,2026-05-07 12:22:40,C,https://www.coches.net/bmw-x4-xdrive20d-5p-diesel-2020-en-asturias-70317505-covo.aspx
LAND-ROVER,LAND-ROVER Range Rover Sport 3.0 I6 PHEV 460 PS AWD Auto S,95.900 €,2025,10.759 km,Híbrido enchufable,460 cv,Madrid,2026-05-07 12:22:40,CERO,https://www.coches.net/land-rover-range-rover-sport-30-i6-phev-460-ps-awd-auto-s-5p-electrico-hibrido-2025-en-madrid-70324986-covo.aspx
LAND-ROVER,LAND-ROVER Discovery 3.0D I6 350 PS AWD Auto MHEV Dynamic SE,93.900 €,2025,15.930 km,Híbrido,350 cv,Madrid,2026-05-07 12:22:40,ECO,https://www.coches.net/land-rover-discovery-30d-i6-350-ps-awd-auto-mhev-dynamic-se-5p-electrico-hibrido-2026-en-madrid-70325624-covo.aspx
MAZDA,MAZDA CX-60 eSkyactiv PHEV Takumi,38.990 €,2023,59.953 km,Híbrido enchufable,327 cv,Madrid,2026-05-07 12:22:40,CERO,https://www.coches.net/mazda-cx-60-eskyactiv-phev-takumi-5p-electrico-hibrido-2022-en-madrid-70327632-covo.aspx
LAND-ROVER,LAND-ROVER Range Rover Sport 3.0 I6 PHEV 460 PS AWD Auto Dynamic SE,104.900 €,2025,15.356 km,Híbrido enchufable,460 cv,Madrid,2026-05-07 12:22:40,CERO,https://www.coches.net/land-rover-range-rover-sport-30-i6-phev-460-ps-awd-auto-dynamic-se-5p-electrico-hibrido-2025-en-madrid-70328946-covo.aspx
SMART,SMART fortwo 60kW81CV EQ coupe,17.990 €,2023,12.020 km,Eléctrico,82 cv,Jaén,2026-05-07 12:22:40,CERO,https://www.coches.net/smart-fortwo-60kw81cv-eq-coupe-3p-electrico-hibrido-2023-en-jaen-70347496-covo.aspx
FIAT,FIAT 500 Dolcevita 1.0 Hybrid 70 CV,9.990 €,2021,72.040 km,Híbrido,70 cv,Madrid,2026-05-07 12:22:40,ECO,https://www.coches.net/fiat-500-dolcevita-10-hybrid-52kw-70-cv-3p-electrico-hibrido-2020-en-madrid-70347752-covo.aspx
PEUGEOT,PEUGEOT 208 PureTech Active,11.490 €,2020,47.988 km,Gasolina,75 cv,Madrid,2026-05-07 12:22:40,C,https://www.coches.net/peugeot-208-puretech-55kw-75cv-active-5p-gasolina-2020-en-madrid-70347766-covo.aspx
FORD,FORD Mondeo 2.0 Hibrido 138kW187CV Titanium HEV AT,15.990 €,2019,117.180 km,Híbrido,187 cv,Madrid,2026-05-07 12:22:40,ECO,https://www.coches.net/ford-mondeo-20-hibrido-138kw187cv-titanium-hev-at-4p-electrico-hibrido-2020-en-madrid-70347807-covo.aspx
HYUNDAI,HYUNDAI IONIQ 5 73KWH Energy AWD,27.990 €,2022,80.458 km,Eléctrico,306 cv,Madrid,2026-05-07 12:22:40,CERO,https://www.coches.net/hyundai-ioniq-5-73kwh-225kw-energy-awd-5p-electrico-hibrido-2021-en-madrid-70347845-covo.aspx
AUDI,AUDI A1 Sportback Adrenalin 30 TFSI S tron,21.490 €,2022,57.546 km,Gasolina,110 cv,Madrid,2026-05-07 12:22:40,C,https://www.coches.net/audi-a1-sportback-adrenalin-30-tfsi-81kw-s-tron-5p-gasolina-2023-en-madrid-70347894-covo.aspx
RENAULT,RENAULT Clio Serie limitada Limited TCe,13.490 €,2021,75.371 km,Gasolina,90 cv,Madrid,2026-05-07 12:22:40,C,https://www.coches.net/renault-clio-serie-limitada-limited-tce-67-kw-91cv-5p-gasolina-2021-en-madrid-70347929-covo.aspx
PORSCHE,PORSCHE Cayenne Coupé GTS,149.890 €,2024,14.000 km,Gasolina,500 cv,Pontevedra,2026-05-07 12:22:40,C,https://www.coches.net/porsche-cayenne-coupe-gts-5p-gasolina-2025-en-pontevedra-70351031-covo.aspx
MG,MG MG3 Hybrid+ Luxury,18.800 €,2025,15.097 km,Híbrido,195 cv,Valencia,2026-05-07 12:22:40,ECO,https://www.coches.net/mg-mg3-hybrid-luxury-5p-electrico-hibrido-2024-en-valencia-70353997-covo.aspx
MAZDA,MAZDA CX-30 eSKYACTIVG 2.0 2WD Homura,21.900 €,2022,71.497 km,Híbrido,150 cv,Valencia,2026-05-07 12:22:40,UNKNOWN,https://www.coches.net/mazda-cx-30-eskyactivg-20-110-kw-2wd-homura-5p-electrico-hibrido-2022-en-valencia-70354560-covo.aspx
PEUGEOT,PEUGEOT 3008 1.5 BlueHDi SS Allure EAT8,15.490 €,2020,103.593 km,Diesel,130 cv,Madrid,2026-05-07 12:22:40,C,https://www.coches.net/peugeot-3008-15-bluehdi-96kw-130cv-ss-allure-eat8-5p-diesel-2019-en-madrid-70354620-covo.aspx
SKODA,SKODA Karoq 2.0 TDI DSG 4X4 Ambition,23.490 €,2021,69.652 km,Diesel,150 cv,Madrid,2026-05-07 12:22:40,C,https://www.coches.net/skoda-karoq-20-tdi-110kw-150cv-dsg-4x4-ambition-5p-diesel-2021-en-madrid-70354645-covo.aspx
NISSAN,NISSAN QASHQAI dCi 115 CV E6D ACENTA,13.990 €,2021,154.905 km,Diesel,115 cv,Madrid,2026-05-07 12:22:40,C,https://www.coches.net/nissan-qashqai-dci-85-kw-115-cv-e6d-acenta-5p-diesel-2020-en-madrid-70354736-covo.aspx
NISSAN,NISSAN NOTE 1.2G Acenta,7.989 €,2014,135.090 km,Gasolina,80 cv,Madrid,2026-05-07 12:22:40,C,https://www.coches.net/nissan-note-5p-12g-80cv-acenta-5p-gasolina-2013-en-madrid-70354737-covo.aspx
VOLKSWAGEN,VOLKSWAGEN Arteon RLine 2.0 TDI DSG,17.990 €,2018,228.976 km,Diesel,150 cv,Madrid,2026-05-07 12:22:40,C,https://www.coches.net/volkswagen-arteon-rline-20-tdi-110kw-150cv-dsg-5p-diesel-2019-en-madrid-70354740-covo.aspx
RENAULT,RENAULT Mégane Sp. Tou. Bose EDC dCi 110 Euro 6,8.990 €,2016,186.237 km,Diesel,110 cv,Madrid,2026-05-07 12:22:40,C,https://www.coches.net/renault-megane-sp-tou-bose-edc-dci-110-euro-6-5p-diesel-2015-en-madrid-70354742-covo.aspx
VOLKSWAGEN,VOLKSWAGEN Passat 1.8 TSI DSG Highline,8.490 €,2009,181.169 km,Gasolina,160 cv,Madrid,2026-05-07 12:22:40,C,https://www.coches.net/volkswagen-passat-18-tsi-160cv-dsg-highline-4p-gasolina-2010-en-madrid-70354964-covo.aspx
VOLKSWAGEN,VOLKSWAGEN Passat Alltrack 2.0 TDI BMT 4Motion DSG,16.490 €,2015,183.500 km,Diesel,190 cv,Madrid,2026-05-07 12:22:40,C,https://www.coches.net/volkswagen-passat-alltrack-20-tdi-190cv-bmt-4motion-dsg-5p-diesel-2016-en-madrid-70355183-covo.aspx
RENAULT,RENAULT Captur Intens TCe GPF Micro Hibrido,12.990 €,2022,209.756 km,Híbrido,140 cv,Madrid,2026-05-07 12:22:40,ECO,https://www.coches.net/renault-captur-intens-tce-140cv-gpf-micro-hibrido-5p-electrico-hibrido-2021-en-madrid-70355184-covo.aspx
MERCEDES-BENZ,MERCEDES-BENZ Clase C C 220 d Estate,16.490 €,2018,215.007 km,Diesel,194 cv,Madrid,2026-05-07 12:22:40,C,https://www.coches.net/mercedes-benz-clase-c-c-220-d-estate-5p-diesel-2018-en-madrid-70355185-covo.aspx
SEAT,SEAT Ibiza 1.0 MPI Style,12.490 €,2019,64.632 km,Gasolina,80 cv,Madrid,2026-05-07 12:22:40,C,https://www.coches.net/seat-ibiza-10-mpi-59kw-80cv-style-5p-gasolina-2020-en-madrid-70355213-covo.aspx
BMW,BMW X1 sDrive18d,23.900 €,2020,87.400 km,Diesel,150 cv,Madrid,2026-05-07 12:22:40,C,https://www.coches.net/bmw-x1-sdrive18d-5p-diesel-2020-en-madrid-70355310-covo.aspx
TOYOTA,TOYOTA Yaris 1.5 120H Active Tech,14.990 €,2021,135.708 km,Híbrido,116 cv,Madrid,2026-05-07 12:22:40,ECO,https://www.coches.net/toyota-yaris-15-120h-active-tech-5p-electrico-hibrido-2022-en-madrid-70355527-covo.aspx
VOLKSWAGEN,VOLKSWAGEN T-Cross Sport 1.0 TSI DSG,16.990 €,2020,71.657 km,Gasolina,115 cv,Madrid,2026-05-07 12:22:40,C,https://www.coches.net/volkswagen-t-cross-sport-10-tsi-85kw-115cv-dsg-5p-gasolina-2021-en-madrid-70356639-covo.aspx
RENAULT,RENAULT Austral Iconic ETech Full Hybrid,27.525 €,2023,41.732 km,Híbrido,200 cv,Barcelona,2026-05-07 12:22:40,UNKNOWN,https://www.coches.net/renault-austral-iconic-etech-full-hybrid-147kw-200cv-5p-electrico-hibrido-2022-en-barcelona-70356755-covo.aspx
SEAT,SEAT Ibiza 1.0 TSI FR Salta,17.900 €,2025,17.789 km,Gasolina,115 cv,Gipuzkoa,2026-05-07 12:22:40,C,https://www.coches.net/seat-ibiza-10-tsi-85kw-115cv-fr-salta-5p-gasolina-2025-en-guipuzcoa-70357540-covo.aspx
BMW,BMW Serie 3 318d,13.000 €,2014,179.000 km,Diesel,143 cv,Murcia,2026-05-07 12:22:40,C,https://www.coches.net/bmw-serie-3-318d-4p-diesel-2014-en-murcia-70357822-covo.aspx
CUPRA,CUPRA Formentor 1.5 TSI 150 CV DSG,24.990 €,2022,70.715 km,Gasolina,150 cv,A Coruña,2026-05-07 12:22:40,C,https://www.coches.net/cupra-formentor-15-tsi-110kw-150-cv-dsg-5p-gasolina-2022-en-a-coruna-70358304-covo.aspx
BENTLEY,BENTLEY Flying Spur Flying Spur W8,109.000 €,2014,19.000 km,Gasolina,507 cv,Murcia,2026-05-07 12:22:40,C,https://www.coches.net/bentley-flying-spur-flying-spur-w8-4p-gasolina-2015-en-murcia-70358348-covo.aspx
TOYOTA,TOYOTA Corolla 1.8 125H ADVANCE ECVT SEDAN,21.990 €,2020,56.729 km,Híbrido,122 cv,Madrid,2026-05-07 12:22:40,ECO,https://www.coches.net/toyota-corolla-18-125h-advance-ecvt-sedan-4p-electrico-hibrido-2021-en-madrid-70359167-covo.aspx
FORD,FORD Puma 1.0 EcoBoost STLine MHEV,15.490 €,2021,94.492 km,Híbrido,125 cv,Madrid,2026-05-07 12:22:40,ECO,https://www.coches.net/ford-puma-10-ecoboost-125cv-stline-mhev-5p-electrico-hibrido-2021-en-madrid-70359485-covo.aspx
BMW,BMW Serie 5 520dA Touring,10.500 €,2014,286.000 km,Diesel,190 cv,Murcia,2026-05-07 12:22:40,C,https://www.coches.net/bmw-serie-5-520da-touring-5p-diesel-2015-en-murcia-70360082-covo.aspx
FIAT,FIAT 500 Dolcevita 1.0 Hybrid 70 CV,10.500 €,2022,69.997 km,Híbrido,70 cv,Valencia,2026-05-07 12:22:40,ECO,https://www.coches.net/fiat-500-dolcevita-10-hybrid-51kw-70-cv-3p-electrico-hibrido-2021-en-valencia-70361868-covo.aspx
FIAT,FIAT Panda City Life Hybrid 1.0 Gse,9.990 €,2022,69.071 km,Híbrido,70 cv,Valencia,2026-05-07 12:22:40,ECO,https://www.coches.net/fiat-panda-city-life-hybrid-10-gse-51kw-70cv-5p-electrico-hibrido-2022-en-valencia-70361883-covo.aspx
AUDI,AUDI A6 Avant Sport 45 TFSI quattroultra,40.900 €,2021,59.000 km,Híbrido,265 cv,Madrid,2026-05-07 12:22:40,ECO,https://www.coches.net/audi-a6-avant-sport-45-tfsi-quattroultra-5p-electrico-hibrido-2022-en-madrid-70363871-covo.aspx
SKODA,SKODA Octavia Combi 2.0 TDI 110kW150CV DSG 4x4 Scout,24.500 €,2022,108.600 km,Diesel,150 cv,Gipuzkoa,2026-05-07 12:22:40,C,https://www.coches.net/skoda-octavia-combi-20-tdi-110kw150cv-dsg-4x4-scout-5p-diesel-2023-en-guipuzcoa-70364037-covo.aspx
KIA,KIA Stonic 1.2 DPi Drive,13.750 €,2023,66.000 km,Gasolina,84 cv,Málaga,2026-05-07 12:22:40,C,https://www.coches.net/kia-stonic-12-dpi-62kw-84cv-drive-5p-gasolina-2022-en-malaga-70364937-covo.aspx
SKODA,SKODA Kamiq 1.5 TSI STYLE,18.490 €,2022,71.000 km,Gasolina,150 cv,Málaga,2026-05-07 12:22:40,C,https://www.coches.net/skoda-kamiq-15-tsi-110kw-150cv-style-5p-gasolina-2022-en-malaga-70365393-covo.aspx
FIAT,FIAT 500 Dolcevita 1.0 Hybrid 70 CV,11.990 €,2021,29.988 km,Híbrido,70 cv,Madrid,2026-05-07 12:22:40,ECO,https://www.coches.net/fiat-500-dolcevita-10-hybrid-52kw-70-cv-3p-electrico-hibrido-2020-en-madrid-70367239-covo.aspx
CITROEN,CITROEN C3 Aircross PureTech SS FEEL,10.990 €,2020,82.139 km,Gasolina,110 cv,Madrid,2026-05-07 12:22:40,C,https://www.coches.net/citroen-c3-aircross-puretech-81kw-110cv-ss-feel-5p-gasolina-2020-en-madrid-70372262-covo.aspx
RENAULT,RENAULT Grand Kangoo Combi M1AC dCi Euro 6,14.990 €,2017,51.967 km,Diesel,90 cv,Madrid,2026-05-07 12:22:40,C,https://www.coches.net/renault-grand-kangoo-combi-m1ac-5p-dci-66kw-90cv-euro-6-5p-diesel-2016-en-madrid-70372356-covo.aspx
KIA,KIA Niro 1.6 GDi HEV Drive,17.990 €,2020,46.022 km,Híbrido,141 cv,Madrid,2026-05-07 12:22:40,ECO,https://www.coches.net/kia-niro-16-gdi-hev-104kw-141cv-drive-5p-electrico-hibrido-2020-en-madrid-70372429-covo.aspx
SKODA,SKODA Kamiq 1.0 TSI DSG Emotion,18.250 €,2022,65.000 km,Gasolina,110 cv,Málaga,2026-05-07 12:22:40,C,https://www.coches.net/skoda-kamiq-10-tsi-81kw-110cv-dsg-emotion-5p-gasolina-2022-en-malaga-70374615-covo.aspx
KIA,KIA Ceed 1.0 MHEV Drive DCT,19.990 €,2023,28.500 km,Híbrido,120 cv,Málaga,2026-05-07 12:22:40,ECO,https://www.coches.net/kia-ceed-10-mhev-88kw-120cv-drive-dct-5p-electrico-hibrido-2023-en-malaga-70374617-covo.aspx
RENAULT,RENAULT Captur equilibre TCe,15.250 €,2022,93.000 km,Gasolina,90 cv,Málaga,2026-05-07 12:22:40,C,https://www.coches.net/renault-captur-equilibre-tce-67kw-90cv-5p-gasolina-2022-en-malaga-70374620-covo.aspx
SKODA,SKODA Karoq 1.5 TSI DSG ACT Style,22.490 €,2022,122.000 km,Gasolina,150 cv,Málaga,2026-05-07 12:22:40,C,https://www.coches.net/skoda-karoq-15-tsi-110kw-150cv-dsg-act-style-5p-gasolina-2022-en-malaga-70374621-covo.aspx
KIA,KIA Picanto 1.0 DPi Concept,13.990 €,2023,54.000 km,Gasolina,67 cv,Málaga,2026-05-07 12:22:40,C,https://www.coches.net/kia-picanto-10-dpi-49kw-67cv-concept-5p-gasolina-2023-en-malaga-70374626-covo.aspx
CITROEN,CITROEN C5 Aircross Hybrid 225 eEAT8 Shine Pack,23.500 €,2023,31.000 km,Híbrido enchufable,225 cv,Alicante,2026-05-07 12:22:40,CERO,https://www.coches.net/citroen-c5-aircross-hybrid-225-eeat8-shine-pack-5p-electrico-hibrido-2022-en-alicante-70376460-covo.aspx
RENAULT,RENAULT Mégane Dynamique Energy Tce 115 SS,7.490 €,2012,126.600 km,Gasolina,115 cv,Madrid,2026-05-07 12:22:40,C,https://www.coches.net/renault-megane-dynamique-energy-tce-115-ss-5p-gasolina-2012-en-madrid-70379298-covo.aspx
VOLKSWAGEN,VOLKSWAGEN T-Cross Advance 1.0 TSI,18.900 €,2022,41.000 km,Gasolina,95 cv,Cádiz,2026-05-07 12:22:40,C,https://www.coches.net/volkswagen-t-cross-advance-10-tsi-70kw-95cv-5p-gasolina-2023-en-cadiz-70379935-covo.aspx
OPEL,OPEL Corsa 1.5D DT Edition,8.989 €,2021,157.340 km,Diesel,102 cv,Madrid,2026-05-07 12:22:40,C,https://www.coches.net/opel-corsa-15d-dt-74kw-100cv-edition-5p-diesel-2021-en-madrid-70384403-covo.aspx
LAND-ROVER,LAND-ROVER Defender 3.0D I6 250 XDyn SE 110 Auto 4WD MHEV,108.900 €,2026,3000 km,Híbrido,249 cv,Madrid,2026-05-07 12:22:40,ECO,https://www.coches.net/land-rover-defender-30d-i6-250-xdyn-se-110-auto-4wd-mhev-5p-electrico-hibrido-2026-en-madrid-70384594-covo.aspx
PEUGEOT,PEUGEOT 208 Allure Gasolina 100 SS 6 Vel. MAN,15.990 €,2025,6000 km,Gasolina,100 cv,Madrid,2026-05-07 12:22:40,C,https://www.coches.net/peugeot-208-allure-gasolina-100-ss-6-vel-man-5p-gasolina-2024-en-madrid-70384639-covo.aspx
DACIA,DACIA Sandero SL Nomada TCE,8.990 €,2018,187.190 km,Gasolina,90 cv,Madrid,2026-05-07 12:22:40,C,https://www.coches.net/dacia-sandero-sl-nomada-tce-66kw-90cv-5p-gasolina-2016-en-madrid-70387210-covo.aspx
NISSAN,NISSAN Pathfinder 2.5dCi 190 CV LE 7 Plazas,21.990 €,2012,125.237 km,Diesel,190 cv,Madrid,2026-05-07 12:22:40,B,https://www.coches.net/nissan-pathfinder-25dci-190-cv-le-7-plazas-5p-diesel-2010-en-madrid-70388526-covo.aspx
MERCEDES-BENZ,MERCEDES-BENZ Clase C C 220 d Berlina,44.990 €,2025,26.995 km,Híbrido,197 cv,Jaén,2026-05-07 12:22:40,ECO,https://www.coches.net/mercedes-benz-clase-c-c-220-d-berlina-4p-electrico-hibrido-2025-en-jaen-70396740-covo.aspx
BMW,BMW X1 sDrive18d,21.900 €,2020,129.100 km,Diesel,150 cv,Madrid,2026-05-07 12:22:40,C,https://www.coches.net/bmw-x1-sdrive18d-5p-diesel-2021-en-madrid-70396914-covo.aspx
SKODA,SKODA Karoq 2.0 TDI DSG 4X4 Ambition,14.990 €,2020,169.905 km,Diesel,150 cv,Madrid,2026-05-07 12:22:40,C,https://www.coches.net/skoda-karoq-20-tdi-110kw-150cv-dsg-4x4-ambition-5p-diesel-2021-en-madrid-70396970-covo.aspx
NISSAN,NISSAN QASHQAI 1.5 dCi NCONNECTA,12.990 €,2016,103.266 km,Diesel,110 cv,Madrid,2026-05-07 12:22:40,C,https://www.coches.net/nissan-qashqai-15-dci-nconnecta-5p-diesel-2016-en-madrid-70397168-covo.aspx
SKODA,SKODA Kamiq 1.0 TSI DSG SELECTION,22.500 €,2024,10.552 km,Gasolina,115 cv,Gipuzkoa,2026-05-07 12:22:40,C,https://www.coches.net/skoda-kamiq-10-tsi-85kw-115cv-dsg-selection-5p-gasolina-2025-en-guipuzcoa-70397511-covo.aspx
SEAT,SEAT Ibiza 1.0 TSI FR Salta,18.900 €,2025,15.347 km,Gasolina,115 cv,Gipuzkoa,2026-05-07 12:22:40,C,https://www.coches.net/seat-ibiza-10-tsi-85kw-115cv-fr-salta-5p-gasolina-2025-en-guipuzcoa-70397554-covo.aspx
PORSCHE,PORSCHE Cayenne,48.990 €,2019,139.000 km,Gasolina,340 cv,Málaga,2026-05-07 12:22:40,C,https://www.coches.net/porsche-cayenne--5p-gasolina-2020-en-malaga-70398118-covo.aspx
VOLKSWAGEN,VOLKSWAGEN Golf 2.0 TDI DSG Variant,18.490 €,2022,107.000 km,Diesel,115 cv,Málaga,2026-05-07 12:22:40,C,https://www.coches.net/volkswagen-golf-20-tdi-85kw-115cv-dsg-variant-5p-diesel-2022-en-malaga-70399182-covo.aspx
FORD,FORD Ranger 2.0 Ecobl eAWD D Cab Wildtrack AT,43.900 €,2023,80.000 km,Diesel,205 cv,Barcelona,2026-05-07 12:22:40,C,https://www.coches.net/ford-ranger-20-ecobl-151kw-eawd-d-cab-wildtrack-at-4p-diesel-2023-en-barcelona-70400633-covo.aspx
VOLKSWAGEN,VOLKSWAGEN Touran Sport 2.0 TDI DSG,37.000 €,2021,69.000 km,Diesel,150 cv,Bizkaia,2026-05-07 12:22:40,C,https://www.coches.net/volkswagen-touran-sport-20-tdi-110kw-150cv-dsg-5p-diesel-2022-en-vizcaya-70401260-covo.aspx
VOLVO,VOLVO V90 Cross Country 2.0 B4 D Pro AWD Auto,36.900 €,2022,53.000 km,Híbrido,197 cv,Madrid,2026-05-07 12:22:40,ECO,https://www.coches.net/volvo-v90-cross-country-20-b4-d-pro-awd-auto-5p-electrico-hibrido-2022-en-madrid-70402162-covo.aspx
OPEL,OPEL Grandland 1.2T XHT Hybrid eDCT6 SS GS,28.990 €,2025,31.000 km,Híbrido,136 cv,Madrid,2026-05-07 12:22:40,ECO,https://www.coches.net/opel-grandland-12t-xht-hybrid-edct6-ss-gs-5p-electrico-hibrido-2024-en-madrid-70407001-covo.aspx
KIA,KIA Ceed 1.0 MHEV Drive DCT,19.150 €,2023,41.000 km,Híbrido,120 cv,Málaga,2026-05-07 12:22:40,ECO,https://www.coches.net/kia-ceed-10-mhev-88kw-120cv-drive-dct-5p-electrico-hibrido-2023-en-malaga-70407248-covo.aspx
SEAT,SEAT Ateca 1.4 EcoTSI StSp Xcellence,13.990 €,2018,182.725 km,Gasolina,150 cv,Madrid,2026-05-07 12:22:40,C,https://www.coches.net/seat-ateca-14-ecotsi-110kw-150cv-stsp-xcellence-5p-gasolina-2018-en-madrid-70408054-covo.aspx
SKODA,SKODA Fabia 1.0 TSI DSG Selection,19.400 €,2025,15.366 km,Gasolina,115 cv,Madrid,2026-05-07 12:22:40,C,https://www.coches.net/skoda-fabia-10-tsi-85kw-115cv-dsg-selection-5p-gasolina-2026-en-madrid-70408061-covo.aspx
SEAT,SEAT Ibiza 1.0 TSI FR XL,17.990 €,2023,39.950 km,Gasolina,110 cv,Madrid,2026-05-07 12:22:40,C,https://www.coches.net/seat-ibiza-10-tsi-81kw-110cv-fr-xl-5p-gasolina-2024-en-madrid-70408203-covo.aspx
TOYOTA,TOYOTA Yaris 1.5 130H GR Sport Plus,25.690 €,2024,12.000 km,Híbrido,130 cv,Barcelona,2026-05-07 12:22:40,ECO,https://www.coches.net/toyota-yaris-15-130h-gr-sport-plus-5p-electrico-hibrido-2025-en-barcelona-70409484-covo.aspx
TOYOTA,TOYOTA Yaris 1.5 120H Active Tech,19.964 €,2024,48.779 km,Híbrido,116 cv,Barcelona,2026-05-07 12:22:40,UNKNOWN,https://www.coches.net/toyota-yaris-15-120h-active-tech-5p-electrico-hibrido-2022-en-barcelona-70413678-covo.aspx
FORD,FORD Mondeo 2.0 Hibrido 138kW187CV Titanium HEV AT,20.490 €,2021,68.930 km,Híbrido,187 cv,Madrid,2026-05-07 12:22:40,ECO,https://www.coches.net/ford-mondeo-20-hibrido-138kw187cv-titanium-hev-at-4p-electrico-hibrido-2021-en-madrid-70413688-covo.aspx
AUDI,AUDI Q5 S line 45 TFSI quattro S tronic,37.900 €,2020,66.500 km,Híbrido,245 cv,Madrid,2026-05-07 12:22:40,ECO,https://www.coches.net/audi-q5-s-line-45-tfsi-180kw-quattro-s-tronic-5p-electrico-hibrido-2020-en-madrid-70413838-covo.aspx
MERCEDES-BENZ,MERCEDES-BENZ GLB 2.0 GLB 220 D 4MATIC DCT,33.990 €,2021,91.211 km,Diesel,190 cv,Madrid,2026-05-07 12:22:40,C,https://www.coches.net/mercedes-benz-glb-20-glb-220-d-4matic-dct-140kw-190cv-5p-diesel-2021-en-madrid-70414148-covo.aspx
HYUNDAI,HYUNDAI i10 1.0 Klass,12.990 €,2022,40.006 km,Gasolina,67 cv,Las Palmas,2026-05-07 12:22:40,UNKNOWN,https://www.coches.net/hyundai-i10-10-klass-5p-gasolina-2023-en-las-palmas-70415205-covo.aspx
VOLKSWAGEN,VOLKSWAGEN Polo Life 1.0 TSI,15.890 €,2022,63.559 km,Gasolina,95 cv,Las Palmas,2026-05-07 12:22:40,UNKNOWN,https://www.coches.net/volkswagen-polo-life-10-tsi-70kw-95cv-5p-gasolina-2022-en-las-palmas-70415378-covo.aspx
LAND-ROVER,LAND-ROVER Range Rover 2.0 I4 PHEV 404 PS 4WD Auto Vogue,64.900 €,2020,71.081 km,Híbrido enchufable,404 cv,Madrid,2026-05-07 12:22:40,CERO,https://www.coches.net/land-rover-range-rover-20-i4-phev-404-ps-4wd-auto-vogue-5p-electrico-hibrido-2021-en-madrid-70415446-covo.aspx
PEUGEOT,PEUGEOT 208 BlueHDi Active,10.990 €,2021,86.000 km,Diesel,100 cv,Málaga,2026-05-07 12:22:40,C,https://www.coches.net/peugeot-208-bluehdi-73kw-100cv-active-5p-diesel-2020-en-malaga-70415986-covo.aspx
SEAT,SEAT Arona 1.0 TSI Style XL,16.490 €,2023,44.758 km,Gasolina,110 cv,Las Palmas,2026-05-07 12:22:40,UNKNOWN,https://www.coches.net/seat-arona-10-tsi-81kw-110cv-style-xl-5p-gasolina-2023-en-las-palmas-70417551-covo.aspx
KIA,KIA Picanto 1.0 DPi Concept,12.650 €,2021,34.365 km,Gasolina,67 cv,Las Palmas,2026-05-07 12:22:40,UNKNOWN,https://www.coches.net/kia-picanto-10-dpi-49kw-67cv-concept-5p-gasolina-2022-en-las-palmas-70417616-covo.aspx
RENAULT,RENAULT Clio Techno ETech Hibrido,15.850 €,2022,73.534 km,Híbrido,140 cv,Las Palmas,2026-05-07 12:22:40,UNKNOWN,https://www.coches.net/renault-clio-techno-etech-hibrido-103-kw-145cv-5p-electrico-hibrido-2022-en-las-palmas-70417653-covo.aspx
TOYOTA,TOYOTA Corolla 1.8 125H BUSINESS PLUS ECVT,19.990 €,2021,54.290 km,Híbrido,122 cv,Madrid,2026-05-07 12:22:40,ECO,https://www.coches.net/toyota-corolla-18-125h-business-plus-ecvt-5p-electrico-hibrido-2021-en-madrid-70418633-covo.aspx
VOLKSWAGEN,VOLKSWAGEN Polo Life 1.0 TSI,16.590 €,2023,40.900 km,Gasolina,95 cv,Madrid,2026-05-07 12:22:40,C,https://www.coches.net/volkswagen-polo-life-10-tsi-70kw-95cv-5p-gasolina-2023-en-madrid-70418669-covo.aspx
MERCEDES-BENZ,MERCEDES-BENZ GLE Coupé MercedesAMG GLE 63 S 4MATIC,133.000 €,2023,71.000 km,Gasolina,612 cv,Murcia,2026-05-07 12:22:40,C,https://www.coches.net/mercedes-benz-gle-coupe-mercedesamg-gle-63-s-4matic-5p-gasolina-2023-en-murcia-70419738-covo.aspx
AUDI,AUDI Q5 Black line 35 TDI S tronic,41.490 €,2021,45.091 km,Híbrido,163 cv,Madrid,2026-05-07 12:22:40,ECO,https://www.coches.net/audi-q5-black-line-35-tdi-120kw-s-tronic-5p-electrico-hibrido-2022-en-madrid-70421447-covo.aspx
TESLA,TESLA Model 3 Gran Autonomia 4WD,27.490 €,2021,94.072 km,Eléctrico,476 cv,Madrid,2026-05-07 12:22:40,CERO,https://www.coches.net/tesla-model-3-gran-autonomia-4wd-4p-electrico-hibrido-2021-en-madrid-70421503-covo.aspx
TOYOTA,TOYOTA Rav4 2.5l 220H Advance,29.900 €,2020,102.992 km,Híbrido,218 cv,Valladolid,2026-05-07 12:22:40,ECO,https://www.coches.net/toyota-rav4-25l-220h-advance-5p-electrico-hibrido-2020-en-valladolid-70421684-covo.aspx
FORD,FORD Focus 1.0 Ecoboost MHEV Active,17.390 €,2022,90.099 km,Híbrido,155 cv,Madrid,2026-05-07 12:22:40,ECO,https://www.coches.net/ford-focus-10-ecoboost-mhev-114kw-active-5p-electrico-hibrido-2022-en-madrid-70421761-covo.aspx
VOLVO,VOLVO V60 2.0 T8 AWD Recharge RDesign Auto,37.900 €,2022,86.000 km,Híbrido enchufable,390 cv,Madrid,2026-05-07 12:22:40,CERO,https://www.coches.net/volvo-v60-20-t8-awd-recharge-rdesign-auto-5p-electrico-hibrido-2021-en-madrid-70422759-covo.aspx
KIA,KIA Stonic 1.0 TGDi MHEV iMT Concept,14.690 €,2021,57.000 km,Híbrido,100 cv,Málaga,2026-05-07 12:22:40,ECO,https://www.coches.net/kia-stonic-10-tgdi-74kw-100cv-mhev-imt-concept-5p-electrico-hibrido-2021-en-malaga-70424367-covo.aspx
SUZUKI,SUZUKI SX4 S-Cross 1.6 DDiS GLE,9.990 €,2015,106.500 km,Diesel,120 cv,Málaga,2026-05-07 12:22:40,B,https://www.coches.net/suzuki-sx4-s-cross-16-ddis-gle-5p-diesel-2013-en-malaga-70424369-covo.aspx
FORD,FORD Focus 1.0 Ecob. MHEV Active Style SIP SB,17.990 €,2023,47.000 km,Híbrido,155 cv,Málaga,2026-05-07 12:22:40,ECO,https://www.coches.net/ford-focus-10-ecob-mhev-114kw-active-style-sip-sb-5p-electrico-hibrido-2022-en-malaga-70424373-covo.aspx
VOLVO,VOLVO XC60 2.0 B4 D AWD Momentum Auto,27.900 €,2021,133.000 km,Híbrido,197 cv,Madrid,2026-05-07 12:22:40,ECO,https://www.coches.net/volvo-xc60-20-b4-d-awd-momentum-auto-5p-electrico-hibrido-2022-en-madrid-70424954-covo.aspx
SKODA,SKODA Scala 1.0 TSI 115 CV SELECTION,16.300 €,2024,64.000 km,Gasolina,115 cv,Madrid,2026-05-07 12:22:40,C,https://www.coches.net/skoda-scala-10-tsi-85kw-115-cv-selection-5p-gasolina-2024-en-madrid-70424962-covo.aspx
OPEL,OPEL Corsa 1.2T XHL GS,10.900 €,2023,68.000 km,Gasolina,100 cv,Madrid,2026-05-07 12:22:40,C,https://www.coches.net/opel-corsa-12t-xhl-74kw-100cv-gs-5p-gasolina-2023-en-madrid-70425064-covo.aspx
VOLKSWAGEN,VOLKSWAGEN T-Roc Edition 1.6 TDI,16.990 €,2019,97.800 km,Diesel,115 cv,Madrid,2026-05-07 12:22:40,C,https://www.coches.net/volkswagen-t-roc-edition-16-tdi-85kw-115cv-5p-diesel-2019-en-madrid-70426294-covo.aspx
RENAULT,RENAULT Clio Business TCe GLP,10.990 €,2021,87.500 km,Gas licuado (GLP),100 cv,Madrid,2026-05-07 12:22:40,ECO,https://www.coches.net/renault-clio-business-tce-74-kw-100cv-glp-5p-otros-2021-en-madrid-70426829-covo.aspx
RENAULT,RENAULT Clio Intens Blue dCi,11.990 €,2021,108.300 km,Diesel,85 cv,Madrid,2026-05-07 12:22:40,C,https://www.coches.net/renault-clio-intens-blue-dci-63-kw-85cv-5p-diesel-2019-en-madrid-70426928-covo.aspx
KIA,KIA Stonic 1.0 TGDi MHEV MT Drive,20.537 €,2025,13.390 km,Híbrido,100 cv,Málaga,2026-05-07 12:22:40,ECO,https://www.coches.net/kia-stonic-10-tgdi-74kw-100cv-mhev-mt-drive-5p-electrico-hibrido-2025-en-malaga-70426953-covo.aspx
SEAT,SEAT León ST 1.6 TDI StSp Style Ed,12.790 €,2019,131.493 km,Diesel,115 cv,Madrid,2026-05-07 12:22:40,C,https://www.coches.net/seat-leon-st-16-tdi-85kw-115cv-stsp-style-ed-5p-diesel-2020-en-madrid-70427002-covo.aspx
BMW,BMW Serie 7 740I AUTO,10.990 €,1999,203.669 km,Gasolina,286 cv,Madrid,2026-05-07 12:22:40,UNKNOWN,https://www.coches.net/bmw-serie-7-740i-auto-4p-gasolina-1999-en-madrid-70427175-covo.aspx
CITROEN,CITROEN Berlingo Talla M BlueHDi 100 SS FEEL BUSINESS,10.990 €,2022,193.500 km,Diesel,102 cv,Castellón,2026-05-07 12:22:40,C,https://www.coches.net/citroen-berlingo-talla-m-bluehdi-100-ss-feel-business-5p-diesel-2021-en-castellon-70427264-covo.aspx
MERCEDES-BENZ,MERCEDES-BENZ Clase C C 300 Estate,23.990 €,2019,184.000 km,Gasolina,258 cv,Alicante,2026-05-07 12:22:40,C,https://www.coches.net/mercedes-benz-clase-c-c-300-estate-5p-gasolina-2018-en-alicante-70427273-covo.aspx
SEAT,SEAT León 1.0 TSI SS Style Go S,14.500 €,2022,104.000 km,Gasolina,110 cv,Castellón,2026-05-07 12:22:40,C,https://www.coches.net/seat-leon-10-tsi-81kw-ss-style-go-s-5p-gasolina-2022-en-castellon-70427440-covo.aspx
PORSCHE,PORSCHE 911 GT3 Pack Touring,208.000 €,2022,16.000 km,Gasolina,510 cv,Murcia,2026-05-07 12:22:40,C,https://www.coches.net/porsche-911-gt3-pack-touring-2p-gasolina-2023-en-murcia-70428525-covo.aspx
HYUNDAI,HYUNDAI i20 1.0 TGDI Klass,12.990 €,2022,119.301 km,Gasolina,100 cv,Madrid,2026-05-07 12:22:40,C,https://www.coches.net/hyundai-i20-10-tgdi-74kw-100cv-klass-5p-gasolina-2021-en-madrid-70429915-covo.aspx
HYUNDAI,HYUNDAI i10 1.0 Klass,10.990 €,2020,38.901 km,Gasolina,67 cv,Madrid,2026-05-07 12:22:40,C,https://www.coches.net/hyundai-i10-10-klass-5p-gasolina-2020-en-madrid-70429919-covo.aspx
PEUGEOT,PEUGEOT Rifter GT Standard BlueHDi Auto,22.990 €,2022,35.014 km,Diesel,130 cv,Madrid,2026-05-07 12:22:40,C,https://www.coches.net/peugeot-rifter-gt-standard-bluehdi-96kw-auto-5p-diesel-2021-en-madrid-70429922-covo.aspx
MERCEDES-BENZ,MERCEDES-BENZ GLE Coupé GLE 350 de 4MATIC,93.990 €,2025,7398 km,Híbrido enchufable,333 cv,Madrid,2026-05-07 12:22:40,CERO,https://www.coches.net/mercedes-benz-gle-coupe-gle-350-de-4matic-5p-electrico-hibrido-2024-en-madrid-70430098-covo.aspx
SEAT,SEAT León SP 1.5 TSI Style 25 Aniversario,20.900 €,2025,10.882 km,Gasolina,116 cv,Gipuzkoa,2026-05-07 12:22:40,C,https://www.coches.net/seat-leon-sp-15-tsi-85kw-style-25-aniversario-5p-gasolina-2025-en-guipuzcoa-70430619-covo.aspx
PEUGEOT,PEUGEOT 408 408 Allure Puretech 130 EAT8,23.990 €,2024,15.119 km,Gasolina,130 cv,Valladolid,2026-05-07 12:22:40,C,https://www.coches.net/peugeot-408-408-allure-puretech-130-eat8-5p-gasolina-2023-en-valladolid-70430621-covo.aspx
BMW,BMW Serie 3 320e,30.900 €,2024,21.000 km,Híbrido enchufable,204 cv,Madrid,2026-05-07 12:22:40,CERO,https://www.coches.net/bmw-serie-3-320e-4p-electrico-hibrido-2023-en-madrid-70430633-covo.aspx
PEUGEOT,PEUGEOT 3008 1.5 BlueHDi SS Active Pack,16.950 €,2022,98.000 km,Diesel,130 cv,Málaga,2026-05-07 12:22:40,C,https://www.coches.net/peugeot-3008-15-bluehdi-96kw-130cv-ss-active-pack-5p-diesel-2022-en-malaga-70432618-covo.aspx
BMW,BMW X6 xDrive30d,55.000 €,2020,99.965 km,Diesel,265 cv,Madrid,2026-05-07 12:22:40,C,https://www.coches.net/bmw-x6-xdrive30d-5p-diesel-2020-en-madrid-70432674-covo.aspx
MERCEDES-BENZ,MERCEDES-BENZ Clase GLC MercedesAMG GLC 43 4MATIC,54.500 €,2022,120.000 km,Gasolina,390 cv,Murcia,2026-05-07 12:22:40,C,https://www.coches.net/mercedes-benz-clase-glc-mercedesamg-glc-43-4matic-5p-gasolina-2022-en-murcia-70436681-covo.aspx
DS,DS DS 7 Crossback BlueHDi Auto. PERF.LINE,19.990 €,2020,159.000 km,Diesel,180 cv,Castellón,2026-05-07 12:22:40,C,https://www.coches.net/ds-ds-7-crossback-bluehdi-132kw-180cv-auto-perfline-5p-diesel-2020-en-castellon-70437691-covo.aspx
BMW,BMW Serie 3 318d Auto.,18.990 €,2022,180.710 km,Híbrido,150 cv,Madrid,2026-05-07 12:22:40,ECO,https://www.coches.net/bmw-serie-3-318d-auto-4p-electrico-hibrido-2023-en-madrid-70437888-covo.aspx
TOYOTA,TOYOTA Rav4 2.5l 220H Advance,24.490 €,2021,185.855 km,Híbrido,218 cv,Madrid,2026-05-07 12:22:40,ECO,https://www.coches.net/toyota-rav4-25l-220h-advance-5p-electrico-hibrido-2021-en-madrid-70437895-covo.aspx
VOLKSWAGEN,VOLKSWAGEN Golf Cabrio 2.0 TSI DSG GTI,15.990 €,2014,171.180 km,Gasolina,210 cv,Madrid,2026-05-07 12:22:40,C,https://www.coches.net/volkswagen-golf-cabrio-20-tsi-210cv-dsg-gti-2p-gasolina-2015-en-madrid-70437927-covo.aspx
PEUGEOT,PEUGEOT 3008 1.5 BlueHDi SS Allure,16.700 €,2021,44.000 km,Diesel,130 cv,Madrid,2026-05-07 12:22:40,C,https://www.coches.net/peugeot-3008-15-bluehdi-96kw-130cv-ss-allure-5p-diesel-2020-en-madrid-70438637-covo.aspx
RENAULT,RENAULT Arkana RS Line TCe 103kW140CV EDC mild hybrid,20.990 €,2022,99.266 km,Híbrido,140 cv,Madrid,2026-05-07 12:22:40,ECO,https://www.coches.net/renault-arkana-rs-line-tce-103kw140cv-edc-mild-hybrid-5p-electrico-hibrido-2021-en-madrid-70448083-covo.aspx
MERCEDES-BENZ,MERCEDES-BENZ Clase T 180 d,25.490 €,2023,57.993 km,Diesel,116 cv,Madrid,2026-05-07 12:22:40,C,https://www.coches.net/mercedes-benz-clase-t-180-d-5p-diesel-2022-en-madrid-70448101-covo.aspx
LAND-ROVER,LAND-ROVER Range Rover Velar 2.0 D180 S 4WD Auto,26.990 €,2019,100.048 km,Diesel,180 cv,Madrid,2026-05-07 12:22:40,C,https://www.coches.net/land-rover-range-rover-velar-20-d180-132kw-180cv-s-4wd-auto-5p-diesel-2019-en-madrid-70448139-covo.aspx
AUDI,AUDI e-tron 50 quattro,28.490 €,2021,62.491 km,Eléctrico,313 cv,Madrid,2026-05-07 12:22:40,CERO,https://www.coches.net/audi-e-tron-50-quattro-5p-electrico-hibrido-2021-en-madrid-70448202-covo.aspx
OPEL,OPEL Astra 1.5D DTH Elegance Auto,20.490 €,2023,11.576 km,Diesel,130 cv,Madrid,2026-05-07 12:22:40,C,https://www.coches.net/opel-astra-15d-dth-96kw-130cv-elegance-auto-5p-diesel-2023-en-madrid-70448216-covo.aspx
KIA,KIA Picanto 1.0 DPi GT Line,12.990 €,2021,43.959 km,Gasolina,67 cv,Madrid,2026-05-07 12:22:40,C,https://www.coches.net/kia-picanto-10-dpi-49kw-67cv-gt-line-5p-gasolina-2021-en-madrid-70448250-covo.aspx
FIAT,FIAT 500X 1.0 Firefly T3 120 CV,14.490 €,2023,60.721 km,Gasolina,120 cv,Madrid,2026-05-07 12:22:40,C,https://www.coches.net/fiat-500x-10-firefly-t3-88kw-120-cv-5p-gasolina-2023-en-madrid-70448717-covo.aspx
VOLVO,VOLVO XC60 2.0 T6 AWD Recharge Core Auto,29.990 €,2022,134.927 km,Híbrido enchufable,350 cv,Madrid,2026-05-07 12:22:40,CERO,https://www.coches.net/volvo-xc60-20-t6-awd-recharge-core-auto-5p-electrico-hibrido-2023-en-madrid-70448734-covo.aspx
FORD,FORD Focus 1.0 Ecoboost STLine Auto,15.990 €,2021,57.100 km,Gasolina,125 cv,Madrid,2026-05-07 12:22:40,C,https://www.coches.net/ford-focus-10-ecoboost-92kw-stline-auto-5p-gasolina-2021-en-madrid-70449346-covo.aspx
PEUGEOT,PEUGEOT 208 PureTech Active,10.990 €,2023,70.000 km,Gasolina,75 cv,Málaga,2026-05-07 12:22:40,C,https://www.coches.net/peugeot-208-puretech-55kw-75cv-active-5p-gasolina-2023-en-malaga-70449973-covo.aspx
SKODA,SKODA Octavia Combi 2.0 TDI Selection,32.600 €,2026,12 km,Diesel,116 cv,Gipuzkoa,2026-05-07 12:22:40,C,https://www.coches.net/skoda-octavia-combi-20-tdi-85kw-115cv-selection-5p-diesel-2026-en-guipuzcoa-70450451-covo.aspx
FIAT,FIAT 500 Dolcevita 1.0 Hybrid 70 CV,12.190 €,2023,63.051 km,Híbrido,70 cv,Madrid,2026-05-07 12:22:40,ECO,https://www.coches.net/fiat-500-dolcevita-10-hybrid-51kw-70-cv-3p-electrico-hibrido-2024-en-madrid-70452091-covo.aspx
RENAULT,RENAULT Clio Yahoo 1.2 16v 75,5.490 €,2012,133.010 km,Gasolina,75 cv,Madrid,2026-05-07 12:22:40,C,https://www.coches.net/renault-clio-yahoo-12-16v-75-5p-5p-gasolina-2011-en-madrid-70452705-covo.aspx
VOLKSWAGEN,VOLKSWAGEN T-Roc Advance 2.0 TDI,16.990 €,2021,159.279 km,Diesel,115 cv,Madrid,2026-05-07 12:22:40,C,https://www.coches.net/volkswagen-t-roc-advance-20-tdi-85kw-115cv-5p-diesel-2022-en-madrid-70452706-covo.aspx
NISSAN,NISSAN QASHQAI 1.6dCi NCONNECTA 4x2,10.490 €,2016,244.775 km,Diesel,130 cv,Madrid,2026-05-07 12:22:40,C,https://www.coches.net/nissan-qashqai-16dci-nconnecta-4x2-5p-diesel-2015-en-madrid-70452709-covo.aspx
KIA,KIA Ceed Tourer Tourer 1.0 MHEV Tech DCT,12.990 €,2022,172.638 km,Híbrido,120 cv,Madrid,2026-05-07 12:22:40,ECO,https://www.coches.net/kia-ceed-tourer-tourer-10-mhev-88kw-120cv-tech-dct-5p-electrico-hibrido-2023-en-madrid-70452710-covo.aspx
PEUGEOT,PEUGEOT 308 GT Line BlueHDi 130 SS EAT8,9.990 €,2019,190.774 km,Diesel,130 cv,Madrid,2026-05-07 12:22:40,C,https://www.coches.net/peugeot-308-5p-gt-line-bluehdi-130-ss-eat8-5p-diesel-2019-en-madrid-70452718-covo.aspx
SEAT,SEAT León SP 1.5 TSI FR Special Edition,27.300 €,2025,10 km,Gasolina,150 cv,Burgos,2026-05-07 12:22:40,C,https://www.coches.net/km-0/seat/leon/burgos/sp-15-tsi-110kw-fr-special-edition-gasolina-de-km0-70452744-kovn.aspx
RENAULT,RENAULT Kadjar Life Energy dCi 110,11.990 €,2015,92.254 km,Diesel,110 cv,Madrid,2026-05-07 12:22:40,C,https://www.coches.net/renault-kadjar-life-energy-dci-110-5p-diesel-2015-en-madrid-70452977-covo.aspx
HONDA,HONDA Civic 1.0 IVTEC TURBO EXECUTIVE,16.990 €,2019,103.750 km,Gasolina,129 cv,Madrid,2026-05-07 12:22:40,C,https://www.coches.net/honda-civic-10-ivtec-turbo-executive-5p-gasolina-2018-en-madrid-70453428-covo.aspx
AUDI,AUDI A4 Avant S line 40 gtron S tronic,21.990 €,2019,110.228 km,Gas natural (CNG),170 cv,Madrid,2026-05-07 12:22:40,ECO,https://www.coches.net/audi-a4-avant-s-line-40-gtron-s-tronic-5p-otros-2019-en-madrid-70453429-covo.aspx
TOYOTA,TOYOTA Prius 1.8 Prius AWDi,17.990 €,2020,152.641 km,Híbrido,122 cv,Madrid,2026-05-07 12:22:40,ECO,https://www.coches.net/toyota-prius-18-prius-awdi-5p-electrico-hibrido-2019-en-madrid-70453430-covo.aspx
MG,MG ZS 1.5 Comfort,15.890 €,2025,16.050 km,Gasolina,106 cv,Jaén,2026-05-07 12:22:40,C,https://www.coches.net/mg-zs-15-comfort-5p-gasolina-2024-en-jaen-70457351-covo.aspx
MG,MG ZS 1.0T Luxury Auto,18.490 €,2025,13.340 km,Gasolina,111 cv,Jaén,2026-05-07 12:22:40,C,https://www.coches.net/mg-zs-10t-luxury-auto-5p-gasolina-2023-en-jaen-70457358-covo.aspx
MG,MG MG3 Hybrid+ Comfort,16.890 €,2024,17.735 km,Híbrido,195 cv,Jaén,2026-05-07 12:22:40,ECO,https://www.coches.net/mg-mg3-hybrid-comfort-5p-electrico-hibrido-2024-en-jaen-70457383-covo.aspx
MINI,MINI COUNTRYMAN Cooper S E ALL4,27.900 €,2021,70.400 km,Híbrido enchufable,220 cv,Madrid,2026-05-07 12:22:40,CERO,https://www.coches.net/mini-countryman-cooper-s-e-all4-5p-electrico-hibrido-2021-en-madrid-70457388-covo.aspx
MERCEDES-BENZ,MERCEDES-BENZ Clase GLC GLC 200 4MATIC,35.200 €,2020,90.513 km,Híbrido,197 cv,Zaragoza,2026-05-07 12:22:40,ECO,https://www.coches.net/mercedes-benz-clase-glc-glc-200-4matic-5p-electrico-hibrido-2020-en-zaragoza-70457572-covo.aspx
VOLKSWAGEN,VOLKSWAGEN T-Roc RLine 1.5 TSI DSG,23.490 €,2022,90.930 km,Gasolina,150 cv,A Coruña,2026-05-07 12:22:40,C,https://www.coches.net/volkswagen-t-roc-rline-15-tsi-110kw-150cv-dsg-5p-gasolina-2022-en-a-coruna-70457784-covo.aspx
BMW,BMW X1 xDrive20iA,31.490 €,2022,22.000 km,Gasolina,178 cv,Barcelona,2026-05-07 12:22:40,C,https://www.coches.net/bmw-x1-xdrive20ia-5p-gasolina-2022-en-barcelona-70458658-covo.aspx
RENAULT,RENAULT Austral Techno ETech Full Hybrid,28.791 €,2025,21.997 km,Híbrido,200 cv,Barcelona,2026-05-07 12:22:40,UNKNOWN,https://www.coches.net/renault-austral-techno-etech-full-hybrid-147kw-200cv-5p-electrico-hibrido-2024-en-barcelona-70459351-covo.aspx
SMART,SMART fortwo 60kW81CV electric drive coupe,8.990 €,2017,77.444 km,Eléctrico,82 cv,Madrid,2026-05-07 12:22:40,CERO,https://www.coches.net/smart-fortwo-60kw81cv-electric-drive-coupe-3p-electrico-hibrido-2017-en-madrid-70459450-covo.aspx
VOLKSWAGEN,VOLKSWAGEN Polo RLine 1.0 TSI,17.490 €,2021,45.003 km,Gasolina,95 cv,Madrid,2026-05-07 12:22:40,C,https://www.coches.net/volkswagen-polo-rline-10-tsi-70kw-95cv-5p-gasolina-2021-en-madrid-70459499-covo.aspx
SKODA,SKODA Fabia 1.0 TSI Selection,18.700 €,2024,23.240 km,Gasolina,115 cv,Gipuzkoa,2026-05-07 12:22:40,C,https://www.coches.net/skoda-fabia-10-tsi-85kw-115cv-selection-5p-gasolina-2025-en-guipuzcoa-70459955-covo.aspx
PORSCHE,PORSCHE Macan GTS,38.750 €,2016,164.000 km,Gasolina,360 cv,Málaga,2026-05-07 12:22:40,C,https://www.coches.net/porsche-macan-gts-5p-gasolina-2017-en-malaga-70460516-covo.aspx
KIA,KIA Stonic 1.0 TGDi MHEV Drive DCT,16.750 €,2022,87.900 km,Híbrido,120 cv,Málaga,2026-05-07 12:22:40,ECO,https://www.coches.net/kia-stonic-10-tgdi-88kw-120cv-mhev-drive-dct-5p-electrico-hibrido-2022-en-malaga-70460519-covo.aspx
VOLKSWAGEN,VOLKSWAGEN Golf Life 2.0 TDI Variant,17.890 €,2021,87.257 km,Diesel,115 cv,Madrid,2026-05-07 12:22:40,C,https://www.coches.net/volkswagen-golf-life-20-tdi-85kw-115cv-variant-5p-diesel-2021-en-madrid-70460850-covo.aspx
DACIA,DACIA Duster Prestige 1.6 4X2 GLP GPF,15.990 €,2020,33.489 km,Gas licuado (GLP),115 cv,Madrid,2026-05-07 12:22:40,ECO,https://www.coches.net/dacia-duster-prestige-16-84kw-4x2-glp-gpf-5p-otros-2018-en-madrid-70460991-covo.aspx
ALFA,ALFA ROMEO Stelvio 2.2 Diesel SPRINT AWD,27.990 €,2022,41.100 km,Diesel,190 cv,Madrid,2026-05-07 12:22:40,C,https://www.coches.net/alfa-romeo-stelvio-22-diesel-140kw-190cv-sprint-awd-5p-diesel-2022-en-madrid-70461184-covo.aspx
FORD,FORD Focus 1.5 Ecoblue STLine,16.990 €,2022,56.700 km,Diesel,120 cv,Madrid,2026-05-07 12:22:40,C,https://www.coches.net/ford-focus-15-ecoblue-88kw-stline-5p-diesel-2022-en-madrid-70462565-covo.aspx
BMW,BMW Serie 3 320d Gran Turismo,16.890 €,2018,204.700 km,Diesel,190 cv,Madrid,2026-05-07 12:22:40,C,https://www.coches.net/bmw-serie-3-320d-gran-turismo-5p-diesel-2018-en-madrid-70462567-covo.aspx
VOLKSWAGEN,VOLKSWAGEN Golf 2.0 TDI,17.990 €,2022,101.700 km,Diesel,115 cv,Madrid,2026-05-07 12:22:40,C,https://www.coches.net/volkswagen-golf-20-tdi-85kw-115cv-5p-diesel-2022-en-madrid-70462569-covo.aspx
RENAULT,RENAULT Clio Intens Blue dCi,12.490 €,2022,94.990 km,Diesel,100 cv,Madrid,2026-05-07 12:22:40,C,https://www.coches.net/renault-clio-intens-blue-dci-74kw-100cv-5p-diesel-2021-en-madrid-70462571-covo.aspx
BMW,BMW Serie 1 120d,30.990 €,2025,7800 km,Híbrido,163 cv,Madrid,2026-05-07 12:22:40,ECO,https://www.coches.net/bmw-serie-1-120d-5p-electrico-hibrido-2025-en-madrid-70462573-covo.aspx
MINI,MINI COUNTRYMAN COOPER D COUNTRYMAN,12.990 €,2015,112.197 km,Diesel,112 cv,Madrid,2026-05-07 12:22:40,C,https://www.coches.net/mini-countryman-cooper-d-countryman-5p-diesel-2016-en-madrid-70462575-covo.aspx
SKODA,SKODA Citigo 1.0 MPI Active,8.990 €,2019,47.800 km,Gasolina,60 cv,Madrid,2026-05-07 12:22:40,C,https://www.coches.net/skoda-citigo-10-mpi-44kw-60cv-active-5p-gasolina-2019-en-madrid-70462577-covo.aspx
KIA,KIA Rio 1.0 TGDi MHEV iMT Concept,13.490 €,2021,88.000 km,Híbrido,100 cv,Madrid,2026-05-07 12:22:40,ECO,https://www.coches.net/kia-rio-10-tgdi-74kw-100cv-mhev-imt-concept-5p-electrico-hibrido-2021-en-madrid-70462578-covo.aspx
POLESTAR,POLESTAR 3 Long Range Dual Motor Performance,87.900 €,2025,2500 km,Eléctrico,517 cv,Asturias,2026-05-07 12:22:40,CERO,https://www.coches.net/km-0/polestar/3/asturias/long-range-dual-motor-performance-electrico-hibrido-de-km0-70464969-kovn.aspx
FIAT,FIAT 500 Dolcevita 1.0 Hybrid 70 CV,9.400 €,2022,58.000 km,Híbrido,70 cv,Madrid,2026-05-07 12:22:40,ECO,https://www.coches.net/fiat-500-dolcevita-10-hybrid-51kw-70-cv-3p-electrico-hibrido-2022-en-madrid-70468279-covo.aspx
FIAT,FIAT 500 Dolcevita 1.0 Hybrid 70 CV,9.400 €,2022,57.000 km,Híbrido,70 cv,Madrid,2026-05-07 12:22:40,ECO,https://www.coches.net/fiat-500-dolcevita-10-hybrid-51kw-70-cv-3p-electrico-hibrido-2022-en-madrid-70468285-covo.aspx
FIAT,FIAT 500 Dolcevita 1.0 Hybrid 70 CV,8.900 €,2022,69.900 km,Híbrido,70 cv,Madrid,2026-05-07 12:22:40,ECO,https://www.coches.net/fiat-500-dolcevita-10-hybrid-51kw-70-cv-3p-electrico-hibrido-2022-en-madrid-70468298-covo.aspx
JEEP,JEEP Avenger 1.2 G Altitude,14.900 €,2024,56.000 km,Gasolina,100 cv,Madrid,2026-05-07 12:22:40,C,https://www.coches.net/jeep-avenger-12-g-74kw-100cv-altitude-5p-gasolina-2023-en-madrid-70468352-covo.aspx
JEEP,JEEP Avenger 1.2 G Altitude,14.900 €,2024,43.000 km,Gasolina,100 cv,Madrid,2026-05-07 12:22:40,C,https://www.coches.net/jeep-avenger-12-g-74kw-100cv-altitude-5p-gasolina-2023-en-madrid-70468354-covo.aspx
SEAT,SEAT León 1.0 eTSI DSG7 SS Style Go,17.500 €,2021,65.000 km,Híbrido,110 cv,Madrid,2026-05-07 12:22:40,ECO,https://www.coches.net/seat-leon-10-etsi-81kw-dsg7-ss-style-go-5p-electrico-hibrido-2021-en-madrid-70472662-covo.aspx
TOYOTA,TOYOTA Yaris 1.0 70 Business,12.900 €,2022,53.000 km,Gasolina,69 cv,Madrid,2026-05-07 12:22:40,C,https://www.coches.net/toyota-yaris-10-70-business-5p-gasolina-2019-en-madrid-70472670-covo.aspx
SSANGYONG,SSANGYONG Korando G15T LP Urban Plus,15.900 €,2024,69.000 km,Gasolina,149 cv,Madrid,2026-05-07 12:22:40,C,https://www.coches.net/ssangyong-korando-g15t-110kw-lp-urban-plus-5p-gasolina-2022-en-madrid-70472773-covo.aspx
DS,DS DS 7 Crossback BlueHDi Auto. PERF.LINE,14.990 €,2018,162.765 km,Diesel,180 cv,Madrid,2026-05-07 12:22:40,C,https://www.coches.net/ds-ds-7-crossback-bluehdi-132kw-180cv-auto-perfline-5p-diesel-2018-en-madrid-70474257-covo.aspx
VOLKSWAGEN,VOLKSWAGEN Touareg Prem Eleg 3.0 V6 TDI Tip 4M,31.990 €,2022,187.712 km,Diesel,286 cv,Madrid,2026-05-07 12:22:40,C,https://www.coches.net/volkswagen-touareg-prem-eleg-30-v6-tdi-210kw-tip-4m-5p-diesel-2022-en-madrid-70475115-covo.aspx
SEAT,SEAT León SP 1.0 TSI SS Style XL,18.150 €,2023,46.200 km,Gasolina,110 cv,Málaga,2026-05-07 12:22:40,C,https://www.coches.net/seat-leon-sp-10-tsi-81kw-ss-style-xl-5p-gasolina-2023-en-malaga-70475536-covo.aspx
MERCEDES-BENZ,MERCEDES-BENZ Clase GLC GLC 200 4MATIC,37.500 €,2020,49.000 km,Híbrido,197 cv,Madrid,2026-05-07 12:22:40,ECO,https://www.coches.net/mercedes-benz-clase-glc-glc-200-4matic-5p-electrico-hibrido-2021-en-madrid-70475891-covo.aspx
TOYOTA,TOYOTA Corolla 2.0 180H STYLE ECVT TOURING SPORT,22.900 €,2021,99.000 km,Híbrido,180 cv,Madrid,2026-05-07 12:22:40,ECO,https://www.coches.net/toyota-corolla-20-180h-style-ecvt-touring-sport-5p-electrico-hibrido-2021-en-madrid-70475892-covo.aspx
TOYOTA,TOYOTA Corolla 2.0 180H TREK ECVT TOURING SPORT,25.900 €,2021,58.000 km,Híbrido,180 cv,Madrid,2026-05-07 12:22:40,ECO,https://www.coches.net/toyota-corolla-20-180h-trek-ecvt-touring-sport-5p-electrico-hibrido-2021-en-madrid-70475902-covo.aspx
DACIA,DACIA Sandero Stepway Expression TCe,16.600 €,2025,15.000 km,Gasolina,91 cv,Madrid,2026-05-07 12:22:40,C,https://www.coches.net/dacia-sandero-stepway-expression-tce-67kw-90cv-5p-gasolina-2024-en-madrid-70475912-covo.aspx
BMW,BMW i5 eDrive40,49.900 €,2024,28.000 km,Eléctrico,340 cv,Madrid,2026-05-07 12:22:40,CERO,https://www.coches.net/bmw-i5-edrive40-5p-electrico-hibrido-2025-en-madrid-70475923-covo.aspx
KIA,KIA Ceed 1.0 TGDi Concept,13.250 €,2022,110.900 km,Gasolina,100 cv,Málaga,2026-05-07 12:22:40,C,https://www.coches.net/kia-ceed-10-tgdi-74kw-100cv-concept-5p-gasolina-2022-en-malaga-70476149-covo.aspx
KIA,KIA XCeed 1.6 MHEV iMT Tech,18.890 €,2022,88.000 km,Híbrido,136 cv,Málaga,2026-05-07 12:22:40,ECO,https://www.coches.net/kia-xceed-16-mhev-imt-tech-100kw-136cv-5p-electrico-hibrido-2021-en-malaga-70476154-covo.aspx
AUDI,AUDI A5 2.0 TDI S tronic Cabrio,27.900 €,2018,74.000 km,Diesel,190 cv,Alicante,2026-05-07 12:22:40,C,https://www.coches.net/audi-a5-20-tdi-140kw-190cv-s-tronic-cabrio-2p-diesel-2018-en-alicante-70476207-covo.aspx
BMW,BMW Serie 5 540dA xDrive Touring,48.990 €,2021,106.000 km,Híbrido,340 cv,Pontevedra,2026-05-07 12:22:40,ECO,https://www.coches.net/bmw-serie-5-540da-xdrive-touring-5p-electrico-hibrido-2022-en-pontevedra-70478341-covo.aspx
MERCEDES-BENZ,MERCEDES-BENZ Clase GLC GLC 200 d 4MATIC,33.500 €,2020,106.000 km,Diesel,163 cv,Murcia,2026-05-07 12:22:40,C,https://www.coches.net/mercedes-benz-clase-glc-glc-200-d-4matic-5p-diesel-2020-en-murcia-70479777-covo.aspx
VOLKSWAGEN,VOLKSWAGEN Touareg Prem Eleg 3.0 V6 TDI Tip 4M,36.900 €,2021,82.063 km,Diesel,231 cv,Valencia,2026-05-07 12:22:40,C,https://www.coches.net/volkswagen-touareg-prem-eleg-30-v6-tdi-170kw-tip-4m-5p-diesel-2021-en-valencia-70481032-covo.aspx
HYUNDAI,HYUNDAI i20 1.2 MPI SLE,10.900 €,2022,59.000 km,Gasolina,84 cv,Madrid,2026-05-07 12:22:40,C,https://www.coches.net/hyundai-i20-12-mpi-sle-5p-gasolina-2021-en-madrid-70483581-covo.aspx
LAND-ROVER,LAND-ROVER Defender 2.0 P404E XDynamic SE 110 Auto 4WD PHEV,72.900 €,2022,55.700 km,Híbrido enchufable,404 cv,Madrid,2026-05-07 12:22:40,CERO,https://www.coches.net/land-rover-defender-20-p404e-xdynamic-se-110-auto-4wd-phev-5p-electrico-hibrido-2023-en-madrid-70483628-covo.aspx
VOLKSWAGEN,VOLKSWAGEN Polo Advance 1.0 TSI,15.490 €,2021,62.972 km,Gasolina,95 cv,Madrid,2026-05-07 12:22:40,C,https://www.coches.net/volkswagen-polo-advance-10-tsi-70kw-95cv-5p-gasolina-2021-en-madrid-70485688-covo.aspx
SUZUKI,SUZUKI Vitara 1.0 T GLE 4WD 6AT,16.990 €,2019,98.000 km,Gasolina,111 cv,Barcelona,2026-05-07 12:22:40,C,https://www.coches.net/suzuki-vitara-10-t-gle-4wd-6at-5p-gasolina-2018-en-barcelona-70485754-covo.aspx
RENAULT,RENAULT Scénic Limited Energy dCi 130 eco2,7.990 €,2015,170.000 km,Diesel,130 cv,Barcelona,2026-05-07 12:22:40,UNKNOWN,https://www.coches.net/renault-scenic-limited-energy-dci-130-eco2-5p-diesel-2014-en-barcelona-70485757-covo.aspx
LAND-ROVER,LAND-ROVER Range Rover Evoque 2.0 D163 AUTO 4WD MHEV,24.490 €,2021,65.000 km,Híbrido,163 cv,Barcelona,2026-05-07 12:22:40,ECO,https://www.coches.net/land-rover-range-rover-evoque-20-d163-auto-4wd-mhev-5p-electrico-hibrido-2021-en-barcelona-70485758-covo.aspx
SEAT,SEAT Ateca 2.0 TDI SS Style,20.900 €,2022,60.100 km,Diesel,116 cv,Gipuzkoa,2026-05-07 12:22:40,C,https://www.coches.net/seat-ateca-20-tdi-85kw-115cv-ss-style-5p-diesel-2022-en-guipuzcoa-70485906-covo.aspx
MINI,MINI COUNTRYMAN Cooper S,18.490 €,2017,76.000 km,Gasolina,192 cv,Barcelona,2026-05-07 12:22:40,C,https://www.coches.net/mini-countryman-cooper-s-5p-gasolina-2018-en-barcelona-70485928-covo.aspx
FORD,FORD Tourneo Courier 1.0 EcoBoost Ambiente,11.490 €,2017,63.000 km,Gasolina,100 cv,Barcelona,2026-05-07 12:22:40,C,https://www.coches.net/ford-tourneo-courier-10-ecoboost-74kw-100cv-ambiente-5p-gasolina-2017-en-barcelona-70485930-covo.aspx
MASERATI,MASERATI Ghibli S 3.0 V6 BT RWD,29.990 €,2014,73.000 km,Gasolina,410 cv,Barcelona,2026-05-07 12:22:40,C,https://www.coches.net/maserati-ghibli-s-30-v6-bt-410cv-rwd-4p-gasolina-2015-en-barcelona-70485931-covo.aspx
SKODA,SKODA Spaceback 1.4 TDI CR Style Spaceback,10.650 €,2018,146.000 km,Diesel,90 cv,Sevilla,2026-05-07 12:22:40,C,https://www.coches.net/skoda-spaceback-14-tdi-cr-66kw-90cv-style-spaceback-5p-diesel-2018-en-sevilla-70486077-covo.aspx
SEAT,SEAT Ibiza 1.0 TSI FR XS,19.400 €,2025,21.200 km,Gasolina,115 cv,Barcelona,2026-05-07 12:22:40,C,https://www.coches.net/seat-ibiza-10-tsi-85kw-115cv-fr-xs-5p-gasolina-2025-en-barcelona-70486140-covo.aspx
MERCEDES-BENZ,MERCEDES-BENZ GLC GLC 300 de 4MATIC,70.900 €,2026,10 km,Híbrido enchufable,333 cv,La Rioja,2026-05-07 12:22:40,CERO,https://www.coches.net/km-0/mercedes-benz/glc/la-rioja/glc-300-de-4matic-electrico-hibrido-de-km0-70486282-kovn.aspx
KIA,KIA Rio 1.0 TGDi MHEV Drive Pack Sport DCT,14.890 €,2021,130.333 km,Híbrido,120 cv,Cádiz,2026-05-07 12:22:40,ECO,https://www.coches.net/kia-rio-10-tgdi-88kw-mhev-drive-pack-sport-dct-5p-electrico-hibrido-2022-en-cadiz-70486288-covo.aspx
MERCEDES-BENZ,MERCEDES-BENZ CLE CLE 220 d Coupe,52.900 €,2024,16.243 km,Híbrido,197 cv,La Rioja,2026-05-07 12:22:40,ECO,https://www.coches.net/mercedes-benz-cle-cle-220-d-coupe-2p-electrico-hibrido-2025-en-la-rioja-70486380-covo.aspx
VOLVO,VOLVO XC90 2.0 T8 AWD Recharge Inscription Auto,38.900 €,2021,115.000 km,Híbrido enchufable,390 cv,Barcelona,2026-05-07 12:22:40,CERO,https://www.coches.net/volvo-xc90-20-t8-awd-recharge-inscription-auto-5p-electrico-hibrido-2022-en-barcelona-70486979-covo.aspx
VOLVO,VOLVO V60 Cross Country 2.0 B4 D AWD Cross Country Core Auto,32.900 €,2022,99.900 km,Híbrido,197 cv,Madrid,2026-05-07 12:22:40,ECO,https://www.coches.net/volvo-v60-cross-country-20-b4-d-awd-cross-country-core-auto-5p-electrico-hibrido-2023-en-madrid-70487943-covo.aspx
DACIA,DACIA Sandero Stepway Expression TCe,16.600 €,2025,13.000 km,Gasolina,91 cv,Madrid,2026-05-07 12:22:40,C,https://www.coches.net/dacia-sandero-stepway-expression-tce-67kw-90cv-5p-gasolina-2024-en-madrid-70487988-covo.aspx
SKODA,SKODA Kodiaq 1.5 TSI DSG mHEV Selection,33.900 €,2025,15.115 km,Híbrido,150 cv,Gipuzkoa,2026-05-07 12:22:40,ECO,https://www.coches.net/skoda-kodiaq-15-tsi-110kw-dsg-mhev-selection-5p-electrico-hibrido-2025-en-guipuzcoa-70488627-covo.aspx
SEAT,SEAT Ibiza 1.0 TSI FR Salta,18.900 €,2025,16.014 km,Gasolina,115 cv,Gipuzkoa,2026-05-07 12:22:40,C,https://www.coches.net/seat-ibiza-10-tsi-85kw-115cv-fr-salta-5p-gasolina-2025-en-guipuzcoa-70488628-covo.aspx
SEAT,SEAT Arona 1.0 TSI Style Special Edition,18.900 €,2025,19.951 km,Gasolina,115 cv,Gipuzkoa,2026-05-07 12:22:40,C,https://www.coches.net/seat-arona-10-tsi-85kw-style-special-edition-5p-gasolina-2025-en-guipuzcoa-70488633-covo.aspx
SEAT,SEAT Ibiza 1.0 TSI Special Edition Xcellence,17.900 €,2025,10.980 km,Gasolina,115 cv,Gipuzkoa,2026-05-07 12:22:40,C,https://www.coches.net/seat-ibiza-10-tsi-85kw-special-edition-xcellence-5p-gasolina-2025-en-guipuzcoa-70488644-covo.aspx
SEAT,SEAT Ibiza 1.0 TSI FR Salta,18.900 €,2025,13.965 km,Gasolina,115 cv,Gipuzkoa,2026-05-07 12:22:40,C,https://www.coches.net/seat-ibiza-10-tsi-85kw-115cv-fr-salta-5p-gasolina-2025-en-guipuzcoa-70488659-covo.aspx
SKODA,SKODA Karoq 1.5 TSI ACT Selection,26.900 €,2025,1886 km,Gasolina,150 cv,Gipuzkoa,2026-05-07 12:22:40,C,https://www.coches.net/skoda-karoq-15-tsi-110kw-150cv-act-selection-5p-gasolina-2025-en-guipuzcoa-70488663-covo.aspx
SKODA,SKODA Scala 1.0 TSI 115 CV SELECTION,20.900 €,2025,11.688 km,Gasolina,115 cv,Gipuzkoa,2026-05-07 12:22:40,C,https://www.coches.net/skoda-scala-10-tsi-85kw-115-cv-selection-5p-gasolina-2025-en-guipuzcoa-70488664-covo.aspx
SEAT,SEAT Ibiza 1.0 MPI Style XL,15.900 €,2025,24.660 km,Gasolina,80 cv,Gipuzkoa,2026-05-07 12:22:40,C,https://www.coches.net/seat-ibiza-10-mpi-59kw-80cv-style-xl-5p-gasolina-2025-en-guipuzcoa-70488665-covo.aspx
SKODA,SKODA Kamiq 1.0 TSI DSG SELECTION,22.900 €,2025,11.274 km,Gasolina,115 cv,Gipuzkoa,2026-05-07 12:22:40,C,https://www.coches.net/skoda-kamiq-10-tsi-85kw-115cv-dsg-selection-5p-gasolina-2025-en-guipuzcoa-70488666-covo.aspx
SKODA,SKODA Kodiaq 1.5 TSI DSG mHEV Selection,33.900 €,2025,10.159 km,Híbrido,150 cv,Gipuzkoa,2026-05-07 12:22:40,ECO,https://www.coches.net/skoda-kodiaq-15-tsi-110kw-dsg-mhev-selection-5p-electrico-hibrido-2025-en-guipuzcoa-70488668-covo.aspx
FIAT,FIAT 500C 1.2 8v 69 CV Lounge,9.900 €,2015,91.600 km,Gasolina,69 cv,Valencia,2026-05-07 12:22:40,C,https://www.coches.net/fiat-500c-12-8v-69-cv-lounge-2p-gasolina-2010-en-valencia-70489055-covo.aspx
CUPRA,CUPRA León SP 1.5 eTSI DSG,27.900 €,2024,22.200 km,Híbrido,150 cv,Barcelona,2026-05-07 12:22:40,ECO,https://www.coches.net/cupra-leon-sp-15-etsi-110kw-150cv-dsg-5p-electrico-hibrido-2025-en-barcelona-70489279-covo.aspx
MERCEDES-BENZ,MERCEDES-BENZ Clase G MercedesAMG G 63,175.000 €,2019,78.000 km,Gasolina,585 cv,Murcia,2026-05-07 12:22:40,C,https://www.coches.net/mercedes-benz-clase-g-mercedesamg-g-63-5p-gasolina-2019-en-murcia-70489716-covo.aspx
KIA,KIA Sportage 1.6 MHEV Business 4x2,15.990 €,2021,169.596 km,Híbrido,136 cv,Madrid,2026-05-07 12:22:40,ECO,https://www.coches.net/kia-sportage-16-mhev-business-100kw-136cv-4x2-5p-electrico-hibrido-2020-en-madrid-70489864-covo.aspx
HYUNDAI,HYUNDAI i10 1.0 Klass,7.490 €,2016,142.158 km,Gasolina,66 cv,Madrid,2026-05-07 12:22:40,C,https://www.coches.net/hyundai-i10-10-klass-5p-gasolina-2015-en-madrid-70489866-covo.aspx
VOLKSWAGEN,VOLKSWAGEN T-Roc R 2.0 TSI 4Motion DSG,42.900 €,2024,22.600 km,Gasolina,300 cv,Barcelona,2026-05-07 12:22:40,C,https://www.coches.net/volkswagen-t-roc-r-20-tsi-221kw-300cv-4motion-dsg-5p-gasolina-2024-en-barcelona-70490177-covo.aspx
BMW,BMW X1 sDrive20d,41.990 €,2025,10.800 km,Híbrido,163 cv,Valencia,2026-05-07 12:22:40,ECO,https://www.coches.net/bmw-x1-sdrive20d-5p-electrico-hibrido-2025-en-valencia-70492100-covo.aspx
AUDI,AUDI R8 Spyder 5.2 FSI quattro S tronic,114.990 €,2018,35.840 km,Gasolina,540 cv,Valencia,2026-05-07 12:22:40,C,https://www.coches.net/audi-r8-spyder-52-fsi-397kw-quattro-s-tronic-2p-gasolina-2018-en-valencia-70492101-covo.aspx
MERCEDES-BENZ,MERCEDES-BENZ Clase GLA MercedesAMG GLA 45 4MATIC,27.990 €,2019,141.300 km,Gasolina,381 cv,Valencia,2026-05-07 12:22:40,C,https://www.coches.net/mercedes-benz-clase-gla-mercedesamg-gla-45-4matic-5p-gasolina-2018-en-valencia-70492102-covo.aspx
PEUGEOT,PEUGEOT 5008 1.2 PureTech SS Allure,19.900 €,2022,138.000 km,Gasolina,130 cv,Lugo,2026-05-07 12:22:40,C,https://www.coches.net/peugeot-5008-12-puretech-96kw-130cv-ss-allure-5p-gasolina-2022-en-lugo-70494942-covo.aspx
CITROEN,CITROEN C4 PureTech 130 SS 6v You,14.900 €,2024,68.600 km,Gasolina,131 cv,Lugo,2026-05-07 12:22:40,C,https://www.coches.net/citroen-c4-puretech-130-ss-6v-you-5p-gasolina-2024-en-lugo-70495327-covo.aspx
HYUNDAI,HYUNDAI Tucson 1.6 TGDI HEV Maxx Auto,19.490 €,2021,156.985 km,Híbrido,230 cv,Madrid,2026-05-07 12:22:40,ECO,https://www.coches.net/hyundai-tucson-16-tgdi-169kw-230cv-hev-maxx-auto-5p-electrico-hibrido-2021-en-madrid-70498387-covo.aspx
FORD,FORD Focus 1.0 Ecoboost Trend Edition,9.990 €,2018,91.837 km,Gasolina,125 cv,Madrid,2026-05-07 12:22:40,C,https://www.coches.net/ford-focus-10-ecoboost-92kw-trend-edition-5p-gasolina-2019-en-madrid-70498773-covo.aspx
PEUGEOT,PEUGEOT 308 Allure 1.5 BlueHDi,8.990 €,2018,177.109 km,Diesel,130 cv,Madrid,2026-05-07 12:22:40,C,https://www.coches.net/peugeot-308-5p-allure-15-bluehdi-96kw-130cv-5p-diesel-2018-en-madrid-70498774-covo.aspx
KIA,KIA Rio 1.2 CVVT Concept,9.490 €,2017,155.794 km,Gasolina,84 cv,Madrid,2026-05-07 12:22:40,C,https://www.coches.net/kia-rio-12-cvvt-62kw-84cv-concept-5p-gasolina-2017-en-madrid-70498775-covo.aspx
NISSAN,NISSAN Pixo 1.0G ACENTA PACK SAFETY,4.990 €,2011,118.190 km,Gasolina,68 cv,Madrid,2026-05-07 12:22:40,C,https://www.coches.net/nissan-pixo-5p-10g-68cv-acenta-pack-safety-5p-gasolina-2011-en-madrid-70498776-covo.aspx
MERCEDES-BENZ,MERCEDES-BENZ Clase C C 200 d,26.900 €,2020,113.133 km,Diesel,160 cv,La Rioja,2026-05-07 12:22:40,C,https://www.coches.net/mercedes-benz-clase-c-c-200-d-4p-diesel-2020-en-la-rioja-70498779-covo.aspx
HYUNDAI,HYUNDAI i20 1.2 MPI 25 Aniversario,8.900 €,2017,112.936 km,Gasolina,84 cv,Valencia,2026-05-07 12:22:40,C,https://www.coches.net/hyundai-i20-12-mpi-25-aniversario-5p-gasolina-2015-en-valencia-70499885-covo.aspx
OPEL,OPEL Combo Life 1.5 TD SS Edition L,12.990 €,2022,160.900 km,Diesel,102 cv,Bizkaia,2026-05-07 12:22:40,C,https://www.coches.net/opel-combo-life-15-td-75kw-100cv-ss-edition-l-5p-diesel-2022-en-vizcaya-70500045-covo.aspx
MERCEDES-BENZ,MERCEDES-BENZ Clase C C 220 BlueTEC,11.500 €,2014,230.569 km,Diesel,170 cv,Valencia,2026-05-07 12:22:40,B,https://www.coches.net/mercedes-benz-clase-c-c-220-bluetec-4p-diesel-2015-en-valencia-70500462-covo.aspx
MERCEDES-BENZ,MERCEDES-BENZ Clase A A 180,31.990 €,2025,17.340 km,Híbrido,136 cv,Jaén,2026-05-07 12:22:40,ECO,https://www.coches.net/mercedes-benz-clase-a-a-180-5p-electrico-hibrido-2025-en-jaen-70500623-covo.aspx
MERCEDES-BENZ,MERCEDES-BENZ Clase A A 180,31.990 €,2025,22.960 km,Híbrido,136 cv,Jaén,2026-05-07 12:22:40,ECO,https://www.coches.net/mercedes-benz-clase-a-a-180-5p-electrico-hibrido-2025-en-jaen-70500624-covo.aspx
AUDI,AUDI A3 Sportback S line 40 TFSI e S tron,31.490 €,2022,63.264 km,Híbrido enchufable,204 cv,Madrid,2026-05-07 12:22:40,CERO,https://www.coches.net/audi-a3-sportback-s-line-40-tfsi-e-150kw-s-tron-5p-electrico-hibrido-2022-en-madrid-70500632-covo.aspx
PORSCHE,PORSCHE 911 Carrera,179.900 €,2025,6500 km,Gasolina,394 cv,Málaga,2026-05-07 12:22:40,C,https://www.coches.net/porsche-911-carrera-2p-gasolina-2025-en-malaga-70501117-covo.aspx
VOLKSWAGEN,VOLKSWAGEN Tiguan RLine 1.5 TSI DSG,31.700 €,2021,32.600 km,Gasolina,150 cv,Zaragoza,2026-05-07 12:22:40,C,https://www.coches.net/volkswagen-tiguan-rline-15-tsi-110kw-150cv-dsg-5p-gasolina-2021-en-zaragoza-70507847-covo.aspx
VOLKSWAGEN,VOLKSWAGEN Tiguan 1.4 TSI 4x4 Sport,12.300 €,2014,118.000 km,Gasolina,160 cv,Madrid,2026-05-07 12:22:40,C,https://www.coches.net/volkswagen-tiguan-14-tsi-160cv-4x4-sport-5p-gasolina-2014-en-madrid-70573952-covo.aspx
BMW,BMW Serie 3 320d Auto.,25.990 €,2020,98.952 km,Híbrido,190 cv,Madrid,2026-05-07 12:22:40,ECO,https://www.coches.net/bmw-serie-3-320d-auto-4p-electrico-hibrido-2021-en-madrid-70569393-covo.aspx
OPEL,OPEL Astra 1.4 Turbo Dynamic ST,13.985 €,2019,81.813 km,Gasolina,125 cv,Sta. C. Tenerife,2026-05-07 12:22:40,C,https://www.coches.net/opel-astra-14-turbo-92kw-125cv-dynamic-st-5p-gasolina-2019-en-sta-c-tenerife-70561850-covo.aspx
SKODA,SKODA Octavia 2.0 TDI 115 CV Manual Ambition,15.900 €,2022,140.000 km,Diesel,115 cv,Badajoz,2026-05-07 12:22:40,C,https://www.coches.net/skoda-octavia-20-tdi-85kw-115-cv-manual-ambition-5p-diesel-2023-en-badajoz-70576541-covo.aspx
DACIA,DACIA Sandero Stepway Essential ECOG 120,17.990 €,2026,196 km,Gas licuado (GLP),122 cv,Valencia,2026-05-07 12:22:40,ECO,https://www.coches.net/dacia-sandero-stepway-essential-ecog-120-5p-otros-2025-en-valencia-70577834-covo.aspx
DACIA,DACIA Sandero Stepway Extreme ECOG 120,18.990 €,2026,1420 km,Gas licuado (GLP),122 cv,Madrid,2026-05-07 12:22:40,ECO,https://www.coches.net/km-0/dacia/sandero/madrid/stepway-extreme-ecog-120-otros-de-km0-70578400-kovn.aspx
PEUGEOT,PEUGEOT 208 Style HYBRID 100 eDCS6,17.490 €,2025,6424 km,Híbrido,100 cv,Madrid,2026-05-07 12:22:40,ECO,https://www.coches.net/km-0/peugeot/208/madrid/style-hybrid-100-edcs6-electrico-hibrido-de-km0-70578431-kovn.aspx
PEUGEOT,PEUGEOT 208 Style HYBRID 100 eDCS6,17.290 €,2025,9532 km,Híbrido,100 cv,Madrid,2026-05-07 12:22:40,ECO,https://www.coches.net/km-0/peugeot/208/madrid/style-hybrid-100-edcs6-electrico-hibrido-de-km0-70578433-kovn.aspx
FORD,FORD Fiesta 1.4 TDCi Trend,7.500 €,2011,76.609 km,Diesel,70 cv,Navarra,2026-05-07 12:22:40,UNKNOWN,https://www.coches.net/ford-fiesta-14-tdci-trend-5p-diesel-2011-en-navarra-70561493-covo.aspx
PEUGEOT,PEUGEOT 308 Style BlueHDi,10.490 €,2019,94.650 km,Diesel,100 cv,La Rioja,2026-05-07 12:22:40,C,https://www.coches.net/peugeot-308-5p-style-bluehdi-75kw-100cv-5p-diesel-2019-en-la-rioja-70564004-covo.aspx
PEUGEOT,PEUGEOT 308 Allure 1.6 BlueHDi 120,7.900 €,2015,210.000 km,Diesel,120 cv,Murcia,2026-05-07 12:22:40,C,https://www.coches.net/peugeot-308-5p-allure-16-bluehdi-120-5p-diesel-2015-en-murcia-70564698-covo.aspx
OPEL,OPEL Corsa 1.2T XHL GS,15.990 €,2025,19 km,Gasolina,100 cv,Madrid,2026-05-07 12:22:40,C,https://www.coches.net/opel-corsa-12t-xhl-74kw-100cv-gs-5p-gasolina-2023-en-madrid-70554926-covo.aspx
CITROEN,CITROEN C4 Picasso 1.6 VTi Business,5.990 €,2012,135.000 km,Gasolina,120 cv,Valencia,2026-05-07 12:22:40,C,https://www.coches.net/citroen-c4-picasso-16-vti-120cv-business-5p-gasolina-2010-en-valencia-70576309-covo.aspx
PEUGEOT,PEUGEOT 208 Style Puretech 100,14.900 €,2024,42.998 km,Gasolina,100 cv,Castellón,2026-05-07 12:22:40,C,https://www.coches.net/peugeot-208-style-puretech-100-5p-gasolina-2024-en-castellon-70554149-covo.aspx
PEUGEOT,PEUGEOT 208 Style Puretech 100,14.900 €,2024,54.000 km,Gasolina,100 cv,Castellón,2026-05-07 12:22:40,C,https://www.coches.net/peugeot-208-style-puretech-100-5p-gasolina-2024-en-castellon-70554154-covo.aspx
PEUGEOT,PEUGEOT 308 GT Pack Hybrid 225 eEAT8,22.490 €,2022,62.000 km,Híbrido enchufable,225 cv,Madrid,2026-05-07 12:22:40,CERO,https://www.coches.net/peugeot-308-5p-gt-pack-hybrid-225-eeat8-5p-electrico-hibrido-2021-en-madrid-70561450-covo.aspx
VOLKSWAGEN,VOLKSWAGEN Golf 1.6 TDI Advance Rabbit,8.900 €,2012,73.000 km,Diesel,90 cv,Castellón,2026-05-07 12:22:40,B,https://www.coches.net/volkswagen-golf-16-tdi-90cv-advance-rabbit-5p-diesel-2012-en-castellon-70566668-covo.aspx
OPEL,OPEL Corsa 1.2T XHL Hybrid YES eDCT,21.900 €,2026,2 km,Híbrido,110 cv,Asturias,2026-05-07 12:22:40,ECO,https://www.coches.net/km-0/opel/corsa/asturias/12t-xhl-hybrid-81kw-yes-edct-electrico-hibrido-de-km0-70572830-kovn.aspx
OPEL,OPEL Corsa 1.2T XHLHybrid GS eDCT,22.900 €,2026,2 km,Híbrido,110 cv,Asturias,2026-05-07 12:22:40,ECO,https://www.coches.net/km-0/opel/corsa/asturias/12t-xhlhybrid-81kw-gs-edct-electrico-hibrido-de-km0-70572890-kovn.aspx
VOLKSWAGEN,VOLKSWAGEN Golf Life 1.0 eTSI DSG Variant,15.490 €,2021,138.935 km,Híbrido,110 cv,Madrid,2026-05-07 12:22:40,ECO,https://www.coches.net/volkswagen-golf-life-10-etsi-81kw-110cv-dsg-variant-5p-electrico-hibrido-2021-en-madrid-70571761-covo.aspx
KIA,KIA Sportage 1.6 MHEV Black Edition 4x2,15.990 €,2021,115.596 km,Híbrido,136 cv,Sevilla,2026-05-07 12:22:40,ECO,https://www.coches.net/kia-sportage-16-mhev-black-edition-100kw-136cv-4x2-5p-electrico-hibrido-2021-en-sevilla-70577921-covo.aspx
BMW,BMW Serie 1 120d,23.500 €,2021,160.353 km,Diesel,190 cv,Pontevedra,2026-05-07 12:22:40,UNKNOWN,https://www.coches.net/bmw-serie-1-120d-5p-diesel-2022-en-pontevedra-70555231-covo.aspx
RENAULT,RENAULT Clio Techno TCe 90,16.990 €,2025,20.293 km,Gasolina,90 cv,Málaga,2026-05-07 12:22:40,C,https://www.coches.net/renault-clio-techno-tce-90-67kw-5p-gasolina-2025-en-malaga-70546281-covo.aspx
VOLKSWAGEN,VOLKSWAGEN Golf RLine 1.5 TSI,22.499 €,2021,69.000 km,Gasolina,130 cv,Huesca,2026-05-07 12:22:40,C,https://www.coches.net/volkswagen-golf-rline-15-tsi-96kw-130cv-5p-gasolina-2022-en-huesca-70569215-covo.aspx
SEAT,SEAT León SP 1.4 eHybrid DSG SS Xcellence Go L,17.490 €,2021,93.215 km,Híbrido enchufable,204 cv,Madrid,2026-05-07 12:22:40,CERO,https://www.coches.net/seat-leon-sp-14-ehybrid-dsg-ss-xcellence-go-l-5p-electrico-hibrido-2021-en-madrid-70571860-covo.aspx
DACIA,DACIA Sandero Expression ECOG,15.200 €,2024,48.566 km,Gas licuado (GLP),101 cv,Barcelona,2026-05-07 12:22:40,ECO,https://www.coches.net/dacia-sandero-expression-74kw-100cv-ecog-5p-otros-2023-en-barcelona-70578627-covo.aspx
AUDI,AUDI A3 Sportback Advanced 30 TDI,19.990 €,2021,119.248 km,Diesel,116 cv,Murcia,2026-05-07 12:22:40,C,https://www.coches.net/audi-a3-sportback-advanced-30-tdi-85kw-116cv-5p-diesel-2021-en-murcia-70566731-covo.aspx
SEAT,SEAT Ibiza SC 1.8 TSI Cupra,16.099 €,2017,70.726 km,Gasolina,192 cv,Barcelona,2026-05-07 12:22:40,C,https://www.coches.net/seat-ibiza-sc-18-tsi-192cv-cupra-3p-gasolina-2016-en-barcelona-70565358-covo.aspx
MINI,MINI MINI ONE CABRIO,19.200 €,2020,79.578 km,Gasolina,102 cv,Málaga,2026-05-07 12:22:40,C,https://www.coches.net/mini-mini-one-cabrio-2p-gasolina-2020-en-malaga-70572954-covo.aspx
MERCEDES-BENZ,MERCEDES-BENZ Clase E E 220 CDI Blue Efficiency,7.990 €,2012,281.841 km,Diesel,170 cv,Barcelona,2026-05-07 12:22:40,B,https://www.coches.net/mercedes-benz-clase-e-e-220-cdi-blue-efficiency-4p-diesel-2012-en-barcelona-70559859-covo.aspx
PEUGEOT,PEUGEOT 3008 1.5 BlueHDi SS Active Pack,17.400 €,2022,46.430 km,Diesel,130 cv,Madrid,2026-05-07 12:22:40,C,https://www.coches.net/peugeot-3008-15-bluehdi-96kw-130cv-ss-active-pack-5p-diesel-2022-en-madrid-70572634-covo.aspx
PEUGEOT,PEUGEOT 3008 1.5 BlueHDi SS GT Line,17.900 €,2020,74.000 km,Diesel,130 cv,Madrid,2026-05-07 12:22:40,C,https://www.coches.net/peugeot-3008-15-bluehdi-96kw-130cv-ss-gt-line-5p-diesel-2020-en-madrid-70578156-covo.aspx
MINI,MINI MINI COOPER S 5 PUERTAS,22.950 €,2020,97.000 km,Gasolina,192 cv,Barcelona,2026-05-07 12:22:40,C,https://www.coches.net/mini-mini-cooper-s-5-puertas-5p-gasolina-2021-en-barcelona-70561684-covo.aspx
VOLKSWAGEN,VOLKSWAGEN Tiguan 2.0 TDI DSG 4x4 Sport BMotion Tech,9.948 €,2013,209.061 km,Diesel,140 cv,Alicante,2026-05-07 12:22:40,B,https://www.coches.net/volkswagen-tiguan-20-tdi-140cv-dsg-4x4-sport-bmotion-tech-5p-diesel-2014-en-alicante-70577754-covo.aspx
FORD,FORD Focus 1.0 Ecoboost MHEV STLine X,22.900 €,2023,41.238 km,Híbrido,155 cv,Bizkaia,2026-05-07 12:22:40,UNKNOWN,https://www.coches.net/ford-focus-10-ecoboost-mhev-114kw-stline-x-5p-electrico-hibrido-2023-en-vizcaya-70554276-covo.aspx
NISSAN,NISSAN QASHQAI DIGT 140 CV E6D NCONNECTA,17.990 €,2019,65.643 km,Gasolina,140 cv,Córdoba,2026-05-07 12:22:40,C,https://www.coches.net/nissan-qashqai-digt-103-kw-140-cv-e6d-nconnecta-5p-gasolina-2018-en-cordoba-70564609-covo.aspx
MERCEDES-BENZ,MERCEDES-BENZ Clase A A 200 d,26.199 €,2020,24.789 km,Diesel,150 cv,Madrid,2026-05-07 12:22:40,C,https://www.coches.net/mercedes-benz-clase-a-a-200-d-5p-diesel-2020-en-madrid-70564161-covo.aspx
MERCEDES-BENZ,MERCEDES-BENZ Clase A A 180 d,31.900 €,2022,40.650 km,Diesel,116 cv,Madrid,2026-05-07 12:22:40,C,https://www.coches.net/mercedes-benz-clase-a-a-180-d-5p-diesel-2022-en-madrid-70565043-covo.aspx
MERCEDES-BENZ,MERCEDES-BENZ Clase A A 200,21.799 €,2019,62.693 km,Gasolina,163 cv,Barcelona,2026-05-07 12:22:40,C,https://www.coches.net/mercedes-benz-clase-a-a-200-5p-gasolina-2018-en-barcelona-70565359-covo.aspx
PEUGEOT,PEUGEOT 208 ALLURE 1.2L PureTech SS,10.950 €,2018,60.255 km,Gasolina,110 cv,Girona,2026-05-07 12:22:40,C,https://www.coches.net/peugeot-208-5p-allure-12l-puretech-81kw-110cv-ss-5p-gasolina-2017-en-girona-70572172-covo.aspx
CITROEN,CITROEN C3 BlueHDi Plus,14.350 €,2024,57.241 km,Diesel,102 cv,Baleares,2026-05-07 12:22:40,C,https://www.coches.net/citroen-c3-bluehdi-75kw-100cv-plus-5p-diesel-2023-en-baleares-70564379-covo.aspx
CITROEN,CITROEN C4 PureTech 100 SS 6v Live Pack,13.890 €,2023,30.983 km,Gasolina,100 cv,Valencia,2026-05-07 12:22:40,C,https://www.coches.net/citroen-c4-puretech-100-ss-6v-live-pack-5p-gasolina-2023-en-valencia-70520791-covo.aspx
PEUGEOT,PEUGEOT 208 PureTech EAT8 Allure Pack,14.199 €,2021,66.356 km,Gasolina,100 cv,Barcelona,2026-05-07 12:22:40,C,https://www.coches.net/peugeot-208-puretech-73kw-100cv-eat8-allure-pack-5p-gasolina-2020-en-barcelona-70553527-covo.aspx
HYUNDAI,HYUNDAI Tucson 1.6 CRDI Essence 4X2,16.990 €,2019,88.681 km,Diesel,116 cv,Madrid,2026-05-07 12:22:40,C,https://www.coches.net/hyundai-tucson-16-crdi-85kw-116cv-essence-4x2-5p-diesel-2018-en-madrid-70578569-covo.aspx
HYUNDAI,HYUNDAI Tucson 1.6 CRDI 48V Maxx DCT,18.990 €,2022,125.043 km,Híbrido,136 cv,Madrid,2026-05-07 12:22:40,C,https://www.coches.net/hyundai-tucson-16-crdi-100kw-136cv-48v-maxx-dct-5p-electrico-hibrido-2022-en-madrid-70578592-covo.aspx
RENAULT,RENAULT Clio techno EcoG,21.490 €,2025,14.000 km,Gas licuado (GLP),100 cv,Cádiz,2026-05-07 12:22:40,UNKNOWN,https://www.coches.net/renault-clio-techno-ecog-100cv-74kw-5p-otros-2025-en-cadiz-70577808-covo.aspx
OPEL,OPEL Corsa 1.2T XHL Elegance Auto,12.490 €,2022,93.194 km,Gasolina,100 cv,Madrid,2026-05-07 12:22:40,C,https://www.coches.net/opel-corsa-12t-xhl-74kw-100cv-elegance-auto-5p-gasolina-2022-en-madrid-70521115-covo.aspx
HYUNDAI,HYUNDAI Tucson 1.6 CRDI Essence 4X2,14.900 €,2019,191.000 km,Diesel,116 cv,Sevilla,2026-05-07 12:22:40,C,https://www.coches.net/hyundai-tucson-16-crdi-85kw-116cv-essence-4x2-5p-diesel-2018-en-sevilla-70558894-covo.aspx
VOLKSWAGEN,VOLKSWAGEN Polo APolo Plus 1.2 TSI BMT,10.990 €,2017,110.000 km,Gasolina,90 cv,Las Palmas,2026-05-07 12:22:40,UNKNOWN,https://www.coches.net/volkswagen-polo-apolo-plus-12-tsi-66kw-90cv-bmt-5p-gasolina-2017-en-las-palmas-70560411-covo.aspx
TOYOTA,TOYOTA Corolla 1.8 125H BUSINESS PLUS ECVT,18.490 €,2021,83.764 km,Híbrido,122 cv,Lugo,2026-05-07 12:22:40,ECO,https://www.coches.net/toyota-corolla-18-125h-business-plus-ecvt-5p-electrico-hibrido-2021-en-lugo-70563948-covo.aspx
TOYOTA,TOYOTA Corolla 1.8 125H BUSINESS ECVT,18.990 €,2022,46.000 km,Híbrido,122 cv,Sta. C. Tenerife,2026-05-07 12:22:40,ECO,https://www.coches.net/toyota-corolla-18-125h-business-ecvt-5p-electrico-hibrido-2022-en-sta-c-tenerife-70565163-covo.aspx
VOLKSWAGEN,VOLKSWAGEN Passat Advance 2.0 TDI Variant,14.999 €,2019,169.000 km,Diesel,150 cv,Sevilla,2026-05-07 12:22:40,C,https://www.coches.net/volkswagen-passat-advance-20-tdi-110kw-150cv-variant-5p-diesel-2019-en-sevilla-70558902-covo.aspx
BMW,BMW Serie 1 116d,17.999 €,2018,137.000 km,Diesel,116 cv,Cádiz,2026-05-07 12:22:40,UNKNOWN,https://www.coches.net/bmw-serie-1-116d-5p-diesel-2019-en-cadiz-70564335-covo.aspx
RENAULT,RENAULT Talisman Business Blue dCi 120 CV,13.800 €,2021,160.000 km,Diesel,120 cv,Sevilla,2026-05-07 12:22:40,C,https://www.coches.net/renault-talisman-business-blue-dci-88-kw-120-cv-4p-diesel-2019-en-sevilla-70569648-covo.aspx
DACIA,DACIA Sandero Stepway Expression ECOG,16.490 €,2025,12.000 km,Gas licuado (GLP),101 cv,Cádiz,2026-05-07 12:22:40,UNKNOWN,https://www.coches.net/dacia-sandero-stepway-expression-74kw-100cv-ecog-5p-otros-2024-en-cadiz-70577813-covo.aspx
CITROEN,CITROEN C3 PureTech Feel,10.750 €,2023,62.153 km,Gasolina,83 cv,Madrid,2026-05-07 12:22:40,C,https://www.coches.net/citroen-c3-puretech-60kw-83cv-feel-5p-gasolina-2022-en-madrid-70526735-covo.aspx
CITROEN,CITROEN C3 PureTech Feel,10.750 €,2023,67.011 km,Gasolina,83 cv,Madrid,2026-05-07 12:22:40,C,https://www.coches.net/citroen-c3-puretech-60kw-83cv-feel-5p-gasolina-2022-en-madrid-70526739-covo.aspx
OPEL,OPEL Corsa 1.3 ecoFLEX 95 CV Selective,4.699 €,2013,186.500 km,Diesel,95 cv,Alicante,2026-05-07 12:22:40,UNKNOWN,https://www.coches.net/opel-corsa-13-ecoflex-95-cv-selective-3p-diesel-2013-en-alicante-70573093-covo.aspx
MINI,MINI MINI ONE,11.599 €,2019,104.382 km,Gasolina,102 cv,Sevilla,2026-05-07 12:22:40,C,https://www.coches.net/mini-mini-one-3p-gasolina-2019-en-sevilla-70550242-covo.aspx
NISSAN,NISSAN Micra IGT E6DF CVT Acenta Sprint,14.990 €,2023,59.443 km,Gasolina,92 cv,Madrid,2026-05-07 12:22:40,C,https://www.coches.net/nissan-micra-igt-68kw-92cv-e6df-cvt-acenta-sprint-5p-gasolina-2022-en-madrid-70566348-covo.aspx
HYUNDAI,HYUNDAI i20 1.0 TGDI Essence LE,14.500 €,2020,86.802 km,Gasolina,100 cv,Toledo,2026-05-07 12:22:40,C,https://www.coches.net/hyundai-i20-10-tgdi-74kw-100cv-essence-le-5p-gasolina-2019-en-toledo-70569317-covo.aspx
VOLKSWAGEN,VOLKSWAGEN Polo Advance 1.0 TSI,13.490 €,2021,91.630 km,Gasolina,95 cv,Madrid,2026-05-07 12:22:40,C,https://www.coches.net/volkswagen-polo-advance-10-tsi-70kw-95cv-5p-gasolina-2021-en-madrid-70517394-covo.aspx
NISSAN,NISSAN QASHQAI 1.6 dCi SS TEKNA PREM 4x2 18 Piel 360,7.999 €,2012,216.000 km,Diesel,130 cv,Sevilla,2026-05-07 12:22:40,B,https://www.coches.net/nissan-qashqai-16-dci-ss-tekna-prem-4x2-18-piel-360-5p-diesel-2012-en-sevilla-70553386-covo.aspx
OPEL,OPEL Insignia GS 1.5 Turbo XFL 120 Aniversario,16.890 €,2020,45.164 km,Gasolina,140 cv,Málaga,2026-05-07 12:22:40,C,https://www.coches.net/opel-insignia-gs-15-turbo-xfl-120-aniversario-5p-gasolina-2020-en-malaga-70555262-covo.aspx
PEUGEOT,PEUGEOT 3008 1.2 PURETECH ALLURE SS,10.990 €,2018,151.477 km,Gasolina,130 cv,Madrid,2026-05-07 12:22:40,C,https://www.coches.net/peugeot-3008-12-puretech-96kw-130cv-allure-ss-5p-gasolina-2017-en-madrid-70571878-covo.aspx
AUDI,AUDI Q5 3.0 TDI quattro S tronic,14.999 €,2010,151.200 km,Diesel,240 cv,Sevilla,2026-05-07 12:22:40,B,https://www.coches.net/audi-q5-30-tdi-240cv-quattro-s-tronic-5p-diesel-2011-en-sevilla-70577992-covo.aspx
BMW,BMW Serie 3 320i Auto.,27.800 €,2020,104.300 km,Gasolina,184 cv,Murcia,2026-05-07 12:22:40,C,https://www.coches.net/bmw-serie-3-320i-auto-4p-gasolina-2021-en-murcia-70563964-covo.aspx
FORD,FORD Fiesta 1.1 TiVCT Trend,13.890 €,2019,36.567 km,Gasolina,85 cv,Madrid,2026-05-07 12:22:40,C,https://www.coches.net/ford-fiesta-11-tivct-63kw-trend-5p-5p-gasolina-2019-en-madrid-70527841-covo.aspx
MERCEDES-BENZ,MERCEDES-BENZ Clase A A 180 Sedan,35.700 €,2025,3 km,Híbrido,136 cv,Barcelona,2026-05-07 12:22:40,ECO,https://www.coches.net/km-0/mercedes-benz/clase-a/barcelona/a-180-sedan-electrico-hibrido-de-km0-70569504-kovn.aspx
MERCEDES-BENZ,MERCEDES-BENZ Clase A A 200 d,19.900 €,2018,143.000 km,Diesel,150 cv,A Coruña,2026-05-07 12:22:40,C,https://www.coches.net/mercedes-benz-clase-a-a-200-d-5p-diesel-2018-en-a-coruna-70569793-covo.aspx
TOYOTA,TOYOTA Corolla 1.8 125H ACTIVE TECH ECVT SEDAN,20.700 €,2022,70.466 km,Híbrido,122 cv,Madrid,2026-05-07 12:22:40,ECO,https://www.coches.net/toyota-corolla-18-125h-active-tech-ecvt-sedan-4p-electrico-hibrido-2022-en-madrid-70560440-covo.aspx
RENAULT,RENAULT Mégane Limited Energy dCi 110 SS Euro 6,10.990 €,2016,90.000 km,Diesel,110 cv,A Coruña,2026-05-07 12:22:40,UNKNOWN,https://www.coches.net/renault-megane-limited-energy-dci-110-ss-euro-6-5p-diesel-2015-en-a-coruna-70575173-covo.aspx
BMW,BMW Serie 1 118i,26.990 €,2024,36.594 km,Gasolina,136 cv,Navarra,2026-05-07 12:22:40,C,https://www.coches.net/bmw-serie-1-118i-5p-gasolina-2024-en-navarra-70578196-covo.aspx
SEAT,SEAT León ST 1.6 TDI StSp Style,8.390 €,2014,183.645 km,Diesel,105 cv,Barcelona,2026-05-07 12:22:40,C,https://www.coches.net/seat-leon-st-16-tdi-105cv-stsp-style-5p-diesel-2015-en-barcelona-70569011-covo.aspx
RENAULT,RENAULT Clio GT Energy TCe 120 EDC eco2 Euro 6,10.700 €,2015,130.000 km,Gasolina,120 cv,Barcelona,2026-05-07 12:22:40,C,https://www.coches.net/renault-clio-gt-energy-tce-120-edc-eco2-euro-6-5p-gasolina-2015-en-barcelona-70561484-covo.aspx
HYUNDAI,HYUNDAI i20 1.0 TGDI Klass,14.490 €,2024,84.037 km,Gasolina,100 cv,Madrid,2026-05-07 12:22:40,C,https://www.coches.net/hyundai-i20-10-tgdi-74kw-100cv-klass-5p-gasolina-2021-en-madrid-70564971-covo.aspx
SEAT,SEAT León 1.5 TSI StSp Xcellence,14.890 €,2019,113.650 km,Gasolina,150 cv,Bizkaia,2026-05-07 12:22:40,C,https://www.coches.net/seat-leon-15-tsi-110kw-150cv-stsp-xcellence-5p-gasolina-2019-en-vizcaya-70531751-covo.aspx
NISSAN,NISSAN QASHQAI dCi 4WD ACENTA,14.490 €,2019,135.000 km,Diesel,150 cv,Bizkaia,2026-05-07 12:22:40,C,https://www.coches.net/nissan-qashqai-dci-150cv-110kw-4wd-acenta-5p-diesel-2018-en-vizcaya-70535192-covo.aspx
KIA,KIA Sportage 1.6 CRDi Concept 4x2,22.590 €,2022,117.942 km,Diesel,115 cv,Madrid,2026-05-07 12:22:40,C,https://www.coches.net/kia-sportage-16-crdi-85kw-115cv-concept-4x2-5p-diesel-2022-en-madrid-70571754-covo.aspx
FORD,FORD Fiesta 1.0 EcoBoost STLine SS,13.350 €,2019,74.000 km,Gasolina,140 cv,Málaga,2026-05-07 12:22:40,C,https://www.coches.net/ford-fiesta-10-ecoboost-103kw-stline-ss-5p-5p-gasolina-2019-en-malaga-70528544-covo.aspx
MERCEDES-BENZ,MERCEDES-BENZ Clase A MercedesAMG A 35 4MATIC,37.500 €,2019,46.000 km,Gasolina,306 cv,Madrid,2026-05-07 12:22:40,C,https://www.coches.net/mercedes-benz-clase-a-mercedesamg-a-35-4matic-5p-gasolina-2020-en-madrid-70572664-covo.aspx
MERCEDES-BENZ,MERCEDES-BENZ Clase A A 250 e,39.950 €,2025,16.000 km,Híbrido enchufable,218 cv,Málaga,2026-05-07 12:22:40,CERO,https://www.coches.net/mercedes-benz-clase-a-a-250-e-5p-electrico-hibrido-2023-en-malaga-70577968-covo.aspx
TOYOTA,TOYOTA Yaris 1.5 125 SEdition,16.995 €,2023,54.000 km,Gasolina,125 cv,Las Palmas,2026-05-07 12:22:40,UNKNOWN,https://www.coches.net/toyota-yaris-15-125-sedition-5p-gasolina-2024-en-las-palmas-70566376-covo.aspx
SEAT,SEAT Ibiza 1.0 TSI Style Plus,15.390 €,2022,42.867 km,Gasolina,110 cv,Murcia,2026-05-07 12:22:40,C,https://www.coches.net/seat-ibiza-10-tsi-81kw-110cv-style-plus-5p-gasolina-2022-en-murcia-70563499-covo.aspx
SEAT,SEAT León ST 1.5 EcoTSI DSG7 SS FR,16.990 €,2019,84.027 km,Gasolina,150 cv,Madrid,2026-05-07 12:22:40,C,https://www.coches.net/seat-leon-st-15-ecotsi-110kw-150cv-dsg7-ss-fr-5p-gasolina-2019-en-madrid-70578336-covo.aspx
PEUGEOT,PEUGEOT 208 Allure Gasolina 100 SS 6 Vel. MAN,13.990 €,2025,16.805 km,Gasolina,100 cv,Madrid,2026-05-07 12:22:40,C,https://www.coches.net/peugeot-208-allure-gasolina-100-ss-6-vel-man-5p-gasolina-2024-en-madrid-70554941-covo.aspx
FIAT,FIAT Panda City Cross 1.0 Gse,10.490 €,2023,47.562 km,Híbrido,70 cv,Madrid,2026-05-07 12:22:40,ECO,https://www.coches.net/fiat-panda-city-cross-10-gse-51kw-70cv-5p-electrico-hibrido-2022-en-madrid-70573175-covo.aspx
CITROEN,CITROEN C4 Cactus PureTech 110 SS Shine Pack,8.990 €,2019,113.007 km,Gasolina,110 cv,Valencia,2026-05-07 12:22:40,C,https://www.coches.net/citroen-c4-cactus-puretech-110-ss-shine-pack-5p-gasolina-2019-en-valencia-70573493-covo.aspx
AUDI,AUDI A3 RS3 Sedan TFSI quattro S tronic,59.990 €,2022,48.000 km,Gasolina,400 cv,Las Palmas,2026-05-07 12:22:40,C,https://www.coches.net/audi-a3-rs3-sedan-tfsi-294kw-quattro-s-tronic-4p-gasolina-2023-en-las-palmas-70576039-covo.aspx
BMW,BMW Serie 1 116d,19.490 €,2023,65.484 km,Diesel,116 cv,Madrid,2026-05-07 12:22:40,C,https://www.coches.net/bmw-serie-1-116d-5p-diesel-2023-en-madrid-70537224-covo.aspx
VOLKSWAGEN,VOLKSWAGEN Polo Advance 1.0 TSI,10.500 €,2018,139.000 km,Gasolina,95 cv,Barcelona,2026-05-07 12:22:40,C,https://www.coches.net/volkswagen-polo-advance-10-tsi-70kw-95cv-5p-gasolina-2018-en-barcelona-70561290-covo.aspx
HYUNDAI,HYUNDAI Tucson 1.6 CRDI Maxx,19.490 €,2022,134.000 km,Diesel,115 cv,A Coruña,2026-05-07 12:22:40,UNKNOWN,https://www.coches.net/hyundai-tucson-16-crdi-85kw-115cv-maxx-5p-diesel-2022-en-a-coruna-70572249-covo.aspx
CITROEN,CITROEN C4 PureTech 130 SS 6v Max,15.900 €,2024,14.000 km,Gasolina,131 cv,Pontevedra,2026-05-07 12:22:40,C,https://www.coches.net/citroen-c4-puretech-130-ss-6v-max-5p-gasolina-2023-en-pontevedra-70551938-covo.aspx
SEAT,SEAT Ibiza 1.0 TSI Xcellence,18.900 €,2025,10.915 km,Gasolina,115 cv,Granada,2026-05-07 12:22:40,C,https://www.coches.net/seat-ibiza-10-tsi-85kw-xcellence-5p-gasolina-2025-en-granada-70552999-covo.aspx
SEAT,SEAT Ibiza 1.0 TSI FR XM,18.900 €,2025,16.665 km,Gasolina,115 cv,Granada,2026-05-07 12:22:40,C,https://www.coches.net/seat-ibiza-10-tsi-85kw-115cv-fr-xm-5p-gasolina-2025-en-granada-70553000-covo.aspx
PEUGEOT,PEUGEOT 3008 1.2 PureTech SS Allure Pack,17.700 €,2023,76.513 km,Gasolina,130 cv,Madrid,2026-05-07 12:22:40,C,https://www.coches.net/peugeot-3008-12-puretech-96kw-ss-allure-pack-5p-gasolina-2023-en-madrid-70571528-covo.aspx
CITROEN,CITROEN Berlingo Talla M BlueHDi 100 SS PLUS,20.990 €,2025,13.881 km,Diesel,102 cv,Barcelona,2026-05-07 12:22:40,C,https://www.coches.net/citroen-berlingo-talla-m-bluehdi-100-ss-plus-4p-diesel-2025-en-barcelona-70576889-covo.aspx
KIA,KIA Sportage 1.6 GDI Concept 4x2,10.800 €,2014,115.033 km,Gasolina,135 cv,La Rioja,2026-05-07 12:22:40,C,https://www.coches.net/kia-sportage-16-gdi-concept-4x2-5p-gasolina-2012-en-la-rioja-70578868-covo.aspx
MERCEDES-BENZ,MERCEDES-BENZ Clase A A 180 d,18.990 €,2019,139.000 km,Diesel,116 cv,Alicante,2026-05-07 12:22:40,C,https://www.coches.net/mercedes-benz-clase-a-a-180-d-5p-diesel-2018-en-alicante-70552979-covo.aspx
MERCEDES-BENZ,MERCEDES-BENZ Clase C C 200 Berlina,36.990 €,2024,32.539 km,Híbrido,204 cv,Málaga,2026-05-07 12:22:40,ECO,https://www.coches.net/mercedes-benz-clase-c-c-200-berlina-4p-electrico-hibrido-2024-en-malaga-70574367-covo.aspx
PEUGEOT,PEUGEOT 508 Allure PureTech 130 SS EAT8,18.490 €,2024,19.822 km,Gasolina,130 cv,Madrid,2026-05-07 12:22:40,C,https://www.coches.net/peugeot-508-5p-allure-puretech-130-ss-eat8-5p-gasolina-2024-en-madrid-70569261-covo.aspx
DACIA,DACIA Sandero Stepway Comfort TCe,12.490 €,2021,68.783 km,Gasolina,91 cv,Málaga,2026-05-07 12:22:40,C,https://www.coches.net/dacia-sandero-stepway-comfort-tce-67kw-90cv-5p-gasolina-2021-en-malaga-70538829-covo.aspx
DACIA,DACIA Sandero Stepway Expression TCe,14.499 €,2023,42.135 km,Gasolina,91 cv,Barcelona,2026-05-07 12:22:40,C,https://www.coches.net/dacia-sandero-stepway-expression-tce-67kw-90cv-5p-gasolina-2022-en-barcelona-70550054-covo.aspx
DACIA,DACIA Sandero Stepway Comfort TCE SS,10.699 €,2020,64.719 km,Gasolina,90 cv,Sevilla,2026-05-07 12:22:40,C,https://www.coches.net/dacia-sandero-stepway-comfort-tce-66kw-90cv--ss-5p-gasolina-2019-en-sevilla-70550269-covo.aspx
VOLKSWAGEN,VOLKSWAGEN Golf 2.0 TDI,20.890 €,2022,70.156 km,Diesel,115 cv,Barcelona,2026-05-07 12:22:40,C,https://www.coches.net/volkswagen-golf-20-tdi-85kw-115cv-5p-diesel-2022-en-barcelona-70559749-covo.aspx
PEUGEOT,PEUGEOT 208 GTi,11.999 €,2018,99.457 km,Gasolina,200 cv,Zaragoza,2026-05-07 12:22:40,C,https://www.coches.net/peugeot-208-gti-200cv-3p-gasolina-2014-en-zaragoza-70563493-covo.aspx
RENAULT,RENAULT Mégane Business Blue dCi,10.990 €,2019,115.000 km,Diesel,95 cv,Madrid,2026-05-07 12:22:40,C,https://www.coches.net/renault-megane-business-blue-dci-70-kw-95cv-5p-diesel-2018-en-madrid-70533288-covo.aspx
FORD,FORD Mondeo 2.0 Hibrido STLine HEV AT SB,16.500 €,2021,118.088 km,Híbrido,187 cv,Madrid,2026-05-07 12:22:40,ECO,https://www.coches.net/ford-mondeo-20-hibrido-138kw-stline-hev-at-sb-5p-electrico-hibrido-2021-en-madrid-70572571-covo.aspx
HYUNDAI,HYUNDAI Tucson 1.6 GDi Essence 4x2,16.699 €,2019,50.200 km,Gasolina,132 cv,Barcelona,2026-05-07 12:22:40,C,https://www.coches.net/hyundai-tucson-16-gdi-essence-4x2-5p-gasolina-2018-en-barcelona-70577347-covo.aspx
OPEL,OPEL Corsa 1.2T XHL Edition,9.490 €,2022,84.373 km,Gasolina,100 cv,Valencia,2026-05-07 12:22:40,C,https://www.coches.net/opel-corsa-12t-xhl-74kw-100cv-edition-5p-gasolina-2023-en-valencia-70552127-covo.aspx
CITROEN,CITROEN Grand C4 Picasso BlueHDi EAT6 Intensive,8.499 €,2015,229.000 km,Diesel,120 cv,Valencia,2026-05-07 12:22:40,B,https://www.coches.net/citroen-grand-c4-picasso-bluehdi-120cv-eat6-intensive-5p-diesel-2015-en-valencia-70565976-covo.aspx
MERCEDES-BENZ,MERCEDES-BENZ Clase A A 200 d,25.991 €,2020,139.000 km,Diesel,150 cv,Pontevedra,2026-05-07 12:22:40,UNKNOWN,https://www.coches.net/mercedes-benz-clase-a-a-200-d-5p-diesel-2020-en-pontevedra-70568369-covo.aspx
RENAULT,RENAULT Clio Business TCe GLP,14.290 €,2022,39.500 km,Gas licuado (GLP),100 cv,Madrid,2026-05-07 12:22:40,ECO,https://www.coches.net/renault-clio-business-tce-74-kw-100cv-glp-5p-otros-2021-en-madrid-70534139-covo.aspx
PEUGEOT,PEUGEOT 508 Allure Pack BlueHDi 130 SS EAT8,16.990 €,2022,97.959 km,Diesel,130 cv,Madrid,2026-05-07 12:22:40,C,https://www.coches.net/peugeot-508-5p-allure-pack-bluehdi-130-ss-eat8-5p-diesel-2020-en-madrid-70564924-covo.aspx
KIA,KIA Ceed 1.6 CRDi Tech,11.499 €,2019,151.997 km,Diesel,115 cv,Sevilla,2026-05-07 12:22:40,C,https://www.coches.net/kia-ceed-16-crdi-85kw-115cv-tech-5p-diesel-2019-en-sevilla-70566501-covo.aspx
MERCEDES-BENZ,MERCEDES-BENZ Clase E Cabrio E 250 CDI BE Avantgarde,14.990 €,2012,262.769 km,Diesel,204 cv,Madrid,2026-05-07 12:22:40,C,https://www.coches.net/mercedes-benz-clase-e-cabrio-e-250-cdi-be-avantgarde-2p-diesel-2013-en-madrid-70578590-covo.aspx
PEUGEOT,PEUGEOT 3008 1.2 PureTech SS Active Pack,16.790 €,2022,81.837 km,Gasolina,130 cv,Murcia,2026-05-07 12:22:40,C,https://www.coches.net/peugeot-3008-12-puretech-96kw-ss-active-pack-5p-gasolina-2022-en-murcia-70572257-covo.aspx
CITROEN,CITROEN C4 Picasso PureTech 130 SS 6v EAT6 Feel,8.499 €,2016,71.025 km,Gasolina,130 cv,Madrid,2026-05-07 12:22:40,C,https://www.coches.net/citroen-c4-picasso-puretech-130-ss-6v-eat6-feel-5p-gasolina-2016-en-madrid-70568904-covo.aspx
SEAT,SEAT Ibiza 1.0 TSI FR XS,17.490 €,2025,13.434 km,Gasolina,115 cv,Barcelona,2026-05-07 12:22:40,C,https://www.coches.net/seat-ibiza-10-tsi-85kw-115cv-fr-xs-5p-gasolina-2025-en-barcelona-70568177-covo.aspx
SEAT,SEAT Ibiza 1.0 TSI FR Salta,19.490 €,2025,11.402 km,Gasolina,115 cv,Barcelona,2026-05-07 12:22:40,C,https://www.coches.net/seat-ibiza-10-tsi-85kw-115cv-fr-salta-5p-gasolina-2025-en-barcelona-70568178-covo.aspx
FORD,FORD Fiesta 1.0 EcoBoost MHEV 92kW125CV STLine,15.490 €,2022,62.400 km,Híbrido,125 cv,Málaga,2026-05-07 12:22:40,ECO,https://www.coches.net/ford-fiesta-10-ecoboost-mhev-92kw125cv-stline-5p-5p-electrico-hibrido-2023-en-malaga-70546311-covo.aspx
OPEL,OPEL Astra 1.7 CDTi SS 130 CV Excellence,5.999 €,2012,150.000 km,Diesel,130 cv,Madrid,2026-05-07 12:22:40,B,https://www.coches.net/opel-astra-17-cdti-ss-130-cv-excellence-5p-diesel-2013-en-madrid-70542789-covo.aspx
DACIA,DACIA Sandero Stepway Essential 1.0,11.590 €,2019,76.097 km,Gasolina,73 cv,Madrid,2026-05-07 12:22:40,UNKNOWN,https://www.coches.net/dacia-sandero-stepway-essential-10-55kw-75cv-5p-gasolina-2019-en-madrid-70537485-covo.aspx
DACIA,DACIA Sandero Essential SCe,12.990 €,2021,7572 km,Gasolina,67 cv,Madrid,2026-05-07 12:22:40,C,https://www.coches.net/dacia-sandero-essential-sce-49kw-65cv-5p-gasolina-2021-en-madrid-70530832-covo.aspx
MERCEDES-BENZ,MERCEDES-BENZ Clase A A 200,31.800 €,2022,33.944 km,Gasolina,163 cv,Barcelona,2026-05-07 12:22:40,C,https://www.coches.net/mercedes-benz-clase-a-a-200-5p-gasolina-2022-en-barcelona-70559688-covo.aspx
AUDI,AUDI A3 Sportback 35 TDI S tronic,21.990 €,2021,90.000 km,Diesel,150 cv,Alicante,2026-05-07 12:22:40,C,https://www.coches.net/audi-a3-sportback-35-tdi-110kw-150cv-s-tronic-5p-diesel-2021-en-alicante-70552998-covo.aspx
AUDI,AUDI A3 S line 30 TFSI Sportback,15.890 €,2019,169.538 km,Gasolina,116 cv,Barcelona,2026-05-07 12:22:40,C,https://www.coches.net/audi-a3-s-line-30-tfsi-85kw-116cv-sportback-5p-gasolina-2019-en-barcelona-70554778-covo.aspx
CITROEN,CITROEN C3 BlueHDi SS ORIGINS,8.990 €,2019,112.322 km,Diesel,99 cv,Valencia,2026-05-07 12:22:40,C,https://www.coches.net/citroen-c3-bluehdi-73kw-100cv-ss-origins-5p-diesel-2019-en-valencia-70520775-covo.aspx
TOYOTA,TOYOTA Corolla 1.8 125H BUSINESS PLUS ECVT,17.500 €,2020,130.326 km,Híbrido,122 cv,Guadalajara,2026-05-07 12:22:40,ECO,https://www.coches.net/toyota-corolla-18-125h-business-plus-ecvt-5p-electrico-hibrido-2021-en-guadalajara-70570960-covo.aspx
AUDI,AUDI A1 Sportback 1.4 TFSI CoD Adrenalin2,14.990 €,2016,73.988 km,Gasolina,150 cv,Alicante,2026-05-07 12:22:40,C,https://www.coches.net/audi-a1-sportback-14-tfsi-cod-adrenalin2-5p-gasolina-2017-en-alicante-70573566-covo.aspx
KIA,KIA Ceed 1.4 CVVT Drive,11.480 €,2018,47.000 km,Gasolina,100 cv,Barcelona,2026-05-07 12:22:40,C,https://www.coches.net/kia-ceed-14-cvvt-74kw-100cv-drive-5p-gasolina-2019-en-barcelona-70575373-covo.aspx
HYUNDAI,HYUNDAI i20 1.2 MPI Tecno,10.490 €,2016,53.022 km,Gasolina,84 cv,Madrid,2026-05-07 12:22:40,C,https://www.coches.net/hyundai-i20-12-mpi-tecno-3p-gasolina-2015-en-madrid-70578317-covo.aspx
VOLKSWAGEN,VOLKSWAGEN Golf 2.0 TDI Highline,10.990 €,2009,199.000 km,Diesel,140 cv,Pontevedra,2026-05-07 12:22:40,B,https://www.coches.net/volkswagen-golf-20-tdi-140cv-highline-5p-diesel-2009-en-pontevedra-70548530-covo.aspx
BMW,BMW Serie 3 M340i xDrive Auto.,49.990 €,2021,29.998 km,Híbrido,374 cv,Madrid,2026-05-07 12:22:40,ECO,https://www.coches.net/bmw-serie-3-m340i-xdrive-auto-4p-electrico-hibrido-2022-en-madrid-70575596-covo.aspx
RENAULT,RENAULT Clio Techno TCe,15.150 €,2023,69.729 km,Gasolina,90 cv,Málaga,2026-05-07 12:22:40,C,https://www.coches.net/renault-clio-techno-tce-67-kw-91cv-5p-gasolina-2022-en-malaga-70561477-covo.aspx
SKODA,SKODA Octavia 2.0 TDI 115 CV Manual Ambition,17.500 €,2022,129.000 km,Diesel,115 cv,Sevilla,2026-05-07 12:22:40,C,https://www.coches.net/skoda-octavia-20-tdi-85kw-115-cv-manual-ambition-5p-diesel-2023-en-sevilla-70557205-covo.aspx
FORD,FORD Focus 1.5 Ecoboost STLine,16.999 €,2019,102.528 km,Gasolina,150 cv,Barcelona,2026-05-07 12:22:40,C,https://www.coches.net/ford-focus-15-ecoboost-110kw-stline-5p-gasolina-2019-en-barcelona-70553541-covo.aspx
FORD,FORD Focus 1.5 Ecoblue STLine,16.900 €,2019,133.733 km,Diesel,120 cv,Lugo,2026-05-07 12:22:40,C,https://www.coches.net/ford-focus-15-ecoblue-88kw-stline-5p-diesel-2019-en-lugo-70547548-covo.aspx
FORD,FORD Fiesta 1.25 Trend,7.450 €,2011,129.028 km,Gasolina,82 cv,Barcelona,2026-05-07 12:22:40,B,https://www.coches.net/ford-fiesta-125-82cv-trend-3p-gasolina-2012-en-barcelona-70554785-covo.aspx
MERCEDES-BENZ,MERCEDES-BENZ Clase A A 250 e,25.500 €,2021,59.658 km,Híbrido enchufable,218 cv,La Rioja,2026-05-07 12:22:40,UNKNOWN,https://www.coches.net/mercedes-benz-clase-a-a-250-e-5p-electrico-hibrido-2020-en-la-rioja-70578813-covo.aspx
SEAT,SEAT Ibiza 1.0 TSI Style XL,18.200 €,2025,39.136 km,Gasolina,95 cv,Málaga,2026-05-07 12:22:40,C,https://www.coches.net/seat-ibiza-10-tsi-70kw-95cv-style-xl-5p-gasolina-2025-en-malaga-70561511-covo.aspx
KIA,KIA Picanto 1.0 DPi Concept Pack Comfort,11.490 €,2023,73.354 km,Gasolina,67 cv,Madrid,2026-05-07 12:22:40,C,https://www.coches.net/kia-picanto-10-dpi-49kw-67cv-concept-pack-comfort-5p-gasolina-2023-en-madrid-70562715-covo.aspx
AUDI,AUDI A4 Avant 2.0 TDI,13.990 €,2016,197.000 km,Diesel,150 cv,Valencia,2026-05-07 12:22:40,C,https://www.coches.net/audi-a4-avant-20-tdi-150cv-5p-diesel-2016-en-valencia-70566095-covo.aspx
CITROEN,CITROEN Berlingo Talla M BlueHDi 100 SS LIVE PACK,16.990 €,2023,59.563 km,Diesel,102 cv,Valencia,2026-05-07 12:22:40,C,https://www.coches.net/citroen-berlingo-talla-m-bluehdi-100-ss-live-pack-5p-diesel-2021-en-valencia-70564424-covo.aspx
CITROEN,CITROEN Berlingo Talla M BlueHDi 100 SS FEEL,19.299 €,2023,23.523 km,Diesel,102 cv,Sevilla,2026-05-07 12:22:40,C,https://www.coches.net/citroen-berlingo-talla-m-bluehdi-100-ss-feel-5p-diesel-2023-en-sevilla-70566504-covo.aspx
DACIA,DACIA Sandero Stepway Essential TCE GLP,9.990 €,2020,87.000 km,Gas licuado (GLP),100 cv,Madrid,2026-05-07 12:22:40,ECO,https://www.coches.net/dacia-sandero-stepway-essential-tce-74kw-100cv-glp-5p-otros-2020-en-madrid-70562202-covo.aspx
VOLKSWAGEN,VOLKSWAGEN Golf Life 1.0 TSI,16.275 €,2022,160.930 km,Gasolina,110 cv,Alicante,2026-05-07 12:22:40,C,https://www.coches.net/volkswagen-golf-life-10-tsi-81kw-110cv-5p-gasolina-2023-en-alicante-70568685-covo.aspx
MERCEDES-BENZ,MERCEDES-BENZ Clase A A 180 d,33.300 €,2024,8376 km,Diesel,116 cv,Madrid,2026-05-07 12:22:40,C,https://www.coches.net/mercedes-benz-clase-a-a-180-d-5p-diesel-2025-en-madrid-70565028-covo.aspx
SEAT,SEAT Ibiza 1.0 MPI Style,9.900 €,2021,166.260 km,Gasolina,80 cv,Madrid,2026-05-07 12:22:40,C,https://www.coches.net/seat-ibiza-10-mpi-59kw-80cv-style-5p-gasolina-2022-en-madrid-70509153-covo.aspx
SEAT,SEAT Ibiza 1.6 TDI Reference Business,11.500 €,2020,135.700 km,Diesel,95 cv,Madrid,2026-05-07 12:22:40,C,https://www.coches.net/seat-ibiza-16-tdi-70kw-95cv-reference-business-5p-diesel-2021-en-madrid-70512544-covo.aspx
TOYOTA,TOYOTA Corolla 1.8 125H BUSINESS ECVT,22.500 €,2022,22.200 km,Híbrido,122 cv,Pontevedra,2026-05-07 12:22:40,ECO,https://www.coches.net/toyota-corolla-18-125h-business-ecvt-5p-electrico-hibrido-2022-en-pontevedra-70570412-covo.aspx
AUDI,AUDI A1 Adrenalin2 1.4 TDI Sportback,11.500 €,2017,169.000 km,Diesel,90 cv,Madrid,2026-05-07 12:22:40,C,https://www.coches.net/audi-a1-adrenalin2-14-tdi-66kw-90cv-sportback-5p-diesel-2018-en-madrid-70572730-covo.aspx
BMW,BMW Serie 1 118d,20.900 €,2020,133.000 km,Diesel,150 cv,Madrid,2026-05-07 12:22:40,C,https://www.coches.net/bmw-serie-1-118d-5p-diesel-2021-en-madrid-70551417-covo.aspx
OPEL,OPEL Corsa 1.2T XHLHybrid GS eDCT,17.290 €,2025,18.843 km,Híbrido,100 cv,Madrid,2026-05-07 12:22:40,ECO,https://www.coches.net/opel-corsa-12t-xhlhybrid-74kw-gs-edct-5p-electrico-hibrido-2025-en-madrid-70554960-covo.aspx
OPEL,OPEL Astra 1.9 CDTi Enjoy 120 CV,6.999 €,2005,76.818 km,Diesel,120 cv,Lugo,2026-05-07 12:22:40,B,https://www.coches.net/opel-astra-19-cdti-enjoy-120-cv-5p-diesel-2005-en-lugo-70560061-covo.aspx
RENAULT,RENAULT Mégane Business Blue dCi,12.990 €,2019,99.713 km,Diesel,115 cv,Madrid,2026-05-07 12:22:40,C,https://www.coches.net/renault-megane-business-blue-dci-81-kw-115cv-5p-diesel-2018-en-madrid-70520080-covo.aspx
PEUGEOT,PEUGEOT 308 Allure PureTech 130 SS MAN,16.800 €,2024,14.000 km,Gasolina,130 cv,Pontevedra,2026-05-07 12:22:40,C,https://www.coches.net/peugeot-308-5p-allure-puretech-130-ss-man-5p-gasolina-2024-en-pontevedra-70556105-covo.aspx
PEUGEOT,PEUGEOT 308 Allure PureTech 130 SS MAN,16.800 €,2024,8000 km,Gasolina,130 cv,Pontevedra,2026-05-07 12:22:40,C,https://www.coches.net/peugeot-308-5p-allure-puretech-130-ss-man-5p-gasolina-2024-en-pontevedra-70556108-covo.aspx
PEUGEOT,PEUGEOT 308 SW Business Line 1.6 BlueHDi,8.990 €,2017,99.000 km,Diesel,120 cv,Tarragona,2026-05-07 12:22:40,C,https://www.coches.net/peugeot-308-sw-business-line-16-bluehdi-88kw-120cv-5p-diesel-2017-en-tarragona-70576197-covo.aspx
NISSAN,NISSAN QASHQAI DIGT mHEV 4x2 Visia,19.100 €,2021,76.008 km,Híbrido,140 cv,Madrid,2026-05-07 12:22:40,ECO,https://www.coches.net/nissan-qashqai-digt-103kw-140cv-mhev-4x2-visia-5p-electrico-hibrido-2021-en-madrid-70563244-covo.aspx
SEAT,SEAT Ibiza 1.0 TSI Style,15.895 €,2022,35.681 km,Gasolina,110 cv,Alicante,2026-05-07 12:22:40,UNKNOWN,https://www.coches.net/seat-ibiza-10-tsi-81kw-110cv-style-5p-gasolina-2023-en-alicante-70568437-covo.aspx
DACIA,DACIA Sandero Stepway Extreme Go ECOG,16.910 €,2025,11.057 km,Gas licuado (GLP),101 cv,Barcelona,2026-05-07 12:22:40,ECO,https://www.coches.net/dacia-sandero-stepway-extreme-go-74kw-100cv-ecog-5p-otros-2024-en-barcelona-70561003-covo.aspx
CITROEN,CITROEN C3 PureTech Feel Pack,9.900 €,2022,82.203 km,Gasolina,83 cv,Barcelona,2026-05-07 12:22:40,C,https://www.coches.net/citroen-c3-puretech-60kw-83cv-feel-pack-5p-gasolina-2021-en-barcelona-70521195-covo.aspx
KIA,KIA Ceed 1.0 TGDi Drive,16.399 €,2023,39.680 km,Gasolina,100 cv,Sevilla,2026-05-07 12:22:40,C,https://www.coches.net/kia-ceed-10-tgdi-74kw-100cv-drive-5p-gasolina-2023-en-sevilla-70574442-covo.aspx
PEUGEOT,PEUGEOT 308 Allure 1.6 BlueHDi,10.990 €,2017,90.000 km,Diesel,120 cv,A Coruña,2026-05-07 12:22:40,UNKNOWN,https://www.coches.net/peugeot-308-5p-allure-16-bluehdi-88kw-120cv-5p-diesel-2015-en-a-coruna-70575162-covo.aspx
NISSAN,NISSAN Micra IGT 92 CV E6DF CVT Acenta,15.500 €,2022,51.260 km,Gasolina,92 cv,Barcelona,2026-05-07 12:22:40,C,https://www.coches.net/nissan-micra-igt-68-kw-92-cv-e6df-cvt-acenta-5p-gasolina-2022-en-barcelona-70576906-covo.aspx
MERCEDES-BENZ,MERCEDES-BENZ Clase A A 180 CDI Elegance,5.900 €,2009,225.000 km,Diesel,109 cv,A Coruña,2026-05-07 12:22:40,UNKNOWN,https://www.coches.net/mercedes-benz-clase-a-a-180-cdi-elegance-5p-diesel-2009-en-a-coruna-70571258-covo.aspx
FORD,FORD Focus 1.0 Ecoboost STLine,16.990 €,2022,41.501 km,Gasolina,125 cv,Bizkaia,2026-05-07 12:22:40,ECO,https://www.coches.net/ford-focus-10-ecoboost-92kw-stline-5p-gasolina-2022-en-vizcaya-70563634-covo.aspx
MERCEDES-BENZ,MERCEDES-BENZ Clase C C 220 d,39.990 €,2022,50.000 km,Híbrido,200 cv,Valencia,2026-05-07 12:22:40,ECO,https://www.coches.net/mercedes-benz-clase-c-c-220-d-4p-electrico-hibrido-2021-en-valencia-70564812-covo.aspx
MERCEDES-BENZ,MERCEDES-BENZ Clase C C 200 d,37.990 €,2023,46.000 km,Híbrido,163 cv,Madrid,2026-05-07 12:22:40,ECO,https://www.coches.net/mercedes-benz-clase-c-c-200-d-4p-electrico-hibrido-2024-en-madrid-70566036-covo.aspx
NISSAN,NISSAN QASHQAI dCi 115 CV E6D ACENTA,18.000 €,2020,83.500 km,Diesel,115 cv,Valladolid,2026-05-07 12:22:40,C,https://www.coches.net/nissan-qashqai-dci-85-kw-115-cv-e6d-acenta-5p-diesel-2020-en-valladolid-70551301-covo.aspx
TOYOTA,TOYOTA Corolla 1.8 125H ACTIVE TECH ECVT,18.490 €,2020,72.069 km,Híbrido,122 cv,Barcelona,2026-05-07 12:22:40,ECO,https://www.coches.net/toyota-corolla-18-125h-active-tech-ecvt-5p-electrico-hibrido-2019-en-barcelona-70556003-covo.aspx
PEUGEOT,PEUGEOT 2008 Active Pack BlueHDI,12.490 €,2022,127.540 km,Diesel,110 cv,Madrid,2026-05-07 12:22:40,C,https://www.coches.net/peugeot-2008-active-pack-bluehdi-81kw-110cv-5p-diesel-2022-en-madrid-70578371-covo.aspx
RENAULT,RENAULT Clio Business dCi 18,10.900 €,2019,72.850 km,Diesel,75 cv,Cádiz,2026-05-07 12:22:40,C,https://www.coches.net/renault-clio-business-dci-55kw-75cv-18-5p-diesel-2018-en-cadiz-70564107-covo.aspx
PEUGEOT,PEUGEOT 308 Allure Pack PureTech 130 SS EAT8,16.900 €,2021,43.531 km,Gasolina,130 cv,Málaga,2026-05-07 12:22:40,C,https://www.coches.net/peugeot-308-5p-allure-pack-puretech-130-ss-eat8-5p-gasolina-2021-en-malaga-70561508-covo.aspx
VOLKSWAGEN,VOLKSWAGEN Golf Life 1.5 TSI,23.110 €,2022,56.053 km,Gasolina,130 cv,Madrid,2026-05-07 12:22:40,C,https://www.coches.net/volkswagen-golf-life-15-tsi-96kw-130cv-5p-gasolina-2022-en-madrid-70551328-covo.aspx
MERCEDES-BENZ,MERCEDES-BENZ Clase CLA CLA 220 CDI Aut. Urban,17.900 €,2015,137.000 km,Diesel,177 cv,A Coruña,2026-05-07 12:22:40,UNKNOWN,https://www.coches.net/mercedes-benz-clase-cla-cla-220-cdi-aut-urban-4p-diesel-2015-en-a-coruna-70570813-covo.aspx
CITROEN,CITROEN C3 1.4 HDi SX,3.990 €,2006,178.871 km,Diesel,70 cv,Murcia,2026-05-07 12:22:40,B,https://www.coches.net/citroen-c3-14-hdi-sx-5p-diesel-2005-en-murcia-70572260-covo.aspx
VOLKSWAGEN,VOLKSWAGEN Golf GTI Performance 2.0 TSI,24.900 €,2018,149.000 km,Gasolina,245 cv,Toledo,2026-05-07 12:22:40,C,https://www.coches.net/volkswagen-golf-gti-performance-20-tsi-180kw-245cv-5p-gasolina-2018-en-toledo-70577395-covo.aspx
RENAULT,RENAULT Talisman Business Blue dCi 120 CV,12.390 €,2019,166.000 km,Diesel,120 cv,Madrid,2026-05-07 12:22:40,UNKNOWN,https://www.coches.net/renault-talisman-business-blue-dci-88-kw-120-cv-4p-diesel-2018-en-madrid-70578581-covo.aspx
CITROEN,CITROEN Berlingo Talla M BlueHDi 75 LIVE,13.990 €,2018,62.100 km,Diesel,75 cv,Las Palmas,2026-05-07 12:22:40,C,https://www.coches.net/citroen-berlingo-talla-m-bluehdi-75-live-4p-diesel-2018-en-las-palmas-70565455-covo.aspx
MERCEDES-BENZ,MERCEDES-BENZ Clase A A 180 CDI Avantgarde,5.490 €,2006,115.000 km,Diesel,109 cv,Málaga,2026-05-07 12:22:40,B,https://www.coches.net/mercedes-benz-clase-a-a-180-cdi-avantgarde-5p-diesel-2005-en-malaga-70574557-covo.aspx
SEAT,SEAT León ST 2.0 TDI 4D DSG7 SS Xper Ed,13.200 €,2018,138.000 km,Diesel,150 cv,Murcia,2026-05-07 12:22:40,C,https://www.coches.net/seat-leon-st-20-tdi-110kw-4d-dsg7-ss-xper-ed-5p-diesel-2019-en-murcia-70556784-covo.aspx
FORD,FORD Focus 1.0 Ecoboost STLine,15.890 €,2021,80.000 km,Gasolina,125 cv,A Coruña,2026-05-07 12:22:40,UNKNOWN,https://www.coches.net/ford-focus-10-ecoboost-92kw-stline-5p-gasolina-2021-en-a-coruna-70553171-covo.aspx
SEAT,SEAT León 1.5 TSI SS FR Go L,20.290 €,2022,74.778 km,Gasolina,150 cv,Barcelona,2026-05-07 12:22:40,C,https://www.coches.net/seat-leon-15-tsi-110kw-ss-fr-go-l-5p-gasolina-2022-en-barcelona-70554792-covo.aspx
BMW,BMW Serie 1 120d,38.900 €,2024,19.225 km,Híbrido,163 cv,Toledo,2026-05-07 12:22:40,ECO,https://www.coches.net/bmw-serie-1-120d-5p-electrico-hibrido-2025-en-toledo-70578032-covo.aspx
PEUGEOT,PEUGEOT 508 GT PureTech 180 SS EAT8,16.990 €,2021,88.041 km,Gasolina,180 cv,Barcelona,2026-05-07 12:22:40,C,https://www.coches.net/peugeot-508-5p-gt-puretech-180-ss-eat8-5p-gasolina-2021-en-barcelona-70563291-covo.aspx
TOYOTA,TOYOTA Corolla 1.8 125H FEEL ECVT,17.499 €,2019,81.440 km,Híbrido,122 cv,Madrid,2026-05-07 12:22:40,ECO,https://www.coches.net/toyota-corolla-18-125h-feel-ecvt-5p-electrico-hibrido-2019-en-madrid-70563643-covo.aspx
RENAULT,RENAULT Clio Equilibre Blue dCi,10.800 €,2023,186.600 km,Diesel,100 cv,Madrid,2026-05-07 12:22:40,C,https://www.coches.net/renault-clio-equilibre-blue-dci-74kw-100cv-5p-diesel-2022-en-madrid-70512020-covo.aspx
SEAT,SEAT León 1.9 TDI Stylance,3.940 €,2008,379.750 km,Diesel,105 cv,Bizkaia,2026-05-07 12:22:40,B,https://www.coches.net/seat-leon-19-tdi-105cv-stylance-5p-diesel-2008-en-vizcaya-70572308-covo.aspx
CITROEN,CITROEN C4 BlueHDi Tonic,9.499 €,2018,85.541 km,Diesel,99 cv,Barcelona,2026-05-07 12:22:40,C,https://www.coches.net/citroen-c4-bluehdi-73kw-100cv-tonic-5p-diesel-2017-en-barcelona-70549860-covo.aspx
PEUGEOT,PEUGEOT 3008 1.2 PURETECH ACTIVE SS,10.900 €,2019,142.535 km,Gasolina,130 cv,Guadalajara,2026-05-07 12:22:40,C,https://www.coches.net/peugeot-3008-12-puretech-96kw-130cv-active-ss-5p-gasolina-2019-en-guadalajara-70570992-covo.aspx
KIA,KIA Sportage 1.6 MHEV Business 4x4,17.999 €,2021,115.000 km,Híbrido,136 cv,Sevilla,2026-05-07 12:22:40,ECO,https://www.coches.net/kia-sportage-16-mhev-business-100kw-136cv-4x4-5p-electrico-hibrido-2021-en-sevilla-70576667-covo.aspx
PEUGEOT,PEUGEOT 508 Active BlueHDi 130 SS EAT8,18.980 €,2020,46.000 km,Diesel,130 cv,Córdoba,2026-05-07 12:22:40,C,https://www.coches.net/peugeot-508-5p-active-bluehdi-130-ss-eat8-5p-diesel-2020-en-cordoba-70562089-covo.aspx
CITROEN,CITROEN Berlingo Talla M BlueHDi 100 SS MAX,19.990 €,2025,29.954 km,Diesel,102 cv,Madrid,2026-05-07 12:22:40,C,https://www.coches.net/citroen-berlingo-talla-m-bluehdi-100-ss-max-5p-diesel-2024-en-madrid-70568525-covo.aspx
OPEL,OPEL Astra 1.6 Enjoy Easytronic,3.990 €,2007,213.700 km,Gasolina,105 cv,Madrid,2026-05-07 12:22:40,C,https://www.coches.net/opel-astra-16-enjoy-easytronic-5p-gasolina-2008-en-madrid-70577951-covo.aspx
SKODA,SKODA Fabia 1.0 TSI Active,14.600 €,2022,36.306 km,Gasolina,95 cv,Barcelona,2026-05-07 12:22:40,UNKNOWN,https://www.coches.net/skoda-fabia-10-tsi-70kw-95cv-active-5p-gasolina-2022-en-barcelona-70549505-covo.aspx
SKODA,SKODA Fabia 1.0 TSI Active,14.800 €,2022,30.401 km,Gasolina,95 cv,Barcelona,2026-05-07 12:22:40,UNKNOWN,https://www.coches.net/skoda-fabia-10-tsi-70kw-95cv-active-5p-gasolina-2022-en-barcelona-70549510-covo.aspx
VOLKSWAGEN,VOLKSWAGEN Golf R 2.0 TSI 4Motion DSG,32.900 €,2017,98.000 km,Gasolina,310 cv,Madrid,2026-05-07 12:22:40,C,https://www.coches.net/volkswagen-golf-r-20-tsi-228kw-310cv-4motion-dsg-5p-gasolina-2018-en-madrid-70576532-covo.aspx
RENAULT,RENAULT Clio Technofeel dCi 90 eco2,9.290 €,2015,114.433 km,Diesel,90 cv,Barcelona,2026-05-07 12:22:40,B,https://www.coches.net/renault-clio-technofeel-dci-90-eco2-5p-diesel-2015-en-barcelona-70550063-covo.aspx
VOLKSWAGEN,VOLKSWAGEN Scirocco 2.0 TDI DSGby RLine,10.990 €,2013,188.000 km,Diesel,177 cv,Valencia,2026-05-07 12:22:40,B,https://www.coches.net/volkswagen-scirocco-20-tdi-177cv-dsgby-rline-3p-diesel-2013-en-valencia-61102538-covo.aspx
BMW,BMW Serie 5 M550iA xDrive,59.000 €,2020,221.000 km,Gasolina,530 cv,A Coruña,2026-05-07 12:22:40,UNKNOWN,https://www.coches.net/bmw-serie-5-m550ia-xdrive-4p-gasolina-2021-en-a-coruna-61480447-covo.aspx
BMW,BMW Serie 4 M4 Competition M XDrive Cabrio,93.000 €,2023,36.900 km,Gasolina,510 cv,A Coruña,2026-05-07 12:22:40,UNKNOWN,https://www.coches.net/bmw-serie-4-m4-competition-m-xdrive-cabrio-2p-gasolina-2023-en-a-coruna-61498962-covo.aspx
AUDI,AUDI Q3 Sportback 40 TDI S tronic Quattro S Line,37.700 €,2021,76.700 km,Diesel,200 cv,Gipuzkoa,2026-05-07 12:22:40,C,https://www.coches.net/audi-q3-sportback-40-tdi-140kw-s-tronic-quattro-s-line-5p-diesel-2021-en-guipuzcoa-61977386-covo.aspx
VOLKSWAGEN,VOLKSWAGEN Passat Alltrack 2.0 TDI 4Mot DSG,37.300 €,2023,51.610 km,Diesel,200 cv,Gipuzkoa,2026-05-07 12:22:40,C,https://www.coches.net/volkswagen-passat-alltrack-20-tdi-147kw-200cv-4mot-dsg-5p-diesel-2024-en-guipuzcoa-62004103-covo.aspx
BMW,BMW Serie 6 645Ci,17.990 €,2005,79.000 km,Gasolina,333 cv,Valencia,2026-05-07 12:22:40,C,https://www.coches.net/bmw-serie-6-645ci-2p-gasolina-2005-en-valencia-62067683-covo.aspx
VOLKSWAGEN,VOLKSWAGEN Polo Polo 1.0 TSI,16.900 €,2022,39.500 km,Gasolina,95 cv,Gipuzkoa,2026-05-07 12:22:40,C,https://www.coches.net/volkswagen-polo-polo-10-tsi-70kw-95cv-5p-gasolina-2023-en-guipuzcoa-62127147-covo.aspx
VOLKSWAGEN,VOLKSWAGEN Touran Mas 1.5 TSI DSG,37.800 €,2025,9886 km,Gasolina,150 cv,Gipuzkoa,2026-05-07 12:22:40,C,https://www.coches.net/volkswagen-touran-mas-15-tsi-110kw-150cv-dsg-5p-gasolina-2025-en-guipuzcoa-62155561-covo.aspx
VOLKSWAGEN,VOLKSWAGEN Tiguan Life 1.5 TSI,23.200 €,2021,101.750 km,Gasolina,150 cv,Gipuzkoa,2026-05-07 12:22:40,C,https://www.coches.net/volkswagen-tiguan-life-15-tsi-110kw-150cv-5p-gasolina-2021-en-guipuzcoa-62238059-covo.aspx
KIA,KIA e-Niro eNiro Emotion Long Range,24.990 €,2022,61 km,Eléctrico,204 cv,Sevilla,2026-05-07 12:22:40,CERO,https://www.coches.net/kia-e-niro-eniro-150kw-emotion-long-range-5p-electrico-hibrido-2021-en-sevilla-62246965-covo.aspx
RENAULT,RENAULT Kadjar Techno GPF TCe EDC,16.990 €,2022,149.000 km,Gasolina,140 cv,Bizkaia,2026-05-07 12:22:40,C,https://www.coches.net/renault-kadjar-techno-gpf-tce-103kw-140cv-edc-5p-gasolina-2022-en-vizcaya-62309607-covo.aspx
AUDI,AUDI Q3 Advanced 35 TDI S tronic,32.900 €,2023,53.162 km,Diesel,150 cv,Gipuzkoa,2026-05-07 12:22:40,C,https://www.coches.net/audi-q3-advanced-35-tdi-110kw-150cv-s-tronic-5p-diesel-2023-en-guipuzcoa-62328464-covo.aspx
TOYOTA,TOYOTA Prius PlugIn 125PH Advance,18.990 €,2022,78.000 km,Híbrido enchufable,122 cv,Sta. C. Tenerife,2026-05-07 12:22:40,ECO,https://www.coches.net/toyota-prius-plugin-125ph-advance-5p-electrico-hibrido-2021-en-sta-c-tenerife-62344210-covo.aspx
RENAULT,RENAULT Mégane Intens ETECH Hibrido Ench. 117kW160CV,15.990 €,2022,68.000 km,Híbrido enchufable,160 cv,Sta. C. Tenerife,2026-05-07 12:22:40,CERO,https://www.coches.net/renault-megane-intens-etech-hibrido-ench-117kw160cv-5p-electrico-hibrido-2021-en-sta-c-tenerife-62352476-covo.aspx
SEAT,SEAT Ateca 1.0 TSI StSp Style XL,18.990 €,2023,73.500 km,Gasolina,110 cv,Sta. C. Tenerife,2026-05-07 12:22:40,C,https://www.coches.net/seat-ateca-10-tsi-81kw-stsp-style-xl-5p-gasolina-2023-en-sta-c-tenerife-62352477-covo.aspx
DS,DS DS 3 Crossback PureTech PERFORMANCE LINE,13.990 €,2022,75.000 km,Gasolina,130 cv,Sta. C. Tenerife,2026-05-07 12:22:40,C,https://www.coches.net/ds-ds-3-crossback-puretech-96kw-130cv-performance-line-5p-gasolina-2022-en-sta-c-tenerife-62364777-covo.aspx
AUDI,AUDI A6 Avant 3.0 TDI quattro S tronic,19.900 €,2014,206.000 km,Diesel,245 cv,Burgos,2026-05-07 12:22:40,B,https://www.coches.net/audi-a6-avant-30-tdi-245cv-quattro-s-tronic-5p-diesel-2014-en-burgos-62441786-covo.aspx
RENAULT,RENAULT Scénic Zen Energy TCe,14.194 €,2017,74.434 km,Gasolina,130 cv,Barcelona,2026-05-07 12:22:40,UNKNOWN,https://www.coches.net/renault-scenic-zen-energy-tce-97kw-130cv-5p-gasolina-2017-en-barcelona-62463206-covo.aspx
SEAT,SEAT Ibiza 1.5 TSI DSG FR Salta,22.400 €,2024,32.160 km,Gasolina,150 cv,A Coruña,2026-05-07 12:22:40,C,https://www.coches.net/seat-ibiza-15-tsi-110kw-150cv-dsg-fr-salta-5p-gasolina-2025-en-a-coruna-62597956-covo.aspx
HYUNDAI,HYUNDAI i30 2.0 TGDI N Performance Sky DCT,33.990 €,2021,67.000 km,Gasolina,280 cv,Valencia,2026-05-07 12:22:40,C,https://www.coches.net/hyundai-i30-20-tgdi-206kw-n-performance-sky-dct-5p-gasolina-2021-en-valencia-62600205-covo.aspx
OPEL,OPEL Crossland 1.2 GS Line,13.400 €,2021,69.259 km,Gasolina,110 cv,Valencia,2026-05-07 12:22:40,C,https://www.coches.net/opel-crossland-12-81kw-110cv-gs-line-5p-gasolina-2021-en-valencia-70006915-covo.aspx
KIA,KIA XCeed 1.0 TGDi Drive,17.900 €,2024,42.185 km,Gasolina,100 cv,Valencia,2026-05-07 12:22:40,C,https://www.coches.net/kia-xceed-10-tgdi-drive-74kw-100cv-5p-gasolina-2025-en-valencia-70013139-covo.aspx
VOLKSWAGEN,VOLKSWAGEN Polo Life 1.0 TSI,16.900 €,2022,78.530 km,Gasolina,95 cv,Gipuzkoa,2026-05-07 12:22:40,C,https://www.coches.net/volkswagen-polo-life-10-tsi-70kw-95cv-5p-gasolina-2022-en-guipuzcoa-70019768-covo.aspx
VOLKSWAGEN,VOLKSWAGEN Touareg RLine 3.0 V6 TDI Tip 4M,42.390 €,2021,137.000 km,Diesel,286 cv,A Coruña,2026-05-07 12:22:40,C,https://www.coches.net/volkswagen-touareg-rline-30-v6-tdi-210kw-tip-4m-5p-diesel-2021-en-a-coruna-70042294-covo.aspx
OPEL,OPEL Grandland 1.2 Turbo GS,15.990 €,2023,50.475 km,Gasolina,130 cv,Valencia,2026-05-07 12:22:40,C,https://www.coches.net/opel-grandland-12-turbo-gs-5p-gasolina-2023-en-valencia-70047077-covo.aspx
VOLKSWAGEN,VOLKSWAGEN Tiguan Allspace RLine 2.0 TDI DSG,43.400 €,2024,15.550 km,Diesel,150 cv,Gipuzkoa,2026-05-07 12:22:40,C,https://www.coches.net/volkswagen-tiguan-allspace-rline-20-tdi-110kw-150cv-dsg-5p-diesel-2024-en-guipuzcoa-70067772-covo.aspx
OPEL,OPEL Corsa 1.2 XEL Edition,9.990 €,2021,15.000 km,Gasolina,75 cv,Valencia,2026-05-07 12:22:40,C,https://www.coches.net/opel-corsa-12-xel-55kw-75cv-edition-5p-gasolina-2021-en-valencia-70074707-covo.aspx
BMW,BMW X1 xDrive25e,37.900 €,2024,24.500 km,Híbrido enchufable,245 cv,Sta. C. Tenerife,2026-05-07 12:22:40,CERO,https://www.coches.net/bmw-x1-xdrive25e-5p-electrico-hibrido-2024-en-sta-c-tenerife-70106761-covo.aspx
MINI,MINI MINI COOPER,20.900 €,2021,60.940 km,Gasolina,136 cv,Sta. C. Tenerife,2026-05-07 12:22:40,C,https://www.coches.net/mini-mini-cooper-3p-gasolina-2022-en-sta-c-tenerife-70117466-covo.aspx
VOLKSWAGEN,VOLKSWAGEN T-Cross Advance 1.0 TSI DSG,19.990 €,2023,25.665 km,Gasolina,110 cv,Valencia,2026-05-07 12:22:40,C,https://www.coches.net/volkswagen-t-cross-advance-10-tsi-81kw-110cv-dsg-5p-gasolina-2023-en-valencia-70117820-covo.aspx
NISSAN,NISSAN JUKE 1.2 DIGT NCONNECTA,9.999 €,2016,116.000 km,Gasolina,115 cv,Alicante,2026-05-07 12:22:40,C,https://www.coches.net/nissan-juke-12-digt-nconnecta-5p-gasolina-2016-en-alicante-70160732-covo.aspx
OPEL,OPEL Mokka 1.7 CDTi 4X2 SS Excellence,8.999 €,2015,144.000 km,Diesel,130 cv,Alicante,2026-05-07 12:22:40,B,https://www.coches.net/opel-mokka-17-cdti-4x2-ss-excellence-5p-diesel-2015-en-alicante-70164845-covo.aspx
BMW,BMW ix2 eDrive20,40.900 €,2025,10.279 km,Eléctrico,204 cv,Sta. C. Tenerife,2026-05-07 12:22:40,CERO,https://www.coches.net/bmw-ix2-edrive20-5p-electrico-hibrido-2026-en-sta-c-tenerife-70177495-covo.aspx
NISSAN,NISSAN QASHQAI DIGT mHEV 4x2 Acenta,24.490 €,2025,34.900 km,Híbrido,140 cv,Valencia,2026-05-07 12:22:40,ECO,https://www.coches.net/nissan-qashqai-digt-103kw-140cv-mhev-4x2-acenta-5p-electrico-hibrido-2024-en-valencia-70181733-covo.aspx
FORD,FORD Kuga STLine 2.0 EcoBlue Auto,20.490 €,2024,99.300 km,Diesel,120 cv,Valencia,2026-05-07 12:22:40,C,https://www.coches.net/ford-kuga-stline-20-ecoblue-88kw-120cv-auto-5p-diesel-2023-en-valencia-70192875-covo.aspx
BMW,BMW X3 sDrive18d,27.490 €,2020,99.900 km,Diesel,150 cv,Valencia,2026-05-07 12:22:40,C,https://www.coches.net/bmw-x3-sdrive18d-5p-diesel-2020-en-valencia-70192876-covo.aspx
BMW,BMW Serie 1 118d,26.900 €,2023,99.900 km,Diesel,150 cv,Valencia,2026-05-07 12:22:40,C,https://www.coches.net/bmw-serie-1-118d-5p-diesel-2023-en-valencia-70192880-covo.aspx
KIA,KIA Stonic 1.0 TGDi MHEV MT Concept,19.290 €,2025,9038 km,Híbrido,100 cv,Sevilla,2026-05-07 12:22:40,ECO,https://www.coches.net/kia-stonic-10-tgdi-74kw-100cv-mhev-mt-concept-5p-electrico-hibrido-2025-en-sevilla-70210408-covo.aspx
VOLKSWAGEN,VOLKSWAGEN T-Roc RLine 1.5 TSI,26.000 €,2022,30.595 km,Gasolina,150 cv,A Coruña,2026-05-07 12:22:40,C,https://www.coches.net/volkswagen-t-roc-rline-15-tsi-110kw-150cv-5p-gasolina-2023-en-a-coruna-70213208-covo.aspx
VOLKSWAGEN,VOLKSWAGEN Tiguan Urban Sport 1.5 TSI,28.900 €,2022,50.815 km,Gasolina,130 cv,A Coruña,2026-05-07 12:22:40,C,https://www.coches.net/volkswagen-tiguan-urban-sport-15-tsi-96kw-130cv-5p-gasolina-2022-en-a-coruna-70213219-covo.aspx
KIA,KIA Niro 1.6 GDi PHEV Drive,28.840 €,2023,27.491 km,Híbrido enchufable,183 cv,Sevilla,2026-05-07 12:22:40,CERO,https://www.coches.net/kia-niro-16-gdi-phev-135kw-183cv-drive-5p-electrico-hibrido-2023-en-sevilla-70228206-covo.aspx
OPEL,OPEL Corsa 1.2T XHL Elegance,12.500 €,2022,60.000 km,Gasolina,100 cv,Cádiz,2026-05-07 12:22:40,C,https://www.coches.net/opel-corsa-12t-xhl-74kw-100cv-elegance-5p-gasolina-2022-en-cadiz-70256504-covo.aspx
KIA,KIA Stonic 1.2 DPi Drive,19.990 €,2025,16.297 km,Gasolina,79 cv,Sevilla,2026-05-07 12:22:40,C,https://www.coches.net/kia-stonic-12-dpi-58kw-79cv-drive-5p-gasolina-2025-en-sevilla-70260352-covo.aspx
NISSAN,NISSAN QASHQAI 1.2 DIGT NCONNECTA,11.950 €,2016,119.642 km,Gasolina,115 cv,Madrid,2026-05-07 12:22:40,C,https://www.coches.net/nissan-qashqai-12-digt-nconnecta-5p-gasolina-2016-en-madrid-70281245-covo.aspx
HYUNDAI,HYUNDAI i30 2.0 TGDI N Performance Sky,27.990 €,2019,77.000 km,Gasolina,275 cv,Valencia,2026-05-07 12:22:40,C,https://www.coches.net/hyundai-i30-20-tgdi-202kw-275cv-n-performance-sky-5p-gasolina-2019-en-valencia-70301226-covo.aspx
KIA,KIA Sorento 2.2 CRDi Emotion DCT 4x4 7pl,35.900 €,2024,94.900 km,Diesel,194 cv,Valencia,2026-05-07 12:22:40,C,https://www.coches.net/kia-sorento-22-crdi-emotion-dct-4x4-7pl-5p-diesel-2023-en-valencia-70308962-covo.aspx
FORD,FORD Kuga STLine 2.5 Duratec FHEV Auto,28.900 €,2025,14.900 km,Híbrido,180 cv,Valencia,2026-05-07 12:22:40,ECO,https://www.coches.net/ford-kuga-stline-25-duratec-fhev-132kw-auto-5p-electrico-hibrido-2024-en-valencia-70308963-covo.aspx
AUDI,AUDI Q5 SPORTBACK S line 35 TDI S tronic,35.490 €,2021,119.900 km,Híbrido,163 cv,Valencia,2026-05-07 12:22:40,ECO,https://www.coches.net/audi-q5-sportback-s-line-35-tdi-120kw-s-tronic-5p-electrico-hibrido-2022-en-valencia-70308965-covo.aspx
VOLKSWAGEN,VOLKSWAGEN Taigo Taigo 1.0 TSI DSG,21.490 €,2025,28.700 km,Gasolina,115 cv,Valencia,2026-05-07 12:22:40,C,https://www.coches.net/volkswagen-taigo-taigo-10-tsi-85kw-115cv-dsg-5p-gasolina-2025-en-valencia-70308967-covo.aspx
MAZDA,MAZDA Mazda3 2.0 SKYACTIVX EVOLUTION,23.900 €,2021,74.300 km,Híbrido,181 cv,Valencia,2026-05-07 12:22:40,ECO,https://www.coches.net/mazda-mazda3-20-skyactivx-evolution-5p-electrico-hibrido-2020-en-valencia-70321950-covo.aspx
VOLKSWAGEN,VOLKSWAGEN Golf R 2.0 TSI 4Motion DSG,41.900 €,2023,39.900 km,Gasolina,320 cv,Valencia,2026-05-07 12:22:40,C,https://www.coches.net/volkswagen-golf-r-20-tsi-235kw-320cv-4motion-dsg-5p-gasolina-2023-en-valencia-70321951-covo.aspx
NISSAN,NISSAN QASHQAI DIGT mHEV 4x2 Premiere Edition,22.900 €,2022,44.900 km,Híbrido,140 cv,Valencia,2026-05-07 12:22:40,ECO,https://www.coches.net/nissan-qashqai-digt-103kw-mhev-4x2-premiere-edition-5p-electrico-hibrido-2021-en-valencia-70329374-covo.aspx
HYUNDAI,HYUNDAI Kona 1.6 GDI HEV Maxx DCT,17.900 €,2022,89.900 km,Híbrido,141 cv,Valencia,2026-05-07 12:22:40,ECO,https://www.coches.net/hyundai-kona-16-gdi-hev-maxx-dct-5p-electrico-hibrido-2020-en-valencia-70329375-covo.aspx
CUPRA,CUPRA León SP 1.4 eHybrid DSG,21.900 €,2022,127.600 km,Híbrido enchufable,245 cv,Valencia,2026-05-07 12:22:40,CERO,https://www.coches.net/cupra-leon-sp-14-ehybrid-180kw-245cv-dsg-5p-electrico-hibrido-2022-en-valencia-70329376-covo.aspx
ALFA,ALFA ROMEO Giulia 2.2 Diesel Sprint RWD,29.900 €,2021,104.900 km,Diesel,190 cv,Valencia,2026-05-07 12:22:40,C,https://www.coches.net/alfa-romeo-giulia-22-diesel-140kw-190cv-sprint-rwd-4p-diesel-2022-en-valencia-70347580-covo.aspx
VOLVO,VOLVO XC40 1.5 T5 Twin Recharge Inscription Ex Auto,24.900 €,2021,116.000 km,Híbrido enchufable,262 cv,Madrid,2026-05-07 12:22:40,CERO,https://www.coches.net/volvo-xc40-15-t5-twin-recharge-inscription-ex-auto-5p-electrico-hibrido-2022-en-madrid-70347781-covo.aspx
BMW,BMW Serie 1 120d,32.900 €,2025,22.300 km,Híbrido,163 cv,Madrid,2026-05-07 12:22:40,ECO,https://www.coches.net/bmw-serie-1-120d-5p-electrico-hibrido-2025-en-madrid-70347784-covo.aspx
VOLKSWAGEN,VOLKSWAGEN T-Roc Sport 2.0 TDI DSG,22.900 €,2021,134.600 km,Diesel,150 cv,Madrid,2026-05-07 12:22:40,C,https://www.coches.net/volkswagen-t-roc-sport-20-tdi-110kw-150cv-dsg-5p-diesel-2021-en-madrid-70355332-covo.aspx
OPEL,OPEL Corsa 1.4 Design Line GLP,10.490 €,2019,121.000 km,Gas licuado (GLP),90 cv,Bizkaia,2026-05-07 12:22:40,ECO,https://www.coches.net/opel-corsa-14-66kw-90cv-design-line-glp-5p-otros-2019-en-vizcaya-70355718-covo.aspx
ALFA,ALFA ROMEO Stelvio 2.2 Diesel Executive Q4,27.490 €,2020,46.616 km,Diesel,210 cv,Madrid,2026-05-07 12:22:40,C,https://www.coches.net/alfa-romeo-stelvio-22-diesel-154kw-210cv-executive-q4-5p-diesel-2019-en-madrid-70362757-covo.aspx
KIA,KIA Ceed 1.0 TGDi Drive,19.990 €,2025,12.450 km,Gasolina,100 cv,Sevilla,2026-05-07 12:22:40,C,https://www.coches.net/kia-ceed-10-tgdi-74kw-100cv-drive-5p-gasolina-2025-en-sevilla-70362830-covo.aspx
KIA,KIA Ceed 1.0 TGDi Drive,19.990 €,2025,11.003 km,Gasolina,100 cv,Sevilla,2026-05-07 12:22:40,C,https://www.coches.net/kia-ceed-10-tgdi-74kw-100cv-drive-5p-gasolina-2025-en-sevilla-70362831-covo.aspx
RENAULT,RENAULT Megane E-Tech Equilibre EV40 standard ch.,21.490 €,2022,23.303 km,Eléctrico,130 cv,Madrid,2026-05-07 12:22:40,CERO,https://www.coches.net/renault-megane-e-tech-equilibre-ev40-96kw-130cv-standard-ch-5p-electrico-hibrido-2022-en-madrid-70362876-covo.aspx
CITROEN,CITROEN C5 Aircross BlueHdi SS Shine,15.490 €,2021,90.338 km,Diesel,131 cv,Madrid,2026-05-07 12:22:40,C,https://www.coches.net/citroen-c5-aircross-bluehdi-96kw-130cv-ss-shine-5p-diesel-2021-en-madrid-70362922-covo.aspx
RENAULT,RENAULT Trafic Authentic Energy Blue dCi,29.900 €,2023,7000 km,Diesel,150 cv,Valencia,2026-05-07 12:22:40,C,https://www.coches.net/renault-trafic-authentic-energy-blue-dci-110kw-150cv-4p-diesel-2022-en-valencia-70364339-covo.aspx
NISSAN,NISSAN JUKE DIGT 114 CV DCT 7 V NConnecta,16.500 €,2021,72.000 km,Gasolina,114 cv,Cádiz,2026-05-07 12:22:40,C,https://www.coches.net/nissan-juke-digt-84-kw-114-cv-dct-7-v-nconnecta-5p-gasolina-2021-en-cadiz-70368104-covo.aspx
VOLKSWAGEN,VOLKSWAGEN Golf Advance 2.0 TDI DSG,20.900 €,2020,121.100 km,Diesel,150 cv,Madrid,2026-05-07 12:22:40,C,https://www.coches.net/volkswagen-golf-advance-20-tdi-110kw-150cv-dsg-5p-diesel-2020-en-madrid-70372750-covo.aspx
MERCEDES-BENZ,MERCEDES-BENZ Clase C C 220 d Estate,32.990 €,2022,149.000 km,Híbrido,200 cv,Zamora,2026-05-07 12:22:40,ECO,https://www.coches.net/mercedes-benz-clase-c-c-220-d-estate-5p-electrico-hibrido-2023-en-zamora-70377661-covo.aspx
MASERATI,MASERATI Levante V6 430 HP AWD S GranSport,44.900 €,2019,120.000 km,Gasolina,430 cv,Madrid,2026-05-07 12:22:40,C,https://www.coches.net/maserati-levante-v6-430-hp-awd-s-gransport-5p-gasolina-2019-en-madrid-70378876-covo.aspx
RENAULT,RENAULT Clio evolution TCe 115 CV,18.990 €,2026,1 km,Gasolina,114 cv,Barcelona,2026-05-07 12:22:40,C,https://www.coches.net/km-0/renault/clio/barcelona/evolution-tce-85kw-115-cv-gasolina-de-km0-70379217-kovn.aspx
AUDI,AUDI Q2 Advanced 30 TDI S tronic,21.490 €,2020,82.602 km,Diesel,116 cv,Madrid,2026-05-07 12:22:40,C,https://www.coches.net/audi-q2-advanced-30-tdi-85kw-116cv-s-tronic-5p-diesel-2020-en-madrid-70379491-covo.aspx
SEAT,SEAT Ibiza 1.0 TGI FR,12.490 €,2020,136.344 km,Gas natural (CNG),90 cv,Madrid,2026-05-07 12:22:40,ECO,https://www.coches.net/seat-ibiza-10-tgi-66kw-90cv-fr-5p-otros-2020-en-madrid-70379544-covo.aspx
SUZUKI,SUZUKI S-Cross 1.4T S2 4WD Mild Hybrid,20.190 €,2023,44.782 km,Híbrido,129 cv,Madrid,2026-05-07 12:22:40,ECO,https://www.coches.net/suzuki-s-cross-14t-s2-4wd-mild-hybrid-5p-electrico-hibrido-2022-en-madrid-70381941-covo.aspx
MAZDA,MAZDA CX-30 eSKYACTIV G MHEV Primeline,23.490 €,2024,14.900 km,Híbrido,122 cv,Valencia,2026-05-07 12:22:40,ECO,https://www.coches.net/mazda-cx-30-eskyactiv-g-mhev-90kw-primeline-5p-electrico-hibrido-2024-en-valencia-70383595-covo.aspx
BMW,BMW Serie 5 530dA,29.900 €,2017,119.900 km,Diesel,265 cv,Valencia,2026-05-07 12:22:40,UNKNOWN,https://www.coches.net/bmw-serie-5-530da-4p-diesel-2017-en-valencia-70383596-covo.aspx
HYUNDAI,HYUNDAI Santa Fe 2.2 CRDi Maxx DCT 4x2,29.900 €,2023,99.900 km,Diesel,194 cv,Valencia,2026-05-07 12:22:40,C,https://www.coches.net/hyundai-santa-fe-22-crdi-maxx-dct-4x2-5p-diesel-2023-en-valencia-70383597-covo.aspx
AUDI,AUDI A5 Avant ehybrid quattro Black Line,63.900 €,2025,4900 km,Híbrido enchufable,367 cv,Valencia,2026-05-07 12:22:40,CERO,https://www.coches.net/audi-a5-avant-ehybrid-quattro-270kw-black-line-5p-electrico-hibrido-2025-en-valencia-70383598-covo.aspx
VOLKSWAGEN,VOLKSWAGEN ID.4 Pro Performance Auto,23.500 €,2021,105.940 km,Eléctrico,204 cv,Asturias,2026-05-07 12:22:40,CERO,https://www.coches.net/volkswagen-id4-pro-performance-150kw-204cv-auto-5p-electrico-hibrido-2021-en-asturias-70384755-covo.aspx
FORD,FORD Focus 1.0 Ecoboost STLine RB,12.490 €,2018,115.046 km,Gasolina,125 cv,Madrid,2026-05-07 12:22:40,C,https://www.coches.net/ford-focus-10-ecoboost-92kw-stline-rb-5p-gasolina-2017-en-madrid-70399336-covo.aspx
PEUGEOT,PEUGEOT 5008 1.5 BlueHDi SS Allure Pack EAT8,27.990 €,2024,28.909 km,Diesel,130 cv,Madrid,2026-05-07 12:22:40,C,https://www.coches.net/peugeot-5008-15-bluehdi-96kw-ss-allure-pack-eat8-5p-diesel-2023-en-madrid-70404953-covo.aspx
KIA,KIA Rio 1.2 DPi Concept,11.990 €,2022,96.253 km,Gasolina,84 cv,Madrid,2026-05-07 12:22:40,C,https://www.coches.net/kia-rio-12-dpi-62kw-84cv-concept-5p-gasolina-2022-en-madrid-70405073-covo.aspx
RENAULT,RENAULT Clio Techno TCe 90,16.900 €,2025,19.900 km,Gasolina,90 cv,Valencia,2026-05-07 12:22:40,C,https://www.coches.net/renault-clio-techno-tce-90-67kw-5p-gasolina-2024-en-valencia-70405107-covo.aspx
SEAT,SEAT Ibiza 1.0 TSI Style XM,15.490 €,2023,42.625 km,Gasolina,110 cv,Madrid,2026-05-07 12:22:40,C,https://www.coches.net/seat-ibiza-10-tsi-81kw-110cv-style-xm-5p-gasolina-2024-en-madrid-70405126-covo.aspx
RENAULT,RENAULT Clio Evolution TCe 90,15.990 €,2024,30.618 km,Gasolina,90 cv,Madrid,2026-05-07 12:22:40,C,https://www.coches.net/renault-clio-evolution-tce-90-67kw-5p-gasolina-2024-en-madrid-70405154-covo.aspx
NISSAN,NISSAN QASHQAI 1.6dCi SS TEKNA PREMIUM S 4x2 Piel,11.990 €,2015,171.000 km,Diesel,130 cv,Bizkaia,2026-05-07 12:22:40,B,https://www.coches.net/nissan-qashqai-16dci-ss-tekna-premium-s-4x2-piel-5p-diesel-2015-en-vizcaya-70405400-covo.aspx
VOLKSWAGEN,VOLKSWAGEN Taigo RLine 1.0 TSI DSG,17.900 €,2022,135.998 km,Gasolina,110 cv,Castellón,2026-05-07 12:22:40,C,https://www.coches.net/volkswagen-taigo-rline-10-tsi-81kw-110cv-dsg-5p-gasolina-2022-en-castellon-70406624-covo.aspx
BMW,BMW X1 xDrive30e,45.900 €,2026,22 km,Híbrido enchufable,326 cv,Sta. C. Tenerife,2026-05-07 12:22:40,CERO,https://www.coches.net/bmw-x1-xdrive30e-5p-electrico-hibrido-2026-en-sta-c-tenerife-70406690-covo.aspx
BMW,BMW ix2 eDrive20,40.900 €,2025,3894 km,Eléctrico,204 cv,Sta. C. Tenerife,2026-05-07 12:22:40,CERO,https://www.coches.net/bmw-ix2-edrive20-5p-electrico-hibrido-2025-en-sta-c-tenerife-70406693-covo.aspx
NISSAN,NISSAN QASHQAI DIGT mHEV Xtronic 4x4 NConnecta,17.990 €,2022,168.000 km,Híbrido,158 cv,Bizkaia,2026-05-07 12:22:40,ECO,https://www.coches.net/nissan-qashqai-digt-116kw-mhev-xtronic-4x4-nconnecta-5p-electrico-hibrido-2023-en-vizcaya-70406893-covo.aspx
BMW,BMW Serie 1 118d,12.290 €,2017,213.000 km,Diesel,150 cv,Bizkaia,2026-05-07 12:22:40,C,https://www.coches.net/bmw-serie-1-118d-5p-diesel-2017-en-vizcaya-70406900-covo.aspx
SEAT,SEAT Arona 1.0 TSI Style Ecomotive,11.990 €,2019,116.818 km,Gasolina,95 cv,Madrid,2026-05-07 12:22:40,C,https://www.coches.net/seat-arona-10-tsi-70kw-95cv-style-ecomotive-5p-gasolina-2019-en-madrid-70407490-covo.aspx
HYUNDAI,HYUNDAI i10 1.0 Klass,10.890 €,2022,77.940 km,Gasolina,67 cv,Madrid,2026-05-07 12:22:40,C,https://www.coches.net/hyundai-i10-10-klass-5p-gasolina-2023-en-madrid-70407506-covo.aspx
MG,MG ZS 1.5 Comfort,14.490 €,2022,71.132 km,Gasolina,106 cv,Madrid,2026-05-07 12:22:40,C,https://www.coches.net/mg-zs-15-comfort-5p-gasolina-2022-en-madrid-70407512-covo.aspx
VOLKSWAGEN,VOLKSWAGEN Polo Advance 1.0 TSI,15.490 €,2021,35.509 km,Gasolina,95 cv,Madrid,2026-05-07 12:22:40,C,https://www.coches.net/volkswagen-polo-advance-10-tsi-70kw-95cv-5p-gasolina-2021-en-madrid-70407527-covo.aspx
AUDI,AUDI Q7 4.0 TDI SQ7 quattro tiptronic,34.500 €,2016,216.938 km,Diesel,435 cv,Valencia,2026-05-07 12:22:40,C,https://www.coches.net/audi-q7-40-tdi-sq7-quattro-tiptronic-5p-diesel-2017-en-valencia-70408985-covo.aspx
KIA,KIA Niro 1.6 GDi HEV Concept,24.990 €,2023,29.212 km,Híbrido,141 cv,Madrid,2026-05-07 12:22:40,ECO,https://www.coches.net/kia-niro-16-gdi-hev-104kw-141cv-concept-5p-electrico-hibrido-2024-en-madrid-70413566-covo.aspx
BMW,BMW Serie 5 520dA,29.490 €,2022,115.944 km,Diesel,190 cv,Madrid,2026-05-07 12:22:40,ECO,https://www.coches.net/bmw-serie-5-520da-4p-diesel-2019-en-madrid-70413603-covo.aspx
SEAT,SEAT León 1.6 TDI StSp Style,10.499 €,2015,152.000 km,Diesel,105 cv,Alicante,2026-05-07 12:22:40,C,https://www.coches.net/seat-leon-16-tdi-105cv-stsp-style-5p-diesel-2015-en-alicante-70414494-covo.aspx
VOLKSWAGEN,VOLKSWAGEN Touran Advance 2.0 TDI DSG,26.800 €,2022,120.000 km,Diesel,150 cv,Bizkaia,2026-05-07 12:22:40,C,https://www.coches.net/volkswagen-touran-advance-20-tdi-110kw-150cv-dsg-5p-diesel-2023-en-vizcaya-70418780-covo.aspx
VOLKSWAGEN,VOLKSWAGEN Touareg R 3.0 V6 TSI Tip 4M,62.800 €,2021,30.000 km,Híbrido enchufable,462 cv,Bizkaia,2026-05-07 12:22:40,CERO,https://www.coches.net/volkswagen-touareg-r-30-v6-tsi-340kw-tip-4m-5p-electrico-hibrido-2022-en-vizcaya-70425718-covo.aspx
KIA,KIA Sorento 1.6 TGDi PHEV Emotion 4x4 7pl,36.990 €,2022,42.990 km,Híbrido enchufable,265 cv,Madrid,2026-05-07 12:22:40,CERO,https://www.coches.net/kia-sorento-16-tgdi-phev-emotion-4x4-7pl-5p-electrico-hibrido-2023-en-madrid-70426954-covo.aspx
MG,MG ZS 1.5 Comfort,14.990 €,2023,42.100 km,Gasolina,106 cv,Sevilla,2026-05-07 12:22:40,C,https://www.coches.net/mg-zs-15-comfort-5p-gasolina-2023-en-sevilla-70429331-covo.aspx
MINI,MINI COUNTRYMAN Cooper S E ALL4,23.900 €,2021,95.300 km,Híbrido enchufable,220 cv,Madrid,2026-05-07 12:22:40,CERO,https://www.coches.net/mini-countryman-cooper-s-e-all4-5p-electrico-hibrido-2021-en-madrid-70430475-covo.aspx
RENAULT,RENAULT Clio Authentique 1.2 75 eco2 E5,5.999 €,2010,74.000 km,Gasolina,75 cv,Alicante,2026-05-07 12:22:40,C,https://www.coches.net/renault-clio-authentique-12-75-5p-eco2-e5-5p-gasolina-2010-en-alicante-70430906-covo.aspx
RENAULT,RENAULT Clio Business SCe,12.900 €,2021,33.715 km,Gasolina,65 cv,Bizkaia,2026-05-07 12:22:40,C,https://www.coches.net/renault-clio-business-sce-49-kw-67cv-5p-gasolina-2021-en-vizcaya-70431151-covo.aspx
NISSAN,NISSAN Micra IGT 92 CV E6DF Acenta Sprint,13.900 €,2023,43.069 km,Gasolina,92 cv,Bizkaia,2026-05-07 12:22:40,C,https://www.coches.net/nissan-micra-igt-68-kw-92-cv-e6df-acenta-sprint-5p-gasolina-2022-en-vizcaya-70431157-covo.aspx
TOYOTA,TOYOTA Yaris 1.5 100H Active,16.400 €,2020,43.507 km,Híbrido,100 cv,Bizkaia,2026-05-07 12:22:40,ECO,https://www.coches.net/toyota-yaris-15-100h-active-5p-electrico-hibrido-2019-en-vizcaya-70431158-covo.aspx
KIA,KIA XCeed 1.6 GDi PHEV eTech,24.990 €,2023,9152 km,Híbrido enchufable,141 cv,Sevilla,2026-05-07 12:22:40,CERO,https://www.coches.net/kia-xceed-16-gdi-phev-104kw-141cv-etech-5p-electrico-hibrido-2023-en-sevilla-70431628-covo.aspx
PEUGEOT,PEUGEOT 208 BlueHDi Active Pack,9.350 €,2022,121.990 km,Diesel,100 cv,Madrid,2026-05-07 12:22:40,C,https://www.coches.net/peugeot-208-bluehdi-73kw-100cv-active-pack-5p-diesel-2021-en-madrid-70434806-covo.aspx
SEAT,SEAT Alhambra 1.4 TSI DSG SS Xcellence,20.500 €,2022,153.843 km,Gasolina,150 cv,Asturias,2026-05-07 12:22:40,C,https://www.coches.net/seat-alhambra-14-tsi-110kw-dsg-ss-xcellence-5p-gasolina-2022-en-asturias-70435013-covo.aspx
JAGUAR,JAGUAR F-Pace 2.0D I4 204PS AWD Auto MHEV RDyn HSE,31.990 €,2022,62.990 km,Híbrido,204 cv,Madrid,2026-05-07 12:22:40,ECO,https://www.coches.net/jaguar-f-pace-20d-i4-204ps-awd-auto-mhev-rdyn-hse-5p-electrico-hibrido-2022-en-madrid-70435107-covo.aspx
PEUGEOT,PEUGEOT 4007 Sport Pack 7 Plazas 2.2 HDI 156 FAP,7.490 €,2008,150.000 km,Diesel,156 cv,Bizkaia,2026-05-07 12:22:40,B,https://www.coches.net/peugeot-4007-sport-pack-7-plazas-22-hdi-156-fap-5p-diesel-2008-en-vizcaya-70437012-covo.aspx
LAND-ROVER,LAND-ROVER Range Rover Evoque 2.0L TD4 4x4 SE Auto.,16.990 €,2017,98.919 km,Diesel,150 cv,Valencia,2026-05-07 12:22:40,C,https://www.coches.net/land-rover-range-rover-evoque-20l-td4-110kw-110kw-4x4-se-auto-5p-diesel-2017-en-valencia-70442215-covo.aspx
HYUNDAI,HYUNDAI i20 1.0 TGDI Klass,13.490 €,2022,68.544 km,Gasolina,100 cv,Madrid,2026-05-07 12:22:40,C,https://www.coches.net/hyundai-i20-10-tgdi-74kw-100cv-klass-5p-gasolina-2023-en-madrid-70449029-covo.aspx
KIA,KIA Ceed 1.0 TGDi Drive,13.490 €,2021,77.376 km,Gasolina,120 cv,Madrid,2026-05-07 12:22:40,C,https://www.coches.net/kia-ceed-10-tgdi-88kw-120cv-drive-5p-gasolina-2022-en-madrid-70449073-covo.aspx
KIA,KIA Ceed 1.0 TGDi Drive,13.490 €,2021,81.250 km,Gasolina,120 cv,Madrid,2026-05-07 12:22:40,C,https://www.coches.net/kia-ceed-10-tgdi-88kw-120cv-drive-5p-gasolina-2022-en-madrid-70449220-covo.aspx
PEUGEOT,PEUGEOT Rifter GT Standard BlueHDi,16.990 €,2022,140.144 km,Diesel,130 cv,Madrid,2026-05-07 12:22:40,C,https://www.coches.net/peugeot-rifter-gt-standard-bluehdi-96kw-5p-diesel-2021-en-madrid-70449299-covo.aspx
AUDI,AUDI A4 Allroad Quattro 45 TFSI quattro S tronic,27.990 €,2020,122.661 km,Híbrido,265 cv,Asturias,2026-05-07 12:22:40,ECO,https://www.coches.net/audi-a4-allroad-quattro-45-tfsi-195kw-265cv-quattro-s-tronic-5p-electrico-hibrido-2021-en-asturias-70452137-covo.aspx
AUDI,AUDI Q3 Sportback 35 TFSI S tronic S Line,32.490 €,2021,56.750 km,Híbrido,150 cv,Salamanca,2026-05-07 12:22:40,CERO,https://www.coches.net/audi-q3-sportback-35-tfsi-110kw-150cv-s-tronic-s-line-5p-electrico-hibrido-2021-en-salamanca-70452324-covo.aspx
PEUGEOT,PEUGEOT 508 Business Line BlueHDi 130 EAT8,9.990 €,2021,260.000 km,Diesel,130 cv,Sevilla,2026-05-07 12:22:40,C,https://www.coches.net/peugeot-508-5p-business-line-bluehdi-130-eat8-5p-diesel-2021-en-sevilla-70454742-covo.aspx
MERCEDES-BENZ,MERCEDES-BENZ Clase C C 220 CDI Avantgarde,5.990 €,2008,439.675 km,Diesel,170 cv,Sevilla,2026-05-07 12:22:40,UNKNOWN,https://www.coches.net/mercedes-benz-clase-c-c-220-cdi-avantgarde-4p-diesel-2008-en-sevilla-70454765-covo.aspx
MERCEDES-BENZ,MERCEDES-BENZ GLE Coupé GLE 350 de 4MATIC Hibrido Enchufable,54.990 €,2021,110.000 km,Híbrido enchufable,320 cv,Zamora,2026-05-07 12:22:40,CERO,https://www.coches.net/mercedes-benz-gle-coupe-gle-350-de-4matic-hibrido-enchufable-5p-electrico-hibrido-2022-en-zamora-70457091-covo.aspx
VOLKSWAGEN,VOLKSWAGEN T-Roc Life 1.0 TSI,21.900 €,2024,44.495 km,Gasolina,110 cv,Valencia,2026-05-07 12:22:40,C,https://www.coches.net/volkswagen-t-roc-life-10-tsi-81kw-110cv-5p-gasolina-2024-en-valencia-70460266-covo.aspx
KIA,KIA XCeed 1.0 TGDi Tech,18.900 €,2024,44.731 km,Gasolina,100 cv,Valencia,2026-05-07 12:22:40,C,https://www.coches.net/kia-xceed-10-tgdi-tech-74kw-100cv-5p-gasolina-2025-en-valencia-70460818-covo.aspx
SEAT,SEAT León 1.0 TSI SS Style Go,15.990 €,2020,66.990 km,Gasolina,110 cv,Madrid,2026-05-07 12:22:40,C,https://www.coches.net/seat-leon-10-tsi-81kw-ss-style-go-5p-gasolina-2021-en-madrid-70462108-covo.aspx
MERCEDES-BENZ,MERCEDES-BENZ CLA CLA MercedesAMG S 45 4MATIC,61.900 €,2024,24.000 km,Gasolina,422 cv,Sta. C. Tenerife,2026-05-07 12:22:40,C,https://www.coches.net/mercedes-benz-cla-cla-mercedesamg-s-45-4matic-4p-gasolina-2024-en-sta-c-tenerife-70465964-covo.aspx
BMW,BMW Serie 1 118d,21.900 €,2022,75.000 km,Diesel,150 cv,Castellón,2026-05-07 12:22:40,C,https://www.coches.net/bmw-serie-1-118d-5p-diesel-2022-en-castellon-70468266-covo.aspx
VOLKSWAGEN,VOLKSWAGEN Golf GTI 2.0 TSI,28.500 €,2021,146.516 km,Gasolina,245 cv,Asturias,2026-05-07 12:22:40,C,https://www.coches.net/volkswagen-golf-gti-20-tsi-180kw-245cv-5p-gasolina-2022-en-asturias-70470432-covo.aspx
LAND-ROVER,LAND-ROVER Defender 110 SW SE,23.999 €,2016,188.569 km,Diesel,122 cv,Sevilla,2026-05-07 12:22:40,UNKNOWN,https://www.coches.net/land-rover-defender-110-sw-se-5p-diesel-2015-en-sevilla-70471827-covo.aspx
VOLKSWAGEN,VOLKSWAGEN Tiguan Sport 2.0 TDI DSG,17.999 €,2017,233.000 km,Diesel,150 cv,Sevilla,2026-05-07 12:22:40,UNKNOWN,https://www.coches.net/volkswagen-tiguan-sport-20-tdi-110kw-150cv-dsg-5p-diesel-2018-en-sevilla-70472986-covo.aspx
BMW,BMW Serie 5 520d Touring,7.999 €,2012,308.000 km,Diesel,184 cv,Sevilla,2026-05-07 12:22:40,UNKNOWN,https://www.coches.net/bmw-serie-5-520d-touring-5p-diesel-2012-en-sevilla-70472988-covo.aspx
FIAT,FIAT 500 Dolcevita 1.2 8v 69 CV,12.999 €,2020,31.000 km,Gasolina,69 cv,Sevilla,2026-05-07 12:22:40,C,https://www.coches.net/fiat-500-dolcevita-12-8v-51kw-69-cv-3p-gasolina-2020-en-sevilla-70473000-covo.aspx
VOLKSWAGEN,VOLKSWAGEN Tiguan Mas 2.0 TDI DSG,40.900 €,2024,16.650 km,Diesel,150 cv,Gipuzkoa,2026-05-07 12:22:40,C,https://www.coches.net/volkswagen-tiguan-mas-20-tdi-110kw-150cv-dsg-5p-diesel-2025-en-guipuzcoa-70473021-covo.aspx
KIA,KIA Ceed 1.0 TGDi Tech,16.590 €,2022,78.742 km,Gasolina,120 cv,Madrid,2026-05-07 12:22:40,C,https://www.coches.net/kia-ceed-10-tgdi-88kw-120cv-tech-5p-gasolina-2022-en-madrid-70477315-covo.aspx
MAZDA,MAZDA MX-30 eSKYACTIVE Evolution Modern,16.900 €,2020,64.534 km,Eléctrico,146 cv,Madrid,2026-05-07 12:22:40,CERO,https://www.coches.net/mazda-mx-30-eskyactive-105kw-evolution-modern-5p-electrico-hibrido-2020-en-madrid-70477318-covo.aspx
MAZDA,MAZDA CX-5 eSky G MHEV 2.0 AT Advantage,34.990 €,2023,29.495 km,Híbrido,165 cv,Madrid,2026-05-07 12:22:40,ECO,https://www.coches.net/mazda-cx-5-esky-g-mhev-20-121kw-at-advantage-5p-electrico-hibrido-2023-en-madrid-70477319-covo.aspx
MAZDA,MAZDA CX-30 eSKYACTIVX 2.0 Zenith B.Safety,24.350 €,2021,52.187 km,Híbrido,186 cv,Madrid,2026-05-07 12:22:40,ECO,https://www.coches.net/mazda-cx-30-eskyactivx-20-137kw-zenith-bsafety-5p-electrico-hibrido-2021-en-madrid-70477326-covo.aspx
MAZDA,MAZDA CX-30 SKYACTIVG 2.0 2WD Evolution,19.490 €,2020,120.720 km,Híbrido,122 cv,Madrid,2026-05-07 12:22:40,ECO,https://www.coches.net/mazda-cx-30-skyactivg-20-90-kw-2wd-evolution-5p-electrico-hibrido-2020-en-madrid-70477327-covo.aspx
CUPRA,CUPRA Formentor 2.0 TSI 190 CV 4Drive DSG,27.490 €,2021,74.755 km,Gasolina,190 cv,A Coruña,2026-05-07 12:22:40,C,https://www.coches.net/cupra-formentor-20-tsi-140kw-190-cv-4drive-dsg-5p-gasolina-2021-en-a-coruna-70481478-covo.aspx
FORD,FORD Puma 1.0 EcoBoost STLine MHEV,16.400 €,2022,90.332 km,Híbrido,125 cv,Barcelona,2026-05-07 12:22:40,ECO,https://www.coches.net/ford-puma-10-ecoboost-125cv-stline-mhev-5p-electrico-hibrido-2023-en-barcelona-70481652-covo.aspx
AUDI,AUDI A5 35 TDI S tronic Sportback,25.900 €,2019,155.000 km,Diesel,150 cv,Córdoba,2026-05-07 12:22:40,UNKNOWN,https://www.coches.net/audi-a5-35-tdi-110kw-150cv-s-tronic-sportback-5p-diesel-2019-en-cordoba-70483266-covo.aspx
KIA,KIA XCeed 1.6 GDi PHEV eDrive,17.900 €,2022,54.900 km,Híbrido enchufable,141 cv,Valencia,2026-05-07 12:22:40,CERO,https://www.coches.net/kia-xceed-16-gdi-phev-104kw-141cv-edrive-5p-electrico-hibrido-2022-en-valencia-70483301-covo.aspx
BMW,BMW X6 xDrive30d,28.950 €,2016,222.000 km,Diesel,258 cv,Alicante,2026-05-07 12:22:40,C,https://www.coches.net/bmw-x6-xdrive30d-5p-diesel-2016-en-alicante-70484469-covo.aspx
VOLVO,VOLVO XC60 2.0 T6 AWD Recharge Core Auto,39.900 €,2023,57.000 km,Híbrido enchufable,350 cv,Las Palmas,2026-05-07 12:22:40,UNKNOWN,https://www.coches.net/volvo-xc60-20-t6-awd-recharge-core-auto-5p-electrico-hibrido-2024-en-las-palmas-70487227-covo.aspx
VOLKSWAGEN,VOLKSWAGEN Passat Variant RLine 2.0 TDI DSG,24.900 €,2020,114.900 km,Diesel,190 cv,Valencia,2026-05-07 12:22:40,C,https://www.coches.net/volkswagen-passat-variant-rline-20-tdi-140kw-190cv-dsg-5p-diesel-2020-en-valencia-70487976-covo.aspx
HYUNDAI,HYUNDAI Tucson 1.6 TGDI HEV Style Aut 4x4,28.900 €,2022,49.800 km,Híbrido,230 cv,Valencia,2026-05-07 12:22:40,ECO,https://www.coches.net/hyundai-tucson-16-tgdi-169kw-230cv-hev-style-aut-4x4-5p-electrico-hibrido-2021-en-valencia-70487977-covo.aspx
MAZDA,MAZDA CX-5 2.0 GE Zenith,23.900 €,2022,64.900 km,Gasolina,165 cv,Valencia,2026-05-07 12:22:40,C,https://www.coches.net/mazda-cx-5-20-ge-121kw-165cv-zenith-5p-gasolina-2022-en-valencia-70487978-covo.aspx
KIA,KIA Niro 1.6 GDi HEV Drive,18.900 €,2020,49.800 km,Híbrido,141 cv,Valencia,2026-05-07 12:22:40,ECO,https://www.coches.net/kia-niro-16-gdi-hev-104kw-141cv-drive-5p-electrico-hibrido-2020-en-valencia-70487979-covo.aspx
AUDI,AUDI Q2 S line 35 TFSI,22.990 €,2022,86.990 km,Gasolina,150 cv,Cádiz,2026-05-07 12:22:40,C,https://www.coches.net/audi-q2-s-line-35-tfsi-110kw-150cv-5p-gasolina-2023-en-cadiz-70490872-covo.aspx
CITROEN,CITROEN C3 PureTech SS SHINE,12.990 €,2019,61.500 km,Gasolina,110 cv,Gipuzkoa,2026-05-07 12:22:40,UNKNOWN,https://www.coches.net/citroen-c3-puretech-81kw-110cv-ss-shine-5p-gasolina-2019-en-guipuzcoa-70498405-covo.aspx
PEUGEOT,PEUGEOT 308 SW Active Pack Puretech 110 SS MAN,14.550 €,2022,96.273 km,Gasolina,110 cv,Barcelona,2026-05-07 12:22:40,UNKNOWN,https://www.coches.net/peugeot-308-sw-active-pack-puretech-110-ss-man-5p-gasolina-2022-en-barcelona-70554759-covo.aspx
VOLKSWAGEN,VOLKSWAGEN Tiguan Advance 2.0 TDI BMT,13.990 €,2016,229.796 km,Diesel,150 cv,Lugo,2026-05-07 12:22:40,C,https://www.coches.net/volkswagen-tiguan-advance-20-tdi-150cv-bmt-5p-diesel-2016-en-lugo-70560449-covo.aspx
CITROEN,CITROEN C4 PureTech 130 SS 6v Plus,16.950 €,2024,16.748 km,Gasolina,131 cv,Barcelona,2026-05-07 12:22:40,C,https://www.coches.net/citroen-c4-puretech-130-ss-6v-plus-5p-gasolina-2024-en-barcelona-70568165-covo.aspx
SEAT,SEAT Ibiza 1.0 TSI Style XM,16.375 €,2025,8717 km,Gasolina,95 cv,Alicante,2026-05-07 12:22:40,C,https://www.coches.net/seat-ibiza-10-tsi-70kw-95cv-style-xm-5p-gasolina-2025-en-alicante-70568411-covo.aspx
DACIA,DACIA Sandero Stepway Extreme Go ECOG,17.700 €,2024,12.451 km,Gas licuado (GLP),101 cv,Barcelona,2026-05-07 12:22:40,ECO,https://www.coches.net/dacia-sandero-stepway-extreme-go-74kw-100cv-ecog-5p-otros-2024-en-barcelona-70561041-covo.aspx
CITROEN,CITROEN C3 BlueHDi SS FEEL,9.799 €,2018,77.466 km,Diesel,75 cv,Barcelona,2026-05-07 12:22:40,C,https://www.coches.net/citroen-c3-bluehdi-55kw-75cv-ss-feel-5p-diesel-2018-en-barcelona-70549870-covo.aspx
VOLKSWAGEN,VOLKSWAGEN Golf Advance 1.6 TDI BMT DSG,10.999 €,2016,142.691 km,Diesel,110 cv,Barcelona,2026-05-07 12:22:40,C,https://www.coches.net/volkswagen-golf-advance-16-tdi-110cv-bmt-dsg-5p-diesel-2017-en-barcelona-70549983-covo.aspx
VOLKSWAGEN,VOLKSWAGEN Golf Advance 1.6 TDI BMT,12.799 €,2015,77.255 km,Diesel,105 cv,Sevilla,2026-05-07 12:22:40,C,https://www.coches.net/volkswagen-golf-advance-16-tdi-105cv-bmt-5p-diesel-2015-en-sevilla-70550156-covo.aspx
CITROEN,CITROEN C3 BlueHDi SS SHINE,9.599 €,2017,75.755 km,Diesel,99 cv,Sevilla,2026-05-07 12:22:40,C,https://www.coches.net/citroen-c3-bluehdi-73kw-100cv-ss-shine-5p-diesel-2016-en-sevilla-70550359-covo.aspx
PEUGEOT,PEUGEOT 508 Business Line BlueHDi 130 EAT8,13.995 €,2021,134.598 km,Diesel,130 cv,Alicante,2026-05-07 12:22:40,C,https://www.coches.net/peugeot-508-5p-business-line-bluehdi-130-eat8-5p-diesel-2021-en-alicante-70568687-covo.aspx
VOLKSWAGEN,VOLKSWAGEN Golf Edition 1.2 TSI BMT DSG,14.900 €,2017,83.819 km,Gasolina,110 cv,Málaga,2026-05-07 12:22:40,C,https://www.coches.net/volkswagen-golf-edition-12-tsi-110cv-bmt-dsg-5p-gasolina-2016-en-malaga-70569140-covo.aspx
KIA,KIA Sportage 1.6 GDi Drive 4x2,12.399 €,2017,100.850 km,Gasolina,132 cv,Barcelona,2026-05-07 12:22:40,C,https://www.coches.net/kia-sportage-16-gdi-drive-4x2-5p-gasolina-2016-en-barcelona-70565347-covo.aspx
VOLKSWAGEN,VOLKSWAGEN Polo Edition 1.4 TDI BMT,8.999 €,2016,131.428 km,Diesel,75 cv,Sevilla,2026-05-07 12:22:40,C,https://www.coches.net/volkswagen-polo-edition-14-tdi-75cv-bmt-5p-diesel-2016-en-sevilla-70550279-covo.aspx
BMW,BMW Serie 3 318d Gran Turismo,9.100 €,2014,269.000 km,Diesel,143 cv,Navarra,2026-05-07 12:22:40,B,https://www.coches.net/bmw-serie-3-318d-gran-turismo-5p-diesel-2015-en-navarra-70538167-covo.aspx
MERCEDES-BENZ,MERCEDES-BENZ Clase C C 200,25.999 €,2020,86.135 km,Híbrido,184 cv,Sevilla,2026-05-07 12:22:40,ECO,https://www.coches.net/mercedes-benz-clase-c-c-200-4p-electrico-hibrido-2020-en-sevilla-70566487-covo.aspx
SKODA,SKODA Fabia 1.0 MPI Essence,17.250 €,2025,28.112 km,Gasolina,80 cv,Barcelona,2026-05-07 12:22:40,C,https://www.coches.net/skoda-fabia-10-mpi-59kw-80cv-essence-5p-gasolina-2025-en-barcelona-70572545-covo.aspx
SKODA,SKODA Fabia 1.0 TSI DSG Selection,19.550 €,2025,43.351 km,Gasolina,115 cv,Valencia,2026-05-07 12:22:40,C,https://www.coches.net/skoda-fabia-10-tsi-85kw-115cv-dsg-selection-5p-gasolina-2025-en-valencia-70573936-covo.aspx
SKODA,SKODA Fabia 1.0 TSI DSG Selection,19.500 €,2025,43.507 km,Gasolina,115 cv,Valencia,2026-05-07 12:22:40,C,https://www.coches.net/skoda-fabia-10-tsi-85kw-115cv-dsg-selection-5p-gasolina-2025-en-valencia-70573937-covo.aspx
TOYOTA,TOYOTA Corolla 140H Business,26.990 €,2025,18.276 km,Híbrido,140 cv,Sevilla,2026-05-07 12:22:40,ECO,https://www.coches.net/toyota-corolla-140h-business-5p-electrico-hibrido-2024-en-sevilla-70577920-covo.aspx
FORD,FORD Kuga STLine 2.0 EcoBlue Auto,19.600 €,2023,86.000 km,Diesel,120 cv,Madrid,2026-05-07 12:22:40,C,https://www.coches.net/ford-kuga-stline-20-ecoblue-88kw-120cv-auto-5p-diesel-2023-en-madrid-70560472-covo.aspx
CITROEN,CITROEN Berlingo Talla M BlueHDi 100 SS FEEL PACK,15.980 €,2020,64.000 km,Diesel,102 cv,Córdoba,2026-05-07 12:22:40,C,https://www.coches.net/citroen-berlingo-talla-m-bluehdi-100-ss-feel-pack-5p-diesel-2020-en-cordoba-70560626-covo.aspx
PEUGEOT,PEUGEOT 3008 1.5 BlueHDi SS Active,17.690 €,2021,91.099 km,Diesel,130 cv,Madrid,2026-05-07 12:22:40,C,https://www.coches.net/peugeot-3008-15-bluehdi-96kw-130cv-ss-active-5p-diesel-2020-en-madrid-70563276-covo.aspx
HYUNDAI,HYUNDAI Tucson 1.6 TGDI HEV Maxx Auto,19.990 €,2021,119.900 km,Híbrido,230 cv,Valencia,2026-05-07 12:22:40,ECO,https://www.coches.net/hyundai-tucson-16-tgdi-169kw-230cv-hev-maxx-auto-5p-electrico-hibrido-2021-en-valencia-70576329-covo.aspx
PEUGEOT,PEUGEOT 208 ACTIVE PureTech,9.490 €,2019,41.316 km,Gasolina,82 cv,Gipuzkoa,2026-05-07 12:22:40,UNKNOWN,https://www.coches.net/peugeot-208-5p-active-puretech-60kw-82cv-5p-gasolina-2018-en-guipuzcoa-70554402-covo.aspx
MERCEDES-BENZ,MERCEDES-BENZ Clase CLA CLA 200 D DCT,22.490 €,2020,97.902 km,Diesel,150 cv,Madrid,2026-05-07 12:22:40,C,https://www.coches.net/mercedes-benz-clase-cla-cla-200-d-dct-4p-diesel-2019-en-madrid-70562537-covo.aspx
RENAULT,RENAULT Scénic Authentique dCi 95 eco2,5.999 €,2011,202.000 km,Diesel,95 cv,Burgos,2026-05-07 12:22:40,UNKNOWN,https://www.coches.net/renault-scenic-authentique-dci-95-eco2-5p-diesel-2011-en-burgos-70578448-covo.aspx
RENAULT,RENAULT Mégane S.T. Business Blue dCi 70W,9.500 €,2020,180.000 km,Diesel,95 cv,Madrid,2026-05-07 12:22:40,C,https://www.coches.net/renault-megane-st-business-blue-dci-70w-95cv-5p-diesel-2018-en-madrid-70567208-covo.aspx
RENAULT,RENAULT Clio Business Blue dCi,8.999 €,2021,138.000 km,Diesel,100 cv,Sevilla,2026-05-07 12:22:40,C,https://www.coches.net/renault-clio-business-blue-dci-74kw-100cv-5p-diesel-2021-en-sevilla-70577494-covo.aspx
CITROEN,CITROEN C4 BlueHdi 130 SS EAT8 Feel Pack,11.400 €,2021,165.706 km,Diesel,130 cv,Pontevedra,2026-05-07 12:22:40,UNKNOWN,https://www.coches.net/citroen-c4-bluehdi-130-ss-eat8-feel-pack-5p-diesel-2021-en-pontevedra-70522283-covo.aspx
FORD,FORD Kuga STLine 1.5 EcoBlue,17.999 €,2022,94.000 km,Diesel,120 cv,Málaga,2026-05-07 12:22:40,C,https://www.coches.net/ford-kuga-stline-15-ecoblue-88kw-120cv-5p-diesel-2022-en-malaga-70569868-covo.aspx
AUDI,AUDI A3 1.6 TDI Sportback,13.299 €,2016,149.721 km,Diesel,110 cv,Barcelona,2026-05-07 12:22:40,C,https://www.coches.net/audi-a3-16-tdi-sportback-5p-diesel-2017-en-barcelona-70549840-covo.aspx
AUDI,AUDI A3 1.6 TDI clean diesel Attraction,12.199 €,2015,105.737 km,Diesel,110 cv,Sevilla,2026-05-07 12:22:40,B,https://www.coches.net/audi-a3-16-tdi-110cv-clean-diesel-attraction-3p-diesel-2016-en-sevilla-70550127-covo.aspx
VOLKSWAGEN,VOLKSWAGEN Golf Advance 1.6 TDI,14.990 €,2017,123.000 km,Diesel,115 cv,Valencia,2026-05-07 12:22:40,C,https://www.coches.net/volkswagen-golf-advance-16-tdi-85kw-115cv-5p-diesel-2017-en-valencia-70532816-covo.aspx
AUDI,AUDI A3 Sedan 1.6 TDI clean Attraction,14.500 €,2015,91.267 km,Diesel,110 cv,La Rioja,2026-05-07 12:22:40,UNKNOWN,https://www.coches.net/audi-a3-sedan-16-tdi-clean-110cv-attraction-4p-diesel-2015-en-la-rioja-70561994-covo.aspx
AUDI,AUDI A3 Sportback ALLIN edion 30 TDI,19.900 €,2019,112.367 km,Diesel,116 cv,Madrid,2026-05-07 12:22:40,C,https://www.coches.net/audi-a3-sportback-allin-edion-30-tdi-85kw-5p-diesel-2020-en-madrid-70553534-covo.aspx
RENAULT,RENAULT Mégane GT Line Energy dCi 110,12.599 €,2016,110.637 km,Diesel,110 cv,Barcelona,2026-05-07 12:22:40,C,https://www.coches.net/renault-megane-gt-line-energy-dci-110-5p-diesel-2015-en-barcelona-70549915-covo.aspx
RENAULT,RENAULT Mégane Business Energy dCi,10.899 €,2017,96.665 km,Diesel,110 cv,Sevilla,2026-05-07 12:22:40,C,https://www.coches.net/renault-megane-business-energy-dci-81kw-110cv-5p-diesel-2017-en-sevilla-70550353-covo.aspx
BMW,BMW Serie 3 320d EfficientDynamics,14.490 €,2017,185.872 km,Diesel,163 cv,Valencia,2026-05-07 12:22:40,C,https://www.coches.net/bmw-serie-3-320d-efficientdynamics-4p-diesel-2017-en-valencia-70530884-covo.aspx
MERCEDES-BENZ,MERCEDES-BENZ Clase C C 220 BlueTEC Avantgarde,18.900 €,2015,169.320 km,Diesel,170 cv,Navarra,2026-05-07 12:22:40,UNKNOWN,https://www.coches.net/mercedes-benz-clase-c-c-220-bluetec-avantgarde-4p-diesel-2015-en-navarra-70561433-covo.aspx
AUDI,AUDI A4 design ed 3.0 TDI quattro tiptron,22.500 €,2017,169.000 km,Diesel,272 cv,Madrid,2026-05-07 12:22:40,C,https://www.coches.net/audi-a4-design-ed-30-tdi-200kw-quattro-tiptron-4p-diesel-2018-en-madrid-70568738-covo.aspx
OPEL,OPEL Corsa 1.5D DT Edition,12.500 €,2021,102.396 km,Diesel,102 cv,Pontevedra,2026-05-07 12:22:40,C,https://www.coches.net/opel-corsa-15d-dt-74kw-100cv-edition-5p-diesel-2021-en-pontevedra-70526776-covo.aspx
MAZDA,MAZDA Mazda3 2.0 eSKYACTIVG HOMURA,20.500 €,2022,71.262 km,Híbrido,122 cv,Barcelona,2026-05-07 12:22:40,ECO,https://www.coches.net/mazda-mazda3-20-eskyactivg-88kw-homura-5p-electrico-hibrido-2022-en-barcelona-70569708-covo.aspx
CITROEN,CITROEN C3 BlueHDi SS Live Pack,7.990 €,2021,213.000 km,Diesel,102 cv,Madrid,2026-05-07 12:22:40,C,https://www.coches.net/citroen-c3-bluehdi-75kw-100cv-ss-live-pack-5p-diesel-2021-en-madrid-70571786-covo.aspx
ALFA,ALFA ROMEO Giulietta 1.6 JTD Super,13.990 €,2020,77.021 km,Diesel,120 cv,Madrid,2026-05-07 12:22:40,C,https://www.coches.net/alfa-romeo-giulietta-16-jtd-88kw-120cv-super-5p-diesel-2019-en-madrid-70571864-covo.aspx
TOYOTA,TOYOTA Auris 1.6 VVTi Active,8.450 €,2011,186.318 km,Gasolina,132 cv,Burgos,2026-05-07 12:22:40,C,https://www.coches.net/toyota-auris-16-vvti-active-5p-gasolina-2011-en-burgos-70576362-covo.aspx
CITROEN,CITROEN C1 VTi SS City Edition,9.550 €,2020,85.208 km,Gasolina,72 cv,Valencia,2026-05-07 12:22:40,C,https://www.coches.net/citroen-c1-vti-53kw-72cv-ss-city-edition-5p-gasolina-2020-en-valencia-70578025-covo.aspx
SKODA,SKODA Fabia 1.0 TSI DSG Selection,19.250 €,2025,52.627 km,Gasolina,115 cv,Málaga,2026-05-07 12:22:40,C,https://www.coches.net/skoda-fabia-10-tsi-85kw-115cv-dsg-selection-5p-gasolina-2025-en-malaga-70579161-covo.aspx
SKODA,SKODA Fabia 1.0 TSI DSG Selection,19.400 €,2025,50.599 km,Gasolina,115 cv,Málaga,2026-05-07 12:22:40,C,https://www.coches.net/skoda-fabia-10-tsi-85kw-115cv-dsg-selection-5p-gasolina-2025-en-malaga-70579175-covo.aspx
OPEL,OPEL Insignia ST 1.6 CDTi ecoTEC D Selective,6.990 €,2017,189.000 km,Diesel,136 cv,Valencia,2026-05-07 12:22:40,C,https://www.coches.net/opel-insignia-st-16-cdti-100kw-ecotec-d-selective-5p-diesel-2018-en-valencia-70553431-covo.aspx
PEUGEOT,PEUGEOT 208 Allure Puretech 100,15.950 €,2025,17.284 km,Gasolina,100 cv,Barcelona,2026-05-07 12:22:40,C,https://www.coches.net/peugeot-208-allure-puretech-100-5p-gasolina-2023-en-barcelona-70568346-covo.aspx
OPEL,OPEL Astra 1.4 Turbo SS Dynamic,9.999 €,2018,99.728 km,Gasolina,125 cv,Sevilla,2026-05-07 12:22:40,C,https://www.coches.net/opel-astra-14-turbo-ss-92kw-125cv-dynamic-5p-gasolina-2018-en-sevilla-70550274-covo.aspx
FORD,FORD Kuga STLine 2.5 Duratec PHEV Auto,16.500 €,2022,131.613 km,Híbrido enchufable,225 cv,Madrid,2026-05-07 12:22:40,CERO,https://www.coches.net/ford-kuga-stline-25-duratec-phev-165kw-auto-5p-electrico-hibrido-2022-en-madrid-70572597-covo.aspx
PEUGEOT,PEUGEOT 2008 Active Pack Puretech 100 SS BVM6,13.190 €,2021,39.660 km,Gasolina,100 cv,Valencia,2026-05-07 12:22:40,C,https://www.coches.net/peugeot-2008-active-pack-puretech-100-ss-bvm6-5p-gasolina-2022-en-valencia-70573504-covo.aspx
PEUGEOT,PEUGEOT 308 Active 1.6 BlueHDi,8.799 €,2017,128.458 km,Diesel,100 cv,Barcelona,2026-05-07 12:22:40,C,https://www.coches.net/peugeot-308-5p-active-16-bluehdi-73kw-100cv-5p-diesel-2017-en-barcelona-70550022-covo.aspx
AUDI,AUDI A3 Sportback 1.6 TDI clean Attraction,14.390 €,2016,162.310 km,Diesel,110 cv,Málaga,2026-05-07 12:22:40,C,https://www.coches.net/audi-a3-sportback-16-tdi-110cv-clean-attraction-5p-diesel-2016-en-malaga-70550647-covo.aspx
DACIA,DACIA Sandero Comfort TCE SS,8.990 €,2019,35.000 km,Gasolina,90 cv,Málaga,2026-05-07 12:22:40,C,https://www.coches.net/dacia-sandero-comfort-tce-66kw-90cv--ss-5p-gasolina-2019-en-malaga-70539473-covo.aspx
CITROEN,CITROEN C4 PureTech 130 SS 6v Feel Pack,14.990 €,2023,24.959 km,Gasolina,130 cv,Madrid,2026-05-07 12:22:40,C,https://www.coches.net/citroen-c4-puretech-130-ss-6v-feel-pack-5p-gasolina-2023-en-madrid-70510135-covo.aspx
MERCEDES-BENZ,MERCEDES-BENZ Clase C C 200 d,39.900 €,2023,49.500 km,Híbrido,163 cv,Salamanca,2026-05-07 12:22:40,UNKNOWN,https://www.coches.net/mercedes-benz-clase-c-c-200-d-4p-electrico-hibrido-2024-en-salamanca-70570345-covo.aspx
DACIA,DACIA Sandero Laureate dCi,9.500 €,2018,64.000 km,Diesel,90 cv,Madrid,2026-05-07 12:22:40,C,https://www.coches.net/dacia-sandero-laureate-dci-66kw-90cv-5p-diesel-2016-en-madrid-70552512-covo.aspx
TOYOTA,TOYOTA Yaris 1.0 70 Business,15.709 €,2022,51.693 km,Gasolina,69 cv,Madrid,2026-05-07 12:22:40,C,https://www.coches.net/toyota-yaris-10-70-business-5p-gasolina-2019-en-madrid-70556914-covo.aspx
CITROEN,CITROEN Berlingo Talla M BlueHDi 100 SS PLUS,19.900 €,2024,46.068 km,Diesel,102 cv,Barcelona,2026-05-07 12:22:40,UNKNOWN,https://www.coches.net/citroen-berlingo-talla-m-bluehdi-100-ss-plus-4p-diesel-2024-en-barcelona-70564741-covo.aspx
VOLKSWAGEN,VOLKSWAGEN Polo Advance 1.0 TSI,10.999 €,2019,140.000 km,Gasolina,95 cv,Málaga,2026-05-07 12:22:40,C,https://www.coches.net/volkswagen-polo-advance-10-tsi-70kw-95cv-5p-gasolina-2019-en-malaga-70535313-covo.aspx
MERCEDES-BENZ,MERCEDES-BENZ Clase A A 180,30.900 €,2023,10.748 km,Híbrido,136 cv,Madrid,2026-05-07 12:22:40,ECO,https://www.coches.net/mercedes-benz-clase-a-a-180-5p-electrico-hibrido-2023-en-madrid-70565057-covo.aspx
MERCEDES-BENZ,MERCEDES-BENZ Clase A A 250 e,25.990 €,2022,89.996 km,Híbrido enchufable,218 cv,Madrid,2026-05-07 12:22:40,CERO,https://www.coches.net/mercedes-benz-clase-a-a-250-e-5p-electrico-hibrido-2022-en-madrid-70567231-covo.aspx
RENAULT,RENAULT Mégane Sp. Tourer Zen En. TCe,11.990 €,2018,105.733 km,Gasolina,130 cv,Madrid,2026-05-07 12:22:40,C,https://www.coches.net/renault-megane-sp-tourer-zen-en-tce-97kw-130cv-5p-gasolina-2017-en-madrid-70554662-covo.aspx
NISSAN,NISSAN QASHQAI DIGT mHEV 4x2 Tekna,23.490 €,2023,42.046 km,Híbrido,140 cv,Valencia,2026-05-07 12:22:40,ECO,https://www.coches.net/nissan-qashqai-digt-103kw-140cv-mhev-4x2-tekna-5p-electrico-hibrido-2024-en-valencia-70573486-covo.aspx
NISSAN,NISSAN QASHQAI DIGT Xtronic NConnecta,24.500 €,2023,48.928 km,Híbrido,158 cv,Barcelona,2026-05-07 12:22:40,ECO,https://www.coches.net/nissan-qashqai-digt-116kw-xtronic-nconnecta-5p-electrico-hibrido-2023-en-barcelona-70576943-covo.aspx
SEAT,SEAT León 2.0 TDI SS Style Go,17.199 €,2021,97.207 km,Diesel,115 cv,Barcelona,2026-05-07 12:22:40,C,https://www.coches.net/seat-leon-20-tdi-85kw-ss-style-go-5p-diesel-2021-en-barcelona-70549882-covo.aspx
SEAT,SEAT León 2.0 TDI DSG7 SS FR Go L,18.699 €,2021,125.136 km,Diesel,150 cv,Barcelona,2026-05-07 12:22:40,C,https://www.coches.net/seat-leon-20-tdi-110kw-dsg7-ss-fr-go-l-5p-diesel-2022-en-barcelona-70550035-covo.aspx
OPEL,OPEL Corsa 1.2T XHL Elegance,11.990 €,2022,59.414 km,Gasolina,100 cv,Madrid,2026-05-07 12:22:40,C,https://www.coches.net/opel-corsa-12t-xhl-74kw-100cv-elegance-5p-gasolina-2022-en-madrid-70516648-covo.aspx
OPEL,OPEL Corsa 1.2T XHL GSLine,11.990 €,2021,89.406 km,Gasolina,100 cv,Madrid,2026-05-07 12:22:40,C,https://www.coches.net/opel-corsa-12t-xhl-74kw-100cv-gsline-5p-gasolina-2021-en-madrid-70516780-covo.aspx
SEAT,SEAT León 2.0 TDI SS Style,15.900 €,2022,125.000 km,Diesel,115 cv,Burgos,2026-05-07 12:22:40,C,https://www.coches.net/seat-leon-20-tdi-85kw-ss-style-5p-diesel-2022-en-burgos-70566083-covo.aspx
VOLKSWAGEN,VOLKSWAGEN Golf Life 2.0 TDI DSG Variant,15.990 €,2022,156.653 km,Diesel,115 cv,Lugo,2026-05-07 12:22:40,C,https://www.coches.net/volkswagen-golf-life-20-tdi-85kw-115cv-dsg-variant-5p-diesel-2022-en-lugo-70561679-covo.aspx
RENAULT,RENAULT Clio Intens TCe,12.890 €,2021,70.204 km,Gasolina,90 cv,Valencia,2026-05-07 12:22:40,C,https://www.coches.net/renault-clio-intens-tce-67-kw-91cv-5p-gasolina-2021-en-valencia-70510798-covo.aspx
RENAULT,RENAULT Trafic SpaceClass Energy Blue dCi,13.300 €,2021,172.000 km,Diesel,150 cv,Madrid,2026-05-07 12:22:40,C,https://www.coches.net/renault-trafic-spaceclass-energy-blue-dci-110kw-150cv-4p-diesel-2021-en-madrid-70555930-covo.aspx
AUDI,AUDI A3 Sportback S line 35 TDI S tronic,25.900 €,2021,144.000 km,Diesel,150 cv,A Coruña,2026-05-07 12:22:40,C,https://www.coches.net/audi-a3-sportback-s-line-35-tdi-110kw-s-tronic-5p-diesel-2021-en-a-coruna-70562951-covo.aspx
MERCEDES-BENZ,MERCEDES-BENZ Clase CLA CLA 200 CDI Urban,18.500 €,2015,152.000 km,Diesel,136 cv,Asturias,2026-05-07 12:22:40,C,https://www.coches.net/mercedes-benz-clase-cla-cla-200-cdi-urban-4p-diesel-2015-en-asturias-70570848-covo.aspx
OPEL,OPEL Astra 1.4 Turbo SS 125 CV Selective,9.990 €,2016,116.000 km,Gasolina,125 cv,Cantabria,2026-05-07 12:22:40,C,https://www.coches.net/opel-astra-14-turbo-ss-125-cv-selective-5p-gasolina-2017-en-cantabria-70557386-covo.aspx
DACIA,DACIA Duster Essent. Blue dCi 4X2,14.900 €,2020,86.500 km,Diesel,115 cv,Bizkaia,2026-05-07 12:22:40,C,https://www.coches.net/dacia-duster-essent-blue-dci-85kw-115cv-4x2-5p-diesel-2020-en-vizcaya-70574982-covo.aspx
RENAULT,RENAULT Mégane S.T. Business Blue dCi SS,15.000 €,2021,133.000 km,Diesel,115 cv,Valladolid,2026-05-07 12:22:40,C,https://www.coches.net/renault-megane-st-business-blue-dci-85-kw-115cv-ss-5p-diesel-2020-en-valladolid-70570017-covo.aspx
MERCEDES-BENZ,MERCEDES-BENZ Clase A A 250 e,25.790 €,2021,83.648 km,Híbrido enchufable,218 cv,Madrid,2026-05-07 12:22:40,CERO,https://www.coches.net/mercedes-benz-clase-a-a-250-e-5p-electrico-hibrido-2022-en-madrid-70552453-covo.aspx
MERCEDES-BENZ,MERCEDES-BENZ Clase A A 250 e,26.800 €,2021,92.141 km,Híbrido enchufable,218 cv,Barcelona,2026-05-07 12:22:40,CERO,https://www.coches.net/mercedes-benz-clase-a-a-250-e-5p-electrico-hibrido-2022-en-barcelona-70559689-covo.aspx
MERCEDES-BENZ,MERCEDES-BENZ Clase C C 180 CGI BE Blue Efficiency Edition,10.490 €,2010,239.000 km,Gasolina,156 cv,Las Palmas,2026-05-07 12:22:40,UNKNOWN,https://www.coches.net/mercedes-benz-clase-c-c-180-cgi-be-blue-efficiency-edition-4p-gasolina-2011-en-las-palmas-70566800-covo.aspx
MERCEDES-BENZ,MERCEDES-BENZ Clase E E 220 CDI Avantgarde,13.490 €,2014,223.890 km,Diesel,170 cv,Madrid,2026-05-07 12:22:40,B,https://www.coches.net/mercedes-benz-clase-e-e-220-cdi-avantgarde-4p-diesel-2014-en-madrid-70530103-covo.aspx
VOLKSWAGEN,VOLKSWAGEN Polo Life 1.0 TSI,14.900 €,2022,70.000 km,Gasolina,95 cv,Barcelona,2026-05-07 12:22:40,C,https://www.coches.net/volkswagen-polo-life-10-tsi-70kw-95cv-5p-gasolina-2022-en-barcelona-70509348-covo.aspx
NISSAN,NISSAN QASHQAI DIGT mHEV Xtronic Acenta,20.890 €,2023,64.777 km,Híbrido,158 cv,Málaga,2026-05-07 12:22:40,ECO,https://www.coches.net/nissan-qashqai-digt-116kw-158cv-mhev-xtronic-acenta-5p-electrico-hibrido-2024-en-malaga-70574366-covo.aspx
VOLKSWAGEN,VOLKSWAGEN Passat Executive 1.6 TDI DSG,14.440 €,2020,154.042 km,Diesel,120 cv,Madrid,2026-05-07 12:22:40,C,https://www.coches.net/volkswagen-passat-executive-16-tdi-88kw-120cv-dsg-4p-diesel-2020-en-madrid-70570589-covo.aspx
MERCEDES-BENZ,MERCEDES-BENZ Clase CLA CLA 200,24.990 €,2018,84.636 km,Gasolina,156 cv,Valencia,2026-05-07 12:22:40,C,https://www.coches.net/mercedes-benz-clase-cla-cla-200-4p-gasolina-2018-en-valencia-70573481-covo.aspx
PEUGEOT,PEUGEOT 5008 1.5 BlueHDi SS Active,14.800 €,2021,113.000 km,Diesel,130 cv,Almería,2026-05-07 12:22:40,UNKNOWN,https://www.coches.net/peugeot-5008-15-bluehdi-96kw-130cv-ss-active-5p-diesel-2020-en-almeria-70561116-covo.aspx
MERCEDES-BENZ,MERCEDES-BENZ Clase A A 180 CDI Urban,12.299 €,2014,151.500 km,Diesel,109 cv,Barcelona,2026-05-07 12:22:40,B,https://www.coches.net/mercedes-benz-clase-a-a-180-cdi-urban-5p-diesel-2015-en-barcelona-70549762-covo.aspx
MAZDA,MAZDA Mazda3 1.6 CRTD Sportive,5.490 €,2009,179.000 km,Diesel,109 cv,Madrid,2026-05-07 12:22:40,B,https://www.coches.net/mazda-mazda3-16-crtd-sportive-5p-diesel-2008-en-madrid-70566048-covo.aspx
CITROEN,CITROEN C4 Picasso 2.0 16v CAS Exclusive,5.490 €,2007,167.500 km,Gasolina,143 cv,Madrid,2026-05-07 12:22:40,C,https://www.coches.net/citroen-c4-picasso-20-16v-cas-exclusive-5p-gasolina-2006-en-madrid-70578117-covo.aspx
CITROEN,CITROEN C3 PureTech SHINE,8.390 €,2018,100.133 km,Gasolina,82 cv,Madrid,2026-05-07 12:22:40,C,https://www.coches.net/citroen-c3-puretech-60kw-82cv-shine-5p-gasolina-2018-en-madrid-70549562-covo.aspx
CITROEN,CITROEN C3 PureTech SS SHINE,9.699 €,2018,100.206 km,Gasolina,110 cv,Barcelona,2026-05-07 12:22:40,C,https://www.coches.net/citroen-c3-puretech-81kw-110cv-ss-shine-5p-gasolina-2018-en-barcelona-70549854-covo.aspx
CITROEN,CITROEN C3 PureTech FEEL,7.399 €,2018,95.464 km,Gasolina,82 cv,Barcelona,2026-05-07 12:22:40,C,https://www.coches.net/citroen-c3-puretech-60kw-82cv-feel-5p-gasolina-2018-en-barcelona-70549914-covo.aspx
CITROEN,CITROEN C3 Puretech Live Edition,7.299 €,2016,88.183 km,Gasolina,68 cv,Sevilla,2026-05-07 12:22:40,C,https://www.coches.net/citroen-c3-puretech-68cv-live-edition-5p-gasolina-2015-en-sevilla-70550339-covo.aspx
PEUGEOT,PEUGEOT 5008 Style 2.0 BlueHDi 150 FAP,8.900 €,2014,140.000 km,Diesel,150 cv,Madrid,2026-05-07 12:22:40,B,https://www.coches.net/peugeot-5008-style-20-bluehdi-150-fap-5p-diesel-2014-en-madrid-70570748-covo.aspx
KIA,KIA Sportage 1.6 CRDi MHEV Tech 4x4,15.990 €,2022,176.039 km,Híbrido,136 cv,Cádiz,2026-05-07 12:22:40,UNKNOWN,https://www.coches.net/kia-sportage-16-crdi-mhev-100kw-136cv-tech-4x4-5p-electrico-hibrido-2022-en-cadiz-70574157-covo.aspx
KIA,KIA Sportage 1.6 CRDi MHEV Tech 4x4,19.480 €,2021,139.361 km,Híbrido,136 cv,Cádiz,2026-05-07 12:22:40,UNKNOWN,https://www.coches.net/kia-sportage-16-crdi-mhev-100kw-136cv-tech-4x4-5p-electrico-hibrido-2022-en-cadiz-70574158-covo.aspx
KIA,KIA Sportage 1.6 CRDi MHEV Drive 4x2,16.890 €,2020,129.610 km,Híbrido,136 cv,Cádiz,2026-05-07 12:22:40,UNKNOWN,https://www.coches.net/kia-sportage-16-crdi-mhev-100kw-136cv-drive-4x2-5p-electrico-hibrido-2024-en-cadiz-70574159-covo.aspx
VOLKSWAGEN,VOLKSWAGEN Passat Business 2.0 TDI,18.200 €,2021,114.294 km,Diesel,150 cv,Valladolid,2026-05-07 12:22:40,C,https://www.coches.net/volkswagen-passat-business-20-tdi-110kw-150cv-4p-diesel-2022-en-valladolid-70560628-covo.aspx
PEUGEOT,PEUGEOT 208 PureTech Style,12.480 €,2021,42.938 km,Gasolina,100 cv,Bizkaia,2026-05-07 12:22:40,UNKNOWN,https://www.coches.net/peugeot-208-puretech-74kw-100cv-style-5p-gasolina-2021-en-vizcaya-70563637-covo.aspx
AUDI,AUDI A3 Sportback S line 35 TDI S tronic,24.500 €,2022,119.000 km,Diesel,150 cv,Valencia,2026-05-07 12:22:40,C,https://www.coches.net/audi-a3-sportback-s-line-35-tdi-110kw-s-tronic-5p-diesel-2022-en-valencia-70568633-covo.aspx
KIA,KIA Rio 1.0 TGDi MHEV iMT Concept,11.890 €,2021,123.092 km,Híbrido,100 cv,Madrid,2026-05-07 12:22:40,ECO,https://www.coches.net/kia-rio-10-tgdi-74kw-100cv-mhev-imt-concept-5p-electrico-hibrido-2021-en-madrid-70566521-covo.aspx
VOLKSWAGEN,VOLKSWAGEN Golf 2.0 TDI,16.900 €,2021,147.486 km,Diesel,115 cv,Badajoz,2026-05-07 12:22:40,UNKNOWN,https://www.coches.net/volkswagen-golf-20-tdi-85kw-115cv-5p-diesel-2022-en-badajoz-70542239-covo.aspx
VOLKSWAGEN,VOLKSWAGEN Golf Life 1.0 TSI,22.570 €,2024,49.996 km,Gasolina,110 cv,Barcelona,2026-05-07 12:22:40,C,https://www.coches.net/volkswagen-golf-life-10-tsi-81kw-110cv-5p-gasolina-2024-en-barcelona-70554769-covo.aspx
RENAULT,RENAULT Mégane Zen Blue dCi,15.790 €,2020,55.040 km,Diesel,115 cv,Madrid,2026-05-07 12:22:40,C,https://www.coches.net/renault-megane-zen-blue-dci-85-kw-115cv-5p-diesel-2020-en-madrid-70535056-covo.aspx
VOLKSWAGEN,VOLKSWAGEN Tiguan Life 1.4 TSI eHybrid DSG,24.990 €,2022,81.961 km,Híbrido enchufable,245 cv,Madrid,2026-05-07 12:22:40,CERO,https://www.coches.net/volkswagen-tiguan-life-14-tsi-ehybrid-180kw-245cv-dsg-5p-electrico-hibrido-2023-en-madrid-70571753-covo.aspx
VOLKSWAGEN,VOLKSWAGEN Polo 1.2 TSI Advance,7.690 €,2012,118.000 km,Gasolina,90 cv,Barcelona,2026-05-07 12:22:40,C,https://www.coches.net/volkswagen-polo-12-tsi-90cv-advance-3p-gasolina-2012-en-barcelona-70561442-covo.aspx
CITROEN,CITROEN C4 BlueHDi 110 SS 6v Feel,11.850 €,2022,115.000 km,Diesel,110 cv,Madrid,2026-05-07 12:22:40,C,https://www.coches.net/citroen-c4-bluehdi-110-ss-6v-feel-5p-diesel-2022-en-madrid-70571206-covo.aspx
RENAULT,RENAULT Clio Limited Energy dCi,10.000 €,2017,98.000 km,Diesel,90 cv,Madrid,2026-05-07 12:22:40,C,https://www.coches.net/renault-clio-limited-energy-dci-66kw-90cv-5p-diesel-2016-en-madrid-70534735-covo.aspx
SEAT,SEAT León 1.2 TSI StSp Style,11.699 €,2018,148.156 km,Gasolina,110 cv,Barcelona,2026-05-07 12:22:40,C,https://www.coches.net/seat-leon-12-tsi-81kw-110cv-stsp-style-5p-gasolina-2018-en-barcelona-70549726-covo.aspx
NISSAN,NISSAN QASHQAI dCi 110 CV ACENTA,12.499 €,2017,81.321 km,Diesel,110 cv,Barcelona,2026-05-07 12:22:40,C,https://www.coches.net/nissan-qashqai-dci-81-kw-110-cv-acenta-5p-diesel-2017-en-barcelona-70549805-covo.aspx
SEAT,SEAT León SC 1.2 TSI StSp ITech,10.999 €,2014,105.475 km,Gasolina,110 cv,Sevilla,2026-05-07 12:22:40,C,https://www.coches.net/seat-leon-sc-12-tsi-110cv-stsp-itech-3p-gasolina-2015-en-sevilla-70550387-covo.aspx
OPEL,OPEL Insignia 2.0 CDTI 130 CV Selective Auto,7.990 €,2013,76.376 km,Diesel,130 cv,Madrid,2026-05-07 12:22:40,B,https://www.coches.net/opel-insignia-20-cdti-130-cv-selective-auto-5p-diesel-2014-en-madrid-70566480-covo.aspx
FORD,FORD Focus STLine X 1.0T EcoBoost mHEV 92kW125CV,26.900 €,2026,10 km,Híbrido,125 cv,Barcelona,2026-05-07 12:22:40,ECO,https://www.coches.net/km-0/ford/focus/barcelona/stline-x-10t-ecoboost-mhev-92kw125cv-electrico-hibrido-de-km0-70560493-kovn.aspx
NISSAN,NISSAN QASHQAI dCi 115 CV E6D NCONNECTA,13.490 €,2021,196.000 km,Diesel,115 cv,Bizkaia,2026-05-07 12:22:40,C,https://www.coches.net/nissan-qashqai-dci-85-kw-115-cv-e6d-nconnecta-5p-diesel-2020-en-vizcaya-70515115-covo.aspx
SEAT,SEAT León 1.0 TSI SS Style XS,20.290 €,2024,26.140 km,Gasolina,110 cv,Barcelona,2026-05-07 12:22:40,C,https://www.coches.net/seat-leon-10-tsi-81kw-ss-style-xs-5p-gasolina-2024-en-barcelona-70559750-covo.aspx
OPEL,OPEL Corsa 1.2T XHL GS,17.900 €,2026,1 km,Gasolina,100 cv,Salamanca,2026-05-07 12:22:40,C,https://www.coches.net/opel-corsa-12t-xhl-74kw-100cv-gs-5p-gasolina-2025-en-salamanca-70549902-covo.aspx
FORD,FORD C-Max 1.0 EcoBoost Trend,12.990 €,2019,83.939 km,Gasolina,125 cv,Valencia,2026-05-07 12:22:40,C,https://www.coches.net/ford-c-max-10-ecoboost-92kw-125cv-trend-5p-gasolina-2019-en-valencia-70563479-covo.aspx
TOYOTA,TOYOTA Auris 1.8 140H Hybrid Active,13.690 €,2016,128.361 km,Híbrido,136 cv,Valencia,2026-05-07 12:22:40,ECO,https://www.coches.net/toyota-auris-18-140h-hybrid-active-5p-electrico-hibrido-2018-en-valencia-70564440-covo.aspx
BMW,BMW Serie 3 335d Auto. xDrive Gran Turismo,23.999 €,2017,172.000 km,Diesel,313 cv,Salamanca,2026-05-07 12:22:40,C,https://www.coches.net/bmw-serie-3-335d-auto-xdrive-gran-turismo-5p-diesel-2017-en-salamanca-70577726-covo.aspx
MERCEDES-BENZ,MERCEDES-BENZ Clase A A 200 d Urban,14.900 €,2016,198.000 km,Diesel,136 cv,A Coruña,2026-05-07 12:22:40,UNKNOWN,https://www.coches.net/mercedes-benz-clase-a-a-200-d-urban-5p-diesel-2017-en-a-coruna-70554680-covo.aspx
CITROEN,CITROEN C4 BlueHdi 110 SS Feel Pack,15.199 €,2022,42.685 km,Diesel,110 cv,Barcelona,2026-05-07 12:22:40,C,https://www.coches.net/citroen-c4-bluehdi-110-ss-feel-pack-5p-diesel-2022-en-barcelona-70549875-covo.aspx
SEAT,SEAT Ibiza 1.0 TSI Xcellence,17.990 €,2025,19.581 km,Gasolina,115 cv,Tarragona,2026-05-07 12:22:40,C,https://www.coches.net/seat-ibiza-10-tsi-85kw-xcellence-5p-gasolina-2025-en-tarragona-70568705-covo.aspx
PEUGEOT,PEUGEOT 207 ACTIVE 1.4i 75,4.990 €,2012,165.000 km,Gasolina,75 cv,Bizkaia,2026-05-07 12:22:40,C,https://www.coches.net/peugeot-207-active-14i-75-5p-gasolina-2011-en-vizcaya-70570633-covo.aspx
SEAT,SEAT Ibiza 1.5 TSI DSG FR XL,22.390 €,2024,8603 km,Gasolina,150 cv,Barcelona,2026-05-07 12:22:40,C,https://www.coches.net/seat-ibiza-15-tsi-110kw-150cv-dsg-fr-xl-5p-gasolina-2024-en-barcelona-70559762-covo.aspx
DACIA,DACIA Sandero Stepway TCE,5.500 €,2017,235.000 km,Gasolina,90 cv,Madrid,2026-05-07 12:22:40,C,https://www.coches.net/dacia-sandero-stepway-tce-66kw-90cv-5p-gasolina-2016-en-madrid-70564765-covo.aspx
SEAT,SEAT León ST 1.6 TDI StSp Style Ed,14.990 €,2020,111.220 km,Diesel,115 cv,Pontevedra,2026-05-07 12:22:40,UNKNOWN,https://www.coches.net/seat-leon-st-16-tdi-85kw-115cv-stsp-style-ed-5p-diesel-2020-en-pontevedra-70557408-covo.aspx
PEUGEOT,PEUGEOT 3008 1.5 BlueHDi SS Active,15.999 €,2022,139.000 km,Diesel,130 cv,Salamanca,2026-05-07 12:22:40,C,https://www.coches.net/peugeot-3008-15-bluehdi-96kw-130cv-ss-active-5p-diesel-2021-en-salamanca-70570644-covo.aspx
SEAT,SEAT León 1.4 TSI ACT StSp FR,16.500 €,2018,125.556 km,Gasolina,150 cv,Lugo,2026-05-07 12:22:40,C,https://www.coches.net/seat-leon-14-tsi-110kw-150cv-act-stsp-fr-5p-gasolina-2018-en-lugo-70560062-covo.aspx
RENAULT,RENAULT Mégane Zen Blue dCi,17.390 €,2021,89.000 km,Diesel,115 cv,Murcia,2026-05-07 12:22:40,UNKNOWN,https://www.coches.net/renault-megane-zen-blue-dci-85-kw-115cv-5p-diesel-2020-en-murcia-70533099-covo.aspx
MINI,MINI MINI ONE D 5 PUERTAS,12.999 €,2017,65.255 km,Diesel,95 cv,Sevilla,2026-05-07 12:22:40,C,https://www.coches.net/mini-mini-one-d-5-puertas-5p-diesel-2017-en-sevilla-70550210-covo.aspx
RENAULT,RENAULT Mégane Zen Energy TCe,8.900 €,2016,167.000 km,Gasolina,130 cv,Navarra,2026-05-07 12:22:40,C,https://www.coches.net/renault-megane-zen-energy-tce-97kw-130cv-5p-gasolina-2016-en-navarra-70538230-covo.aspx
FORD,FORD Mondeo 2.0 Hibrido STLine HEV AT,18.790 €,2020,122.693 km,Híbrido,187 cv,Madrid,2026-05-07 12:22:40,ECO,https://www.coches.net/ford-mondeo-20-hibrido-138kw-187cv-stline-hev-at-5p-electrico-hibrido-2020-en-madrid-70563401-covo.aspx
FORD,FORD Mondeo 2.0 Hibrido Trend HEV Auto SB,17.790 €,2022,130.435 km,Híbrido,187 cv,Madrid,2026-05-07 12:22:40,ECO,https://www.coches.net/ford-mondeo-20-hibrido-138kw-trend-hev-auto-sb-5p-electrico-hibrido-2022-en-madrid-70563431-covo.aspx
NISSAN,NISSAN QASHQAI 1.5 dCi ACENTA,13.490 €,2016,79.898 km,Diesel,110 cv,Madrid,2026-05-07 12:22:40,C,https://www.coches.net/nissan-qashqai-15-dci-acenta-5p-diesel-2016-en-madrid-70531255-covo.aspx
CITROEN,CITROEN C4 BlueHDi 110 SS 6v Feel,13.999 €,2021,53.000 km,Diesel,110 cv,Murcia,2026-05-07 12:22:40,C,https://www.coches.net/citroen-c4-bluehdi-110-ss-6v-feel-5p-diesel-2021-en-murcia-70577898-covo.aspx
PEUGEOT,PEUGEOT 308 W Style BlueHDi 100 SS 6 Vel. MAN,8.500 €,2020,180.000 km,Diesel,100 cv,Madrid,2026-05-07 12:22:40,C,https://www.coches.net/peugeot-308-w-style-bluehdi-100-ss-6-vel-man-5p-diesel-2019-en-madrid-70567222-covo.aspx
HYUNDAI,HYUNDAI i10 1.2 Tecno 2C,11.900 €,2022,71.486 km,Gasolina,84 cv,Barcelona,2026-05-07 12:22:40,C,https://www.coches.net/hyundai-i10-12-tecno-2c-5p-gasolina-2021-en-barcelona-70569709-covo.aspx
CITROEN,CITROEN C3 BlueHDi Plus,12.990 €,2023,35.754 km,Diesel,102 cv,Madrid,2026-05-07 12:22:40,C,https://www.coches.net/citroen-c3-bluehdi-75kw-100cv-plus-5p-diesel-2023-en-madrid-70577127-covo.aspx
CITROEN,CITROEN C3 BlueHDi SS Shine,12.990 €,2022,43.707 km,Diesel,102 cv,Madrid,2026-05-07 12:22:40,C,https://www.coches.net/citroen-c3-bluehdi-75kw-100cv-ss-shine-5p-diesel-2022-en-madrid-70577142-covo.aspx
TOYOTA,TOYOTA C-HR 1.8 125H Advance,19.990 €,2021,100.256 km,Híbrido,122 cv,Madrid,2026-05-07 12:22:40,ECO,https://www.coches.net/toyota-c-hr-18-125h-advance-5p-electrico-hibrido-2019-en-madrid-70578347-covo.aspx
MERCEDES-BENZ,MERCEDES-BENZ Clase A A 180 d,19.990 €,2020,90.101 km,Diesel,116 cv,Girona,2026-05-07 12:22:40,C,https://www.coches.net/mercedes-benz-clase-a-a-180-d-5p-diesel-2020-en-girona-70569362-covo.aspx
HYUNDAI,HYUNDAI Tucson 1.6 CRDI 48V Tecno Sky DCT,19.490 €,2022,134.000 km,Híbrido,136 cv,A Coruña,2026-05-07 12:22:40,UNKNOWN,https://www.coches.net/hyundai-tucson-16-crdi-100kw-136cv-48v-tecno-sky-dct-5p-electrico-hibrido-2022-en-a-coruna-70572248-covo.aspx
VOLKSWAGEN,VOLKSWAGEN Golf Mas 2.0 TDI,28.900 €,2025,20.545 km,Diesel,116 cv,Gipuzkoa,2026-05-07 12:22:40,C,https://www.coches.net/volkswagen-golf-mas-20-tdi-85kw-116cv-5p-diesel-2026-en-guipuzcoa-70554163-covo.aspx
MERCEDES-BENZ,MERCEDES-BENZ Clase CLA CLA 200 d,17.490 €,2018,136.877 km,Diesel,136 cv,Madrid,2026-05-07 12:22:40,C,https://www.coches.net/mercedes-benz-clase-cla-cla-200-d-4p-diesel-2018-en-madrid-70560224-covo.aspx
BMW,BMW Serie 1 118d,9.500 €,2010,182.000 km,Diesel,143 cv,Madrid,2026-05-07 12:22:40,B,https://www.coches.net/bmw-serie-1-118d-2p-diesel-2010-en-madrid-70572729-covo.aspx
PEUGEOT,PEUGEOT 308 Allure 1.2 PureTech 130 SS,8.290 €,2016,127.336 km,Gasolina,130 cv,Madrid,2026-05-07 12:22:40,C,https://www.coches.net/peugeot-308-5p-allure-12-puretech-130-ss-5p-gasolina-2015-en-madrid-70549584-covo.aspx
OPEL,OPEL Astra 1.2T XHT GS,20.990 €,2024,29.000 km,Gasolina,130 cv,Alicante,2026-05-07 12:22:40,C,https://www.coches.net/opel-astra-12t-xht-96kw-130cv-gs-5p-gasolina-2024-en-alicante-70552858-covo.aspx
AUDI,AUDI A5 S Line 40 TDI S tronic Sportback,32.900 €,2021,66.000 km,Híbrido,204 cv,Murcia,2026-05-07 12:22:40,ECO,https://www.coches.net/audi-a5-s-line-40-tdi-s-tronic-sportback-5p-electrico-hibrido-2022-en-murcia-70556850-covo.aspx
HYUNDAI,HYUNDAI Tucson 1.6 CRDI Klass,20.500 €,2022,76.171 km,Diesel,115 cv,Murcia,2026-05-07 12:22:40,UNKNOWN,https://www.coches.net/hyundai-tucson-16-crdi-85kw-115cv-klass-5p-diesel-2022-en-murcia-70565107-covo.aspx
BMW,BMW Serie 3 330d Gran Turismo,25.990 €,2018,134.329 km,Diesel,258 cv,Madrid,2026-05-07 12:22:40,UNKNOWN,https://www.coches.net/bmw-serie-3-330d-gran-turismo-5p-diesel-2018-en-madrid-70563396-covo.aspx
SEAT,SEAT León 1.5 TSI SS FR,19.299 €,2022,88.553 km,Gasolina,150 cv,Barcelona,2026-05-07 12:22:40,C,https://www.coches.net/seat-leon-15-tsi-110kw-ss-fr-5p-gasolina-2022-en-barcelona-70549911-covo.aspx
VOLKSWAGEN,VOLKSWAGEN Polo 1.4 Advance,7.990 €,2011,145.000 km,Gasolina,85 cv,Málaga,2026-05-07 12:22:40,C,https://www.coches.net/volkswagen-polo-14-85cv-advance-5p-gasolina-2011-en-malaga-70557274-covo.aspx
SEAT,SEAT Ibiza 1.0 TSI Style XL,12.510 €,2021,90.657 km,Gasolina,110 cv,Madrid,2026-05-07 12:22:40,C,https://www.coches.net/seat-ibiza-10-tsi-81kw-110cv-style-xl-5p-gasolina-2023-en-madrid-70577083-covo.aspx
SEAT,SEAT Ibiza 1.0 TSI Style XL,11.910 €,2021,106.760 km,Gasolina,110 cv,Madrid,2026-05-07 12:22:40,C,https://www.coches.net/seat-ibiza-10-tsi-81kw-110cv-style-xl-5p-gasolina-2023-en-madrid-70577124-covo.aspx
SEAT,SEAT Ibiza 1.0 TSI Style Plus,11.450 €,2022,99.950 km,Gasolina,95 cv,Barcelona,2026-05-07 12:22:40,C,https://www.coches.net/seat-ibiza-10-tsi-70kw-95cv-style-plus-5p-gasolina-2020-en-barcelona-70577612-covo.aspx
SEAT,SEAT León 1.5 TSI SS FR Fast Ed,17.490 €,2020,122.582 km,Gasolina,150 cv,Girona,2026-05-07 12:22:40,C,https://www.coches.net/seat-leon-15-tsi-110kw-150cv-ss-fr-fast-ed-5p-gasolina-2020-en-girona-70563229-covo.aspx
SEAT,SEAT León 1.6 TDI Reference Copa,7.500 €,2012,155.330 km,Diesel,90 cv,Madrid,2026-05-07 12:22:40,B,https://www.coches.net/seat-leon-16-tdi-90cv-reference-copa-5p-diesel-2012-en-madrid-70569285-covo.aspx
RENAULT,RENAULT Clio Evolution TCe 90,17.500 €,2024,28.000 km,Gasolina,90 cv,Cádiz,2026-05-07 12:22:40,UNKNOWN,https://www.coches.net/renault-clio-evolution-tce-90-67kw-5p-gasolina-2024-en-cadiz-70556479-covo.aspx
FORD,FORD Mondeo 2.0 Hibrido Trend HEV Auto,13.990 €,2024,197.000 km,Híbrido,187 cv,Madrid,2026-05-07 12:22:40,ECO,https://www.coches.net/ford-mondeo-20-hibrido-138kw-187cv-trend-hev-auto-4p-electrico-hibrido-2021-en-madrid-70518912-covo.aspx
HYUNDAI,HYUNDAI Tucson 1.6 TGDI 48V Tecno DCT 2C,22.500 €,2020,39.000 km,Híbrido,150 cv,Barcelona,2026-05-07 12:22:40,ECO,https://www.coches.net/hyundai-tucson-16-tgdi-110kw-150cv-48v-tecno-dct-2c-5p-electrico-hibrido-2021-en-barcelona-70569800-covo.aspx
HYUNDAI,HYUNDAI Tucson 1.6 CRDI 48V Maxx Sky DCT 4x4,20.490 €,2021,100.183 km,Híbrido,136 cv,Madrid,2026-05-07 12:22:40,ECO,https://www.coches.net/hyundai-tucson-16-crdi-100kw-48v-maxx-sky-dct-4x4-5p-electrico-hibrido-2021-en-madrid-70574049-covo.aspx
HYUNDAI,HYUNDAI Tucson 1.6 TGDI 48V Tecno 2C,23.390 €,2021,51.944 km,Híbrido,150 cv,Barcelona,2026-05-07 12:22:40,ECO,https://www.coches.net/hyundai-tucson-16-tgdi-110kw-150cv-48v-tecno-2c-5p-electrico-hibrido-2021-en-barcelona-70576895-covo.aspx
TOYOTA,TOYOTA Yaris 1.5 120H Style,23.990 €,2025,2512 km,Híbrido,116 cv,Madrid,2026-05-07 12:22:40,ECO,https://www.coches.net/toyota-yaris-15-120h-style-5p-electrico-hibrido-2025-en-madrid-70559667-covo.aspx
SEAT,SEAT Ibiza 1.5 TSI DSG FR Plus,17.299 €,2021,86.036 km,Gasolina,150 cv,Barcelona,2026-05-07 12:22:40,C,https://www.coches.net/seat-ibiza-15-tsi-110kw-150cv-dsg-fr-plus-5p-gasolina-2022-en-barcelona-70549806-covo.aspx
AUDI,AUDI A4 Advanced 35 TDI S tronic,19.900 €,2021,150.000 km,Híbrido,163 cv,Badajoz,2026-05-07 12:22:40,C,https://www.coches.net/audi-a4-advanced-35-tdi-120kw-163cv-s-tronic-4p-electrico-hibrido-2022-en-badajoz-70542416-covo.aspx
TOYOTA,TOYOTA Aygo 1.0 70 xplay,13.900 €,2020,37.900 km,Gasolina,72 cv,Barcelona,2026-05-07 12:22:40,C,https://www.coches.net/toyota-aygo-10-70-xplay-5p-gasolina-2020-en-barcelona-70565548-covo.aspx
MINI,MINI MINI Cooper S Roadster,13.499 €,2012,97.000 km,Gasolina,184 cv,Alicante,2026-05-07 12:22:40,C,https://www.coches.net/mini-mini-cooper-s-roadster-2p-gasolina-2012-en-alicante-70574139-covo.aspx
VOLKSWAGEN,VOLKSWAGEN Golf Life 1.0 TSI,17.500 €,2022,145.000 km,Gasolina,110 cv,Sevilla,2026-05-07 12:22:40,ECO,https://www.coches.net/volkswagen-golf-life-10-tsi-81kw-110cv-5p-gasolina-2023-en-sevilla-70530534-covo.aspx
VOLKSWAGEN,VOLKSWAGEN Golf Life 1.5 TSI,16.950 €,2021,193.244 km,Gasolina,130 cv,Madrid,2026-05-07 12:22:40,C,https://www.coches.net/volkswagen-golf-life-15-tsi-96kw-130cv-5p-gasolina-2021-en-madrid-70531882-covo.aspx
PEUGEOT,PEUGEOT 3008 1.5 BlueHDi Active Pack EAT8,20.950 €,2022,118.251 km,Diesel,130 cv,Murcia,2026-05-07 12:22:40,C,https://www.coches.net/peugeot-3008-15-bluehdi-96kw-active-pack-eat8-5p-diesel-2022-en-murcia-70571091-covo.aspx
PEUGEOT,PEUGEOT 2008 Active Puretech 100 SS BVM6,13.995 €,2021,98.772 km,Gasolina,100 cv,Bizkaia,2026-05-07 12:22:40,C,https://www.coches.net/peugeot-2008-active-puretech-100-ss-bvm6-5p-gasolina-2020-en-vizcaya-70577829-covo.aspx
RENAULT,RENAULT Mégane Intens TCe GPF SS,15.399 €,2021,68.800 km,Gasolina,140 cv,Barcelona,2026-05-07 12:22:40,C,https://www.coches.net/renault-megane-intens-tce-103-kw-140cv-gpf-ss-5p-gasolina-2020-en-barcelona-70550012-covo.aspx
AUDI,AUDI A3 Sportback Advanced 30 TFSI S tronic,24.810 €,2023,65.549 km,Híbrido,110 cv,Madrid,2026-05-07 12:22:40,ECO,https://www.coches.net/audi-a3-sportback-advanced-30-tfsi-81kw-s-tronic-5p-electrico-hibrido-2023-en-madrid-70551319-covo.aspx
AUDI,AUDI A3 Sportback 30 TFSI S tronic,21.490 €,2021,99.996 km,Híbrido,110 cv,Barcelona,2026-05-07 12:22:40,ECO,https://www.coches.net/audi-a3-sportback-30-tfsi-81kw-110cv-s-tronic-5p-electrico-hibrido-2022-en-barcelona-70554796-covo.aspx
OPEL,OPEL Corsa 1.2T XHL Edition,11.990 €,2021,65.000 km,Gasolina,100 cv,Bizkaia,2026-05-07 12:22:40,UNKNOWN,https://www.coches.net/opel-corsa-12t-xhl-74kw-100cv-edition-5p-gasolina-2020-en-vizcaya-70509118-covo.aspx
NISSAN,NISSAN QASHQAI dCi 115 CV E6D ACENTA,15.990 €,2020,113.405 km,Diesel,115 cv,Madrid,2026-05-07 12:22:40,C,https://www.coches.net/nissan-qashqai-dci-85-kw-115-cv-e6d-acenta-5p-diesel-2020-en-madrid-70528125-covo.aspx
NISSAN,NISSAN QASHQAI dCi 115 CV E6D NCONNECTA,17.490 €,2020,131.804 km,Diesel,115 cv,Valencia,2026-05-07 12:22:40,C,https://www.coches.net/nissan-qashqai-dci-85-kw-115-cv-e6d-nconnecta-5p-diesel-2020-en-valencia-70530893-covo.aspx
RENAULT,RENAULT Clio GT Energy TCe 120 EDC eco2 Euro 6,11.399 €,2015,30.741 km,Gasolina,120 cv,Barcelona,2026-05-07 12:22:40,C,https://www.coches.net/renault-clio-gt-energy-tce-120-edc-eco2-euro-6-5p-gasolina-2015-en-barcelona-70549861-covo.aspx
RENAULT,RENAULT Clio GT Energy TCe 120 EDC eco2 Euro 6,12.199 €,2016,83.473 km,Gasolina,120 cv,Sevilla,2026-05-07 12:22:40,C,https://www.coches.net/renault-clio-gt-energy-tce-120-edc-eco2-euro-6-5p-gasolina-2015-en-sevilla-70550314-covo.aspx
SEAT,SEAT Ibiza 1.0 TSI Style,14.300 €,2022,86.125 km,Gasolina,110 cv,Málaga,2026-05-07 12:22:40,C,https://www.coches.net/seat-ibiza-10-tsi-81kw-110cv-style-5p-gasolina-2022-en-malaga-70572937-covo.aspx
SEAT,SEAT León ST 2.0 TDI 4Drive DSG6 StSp Xp,16.690 €,2018,93.519 km,Diesel,150 cv,Valencia,2026-05-07 12:22:40,C,https://www.coches.net/seat-leon-st-20-tdi-110kw-4drive-dsg6-stsp-xp-5p-diesel-2018-en-valencia-70572232-covo.aspx
AUDI,AUDI A1 Sportback Adrenalin 30 TFSI S tron,19.500 €,2022,45.071 km,Gasolina,110 cv,Barcelona,2026-05-07 12:22:40,C,https://www.coches.net/audi-a1-sportback-adrenalin-30-tfsi-81kw-s-tron-5p-gasolina-2022-en-barcelona-70570456-covo.aspx
KIA,KIA Rio 1.2 CVVT Concept,13.950 €,2019,11.000 km,Gasolina,84 cv,Barcelona,2026-05-07 12:22:40,C,https://www.coches.net/kia-rio-12-cvvt-62kw-84cv-concept-5p-gasolina-2020-en-barcelona-70573074-covo.aspx
SEAT,SEAT Ibiza 1.0 TSI Style XL,16.590 €,2023,16.300 km,Gasolina,110 cv,Madrid,2026-05-07 12:22:40,C,https://www.coches.net/seat-ibiza-10-tsi-81kw-110cv-style-xl-5p-gasolina-2023-en-madrid-70534083-covo.aspx
DACIA,DACIA Sandero Stepway Extreme Go ECOG,17.900 €,2025,30.704 km,Gas licuado (GLP),101 cv,Barcelona,2026-05-07 12:22:40,ECO,https://www.coches.net/dacia-sandero-stepway-extreme-go-74kw-100cv-ecog-5p-otros-2024-en-barcelona-70565765-covo.aspx
RENAULT,RENAULT Mégane Bose Blue dCi EDC,14.900 €,2020,130.000 km,Diesel,115 cv,Toledo,2026-05-07 12:22:40,C,https://www.coches.net/renault-megane-bose-blue-dci-85-kw-115cv-edc-5p-diesel-2018-en-toledo-70574358-covo.aspx
VOLKSWAGEN,VOLKSWAGEN Polo Advance 1.2 TSI BMT,10.999 €,2014,11.948 km,Gasolina,90 cv,Barcelona,2026-05-07 12:22:40,C,https://www.coches.net/volkswagen-polo-advance-12-tsi-90cv-bmt-5p-gasolina-2015-en-barcelona-70549750-covo.aspx
VOLKSWAGEN,VOLKSWAGEN Polo Advance 1.2 TSI BMT,10.099 €,2015,156.078 km,Gasolina,90 cv,Barcelona,2026-05-07 12:22:40,C,https://www.coches.net/volkswagen-polo-advance-12-tsi-90cv-bmt-5p-gasolina-2016-en-barcelona-70549763-covo.aspx
VOLKSWAGEN,VOLKSWAGEN Polo Sport 1.2 TSI BMT,12.399 €,2015,49.253 km,Gasolina,110 cv,Barcelona,2026-05-07 12:22:40,C,https://www.coches.net/volkswagen-polo-sport-12-tsi-110cv-bmt-5p-gasolina-2016-en-barcelona-70549931-covo.aspx
VOLKSWAGEN,VOLKSWAGEN Polo Advance 1.2 TSI BMT,10.799 €,2016,70.702 km,Gasolina,90 cv,Sevilla,2026-05-07 12:22:40,C,https://www.coches.net/volkswagen-polo-advance-12-tsi-90cv-bmt-5p-gasolina-2016-en-sevilla-70550303-covo.aspx
KIA,KIA Sportage 1.6 CRDi Drive 4x2,20.890 €,2022,78.000 km,Diesel,115 cv,A Coruña,2026-05-07 12:22:40,UNKNOWN,https://www.coches.net/kia-sportage-16-crdi-85kw-115cv-drive-4x2-5p-diesel-2022-en-a-coruna-70572246-covo.aspx
KIA,KIA Sportage 1.6 CRDi Concept 4x2,22.890 €,2022,80.000 km,Diesel,115 cv,A Coruña,2026-05-07 12:22:40,UNKNOWN,https://www.coches.net/kia-sportage-16-crdi-85kw-115cv-concept-4x2-5p-diesel-2022-en-a-coruna-70573126-covo.aspx
KIA,KIA Sportage 1.6 CRDi Concept 4x2,20.890 €,2022,114.000 km,Diesel,115 cv,A Coruña,2026-05-07 12:22:40,UNKNOWN,https://www.coches.net/kia-sportage-16-crdi-85kw-115cv-concept-4x2-5p-diesel-2022-en-a-coruna-70573170-covo.aspx
PEUGEOT,PEUGEOT 5008 Allure 1.5L BlueHDi SS,14.950 €,2018,102.280 km,Diesel,130 cv,Valencia,2026-05-07 12:22:40,C,https://www.coches.net/peugeot-5008-allure-15l-bluehdi-96kw-130cv-ss-5p-diesel-2018-en-valencia-70578026-covo.aspx
MERCEDES-BENZ,MERCEDES-BENZ Clase B B 180 CDI Urban,11.900 €,2015,189.000 km,Diesel,109 cv,Madrid,2026-05-07 12:22:40,C,https://www.coches.net/mercedes-benz-clase-b-b-180-cdi-urban-5p-diesel-2015-en-madrid-70578477-covo.aspx
VOLKSWAGEN,VOLKSWAGEN Polo Advance 1.0 TSI DSG,13.690 €,2018,107.112 km,Gasolina,95 cv,Málaga,2026-05-07 12:22:40,UNKNOWN,https://www.coches.net/volkswagen-polo-advance-10-tsi-70kw-95cv-dsg-5p-gasolina-2018-en-malaga-70538827-covo.aspx
MERCEDES-BENZ,MERCEDES-BENZ Clase A A 200 d,21.990 €,2017,131.332 km,Diesel,136 cv,A Coruña,2026-05-07 12:22:40,C,https://www.coches.net/mercedes-benz-clase-a-a-200-d-5p-diesel-2018-en-a-coruna-70569753-covo.aspx
CITROEN,CITROEN Berlingo Talla M BlueHDi 130 SS EAT8 SHINE,17.990 €,2019,116.308 km,Diesel,130 cv,Alicante,2026-05-07 12:22:40,C,https://www.coches.net/citroen-berlingo-talla-m-bluehdi-130-ss-eat8-shine-5p-diesel-2018-en-alicante-70563387-covo.aspx
OPEL,OPEL Insignia 1.6CDTI SS eco Excellence,11.499 €,2017,79.784 km,Diesel,136 cv,Barcelona,2026-05-07 12:22:40,C,https://www.coches.net/opel-insignia-16cdti-ss-eco-100kw-136cv-excellence-5p-diesel-2017-en-barcelona-70549863-covo.aspx
NISSAN,NISSAN QASHQAI DIGT 115 CV NCONNECTA,13.099 €,2018,81.791 km,Gasolina,115 cv,Sevilla,2026-05-07 12:22:40,C,https://www.coches.net/nissan-qashqai-digt-85-kw-115-cv-nconnecta-5p-gasolina-2017-en-sevilla-70550325-covo.aspx
MERCEDES-BENZ,MERCEDES-BENZ Clase A A 250 e,25.790 €,2022,98.000 km,Híbrido enchufable,218 cv,Madrid,2026-05-07 12:22:40,UNKNOWN,https://www.coches.net/mercedes-benz-clase-a-a-250-e-5p-electrico-hibrido-2022-en-madrid-70552455-covo.aspx
VOLKSWAGEN,VOLKSWAGEN Tiguan RLine 2.0 TDI DSG,30.900 €,2022,107.469 km,Diesel,150 cv,Madrid,2026-05-07 12:22:40,C,https://www.coches.net/volkswagen-tiguan-rline-20-tdi-110kw-150cv-dsg-5p-diesel-2022-en-madrid-70574188-covo.aspx
MERCEDES-BENZ,MERCEDES-BENZ Clase C MercedesAMG C 43 4MATIC,63.900 €,2023,17.754 km,Híbrido,408 cv,Madrid,2026-05-07 12:22:40,ECO,https://www.coches.net/mercedes-benz-clase-c-mercedesamg-c-43-4matic-4p-electrico-hibrido-2024-en-madrid-70565062-covo.aspx
CITROEN,CITROEN C4 PureTech 130 SS 6v Feel,14.500 €,2021,81.000 km,Gasolina,130 cv,Sevilla,2026-05-07 12:22:40,C,https://www.coches.net/citroen-c4-puretech-130-ss-6v-feel-5p-gasolina-2021-en-sevilla-70121652-covo.aspx
RENAULT,RENAULT Clio Zen ETech Hibrido,17.490 €,2021,63.000 km,Híbrido,140 cv,Cádiz,2026-05-07 12:22:40,UNKNOWN,https://www.coches.net/renault-clio-zen-etech-hibrido-104-kw-140cv-5p-electrico-hibrido-2021-en-cadiz-70552687-covo.aspx
NISSAN,NISSAN QASHQAI DIGT mHEV Xtronic Acenta,22.900 €,2024,67.000 km,Híbrido,158 cv,Sevilla,2026-05-07 12:22:40,ECO,https://www.coches.net/nissan-qashqai-digt-116kw-158cv-mhev-xtronic-acenta-5p-electrico-hibrido-2024-en-sevilla-70569982-covo.aspx
NISSAN,NISSAN QASHQAI DIGT NConnecta,19.000 €,2023,61.000 km,Híbrido,140 cv,Barcelona,2026-05-07 12:22:40,ECO,https://www.coches.net/nissan-qashqai-digt-103kw-nconnecta-5p-electrico-hibrido-2024-en-barcelona-70554005-covo.aspx
HYUNDAI,HYUNDAI i10 1.0 Klass,14.000 €,2025,14.180 km,Gasolina,63 cv,Barcelona,2026-05-07 12:22:40,C,https://www.coches.net/hyundai-i10-10-klass-5p-gasolina-2025-en-barcelona-70569722-covo.aspx
HONDA,HONDA Civic 2.0 iMMD Advance CVT,36.500 €,2025,9510 km,Híbrido,184 cv,Madrid,2026-05-07 12:22:40,UNKNOWN,https://www.coches.net/km-0/honda/civic/madrid/20-immd-advance-cvt-electrico-hibrido-de-km0-70571030-kovn.aspx
SEAT,SEAT Ateca 1.6 TDI StSp Style Eco,14.990 €,2020,138.299 km,Diesel,115 cv,Madrid,2026-05-07 12:22:40,C,https://www.coches.net/seat-ateca-16-tdi-85kw-115cv-stsp-style-eco-5p-diesel-2020-en-madrid-70563398-covo.aspx
PEUGEOT,PEUGEOT 2008 Active BlueHDI,14.490 €,2021,66.864 km,Diesel,110 cv,Madrid,2026-05-07 12:22:40,C,https://www.coches.net/peugeot-2008-active-bluehdi-81kw-110cv-5p-diesel-2022-en-madrid-70566121-covo.aspx
OPEL,OPEL Corsa 1.2T XHL GS,12.990 €,2023,52.000 km,Gasolina,100 cv,Valencia,2026-05-07 12:22:40,C,https://www.coches.net/opel-corsa-12t-xhl-74kw-100cv-gs-5p-gasolina-2023-en-valencia-70570957-covo.aspx
OPEL,OPEL Corsa 1.2T XHL Elegance,11.795 €,2021,38.574 km,Gasolina,100 cv,Valencia,2026-05-07 12:22:40,C,https://www.coches.net/opel-corsa-12t-xhl-74kw-100cv-elegance-5p-gasolina-2022-en-valencia-70578862-covo.aspx
OPEL,OPEL Astra 1.6 CDTi 110 CV Selective ST,4.990 €,2016,203.307 km,Diesel,110 cv,Madrid,2026-05-07 12:22:40,C,https://www.coches.net/opel-astra-16-cdti-110-cv-selective-st-5p-diesel-2016-en-madrid-70578645-covo.aspx
RENAULT,RENAULT Clio Evolution TCe,11.990 €,2022,73.058 km,Gasolina,90 cv,Valencia,2026-05-07 12:22:40,C,https://www.coches.net/renault-clio-evolution-tce-67-kw-91cv-5p-gasolina-2022-en-valencia-70570954-covo.aspx
RENAULT,RENAULT Clio Equilibre TCe,13.990 €,2023,39.000 km,Gasolina,90 cv,Madrid,2026-05-07 12:22:40,C,https://www.coches.net/renault-clio-equilibre-tce-67-kw-91cv-5p-gasolina-2022-en-madrid-70571809-covo.aspx
MINI,MINI MINI COOPER 5 PUERTAS,12.999 €,2016,102.058 km,Gasolina,136 cv,Sevilla,2026-05-07 12:22:40,C,https://www.coches.net/mini-mini-cooper-5-puertas-5p-gasolina-2016-en-sevilla-70550144-covo.aspx
MINI,MINI MINI COOPER,12.799 €,2017,121.927 km,Gasolina,136 cv,Sevilla,2026-05-07 12:22:40,C,https://www.coches.net/mini-mini-cooper-3p-gasolina-2017-en-sevilla-70550229-covo.aspx
MINI,MINI MINI ONE,11.199 €,2014,57.172 km,Gasolina,102 cv,Sevilla,2026-05-07 12:22:40,C,https://www.coches.net/mini-mini-one-3p-gasolina-2015-en-sevilla-70550341-covo.aspx
MINI,MINI MINI COOPER S 5 PUERTAS,13.099 €,2018,99.832 km,Gasolina,192 cv,Sevilla,2026-05-07 12:22:40,C,https://www.coches.net/mini-mini-cooper-s-5-puertas-5p-gasolina-2018-en-sevilla-70550366-covo.aspx
AUDI,AUDI A3 Sportback 2.0 TDI clean d S line,18.099 €,2016,108.696 km,Diesel,150 cv,Sevilla,2026-05-07 12:22:40,C,https://www.coches.net/audi-a3-sportback-20-tdi-clean-d-150cv-s-line-5p-diesel-2016-en-sevilla-70553567-covo.aspx
TOYOTA,TOYOTA Corolla 1.8 125H ACTIVE TECH ECVT TOU SPORT,19.490 €,2020,124.422 km,Híbrido,122 cv,Madrid,2026-05-07 12:22:40,ECO,https://www.coches.net/toyota-corolla-18-125h-active-tech-ecvt-tou-sport-5p-electrico-hibrido-2020-en-madrid-70578600-covo.aspx
RENAULT,RENAULT Clio Evolution dCi 100,19.390 €,2025,6495 km,Diesel,100 cv,Madrid,2026-05-07 12:22:40,C,https://www.coches.net/renault-clio-evolution-dci-100-74kw-5p-diesel-2024-en-madrid-70530514-covo.aspx
RENAULT,RENAULT Clio Evolution dCi 100,19.390 €,2025,7296 km,Diesel,100 cv,Madrid,2026-05-07 12:22:40,C,https://www.coches.net/renault-clio-evolution-dci-100-74kw-5p-diesel-2024-en-madrid-70530515-covo.aspx
CITROEN,CITROEN Grand C4 Picasso BlueHDi Feel,12.490 €,2017,138.810 km,Diesel,120 cv,Madrid,2026-05-07 12:22:40,C,https://www.coches.net/citroen-grand-c4-picasso-bluehdi-88kw-120cv-feel-5p-diesel-2017-en-madrid-70564980-covo.aspx
LAND-ROVER,LAND-ROVER Range Rover Evoque 2.0L eD4 Diesel 4x2 SE,14.599 €,2015,95.167 km,Diesel,150 cv,Sevilla,2026-05-07 12:22:40,C,https://www.coches.net/land-rover-range-rover-evoque-20l-ed4-diesel-150cv-4x2-se-5p-diesel-2016-en-sevilla-70566515-covo.aspx
RENAULT,RENAULT Clio Techno TCe,16.899 €,2022,26.646 km,Gasolina,140 cv,Sevilla,2026-05-07 12:22:40,C,https://www.coches.net/renault-clio-techno-tce-103-kw-140cv-5p-gasolina-2022-en-sevilla-70550297-covo.aspx
MERCEDES-BENZ,MERCEDES-BENZ Clase C C 220 d,39.999 €,2022,135.000 km,Híbrido,200 cv,Madrid,2026-05-07 12:22:40,ECO,https://www.coches.net/mercedes-benz-clase-c-c-220-d-4p-electrico-hibrido-2023-en-madrid-70554666-covo.aspx
AUDI,AUDI A3 Sportback S line 35 TFSI S tronic,25.990 €,2022,50.000 km,Híbrido,150 cv,Barcelona,2026-05-07 12:22:40,ECO,https://www.coches.net/audi-a3-sportback-s-line-35-tfsi-110kw-s-tronic-5p-electrico-hibrido-2022-en-barcelona-70560914-covo.aspx
PEUGEOT,PEUGEOT 208 Allure HYBRID 100 eDCS6,18.290 €,2025,12.899 km,Híbrido,100 cv,Madrid,2026-05-07 12:22:40,ECO,https://www.coches.net/peugeot-208-allure-hybrid-100-edcs6-5p-electrico-hibrido-2023-en-madrid-70565006-covo.aspx
SEAT,SEAT Ibiza 1.0 TSI Reference XL,17.750 €,2025,29.825 km,Gasolina,95 cv,Baleares,2026-05-07 12:22:40,C,https://www.coches.net/seat-ibiza-10-tsi-70kw-95cv-reference-xl-5p-gasolina-2025-en-baleares-70562056-covo.aspx
SEAT,SEAT Ibiza 1.0 TSI Style XL,18.550 €,2025,27.071 km,Gasolina,95 cv,Baleares,2026-05-07 12:22:40,C,https://www.coches.net/seat-ibiza-10-tsi-70kw-95cv-style-xl-5p-gasolina-2025-en-baleares-70562073-covo.aspx
SEAT,SEAT Ibiza 1.0 TSI Reference XL,17.150 €,2025,35.491 km,Gasolina,95 cv,A Coruña,2026-05-07 12:22:40,C,https://www.coches.net/seat-ibiza-10-tsi-70kw-95cv-reference-xl-5p-gasolina-2025-en-a-coruna-70563447-covo.aspx
SEAT,SEAT Ibiza 1.0 TSI FR 40 Aniversario,18.600 €,2025,43.782 km,Gasolina,115 cv,Sta. C. Tenerife,2026-05-07 12:22:40,C,https://www.coches.net/seat-ibiza-10-tsi-85kw-115cv-fr-40-aniversario-5p-gasolina-2025-en-sta-c-tenerife-70563661-covo.aspx
SKODA,SKODA Fabia 1.0 MPI Essence,16.700 €,2025,32.740 km,Gasolina,80 cv,Asturias,2026-05-07 12:22:40,C,https://www.coches.net/skoda-fabia-10-mpi-59kw-80cv-essence-5p-gasolina-2025-en-asturias-70570783-covo.aspx
PEUGEOT,PEUGEOT 508 Business Line BlueHDi 130 EAT8,14.800 €,2021,125.129 km,Diesel,130 cv,La Rioja,2026-05-07 12:22:40,C,https://www.coches.net/peugeot-508-5p-business-line-bluehdi-130-eat8-5p-diesel-2021-en-la-rioja-70561997-covo.aspx
VOLKSWAGEN,VOLKSWAGEN Polo Life 1.0 TSI,16.490 €,2023,30.685 km,Gasolina,95 cv,Madrid,2026-05-07 12:22:40,C,https://www.coches.net/volkswagen-polo-life-10-tsi-70kw-95cv-5p-gasolina-2023-en-madrid-70549585-covo.aspx
VOLKSWAGEN,VOLKSWAGEN Polo RLine 1.0 TSI,15.699 €,2021,51.467 km,Gasolina,95 cv,Sevilla,2026-05-07 12:22:40,C,https://www.coches.net/volkswagen-polo-rline-10-tsi-70kw-95cv-5p-gasolina-2022-en-sevilla-70550261-covo.aspx
AUDI,AUDI A5 S5 TDI quattro,28.990 €,2019,199.000 km,Híbrido,347 cv,Alicante,2026-05-07 12:22:40,ECO,https://www.coches.net/audi-a5-s5-tdi-quattro-5p-electrico-hibrido-2020-en-alicante-70570662-covo.aspx
SEAT,SEAT León 1.6 TDI StSp Reference,8.990 €,2019,273.000 km,Diesel,115 cv,Madrid,2026-05-07 12:22:40,C,https://www.coches.net/seat-leon-16-tdi-85kw-stsp-reference-5p-diesel-2019-en-madrid-70570896-covo.aspx
RENAULT,RENAULT Clio Business Blue dCi,12.990 €,2021,111.000 km,Diesel,100 cv,Toledo,2026-05-07 12:22:40,C,https://www.coches.net/renault-clio-business-blue-dci-74kw-100cv-5p-diesel-2021-en-toledo-70578266-covo.aspx
TOYOTA,TOYOTA Yaris 1.5 120H Business Plus,18.390 €,2023,25.550 km,Híbrido,116 cv,Madrid,2026-05-07 12:22:40,ECO,https://www.coches.net/toyota-yaris-15-120h-business-plus-5p-electrico-hibrido-2022-en-madrid-70554983-covo.aspx
MERCEDES-BENZ,MERCEDES-BENZ Clase B B 180 d,18.900 €,2020,139.000 km,Diesel,116 cv,Madrid,2026-05-07 12:22:40,C,https://www.coches.net/mercedes-benz-clase-b-b-180-d-5p-diesel-2020-en-madrid-70578224-covo.aspx
PEUGEOT,PEUGEOT 5008 GT Line 1.5L BlueHDi SS,17.890 €,2020,120.369 km,Diesel,130 cv,Madrid,2026-05-07 12:22:40,C,https://www.coches.net/peugeot-5008-gt-line-15l-bluehdi-96kw-130cv-ss-5p-diesel-2018-en-madrid-70578321-covo.aspx
FIAT,FIAT Panda City Cross 1.0 Gse,10.990 €,2023,67.700 km,Híbrido,70 cv,Málaga,2026-05-07 12:22:40,ECO,https://www.coches.net/fiat-panda-city-cross-10-gse-51kw-70cv-5p-electrico-hibrido-2022-en-malaga-70562117-covo.aspx
FORD,FORD Kuga 1.5 TDCi 120 4x2 ASS Titanium,12.490 €,2016,130.962 km,Diesel,120 cv,Valencia,2026-05-07 12:22:40,C,https://www.coches.net/ford-kuga-15-tdci-120-4x2-ass-titanium-5p-diesel-2017-en-valencia-70555005-covo.aspx
CITROEN,CITROEN Grand C4 Picasso BlueHDi 150 Shine,12.990 €,2016,153.557 km,Diesel,150 cv,Madrid,2026-05-07 12:22:40,C,https://www.coches.net/citroen-grand-c4-picasso-bluehdi-150-shine-5p-diesel-2016-en-madrid-70559923-covo.aspx
OPEL,OPEL Insignia 2.0 CDTI 163 CV Excellence Auto,7.890 €,2014,190.000 km,Diesel,163 cv,Bizkaia,2026-05-07 12:22:40,B,https://www.coches.net/opel-insignia-20-cdti-163-cv-excellence-auto-5p-diesel-2014-en-vizcaya-70532503-covo.aspx
NISSAN,NISSAN QASHQAI DIGT 140 CV E6D ACENTA,16.499 €,2021,89.304 km,Gasolina,140 cv,Barcelona,2026-05-07 12:22:40,C,https://www.coches.net/nissan-qashqai-digt-103-kw-140-cv-e6d-acenta-5p-gasolina-2020-en-barcelona-70549790-covo.aspx
MERCEDES-BENZ,MERCEDES-BENZ Clase A A 250 e Sedan,37.000 €,2024,31.192 km,Híbrido enchufable,218 cv,Salamanca,2026-05-07 12:22:40,UNKNOWN,https://www.coches.net/mercedes-benz-clase-a-a-250-e-sedan-4p-electrico-hibrido-2023-en-salamanca-70571209-covo.aspx
HYUNDAI,HYUNDAI Tucson 1.6 GDI Klass BE 4X2,18.990 €,2019,33.100 km,Gasolina,132 cv,Sevilla,2026-05-07 12:22:40,C,https://www.coches.net/hyundai-tucson-16-gdi-97kw-131cv-klass-be-4x2-5p-gasolina-2018-en-sevilla-70568746-covo.aspx
SEAT,SEAT León 1.0 TSI SS Style Go,12.990 €,2021,160.000 km,Gasolina,110 cv,A Coruña,2026-05-07 12:22:40,UNKNOWN,https://www.coches.net/seat-leon-10-tsi-81kw-ss-style-go-5p-gasolina-2021-en-a-coruna-70552760-covo.aspx
SEAT,SEAT León SP 1.5 TSI Style 25 Aniversario,20.300 €,2025,19.915 km,Gasolina,116 cv,Tarragona,2026-05-07 12:22:40,C,https://www.coches.net/seat-leon-sp-15-tsi-85kw-style-25-aniversario-5p-gasolina-2025-en-tarragona-70573457-covo.aspx
CITROEN,CITROEN C3 PureTech Shine,10.595 €,2023,86.000 km,Gasolina,83 cv,Málaga,2026-05-07 12:22:40,UNKNOWN,https://www.coches.net/citroen-c3-puretech-60kw-83cv-shine-5p-gasolina-2023-en-malaga-62019744-covo.aspx
SKODA,SKODA Fabia 1.0 TSI DSG Selection,18.550 €,2025,32.829 km,Gasolina,115 cv,Alicante,2026-05-07 12:22:40,C,https://www.coches.net/skoda-fabia-10-tsi-85kw-115cv-dsg-selection-5p-gasolina-2025-en-alicante-70572504-covo.aspx
PEUGEOT,PEUGEOT 3008 1.2 PureTech SS Allure Pack,19.990 €,2024,36.800 km,Gasolina,130 cv,Valencia,2026-05-07 12:22:40,C,https://www.coches.net/peugeot-3008-12-puretech-96kw-ss-allure-pack-5p-gasolina-2023-en-valencia-70563475-covo.aspx
HYUNDAI,HYUNDAI i30 I30 CW CRDI 1.6 GO PLUS MY19,13.999 €,2020,155.000 km,Diesel,116 cv,Cádiz,2026-05-07 12:22:40,UNKNOWN,https://www.coches.net/hyundai-i30-i30-cw-crdi-16-116cv-go-plus-my19-5p-diesel-2019-en-cadiz-70565114-covo.aspx
SEAT,SEAT Ibiza 1.0 TSI Style Plus,12.990 €,2021,105.038 km,Gasolina,110 cv,Málaga,2026-05-07 12:22:40,C,https://www.coches.net/seat-ibiza-10-tsi-81kw-110cv-style-plus-5p-gasolina-2022-en-malaga-70511550-covo.aspx
AUDI,AUDI A3 Sportback S line 40 TFSI e S tron,39.490 €,2025,21.345 km,Híbrido enchufable,204 cv,Barcelona,2026-05-07 12:22:40,CERO,https://www.coches.net/audi-a3-sportback-s-line-40-tfsi-e-150kw-s-tron-5p-electrico-hibrido-2025-en-barcelona-70560935-covo.aspx
AUDI,AUDI A3 allstreet Advanced TFSI e S tronic,38.990 €,2025,5600 km,Híbrido enchufable,204 cv,Barcelona,2026-05-07 12:22:40,CERO,https://www.coches.net/audi-a3-allstreet-advanced-tfsi-e-150kw-s-tronic-5p-electrico-hibrido-2026-en-barcelona-70561060-covo.aspx
PEUGEOT,PEUGEOT 308 Allure BlueHDi 100 SS 6 Vel. MAN,14.500 €,2019,19.500 km,Diesel,100 cv,Tarragona,2026-05-07 12:22:40,C,https://www.coches.net/peugeot-308-5p-allure-bluehdi-100-ss-6-vel-man-5p-diesel-2019-en-tarragona-70523539-covo.aspx
DACIA,DACIA Sandero Stepway Essential ECOG,11.290 €,2021,138.950 km,Gas licuado (GLP),101 cv,Madrid,2026-05-07 12:22:40,ECO,https://www.coches.net/dacia-sandero-stepway-essential-74kw-100cv-ecog-5p-otros-2021-en-madrid-70534113-covo.aspx
HYUNDAI,HYUNDAI Tucson 1.6 CRDI Maxx Safe,19.900 €,2022,99.000 km,Diesel,115 cv,Sevilla,2026-05-07 12:22:40,C,https://www.coches.net/hyundai-tucson-16-crdi-85kw-115cv-maxx-safe-5p-diesel-2022-en-sevilla-70558911-covo.aspx
CITROEN,CITROEN C4 1.6 16v SX,3.190 €,2006,194.337 km,Gasolina,110 cv,Madrid,2026-05-07 12:22:40,C,https://www.coches.net/citroen-c4-16-16v-sx-5p-gasolina-2004-en-madrid-70568723-covo.aspx
MINI,MINI MINI COOPER 5 PUERTAS,18.490 €,2021,81.428 km,Gasolina,136 cv,Madrid,2026-05-07 12:22:40,C,https://www.coches.net/mini-mini-cooper-5-puertas-5p-gasolina-2022-en-madrid-70549583-covo.aspx
MINI,MINI MINI COOPER 5 PUERTAS,19.099 €,2021,68.435 km,Gasolina,136 cv,Barcelona,2026-05-07 12:22:40,C,https://www.coches.net/mini-mini-cooper-5-puertas-5p-gasolina-2021-en-barcelona-70549810-covo.aspx
AUDI,AUDI A3 Sportback S line 35 TDI S tronic,27.409 €,2023,50.577 km,Diesel,150 cv,Madrid,2026-05-07 12:22:40,C,https://www.coches.net/audi-a3-sportback-s-line-35-tdi-110kw-s-tronic-5p-diesel-2023-en-madrid-70556918-covo.aspx
BMW,BMW X3 xDrive20d,30.900 €,2020,114.238 km,Diesel,190 cv,Málaga,2026-05-07 12:22:40,C,https://www.coches.net/bmw-x3-xdrive20d-5p-diesel-2020-en-malaga-70570934-covo.aspx
VOLKSWAGEN,VOLKSWAGEN Golf Life 1.0 eTSI DSG Variant,23.990 €,2024,27.124 km,Híbrido,110 cv,Madrid,2026-05-07 12:22:40,ECO,https://www.coches.net/volkswagen-golf-life-10-etsi-81kw-110cv-dsg-variant-5p-electrico-hibrido-2023-en-madrid-70578434-covo.aspx
KIA,KIA Picanto 1.0 DPi Concept,11.480 €,2022,20.000 km,Gasolina,67 cv,Córdoba,2026-05-07 12:22:40,C,https://www.coches.net/kia-picanto-10-dpi-49kw-67cv-concept-5p-gasolina-2022-en-cordoba-70561245-covo.aspx
PEUGEOT,PEUGEOT 508 Business Line BlueHDi SS EAT8,16.480 €,2019,75.000 km,Diesel,130 cv,Córdoba,2026-05-07 12:22:40,C,https://www.coches.net/peugeot-508-5p-business-line-bluehdi-96kw-ss-eat8-5p-diesel-2019-en-cordoba-70563824-covo.aspx
VOLKSWAGEN,VOLKSWAGEN Passat Variant 2.0 TDI DSG,15.499 €,2022,199.000 km,Diesel,122 cv,Sevilla,2026-05-07 12:22:40,C,https://www.coches.net/volkswagen-passat-variant-20-tdi-90kw-122cv-dsg-5p-diesel-2022-en-sevilla-70558900-covo.aspx
FORD,FORD Kuga STLine 1.5 EcoBlue,18.490 €,2021,79.813 km,Diesel,120 cv,Madrid,2026-05-07 12:22:40,C,https://www.coches.net/ford-kuga-stline-15-ecoblue-88kw-120cv-5p-diesel-2022-en-madrid-70564913-covo.aspx
VOLKSWAGEN,VOLKSWAGEN Golf Sport 1.6 TDI BMT,12.500 €,2014,200.000 km,Diesel,105 cv,A Coruña,2026-05-07 12:22:40,B,https://www.coches.net/volkswagen-golf-sport-16-tdi-105cv-bmt-5p-diesel-2015-en-a-coruna-61749402-covo.aspx
AUDI,AUDI R8 V10 FSI performance quattro S tro,159.990 €,2020,69.000 km,Gasolina,620 cv,A Coruña,2026-05-07 12:22:40,C,https://www.coches.net/audi-r8-v10-fsi-456kw-performance-quattro-s-tro-2p-gasolina-2020-en-a-coruna-62074177-covo.aspx
HYUNDAI,HYUNDAI i10 1.0 Go,8.500 €,2015,80.000 km,Gasolina,66 cv,A Coruña,2026-05-07 12:22:40,C,https://www.coches.net/hyundai-i10-10-go-5p-gasolina-2015-en-a-coruna-62104411-covo.aspx
BMW,BMW Serie 3 318d,11.990 €,2012,195.000 km,Diesel,143 cv,Alicante,2026-05-07 12:22:40,B,https://www.coches.net/bmw-serie-3-318d-4p-diesel-2013-en-alicante-62384419-covo.aspx
PORSCHE,PORSCHE Cayenne S,12.990 €,2007,238.500 km,Gasolina,385 cv,Castellón,2026-05-07 12:22:40,C,https://www.coches.net/porsche-cayenne-s-5p-gasolina-2008-en-castellon-62566454-covo.aspx
PEUGEOT,PEUGEOT 3008 1.5 BlueHDi SS Allure EAT8,16.990 €,2019,149.000 km,Diesel,130 cv,A Coruña,2026-05-07 12:22:40,C,https://www.coches.net/peugeot-3008-15-bluehdi-96kw-130cv-ss-allure-eat8-5p-diesel-2019-en-a-coruna-62652442-covo.aspx
VOLKSWAGEN,VOLKSWAGEN Passat 2.0 TDI Highline,6.500 €,2006,200.000 km,Diesel,140 cv,A Coruña,2026-05-07 12:22:40,B,https://www.coches.net/volkswagen-passat-20-tdi-140cv-highline-4p-diesel-2007-en-a-coruna-62652659-covo.aspx
HONDA,HONDA Accord 2.0 Sport,5.990 €,2007,190.000 km,Gasolina,155 cv,A Coruña,2026-05-07 12:22:40,C,https://www.coches.net/honda-accord-20-sport-4p-gasolina-2006-en-a-coruna-62652735-covo.aspx
TOYOTA,TOYOTA Aygo X Cross 1.0 VVTI Play,12.990 €,2022,39.000 km,Gasolina,72 cv,Sta. C. Tenerife,2026-05-07 12:22:40,C,https://www.coches.net/toyota-aygo-x-cross-10-vvti-72cv-play-5p-gasolina-2022-en-sta-c-tenerife-70035046-covo.aspx
AUDI,AUDI Q3 Advanced 35 TDI quattro,25.900 €,2021,140.000 km,Diesel,150 cv,Badajoz,2026-05-07 12:22:40,C,https://www.coches.net/audi-q3-advanced-35-tdi-quattro-110kw-150cv-5p-diesel-2022-en-badajoz-70227369-covo.aspx
AUDI,AUDI A6 Avant 2.0 TDI,11.900 €,2011,302.000 km,Diesel,177 cv,A Coruña,2026-05-07 12:22:40,C,https://www.coches.net/audi-a6-avant-20-tdi-177cv-5p-diesel-2012-en-a-coruna-70284286-covo.aspx
NISSAN,NISSAN JUKE DIGT 114 CV 6MT NConnecta,16.890 €,2021,34.642 km,Gasolina,114 cv,Málaga,2026-05-07 12:22:40,C,https://www.coches.net/nissan-juke-digt-84-kw-114-cv-6mt-nconnecta-5p-gasolina-2021-en-malaga-70291715-covo.aspx
RENAULT,RENAULT Captur techno TCe,19.990 €,2025,8510 km,Gasolina,90 cv,Málaga,2026-05-07 12:22:40,C,https://www.coches.net/renault-captur-techno-tce-67kw-90cv-5p-gasolina-2025-en-malaga-70301207-covo.aspx
MERCEDES-BENZ,MERCEDES-BENZ Clase G MercedesAMG G 63,295.900 €,2026,10 km,Gasolina,585 cv,Barcelona,2026-05-07 12:22:40,UNKNOWN,https://www.coches.net/km-0/mercedes-benz/clase-g/barcelona/mercedesamg-g-63-gasolina-de-km0-70307546-kovn.aspx
TOYOTA,TOYOTA Yaris 1.5 120H Active Tech,17.790 €,2021,34.195 km,Híbrido,116 cv,Málaga,2026-05-07 12:22:40,ECO,https://www.coches.net/toyota-yaris-15-120h-active-tech-5p-electrico-hibrido-2021-en-malaga-70339558-covo.aspx
VOLKSWAGEN,VOLKSWAGEN T-Roc Advance 1.5 TSI DSG,22.290 €,2021,70.544 km,Gasolina,150 cv,Málaga,2026-05-07 12:22:40,C,https://www.coches.net/volkswagen-t-roc-advance-15-tsi-110kw-150cv-dsg-5p-gasolina-2022-en-malaga-70342497-covo.aspx
PEUGEOT,PEUGEOT 508 Hybrid GT Line 225 eEAT8,16.990 €,2020,113.970 km,Híbrido enchufable,225 cv,Madrid,2026-05-07 12:22:40,CERO,https://www.coches.net/peugeot-508-hybrid-5p-gt-line-225-eeat8-5p-electrico-hibrido-2019-en-madrid-70355319-covo.aspx
AUDI,AUDI Q2 Design 30 TFSI,19.990 €,2019,57.083 km,Gasolina,116 cv,Madrid,2026-05-07 12:22:40,C,https://www.coches.net/audi-q2-design-30-tfsi-85kw-116cv-5p-gasolina-2019-en-madrid-70355343-covo.aspx
PEUGEOT,PEUGEOT 2008 Allure Pack BlueHDI,15.490 €,2021,60.567 km,Diesel,110 cv,Madrid,2026-05-07 12:22:40,C,https://www.coches.net/peugeot-2008-allure-pack-bluehdi-81kw-110cv-5p-diesel-2022-en-madrid-70355407-covo.aspx
CITROEN,CITROEN C4 BlueHdi 130 SS EAT8 Feel Pack,15.490 €,2021,89.181 km,Diesel,130 cv,Madrid,2026-05-07 12:22:40,C,https://www.coches.net/citroen-c4-bluehdi-130-ss-eat8-feel-pack-5p-diesel-2021-en-madrid-70355547-covo.aspx
DS,DS DS 7 Crossback E-Tense 1.6 ETense 300 PERF. LINE Auto 4WD,21.990 €,2021,93.938 km,Híbrido enchufable,300 cv,Madrid,2026-05-07 12:22:40,CERO,https://www.coches.net/ds-ds-7-crossback-e-tense-16-etense-300-perf-line--auto-4wd-5p-electrico-hibrido-2021-en-madrid-70363586-covo.aspx
SEAT,SEAT Ibiza 1.5 TSI DSG FR 40 Aniversario,21.990 €,2024,34.969 km,Gasolina,150 cv,Madrid,2026-05-07 12:22:40,C,https://www.coches.net/seat-ibiza-15-tsi-110kw-dsg-fr-40-aniversario-5p-gasolina-2024-en-madrid-70363613-covo.aspx
FIAT,FIAT 500X Yacht Club Capri 1.3 Firef.110KW DCT,17.990 €,2022,108.468 km,Gasolina,150 cv,Madrid,2026-05-07 12:22:40,C,https://www.coches.net/fiat-500x-yacht-club-capri-13-firef110kw-dct-5p-gasolina-2021-en-madrid-70363624-covo.aspx
SEAT,SEAT Ibiza 1.0 TSI FR XM,16.890 €,2024,30.100 km,Gasolina,115 cv,Madrid,2026-05-07 12:22:40,C,https://www.coches.net/seat-ibiza-10-tsi-85kw-115cv-fr-xm-5p-gasolina-2024-en-madrid-70363654-covo.aspx
SEAT,SEAT Arona 1.0 TSI Style Ecomotive,14.490 €,2019,70.603 km,Gasolina,115 cv,Madrid,2026-05-07 12:22:40,C,https://www.coches.net/seat-arona-10-tsi-85kw-115cv-style-ecomotive-5p-gasolina-2018-en-madrid-70364303-covo.aspx
CUPRA,CUPRA León 1.5 eTSI DSG,26.990 €,2024,21.666 km,Híbrido,150 cv,Madrid,2026-05-07 12:22:40,ECO,https://www.coches.net/cupra-leon-15-etsi-110kw-150cv-dsg-5p-electrico-hibrido-2024-en-madrid-70364437-covo.aspx
HYUNDAI,HYUNDAI Tucson 1.6 TGDI Klass,20.990 €,2022,77.425 km,Gasolina,150 cv,Madrid,2026-05-07 12:22:40,C,https://www.coches.net/hyundai-tucson-16-tgdi-110kw-150cv-klass-5p-gasolina-2022-en-madrid-70364796-covo.aspx
RENAULT,RENAULT Arkana RS Line TCe 103kW140CV EDC mild hybrid,22.490 €,2022,75.467 km,Híbrido,140 cv,Madrid,2026-05-07 12:22:40,ECO,https://www.coches.net/renault-arkana-rs-line-tce-103kw140cv-edc-mild-hybrid-5p-electrico-hibrido-2021-en-madrid-70376671-covo.aspx
NISSAN,NISSAN QASHQAI DIGT mHEV Xtronic Prem.Edit. Bit.,22.490 €,2021,41.714 km,Híbrido,158 cv,Madrid,2026-05-07 12:22:40,ECO,https://www.coches.net/nissan-qashqai-digt-116kw-mhev-xtronic-premedit-bit-5p-electrico-hibrido-2021-en-madrid-70376685-covo.aspx
OPEL,OPEL Corsa 1.2T XHL GS,15.990 €,2024,17.000 km,Gasolina,100 cv,Las Palmas,2026-05-07 12:22:40,C,https://www.coches.net/opel-corsa-12t-xhl-74kw-100cv-gs-5p-gasolina-2023-en-las-palmas-70377206-covo.aspx
VOLKSWAGEN,VOLKSWAGEN Touran 1.6 TDI DSG Advance Bmotion Tech,8.490 €,2013,254.000 km,Diesel,105 cv,Alicante,2026-05-07 12:22:40,B,https://www.coches.net/volkswagen-touran-16-tdi-105cv-dsg-advance-bmotion-tech-5p-diesel-2014-en-alicante-70377648-covo.aspx
FORD,FORD Kuga STLine 1.5T EcoBoost,18.990 €,2022,60.140 km,Gasolina,150 cv,Madrid,2026-05-07 12:22:40,C,https://www.coches.net/ford-kuga-stline-15t-ecoboost-110kw-150cv-5p-gasolina-2022-en-madrid-70383391-covo.aspx
HYUNDAI,HYUNDAI Tucson 1.6 TGDI 48V Tecno 2C,24.990 €,2021,49.119 km,Híbrido,150 cv,Madrid,2026-05-07 12:22:40,ECO,https://www.coches.net/hyundai-tucson-16-tgdi-110kw-150cv-48v-tecno-2c-5p-electrico-hibrido-2021-en-madrid-70384785-covo.aspx
TOYOTA,TOYOTA C-HR 2.0 180H Advance,25.480 €,2023,68.845 km,Híbrido,184 cv,Madrid,2026-05-07 12:22:40,ECO,https://www.coches.net/toyota-c-hr-20-180h-advance-5p-electrico-hibrido-2023-en-madrid-70384853-covo.aspx
KIA,KIA Rio 1.2 DPi Concept,12.990 €,2022,48.967 km,Gasolina,84 cv,Madrid,2026-05-07 12:22:40,C,https://www.coches.net/kia-rio-12-dpi-62kw-84cv-concept-5p-gasolina-2022-en-madrid-70397270-covo.aspx
SEAT,SEAT Ibiza 1.0 TSI Style XM,15.490 €,2023,36.716 km,Gasolina,110 cv,Madrid,2026-05-07 12:22:40,C,https://www.coches.net/seat-ibiza-10-tsi-81kw-110cv-style-xm-5p-gasolina-2024-en-madrid-70397280-covo.aspx
SKODA,SKODA Scala 1.0 TSI 110 CV DSG Ambitio,18.990 €,2023,55.769 km,Gasolina,110 cv,Madrid,2026-05-07 12:22:40,C,https://www.coches.net/skoda-scala-10-tsi-81kw-110-cv-dsg-ambitio-5p-gasolina-2023-en-madrid-70397290-covo.aspx
FORD,FORD Kuga STLine 2.0 EcoBlue Auto,20.490 €,2023,87.557 km,Diesel,120 cv,Madrid,2026-05-07 12:22:40,C,https://www.coches.net/ford-kuga-stline-20-ecoblue-88kw-120cv-auto-5p-diesel-2023-en-madrid-70397333-covo.aspx
CITROEN,CITROEN C3 BlueHDi SS FEEL,10.490 €,2020,78.320 km,Diesel,99 cv,Madrid,2026-05-07 12:22:40,C,https://www.coches.net/citroen-c3-bluehdi-73kw-100cv-ss-feel-5p-diesel-2019-en-madrid-70397357-covo.aspx
AUDI,AUDI Q5 40 TDI quattroultra,33.490 €,2021,90.409 km,Híbrido,204 cv,Madrid,2026-05-07 12:22:40,ECO,https://www.coches.net/audi-q5-40-tdi-150kw-204cv-quattroultra-5p-electrico-hibrido-2021-en-madrid-70397375-covo.aspx
SEAT,SEAT Arona 1.6 TDI Style Ecomotive,14.490 €,2020,119.831 km,Diesel,95 cv,Madrid,2026-05-07 12:22:40,C,https://www.coches.net/seat-arona-16-tdi-70kw-95cv-style-ecomotive-5p-diesel-2020-en-madrid-70397402-covo.aspx
KIA,KIA Sportage 1.6 MHEV Business 4x4,18.990 €,2021,73.964 km,Híbrido,136 cv,Málaga,2026-05-07 12:22:40,ECO,https://www.coches.net/kia-sportage-16-mhev-business-100kw-136cv-4x4-5p-electrico-hibrido-2021-en-malaga-70401304-covo.aspx
FORD,FORD Puma 1.0 EcoBoost STLine X MHEV,18.890 €,2023,55.647 km,Híbrido,125 cv,Málaga,2026-05-07 12:22:40,ECO,https://www.coches.net/ford-puma-10-ecoboost-125cv-stline-x-mhev-5p-electrico-hibrido-2023-en-malaga-70401306-covo.aspx
AUDI,AUDI A6 RS6 Avant Performance,164.900 €,2026,10 km,Gasolina,630 cv,Barcelona,2026-05-07 12:22:40,UNKNOWN,https://www.coches.net/km-0/audi/a6/barcelona/rs6-avant-performance-gasolina-de-km0-70401356-kovn.aspx
AUDI,AUDI A6 RS6 Avant Performance,166.900 €,2026,10 km,Gasolina,630 cv,Barcelona,2026-05-07 12:22:40,UNKNOWN,https://www.coches.net/km-0/audi/a6/barcelona/rs6-avant-performance-gasolina-de-km0-70401499-kovn.aspx
AUDI,AUDI Q8 RS Q8 performance quattro tiptron,187.400 €,2026,10 km,Gasolina,640 cv,Barcelona,2026-05-07 12:22:40,UNKNOWN,https://www.coches.net/audi-q8-rs-q8-performance-471kw-quattro-tiptron-5p-gasolina-2026-en-barcelona-70401581-covo.aspx
MINI,MINI COUNTRYMAN Cooper,22.950 €,2022,57.000 km,Gasolina,136 cv,Las Palmas,2026-05-07 12:22:40,UNKNOWN,https://www.coches.net/mini-countryman-cooper-5p-gasolina-2023-en-las-palmas-70405627-covo.aspx
LAMBORGHINI,LAMBORGHINI Temerario 4.0 V8 PHEV,485.900 €,2026,10 km,Híbrido enchufable,920 cv,Barcelona,2026-05-07 12:22:40,UNKNOWN,https://www.coches.net/lamborghini-temerario-40-v8-phev-2p-electrico-hibrido-2027-en-barcelona-70408065-covo.aspx
PORSCHE,PORSCHE 911 Carrera 4S Cabriolet,241.900 €,2026,10 km,Gasolina,480 cv,Barcelona,2026-05-07 12:22:40,UNKNOWN,https://www.coches.net/km-0/porsche/911/barcelona/carrera-4s-cabriolet-gasolina-de-km0-70416771-kovn.aspx
FERRARI,FERRARI 12cilindri 6.5 V12,679.900 €,2026,100 km,Gasolina,830 cv,Barcelona,2026-05-07 12:22:40,UNKNOWN,https://www.coches.net/km-0/ferrari/12cilindri/barcelona/65-v12-gasolina-de-km0-70418613-kovn.aspx
MINI,MINI COUNTRYMAN COOPER COUNTRYMAN automatico,12.950 €,2015,211.738 km,Gasolina,122 cv,Madrid,2026-05-07 12:22:40,C,https://www.coches.net/mini-countryman-cooper-countryman-automatico-5p-gasolina-2015-en-madrid-70426104-covo.aspx
TOYOTA,TOYOTA Corolla 1.8 125H ACTIVE TECH ECVT,20.690 €,2022,64.125 km,Híbrido,122 cv,Málaga,2026-05-07 12:22:40,ECO,https://www.coches.net/toyota-corolla-18-125h-active-tech-ecvt-5p-electrico-hibrido-2022-en-malaga-70427682-covo.aspx
CITROEN,CITROEN C3 BlueHDi SS ELLE,10.500 €,2019,104.000 km,Diesel,99 cv,Málaga,2026-05-07 12:22:40,C,https://www.coches.net/citroen-c3-bluehdi-73kw-100cv-ss-elle-5p-diesel-2018-en-malaga-70447814-covo.aspx
BMW,BMW X7 xDrive40d,134.900 €,2026,4200 km,Híbrido,352 cv,Barcelona,2026-05-07 12:22:40,UNKNOWN,https://www.coches.net/km-0/bmw/x7/barcelona/xdrive40d-electrico-hibrido-de-km0-70451736-kovn.aspx
MERCEDES-BENZ,MERCEDES-BENZ GLC GLC 400 4MATIC con tecnologia EQ,84.890 €,2026,10 km,Eléctrico,489 cv,Bizkaia,2026-05-07 12:22:40,CERO,https://www.coches.net/mercedes-benz-glc-glc-400-4matic-con-tecnologia-eq-5p-electrico-hibrido-2026-en-vizcaya-70452532-covo.aspx
BMW,BMW X7 xDrive40d,126.900 €,2025,4100 km,Híbrido,352 cv,Barcelona,2026-05-07 12:22:40,UNKNOWN,https://www.coches.net/km-0/bmw/x7/barcelona/xdrive40d-electrico-hibrido-de-km0-70452604-kovn.aspx
BMW,BMW X7 xDrive40d,132.900 €,2026,3900 km,Híbrido,352 cv,Barcelona,2026-05-07 12:22:40,UNKNOWN,https://www.coches.net/km-0/bmw/x7/barcelona/xdrive40d-electrico-hibrido-de-km0-70452655-kovn.aspx
PEUGEOT,PEUGEOT 3008 1.5 BlueHDi SS Allure,13.749 €,2020,153.000 km,Diesel,130 cv,Alicante,2026-05-07 12:22:40,C,https://www.coches.net/peugeot-3008-15-bluehdi-96kw-130cv-ss-allure-5p-diesel-2020-en-alicante-70453045-covo.aspx
MERCEDES-BENZ,MERCEDES-BENZ Clase C C 200,39.890 €,2022,41.959 km,Híbrido,204 cv,Málaga,2026-05-07 12:22:40,ECO,https://www.coches.net/mercedes-benz-clase-c-c-200-4p-electrico-hibrido-2022-en-malaga-70457368-covo.aspx
OPEL,OPEL Mokka 1.5 D GS Line,13.999 €,2022,130.000 km,Diesel,110 cv,Alicante,2026-05-07 12:22:40,C,https://www.coches.net/opel-mokka-15-d-gs-line-5p-diesel-2022-en-alicante-70457377-covo.aspx
MERCEDES-BENZ,MERCEDES-BENZ Clase G MercedesAMG G 63,298.900 €,2026,10 km,Gasolina,585 cv,Barcelona,2026-05-07 12:22:40,UNKNOWN,https://www.coches.net/km-0/mercedes-benz/clase-g/barcelona/mercedesamg-g-63-gasolina-de-km0-70460398-kovn.aspx
MERCEDES-BENZ,MERCEDES-BENZ Clase C C 200 d Berlina,42.890 €,2025,12.339 km,Híbrido,163 cv,Bizkaia,2026-05-07 12:22:40,ECO,https://www.coches.net/mercedes-benz-clase-c-c-200-d-berlina-4p-electrico-hibrido-2025-en-vizcaya-70460423-covo.aspx
ASTON,ASTON MARTIN DBX 4.0 V8 707 Auto,318.900 €,2026,10 km,Gasolina,707 cv,Barcelona,2026-05-07 12:22:40,UNKNOWN,https://www.coches.net/km-0/aston-martin/dbx/barcelona/40-v8-707-auto-gasolina-de-km0-70461282-kovn.aspx
PORSCHE,PORSCHE 911 Turbo S Cabriolet,298.900 €,2024,1800 km,Gasolina,650 cv,Barcelona,2026-05-07 12:22:40,UNKNOWN,https://www.coches.net/porsche-911-turbo-s-cabriolet-2p-gasolina-2024-en-barcelona-70461676-covo.aspx
VOLVO,VOLVO EX30 Single Motor Extended Range Plus Auto,31.500 €,2024,9500 km,Eléctrico,272 cv,Barcelona,2026-05-07 12:22:40,CERO,https://www.coches.net/volvo-ex30-single-motor-extended-range-plus-auto-5p-electrico-hibrido-2024-en-barcelona-70465805-covo.aspx
MERCEDES-BENZ,MERCEDES-BENZ GLA GLA 200,39.990 €,2024,49.456 km,Híbrido,163 cv,Bizkaia,2026-05-07 12:22:40,ECO,https://www.coches.net/mercedes-benz-gla-gla-200-5p-electrico-hibrido-2024-en-vizcaya-70465857-covo.aspx
FORD,FORD Kuga STLine 2.0 EcoBlue Auto,20.990 €,2023,63.193 km,Diesel,120 cv,Madrid,2026-05-07 12:22:40,C,https://www.coches.net/ford-kuga-stline-20-ecoblue-88kw-120cv-auto-5p-diesel-2023-en-madrid-70465871-covo.aspx
AUDI,AUDI Q2 sport edition 1.6 TDI S tronic,19.990 €,2017,133.967 km,Diesel,116 cv,Madrid,2026-05-07 12:22:40,C,https://www.coches.net/audi-q2-sport-edition-16-tdi-s-tronic-5p-diesel-2017-en-madrid-70465921-covo.aspx
MERCEDES-BENZ,MERCEDES-BENZ CLE CLE 200 Cabrio,60.890 €,2025,12.997 km,Híbrido,204 cv,Bizkaia,2026-05-07 12:22:40,ECO,https://www.coches.net/mercedes-benz-cle-cle-200-cabrio-2p-electrico-hibrido-2025-en-vizcaya-70474352-covo.aspx
AUDI,AUDI A5 3.0 TDI quattro tiptronic Sportback,26.999 €,2017,179.500 km,Diesel,272 cv,Alicante,2026-05-07 12:22:40,C,https://www.coches.net/audi-a5-30-tdi-quattro-tiptronic-sportback-5p-diesel-2018-en-alicante-70478793-covo.aspx
BMW,BMW X1 sDrive18d,39.900 €,2026,3900 km,Diesel,150 cv,Barcelona,2026-05-07 12:22:40,UNKNOWN,https://www.coches.net/km-0/bmw/x1/barcelona/sdrive18d-diesel-de-km0-70485157-kovn.aspx
LAND-ROVER,LAND-ROVER Range Rover Sport 2.0 Si4 PHEV HSE Dynamic,54.999 €,2020,74.500 km,Híbrido enchufable,404 cv,Alicante,2026-05-07 12:22:40,CERO,https://www.coches.net/land-rover-range-rover-sport-20-si4-phev-297kw-404cv-hse-dynamic-5p-electrico-hibrido-2020-en-alicante-70487156-covo.aspx
PORSCHE,PORSCHE Panamera Turbo S EHybrid Sport Turismo,81.999 €,2019,92.500 km,Híbrido enchufable,680 cv,Alicante,2026-05-07 12:22:40,CERO,https://www.coches.net/porsche-panamera-turbo-s-ehybrid-sport-turismo-5p-electrico-hibrido-2019-en-alicante-70487270-covo.aspx
PORSCHE,PORSCHE Cayenne Coupé EHybrid Platinum Edition,97.900 €,2023,37.900 km,Híbrido enchufable,462 cv,Barcelona,2026-05-07 12:22:40,UNKNOWN,https://www.coches.net/porsche-cayenne-coupe-ehybrid-platinum-edition-5p-electrico-hibrido-2023-en-barcelona-70489564-covo.aspx
TOYOTA,TOYOTA C-HR 1.8 125H Active,20.990 €,2021,75.250 km,Híbrido,122 cv,Las Palmas,2026-05-07 12:22:40,ECO,https://www.coches.net/toyota-c-hr-18-125h-active-5p-electrico-hibrido-2021-en-las-palmas-70490056-covo.aspx
VOLKSWAGEN,VOLKSWAGEN Taigo Life 1.0 TSI,17.490 €,2023,40.600 km,Gasolina,95 cv,Las Palmas,2026-05-07 12:22:40,C,https://www.coches.net/volkswagen-taigo-life-10-tsi-70kw-95cv-5p-gasolina-2023-en-las-palmas-70490057-covo.aspx
VOLKSWAGEN,VOLKSWAGEN Taigo Life 1.0 TSI,17.490 €,2023,41.600 km,Gasolina,95 cv,Las Palmas,2026-05-07 12:22:40,C,https://www.coches.net/volkswagen-taigo-life-10-tsi-70kw-95cv-5p-gasolina-2023-en-las-palmas-70490064-covo.aspx
VOLKSWAGEN,VOLKSWAGEN Passat 1.6 TDI Edition BlueMotion Tech,6.500 €,2011,200.000 km,Diesel,105 cv,A Coruña,2026-05-07 12:22:40,B,https://www.coches.net/volkswagen-passat-16-tdi-105cv-edition-bluemotion-tech-4p-diesel-2012-en-a-coruna-70490096-covo.aspx
BMW,BMW Serie 5 535d Touring,10.990 €,2005,200.000 km,Diesel,272 cv,A Coruña,2026-05-07 12:22:40,B,https://www.coches.net/bmw-serie-5-535d-touring-5p-diesel-2005-en-a-coruna-70490098-covo.aspx
MERCEDES-BENZ,MERCEDES-BENZ Clase C C 200 d Berlina,42.890 €,2025,8498 km,Híbrido,163 cv,Bizkaia,2026-05-07 12:22:40,ECO,https://www.coches.net/mercedes-benz-clase-c-c-200-d-berlina-4p-electrico-hibrido-2025-en-vizcaya-70490190-covo.aspx
BMW,BMW Serie 3 320d Auto.Touring,19.900 €,2021,160.000 km,Híbrido,190 cv,Badajoz,2026-05-07 12:22:40,C,https://www.coches.net/bmw-serie-3-320d-autotouring-5p-electrico-hibrido-2022-en-badajoz-70493663-covo.aspx
SEAT,SEAT Ibiza 1.0 TSI Style Plus,15.990 €,2024,55.720 km,Gasolina,110 cv,Madrid,2026-05-07 12:22:40,C,https://www.coches.net/seat-ibiza-10-tsi-81kw-110cv-style-plus-5p-gasolina-2022-en-madrid-70551092-covo.aspx
AUDI,AUDI A5 B.Line 35 TDI S tronic Sportback,39.800 €,2022,95.000 km,Híbrido,163 cv,Bizkaia,2026-05-07 12:22:40,ECO,https://www.coches.net/audi-a5-bline-35-tdi-120kw-s-tronic-sportback-5p-electrico-hibrido-2023-en-vizcaya-70567955-covo.aspx
FORD,FORD Focus 1.0 Ecoboost MHEV STLine SB,17.599 €,2022,56.383 km,Híbrido,125 cv,Barcelona,2026-05-07 12:22:40,ECO,https://www.coches.net/ford-focus-10-ecoboost-mhev-92kw-stline-sb-5p-electrico-hibrido-2022-en-barcelona-70565356-covo.aspx
PEUGEOT,PEUGEOT 308 Allure Puretech 130 SS EAT8,13.990 €,2021,70.140 km,Gasolina,130 cv,Valencia,2026-05-07 12:22:40,C,https://www.coches.net/peugeot-308-5p-allure-puretech-130-ss-eat8-5p-gasolina-2021-en-valencia-70570980-covo.aspx
HYUNDAI,HYUNDAI i30 1.5 DPI N Line SE,20.900 €,2025,27.308 km,Gasolina,96 cv,Baleares,2026-05-07 12:22:40,C,https://www.coches.net/hyundai-i30-15-dpi-n-line-se-5p-gasolina-2025-en-baleares-70573294-covo.aspx
CITROEN,CITROEN C-Elysée PureTech Exclusive,7.990 €,2015,66.694 km,Gasolina,82 cv,Valencia,2026-05-07 12:22:40,C,https://www.coches.net/citroen-c-elysee-puretech-82cv-exclusive-4p-gasolina-2015-en-valencia-70573512-covo.aspx
RENAULT,RENAULT Captur Zen Energy dCi eco2,10.900 €,2017,86.000 km,Diesel,90 cv,Barcelona,2026-05-07 12:22:40,C,https://www.coches.net/renault-captur-zen-energy-dci-66kw-90cv-eco2-5p-diesel-2017-en-barcelona-70573732-covo.aspx
MINI,MINI COUNTRYMAN ONE D COUNTRYMAN,10.399 €,2016,99.857 km,Diesel,90 cv,Barcelona,2026-05-07 12:22:40,C,https://www.coches.net/mini-countryman-one-d-countryman-5p-diesel-2016-en-barcelona-70573750-covo.aspx
KIA,KIA Picanto 1.0 CVVT Concept,8.499 €,2018,65.000 km,Gasolina,67 cv,Madrid,2026-05-07 12:22:40,C,https://www.coches.net/kia-picanto-10-cvvt-49kw-67cv-concept-5p-gasolina-2018-en-madrid-70575416-covo.aspx
CITROEN,CITROEN C3 1.4i Furio,4.490 €,2005,80.000 km,Gasolina,75 cv,Alicante,2026-05-07 12:22:40,B,https://www.coches.net/citroen-c3-14i-furio-5p-gasolina-2004-en-alicante-70577117-covo.aspx
CITROEN,CITROEN C4 Cactus BlueHDi Feel,12.490 €,2018,96.407 km,Diesel,99 cv,Madrid,2026-05-07 12:22:40,C,https://www.coches.net/citroen-c4-cactus-bluehdi-73kw-100cv-feel-5p-diesel-2018-en-madrid-70578370-covo.aspx
MERCEDES-BENZ,MERCEDES-BENZ Clase A A 200 d AMG Line,17.990 €,2016,120.000 km,Diesel,136 cv,Madrid,2026-05-07 12:22:40,C,https://www.coches.net/mercedes-benz-clase-a-a-200-d-amg-line-5p-diesel-2017-en-madrid-70551165-covo.aspx
MERCEDES-BENZ,MERCEDES-BENZ Clase A A 180 d,16.899 €,2018,157.641 km,Diesel,116 cv,Sevilla,2026-05-07 12:22:40,C,https://www.coches.net/mercedes-benz-clase-a-a-180-d-5p-diesel-2018-en-sevilla-70553573-covo.aspx
AUDI,AUDI A3 Cabrio 2.0 TDI clean d Attraction,14.900 €,2014,185.500 km,Diesel,150 cv,Murcia,2026-05-07 12:22:40,C,https://www.coches.net/audi-a3-cabrio-20-tdi-150cv-clean-d-attraction-2p-diesel-2015-en-murcia-70552489-covo.aspx
SKODA,SKODA Octavia 2.0 TDI 150 CV DSG Sport,24.490 €,2023,70.000 km,Diesel,150 cv,Madrid,2026-05-07 12:22:40,C,https://www.coches.net/skoda-octavia-20-tdi-110kw-150-cv-dsg-sport-5p-diesel-2023-en-madrid-70553085-covo.aspx
FIAT,FIAT Tipo 1.3 Pop Business Mjet,9.390 €,2019,92.045 km,Diesel,95 cv,Madrid,2026-05-07 12:22:40,UNKNOWN,https://www.coches.net/fiat-tipo-13-pop-business-70kw-95cv-mjet-5p-5p-diesel-2019-en-madrid-70554314-covo.aspx
TOYOTA,TOYOTA Corolla 1.8 125H STYLE ECVT,17.990 €,2021,72.000 km,Híbrido,122 cv,Las Palmas,2026-05-07 12:22:40,ECO,https://www.coches.net/toyota-corolla-18-125h-style-ecvt-5p-electrico-hibrido-2021-en-las-palmas-70566339-covo.aspx
VOLKSWAGEN,VOLKSWAGEN Golf VI 1.6 TDI DPF Advance,8.590 €,2009,107.835 km,Diesel,105 cv,Madrid,2026-05-07 12:22:40,B,https://www.coches.net/volkswagen-golf-vi-16-tdi-105cv-dpf-advance-5p-diesel-2010-en-madrid-70526911-covo.aspx
VOLKSWAGEN,VOLKSWAGEN Touran Advance 1.4 TSI BMT,18.490 €,2017,125.033 km,Gasolina,150 cv,Bizkaia,2026-05-07 12:22:40,C,https://www.coches.net/volkswagen-touran-advance-14-tsi-bmt-5p-gasolina-2017-en-vizcaya-70572306-covo.aspx
CITROEN,CITROEN C4 Hybrid 136 eDCS6 Plus,20.990 €,2025,4977 km,Híbrido,136 cv,Madrid,2026-05-07 12:22:40,ECO,https://www.coches.net/km-0/citroen/c4/madrid/hybrid-136-edcs6-plus-electrico-hibrido-de-km0-70554967-kovn.aspx
BMW,BMW Serie 3 320d,9.990 €,2009,200.000 km,Diesel,177 cv,Valencia,2026-05-07 12:22:40,B,https://www.coches.net/bmw-serie-3-320d-4p-diesel-2010-en-valencia-70533952-covo.aspx
OPEL,OPEL Insignia ST Business Elegance 2.0D DVH AT8,20.490 €,2021,20.431 km,Diesel,174 cv,Madrid,2026-05-07 12:22:40,C,https://www.coches.net/opel-insignia-st-business-elegance-20d-dvh-130kw-at8-5p-diesel-2021-en-madrid-70562203-covo.aspx
TOYOTA,TOYOTA Corolla 1.8 125H BUSINESS PLUS ECVT SEDAN,21.200 €,2022,77.500 km,Híbrido,122 cv,Tarragona,2026-05-07 12:22:40,ECO,https://www.coches.net/toyota-corolla-18-125h-business-plus-ecvt-sedan-4p-electrico-hibrido-2022-en-tarragona-70565254-covo.aspx
MAZDA,MAZDA Mazda3 2.0 eSKYACTIVG EVOLUTION,20.500 €,2021,67.000 km,Híbrido,122 cv,Madrid,2026-05-07 12:22:40,UNKNOWN,https://www.coches.net/mazda-mazda3-20-eskyactivg-88kw-evolution-5p-electrico-hibrido-2021-en-madrid-70565759-covo.aspx
VOLKSWAGEN,VOLKSWAGEN Golf Ready2Go 1.6 TDI,12.990 €,2020,178.000 km,Diesel,115 cv,Sevilla,2026-05-07 12:22:40,C,https://www.coches.net/volkswagen-golf-ready2go-16-tdi-85kw-115cv-5p-diesel-2019-en-sevilla-70565930-covo.aspx
SKODA,SKODA Octavia Combi 1.6 TDI Style,14.999 €,2019,145.000 km,Diesel,115 cv,Cádiz,2026-05-07 12:22:40,UNKNOWN,https://www.coches.net/skoda-octavia-combi-16-tdi-85kw-115cv-style-5p-diesel-2020-en-cadiz-70570511-covo.aspx
SKODA,SKODA Octavia Combi 1.6 TDI CR Ambition,13.390 €,2019,156.613 km,Diesel,115 cv,Navarra,2026-05-07 12:22:40,C,https://www.coches.net/skoda-octavia-combi-16-tdi-cr-85kw-115cv-ambition-5p-diesel-2020-en-navarra-70578193-covo.aspx
BMW,BMW X3 xDrive20d,13.990 €,2011,152.000 km,Diesel,184 cv,Madrid,2026-05-07 12:22:40,B,https://www.coches.net/bmw-x3-xdrive20d-5p-diesel-2011-en-madrid-70561417-covo.aspx
CITROEN,CITROEN Berlingo Talla M PureTech 110 SS SHINE,15.990 €,2019,73.477 km,Gasolina,110 cv,Madrid,2026-05-07 12:22:40,C,https://www.coches.net/citroen-berlingo-talla-m-puretech-110-ss-shine-5p-gasolina-2018-en-madrid-70564954-covo.aspx
RENAULT,RENAULT Clio Evolution TCe 90,16.750 €,2025,35.145 km,Gasolina,90 cv,Baleares,2026-05-07 12:22:40,C,https://www.coches.net/renault-clio-evolution-tce-90-67kw-5p-gasolina-2024-en-baleares-70561843-covo.aspx
RENAULT,RENAULT Clio Techno TCe 90,16.900 €,2025,28.414 km,Gasolina,90 cv,A Coruña,2026-05-07 12:22:40,C,https://www.coches.net/renault-clio-techno-tce-90-67kw-5p-gasolina-2024-en-a-coruna-70563448-covo.aspx
SEAT,SEAT León 1.5 TSI SS Style 25 Aniversario,19.300 €,2024,48.774 km,Gasolina,116 cv,Sta. C. Tenerife,2026-05-07 12:22:40,C,https://www.coches.net/seat-leon-15-tsi-85kw-ss-style-25-aniversario-5p-gasolina-2025-en-sta-c-tenerife-70563619-covo.aspx
MERCEDES-BENZ,MERCEDES-BENZ Clase C C 220 d Berlina,48.400 €,2025,21.188 km,Híbrido,197 cv,Barcelona,2026-05-07 12:22:40,ECO,https://www.coches.net/mercedes-benz-clase-c-c-220-d-berlina-4p-electrico-hibrido-2025-en-barcelona-70555118-covo.aspx
MERCEDES-BENZ,MERCEDES-BENZ Clase C C 220 d Berlina,51.500 €,2025,7900 km,Híbrido,197 cv,Barcelona,2026-05-07 12:22:40,ECO,https://www.coches.net/mercedes-benz-clase-c-c-220-d-berlina-4p-electrico-hibrido-2025-en-barcelona-70555131-covo.aspx
OPEL,OPEL Astra 1.2T SHL Astra ST,10.240 €,2020,135.564 km,Gasolina,110 cv,Zaragoza,2026-05-07 12:22:40,C,https://www.coches.net/opel-astra-12t-shl-81kw-110cv-astra-st-5p-gasolina-2020-en-zaragoza-70563848-covo.aspx
RENAULT,RENAULT Mégane S.T. Limited Blue dCi,11.490 €,2019,99.006 km,Diesel,115 cv,Murcia,2026-05-07 12:22:40,C,https://www.coches.net/renault-megane-st-limited-blue-dci-85-kw-115cv-5p-diesel-2018-en-murcia-70566748-covo.aspx
PEUGEOT,PEUGEOT 3008 1.5L BlueHDi SS GT Line,15.900 €,2019,103.839 km,Diesel,130 cv,Madrid,2026-05-07 12:22:40,C,https://www.coches.net/peugeot-3008-15l-bluehdi-96kw-130cv-ss-gt-line-5p-diesel-2018-en-madrid-70564502-covo.aspx
PEUGEOT,PEUGEOT 2008 Allure Puretech 130 SS BVM6,14.200 €,2020,71.927 km,Gasolina,130 cv,Madrid,2026-05-07 12:22:40,C,https://www.coches.net/peugeot-2008-allure-puretech-130-ss-bvm6-5p-gasolina-2020-en-madrid-70568727-covo.aspx
AUDI,AUDI A1 Sportback Advanced 30 TFSI S tronic,18.900 €,2022,55.498 km,Gasolina,110 cv,Las Palmas,2026-05-07 12:22:40,C,https://www.coches.net/audi-a1-sportback-advanced-30-tfsi-81kw-s-tronic-5p-gasolina-2023-en-las-palmas-70572425-covo.aspx
RENAULT,RENAULT Captur Zen TCe,14.900 €,2019,31.500 km,Gasolina,90 cv,Bizkaia,2026-05-07 12:22:40,C,https://www.coches.net/renault-captur-zen-tce-66kw-90cv-5p-gasolina-2018-en-vizcaya-70574278-covo.aspx
HYUNDAI,HYUNDAI i20 1.2 MPI SLE,13.900 €,2021,44.000 km,Gasolina,84 cv,Girona,2026-05-07 12:22:40,C,https://www.coches.net/hyundai-i20-12-mpi-sle-5p-gasolina-2021-en-girona-70556400-covo.aspx
SKODA,SKODA Fabia 1.0 MPI Ambition,9.390 €,2017,98.028 km,Gasolina,75 cv,Barcelona,2026-05-07 12:22:40,C,https://www.coches.net/skoda-fabia-10-mpi-55kw-75cv-ambition-5p-gasolina-2018-en-barcelona-70569018-covo.aspx
RENAULT,RENAULT Clio techno EcoG,19.503 €,2025,18.800 km,Gas licuado (GLP),100 cv,Zaragoza,2026-05-07 12:22:40,ECO,https://www.coches.net/renault-clio-techno-ecog-100cv-74kw-5p-otros-2024-en-zaragoza-70560012-covo.aspx
TOYOTA,TOYOTA Yaris 1.3 100 Feel,12.990 €,2016,93.318 km,Gasolina,99 cv,Madrid,2026-05-07 12:22:40,C,https://www.coches.net/toyota-yaris-13-100-feel-5p-gasolina-2016-en-madrid-70537493-covo.aspx
PEUGEOT,PEUGEOT 308 Allure BlueHDi 130 SS EAT8,12.875 €,2021,72.000 km,Diesel,130 cv,Valencia,2026-05-07 12:22:40,C,https://www.coches.net/peugeot-308-5p-allure-bluehdi-130-ss-eat8-5p-diesel-2021-en-valencia-70504285-covo.aspx
MINI,MINI MINI ONE 5 PUERTAS,16.675 €,2019,69.892 km,Gasolina,102 cv,Alicante,2026-05-07 12:22:40,UNKNOWN,https://www.coches.net/mini-mini-one-5-puertas-5p-gasolina-2020-en-alicante-70568398-covo.aspx
VOLKSWAGEN,VOLKSWAGEN Touran Business Navi 1.6 TDI DSG,15.490 €,2018,155.279 km,Diesel,115 cv,Madrid,2026-05-07 12:22:40,C,https://www.coches.net/volkswagen-touran-business--navi-16-tdi-85kw-115cv-dsg-5p-diesel-2018-en-madrid-70564362-covo.aspx
FORD,FORD Fiesta 1.4 Ghia,2.499 €,2004,190.000 km,Gasolina,80 cv,Murcia,2026-05-07 12:22:40,B,https://www.coches.net/ford-fiesta-14-ghia-5p-gasolina-2004-en-murcia-70573842-covo.aspx
AUDI,AUDI A6 Design 40 TDI S tronic,32.990 €,2020,83.283 km,Híbrido,204 cv,Barcelona,2026-05-07 12:22:40,ECO,https://www.coches.net/audi-a6-design-40-tdi-150kw-204cv-s-tronic-4p-electrico-hibrido-2020-en-barcelona-70561057-covo.aspx
SEAT,SEAT León SP 2.0 TDI Reference,13.990 €,2022,117.970 km,Diesel,115 cv,Madrid,2026-05-07 12:22:40,C,https://www.coches.net/seat-leon-sp-20-tdi-85kw-reference-5p-diesel-2022-en-madrid-70549567-covo.aspx
AUDI,AUDI A3 1.6 TDI clean diesel Attraction,11.990 €,2014,135.000 km,Diesel,110 cv,Alicante,2026-05-07 12:22:40,UNKNOWN,https://www.coches.net/audi-a3-16-tdi-110cv-clean-diesel-attraction-3p-diesel-2016-en-alicante-70520641-covo.aspx
NISSAN,NISSAN LEAF 62kWh e NConnecta,14.890 €,2020,112.536 km,Eléctrico,218 cv,Madrid,2026-05-07 12:22:40,CERO,https://www.coches.net/nissan-leaf-62kwh-e-nconnecta-5p-electrico-hibrido-2019-en-madrid-70571748-covo.aspx
DACIA,DACIA Sandero Stepway Comfort Blue dCi,9.995 €,2019,49.000 km,Diesel,95 cv,Sta. C. Tenerife,2026-05-07 12:22:40,UNKNOWN,https://www.coches.net/dacia-sandero-stepway-comfort-blue-dci-70kw-95cv-5p-diesel-2019-en-sta-c-tenerife-70533921-covo.aspx
CITROEN,CITROEN C4 PureTech 130 SS 6v Shine,14.790 €,2023,87.641 km,Gasolina,130 cv,Madrid,2026-05-07 12:22:40,C,https://www.coches.net/citroen-c4-puretech-130-ss-6v-shine-5p-gasolina-2023-en-madrid-70501659-covo.aspx
CITROEN,CITROEN C4 PureTech 130 SS 6v Shine,14.990 €,2023,70.098 km,Gasolina,130 cv,Valencia,2026-05-07 12:22:40,C,https://www.coches.net/citroen-c4-puretech-130-ss-6v-shine-5p-gasolina-2023-en-valencia-70502116-covo.aspx
PEUGEOT,PEUGEOT 208 PureTech EAT8 GT Pack,14.900 €,2021,71.599 km,Gasolina,100 cv,Barcelona,2026-05-07 12:22:40,C,https://www.coches.net/peugeot-208-puretech-73kw-100cv-eat8-gt-pack-5p-gasolina-2020-en-barcelona-70549400-covo.aspx
TOYOTA,TOYOTA Yaris 1.5 100H Active,12.699 €,2019,132.987 km,Híbrido,100 cv,Barcelona,2026-05-07 12:22:40,ECO,https://www.coches.net/toyota-yaris-15-100h-active-5p-electrico-hibrido-2019-en-barcelona-70549783-covo.aspx
PEUGEOT,PEUGEOT 208 PureTech Allure,11.099 €,2020,32.688 km,Gasolina,100 cv,Barcelona,2026-05-07 12:22:40,C,https://www.coches.net/peugeot-208-puretech-73kw-100cv-allure-5p-gasolina-2020-en-barcelona-70549878-covo.aspx
PEUGEOT,PEUGEOT 208 PureTech Active,12.199 €,2023,10.860 km,Gasolina,75 cv,Barcelona,2026-05-07 12:22:40,C,https://www.coches.net/peugeot-208-puretech-55kw-75cv-active-5p-gasolina-2023-en-barcelona-70549929-covo.aspx
TOYOTA,TOYOTA Yaris 1.5 100H Feel,13.499 €,2019,135.239 km,Híbrido,100 cv,Barcelona,2026-05-07 12:22:40,ECO,https://www.coches.net/toyota-yaris-15-100h-feel-5p-electrico-hibrido-2019-en-barcelona-70549977-covo.aspx
PEUGEOT,PEUGEOT 208 PureTech Active Pack,12.799 €,2023,68.833 km,Gasolina,100 cv,Barcelona,2026-05-07 12:22:40,C,https://www.coches.net/peugeot-208-puretech-73kw-100cv-active-pack-5p-gasolina-2023-en-barcelona-70550033-covo.aspx
TOYOTA,TOYOTA Yaris 1.5 100H Feel,14.899 €,2019,87.925 km,Híbrido,100 cv,Sevilla,2026-05-07 12:22:40,ECO,https://www.coches.net/toyota-yaris-15-100h-feel-5p-electrico-hibrido-2019-en-sevilla-70550142-covo.aspx
BMW,BMW Serie 5 BMW M5,159.900 €,2025,6900 km,Híbrido enchufable,727 cv,Barcelona,2026-05-07 12:22:40,UNKNOWN,https://www.coches.net/km-0/bmw/serie-5/barcelona/bmw-m5-electrico-hibrido-de-km0-70554681-kovn.aspx
CITROEN,CITROEN C3 BlueHDi SS Feel,11.400 €,2022,46.387 km,Diesel,102 cv,Pontevedra,2026-05-07 12:22:40,UNKNOWN,https://www.coches.net/citroen-c3-bluehdi-75kw-100cv-ss-feel-5p-diesel-2022-en-pontevedra-70513571-covo.aspx
AUDI,AUDI A3 Sportback Black 45 TFSI e Comp S tronic,37.990 €,2024,17.300 km,Híbrido enchufable,245 cv,Madrid,2026-05-07 12:22:40,CERO,https://www.coches.net/audi-a3-sportback-black-45-tfsi-e-comp-s-tronic-5p-electrico-hibrido-2024-en-madrid-70564447-covo.aspx
HYUNDAI,HYUNDAI Tucson 1.6 TGDI Maxx,22.990 €,2022,23.000 km,Gasolina,150 cv,Gipuzkoa,2026-05-07 12:22:40,C,https://www.coches.net/hyundai-tucson-16-tgdi-110kw-150cv-maxx-5p-gasolina-2021-en-guipuzcoa-70569518-covo.aspx
HYUNDAI,HYUNDAI Tucson 1.6 TGDI Klass,20.890 €,2023,138.000 km,Gasolina,150 cv,A Coruña,2026-05-07 12:22:40,UNKNOWN,https://www.coches.net/hyundai-tucson-16-tgdi-110kw-150cv-klass-5p-gasolina-2023-en-a-coruna-70572242-covo.aspx
PEUGEOT,PEUGEOT 208 PureTech Active Pack,11.990 €,2022,14.000 km,Gasolina,75 cv,Málaga,2026-05-07 12:22:40,C,https://www.coches.net/peugeot-208-puretech-55kw-75cv-active-pack-5p-gasolina-2023-en-malaga-70538647-covo.aspx
PEUGEOT,PEUGEOT 208 PureTech EAT8 Active Pack,14.350 €,2023,66.982 km,Gasolina,100 cv,Baleares,2026-05-07 12:22:40,C,https://www.coches.net/peugeot-208-puretech-73kw-100cv-eat8-active-pack-5p-gasolina-2023-en-baleares-70561934-covo.aspx
PEUGEOT,PEUGEOT 208 PureTech Allure,14.100 €,2023,54.380 km,Gasolina,100 cv,Baleares,2026-05-07 12:22:40,C,https://www.coches.net/peugeot-208-puretech-73kw-100cv-allure-5p-gasolina-2023-en-baleares-70562054-covo.aspx
PEUGEOT,PEUGEOT 208 PureTech Allure Pack,12.950 €,2023,70.423 km,Gasolina,100 cv,Sta. C. Tenerife,2026-05-07 12:22:40,C,https://www.coches.net/peugeot-208-puretech-73kw-100cv-allure-pack-5p-gasolina-2023-en-sta-c-tenerife-70563596-covo.aspx
PEUGEOT,PEUGEOT 208 PureTech Allure Pack,13.400 €,2023,66.869 km,Gasolina,100 cv,Baleares,2026-05-07 12:22:40,C,https://www.coches.net/peugeot-208-puretech-73kw-100cv-allure-pack-5p-gasolina-2023-en-baleares-70564377-covo.aspx
OPEL,OPEL Corsa 1.2T XHL Edition,12.750 €,2022,51.150 km,Gasolina,100 cv,Valencia,2026-05-07 12:22:40,C,https://www.coches.net/opel-corsa-12t-xhl-74kw-100cv-edition-5p-gasolina-2022-en-valencia-70502131-covo.aspx
OPEL,OPEL Corsa 1.2T XHL Edition,14.990 €,2023,16.361 km,Gasolina,100 cv,Madrid,2026-05-07 12:22:40,C,https://www.coches.net/opel-corsa-12t-xhl-74kw-100cv-edition-5p-gasolina-2023-en-madrid-70503028-covo.aspx
MERCEDES-BENZ,MERCEDES-BENZ Clase E Coupe E 220 d,31.990 €,2020,188.000 km,Diesel,194 cv,Madrid,2026-05-07 12:22:40,C,https://www.coches.net/mercedes-benz-clase-e-coupe-e-220-d-2p-diesel-2019-en-madrid-70579343-covo.aspx
PEUGEOT,PEUGEOT 2008 Signature 1.2 PureTech,10.290 €,2019,95.920 km,Gasolina,82 cv,Madrid,2026-05-07 12:22:40,C,https://www.coches.net/peugeot-2008-signature-12-puretech-60kw-82cv-5p-gasolina-2019-en-madrid-70572113-covo.aspx
MERCEDES-BENZ,MERCEDES-BENZ Clase B B 180 CDI Sport,7.990 €,2014,270.000 km,Diesel,109 cv,Valencia,2026-05-07 12:22:40,B,https://www.coches.net/mercedes-benz-clase-b-b-180-cdi-sport-5p-diesel-2014-en-valencia-70575395-covo.aspx
VOLKSWAGEN,VOLKSWAGEN Golf Life 2.0 TDI DSG Variant,23.599 €,2023,15.208 km,Diesel,115 cv,Sevilla,2026-05-07 12:22:40,C,https://www.coches.net/volkswagen-golf-life-20-tdi-85kw-115cv-dsg-variant-5p-diesel-2024-en-sevilla-70568814-covo.aspx
MERCEDES-BENZ,MERCEDES-BENZ Clase A A 180,29.990 €,2024,20.724 km,Híbrido,136 cv,Madrid,2026-05-07 12:22:40,UNKNOWN,https://www.coches.net/mercedes-benz-clase-a-a-180-5p-electrico-hibrido-2025-en-madrid-70552460-covo.aspx
BMW,BMW Serie 3 318d Touring,18.900 €,2019,99.000 km,Diesel,150 cv,A Coruña,2026-05-07 12:22:40,C,https://www.coches.net/bmw-serie-3-318d-touring-5p-diesel-2019-en-a-coruna-70569839-covo.aspx
CITROEN,CITROEN C4 PureTech 130 SS EAT8 Plus,16.199 €,2024,32.345 km,Gasolina,131 cv,Barcelona,2026-05-07 12:22:40,C,https://www.coches.net/citroen-c4-puretech-130-ss-eat8-plus-5p-gasolina-2024-en-barcelona-70549848-covo.aspx
CITROEN,CITROEN C4 BlueHDi 130 SS EAT8 Shine,13.500 €,2021,112.000 km,Diesel,130 cv,Madrid,2026-05-07 12:22:40,C,https://www.coches.net/citroen-c4-bluehdi-130-ss-eat8-shine-5p-diesel-2021-en-madrid-70574248-covo.aspx
CITROEN,CITROEN C4 PureTech 130 SS 6v You,13.450 €,2024,68.000 km,Gasolina,131 cv,Barcelona,2026-05-07 12:22:40,C,https://www.coches.net/citroen-c4-puretech-130-ss-6v-you-5p-gasolina-2023-en-barcelona-70577630-covo.aspx
VOLKSWAGEN,VOLKSWAGEN Golf 2.0 TDI,18.990 €,2021,78.000 km,Diesel,115 cv,Barcelona,2026-05-07 12:22:40,C,https://www.coches.net/volkswagen-golf-20-tdi-85kw-115cv-5p-diesel-2022-en-barcelona-70524822-covo.aspx
KIA,KIA Sportage 1.6 GDi Concept 4x2,12.995 €,2018,115.000 km,Gasolina,132 cv,Las Palmas,2026-05-07 12:22:40,UNKNOWN,https://www.coches.net/kia-sportage-16-gdi-97kw-132cv-concept-4x2-5p-gasolina-2020-en-las-palmas-70566458-covo.aspx
HYUNDAI,HYUNDAI i30 1.0 TGDI Klass Fastback,15.985 €,2023,68.044 km,Gasolina,120 cv,Sta. C. Tenerife,2026-05-07 12:22:40,C,https://www.coches.net/hyundai-i30-10-tgdi-klass-fastback-5p-gasolina-2020-en-sta-c-tenerife-70551780-covo.aspx
AUDI,AUDI A3 Cabrio 1.4 TFSI COD ultra Ambiente,14.990 €,2015,146.000 km,Gasolina,140 cv,Madrid,2026-05-07 12:22:40,C,https://www.coches.net/audi-a3-cabrio-14-tfsi-150cv-cod-ultra-ambiente-2p-gasolina-2016-en-madrid-70553744-covo.aspx
VOLKSWAGEN,VOLKSWAGEN Golf GTI 2.0 TSI DSG,27.999 €,2018,102.000 km,Gasolina,230 cv,Cádiz,2026-05-07 12:22:40,UNKNOWN,https://www.coches.net/volkswagen-golf-gti-20-tsi-169kw-230cv-dsg-5p-gasolina-2018-en-cadiz-70573103-covo.aspx
HYUNDAI,HYUNDAI i30 2.0 TGDI N Performance Sky,27.900 €,2020,67.976 km,Gasolina,275 cv,Madrid,2026-05-07 12:22:40,C,https://www.coches.net/hyundai-i30-20-tgdi-202kw-275cv-n-performance-sky-5p-gasolina-2019-en-madrid-70577613-covo.aspx
AUDI,AUDI A1 Sportback Adrenalin 25 TFSI,20.900 €,2023,73.283 km,Gasolina,95 cv,Málaga,2026-05-07 12:22:40,C,https://www.coches.net/audi-a1-sportback-adrenalin-25-tfsi-70kw-95cv-5p-gasolina-2023-en-malaga-70579152-covo.aspx
KIA,KIA Picanto 1.0 CVVT Concept Pack Comfort,9.399 €,2019,12.257 km,Gasolina,67 cv,Barcelona,2026-05-07 12:22:40,C,https://www.coches.net/kia-picanto-10-cvvt-49kw-concept-pack-comfort-5p-gasolina-2019-en-barcelona-70565354-covo.aspx
MERCEDES-BENZ,MERCEDES-BENZ Clase A A 180 d,21.990 €,2021,91.082 km,Diesel,116 cv,Zaragoza,2026-05-07 12:22:40,C,https://www.coches.net/mercedes-benz-clase-a-a-180-d-5p-diesel-2022-en-zaragoza-70563852-covo.aspx
BMW,BMW Serie 3 318d Touring,19.480 €,2019,110.000 km,Diesel,150 cv,Córdoba,2026-05-07 12:22:40,C,https://www.coches.net/bmw-serie-3-318d-touring-5p-diesel-2020-en-cordoba-70560554-covo.aspx
RENAULT,RENAULT Mégane Business Blue dCi,10.480 €,2019,178.210 km,Diesel,115 cv,Madrid,2026-05-07 12:22:40,C,https://www.coches.net/renault-megane-business-blue-dci-81-kw-115cv-5p-diesel-2018-en-madrid-70570586-covo.aspx
OPEL,OPEL Corsa 1.2 XEL Edition,9.500 €,2021,66.107 km,Gasolina,75 cv,Barcelona,2026-05-07 12:22:40,C,https://www.coches.net/opel-corsa-12-xel-55kw-75cv-edition-5p-gasolina-2021-en-barcelona-70579552-covo.aspx
FORD,FORD Focus 1.5 Ecoblue Active,12.500 €,2020,115.000 km,Diesel,120 cv,Barcelona,2026-05-07 12:22:40,C,https://www.coches.net/ford-focus-15-ecoblue-88kw-active-5p-diesel-2020-en-barcelona-70578721-covo.aspx
OPEL,OPEL Corsa 1.2T XHL Elegance,10.150 €,2021,99.000 km,Gasolina,100 cv,Málaga,2026-05-07 12:22:40,C,https://www.coches.net/opel-corsa-12t-xhl-74kw-100cv-elegance-5p-gasolina-2021-en-malaga-70500596-covo.aspx
FORD,FORD Focus 1.0 Ecoboost MHEV Active,18.999 €,2023,36.754 km,Híbrido,155 cv,Sevilla,2026-05-07 12:22:40,ECO,https://www.coches.net/ford-focus-10-ecoboost-mhev-114kw-active-5p-electrico-hibrido-2024-en-sevilla-70550367-covo.aspx
SEAT,SEAT León ST 1.6 TDI SS Style Ed Nav,16.480 €,2019,69.000 km,Diesel,115 cv,Córdoba,2026-05-07 12:22:40,C,https://www.coches.net/seat-leon-st-16-tdi-85kw-115cv-ss-style-ed-nav-5p-diesel-2019-en-cordoba-70562429-covo.aspx
VOLKSWAGEN,VOLKSWAGEN Polo Advance 1.0 TSI DSG,14.990 €,2021,61.000 km,Gasolina,95 cv,Sta. C. Tenerife,2026-05-07 12:22:40,C,https://www.coches.net/volkswagen-polo-advance-10-tsi-70kw-95cv-dsg-5p-gasolina-2021-en-sta-c-tenerife-70545195-covo.aspx
FORD,FORD Focus 1.0 Ecoboost MHEV STLine,16.290 €,2020,87.493 km,Híbrido,125 cv,Valladolid,2026-05-07 12:22:40,ECO,https://www.coches.net/ford-focus-10-ecoboost-mhev-92kw-stline-5p-electrico-hibrido-2021-en-valladolid-70563883-covo.aspx
PEUGEOT,PEUGEOT 3008 1.2 PureTech SS GT EAT8,17.890 €,2020,53.720 km,Gasolina,130 cv,Valencia,2026-05-07 12:22:40,C,https://www.coches.net/peugeot-3008-12-puretech-96kw-ss-gt-eat8-5p-gasolina-2021-en-valencia-70564408-covo.aspx
PEUGEOT,PEUGEOT 3008 1.2 PureTech SS Allure,15.990 €,2021,53.833 km,Gasolina,130 cv,Madrid,2026-05-07 12:22:40,C,https://www.coches.net/peugeot-3008-12-puretech-96kw-130cv-ss-allure-5p-gasolina-2021-en-madrid-70568520-covo.aspx
PEUGEOT,PEUGEOT 308 SW Active Pack BlueHDi 130 SS,8.499 €,2021,239.000 km,Diesel,130 cv,Salamanca,2026-05-07 12:22:40,C,https://www.coches.net/peugeot-308-sw-active-pack-bluehdi-130-ss-5p-diesel-2021-en-salamanca-70562833-covo.aspx
VOLKSWAGEN,VOLKSWAGEN Golf Advance 1.6 TDI Variant,10.300 €,2019,190.000 km,Diesel,115 cv,Madrid,2026-05-07 12:22:40,C,https://www.coches.net/volkswagen-golf-advance-16-tdi-85kw-115cv-variant-5p-diesel-2019-en-madrid-70567268-covo.aspx
OPEL,OPEL Zafira Essentia 1.6 16v,5.290 €,2007,150.000 km,Gasolina,105 cv,Madrid,2026-05-07 12:22:40,C,https://www.coches.net/opel-zafira-essentia-16-16v-5p-gasolina-2007-en-madrid-70578821-covo.aspx
AUDI,AUDI A3 Sedan 35 TDI S tronic,19.950 €,2020,185.741 km,Diesel,150 cv,Madrid,2026-05-07 12:22:40,C,https://www.coches.net/audi-a3-sedan-35-tdi-110kw-150cv-s-tronic-4p-diesel-2021-en-madrid-70526652-covo.aspx
AUDI,AUDI A3 Sportback S line 30 TDI,18.950 €,2021,183.366 km,Diesel,116 cv,Madrid,2026-05-07 12:22:40,C,https://www.coches.net/audi-a3-sportback-s-line-30-tdi-85kw-116cv-5p-diesel-2021-en-madrid-70526733-covo.aspx
CITROEN,CITROEN C3 Puretech Collection,6.999 €,2015,116.000 km,Gasolina,82 cv,Málaga,2026-05-07 12:22:40,C,https://www.coches.net/citroen-c3-puretech-82cv-collection-5p-gasolina-2014-en-malaga-70535525-covo.aspx
KIA,KIA Sportage 1.6 MHEV Drive 4x2,21.540 €,2022,79.822 km,Híbrido,136 cv,Madrid,2026-05-07 12:22:40,ECO,https://www.coches.net/kia-sportage-16-mhev-drive-100kw-136cv-4x2-5p-electrico-hibrido-2021-en-madrid-70563247-covo.aspx
MERCEDES-BENZ,MERCEDES-BENZ Clase CLA CLA 200 d Urban Shooting Brake,14.990 €,2016,140.000 km,Diesel,136 cv,Valencia,2026-05-07 12:22:40,C,https://www.coches.net/mercedes-benz-clase-cla-cla-200-d-urban-shooting-brake-5p-diesel-2016-en-valencia-70564011-covo.aspx
HYUNDAI,HYUNDAI i20 1.0 TGDI Klass,19.490 €,2025,12.960 km,Gasolina,100 cv,Gipuzkoa,2026-05-07 12:22:40,C,https://www.coches.net/hyundai-i20-10-tgdi-klass-5p-gasolina-2025-en-guipuzcoa-70569508-covo.aspx
MINI,MINI COUNTRYMAN JOHN COOPER WORKS COUNTRYMAN ALL4,13.990 €,2014,189.427 km,Gasolina,218 cv,Madrid,2026-05-07 12:22:40,C,https://www.coches.net/mini-countryman-john-cooper-works-countryman-all4-5p-gasolina-2012-en-madrid-70572883-covo.aspx
TOYOTA,TOYOTA Auris 1.8 140H Hybrid Feel Edition,17.900 €,2018,54.159 km,Híbrido,136 cv,Madrid,2026-05-07 12:22:40,UNKNOWN,https://www.coches.net/toyota-auris-18-140h-hybrid-feel-edition-5p-electrico-hibrido-2018-en-madrid-70573905-covo.aspx
KIA,KIA Ceed 1.0 TGDi Concept,19.900 €,2025,5800 km,Gasolina,100 cv,Guadalajara,2026-05-07 12:22:40,C,https://www.coches.net/kia-ceed-10-tgdi-74kw-100cv-concept-5p-gasolina-2025-en-guadalajara-70574341-covo.aspx
SMART,SMART Fortwo 0.9 SS PASSION COUPE,10.199 €,2016,89.549 km,Gasolina,90 cv,Sevilla,2026-05-07 12:22:40,C,https://www.coches.net/smart-fortwo-09-66kw-90cv-ss-passion-coupe-3p-gasolina-2016-en-sevilla-70574446-covo.aspx
AUDI,AUDI A3 Sportback S line 35 TFSI S tronic,32.990 €,2024,45.303 km,Híbrido,150 cv,Barcelona,2026-05-07 12:22:40,UNKNOWN,https://www.coches.net/audi-a3-sportback-s-line-35-tfsi-110kw-s-tronic-5p-electrico-hibrido-2023-en-barcelona-70560902-covo.aspx
RENAULT,RENAULT Mégane Intens Blue dCi,15.900 €,2022,49.900 km,Diesel,115 cv,Valencia,2026-05-07 12:22:40,C,https://www.coches.net/renault-megane-intens-blue-dci-85-kw-115cv-5p-diesel-2021-en-valencia-70525245-covo.aspx
CITROEN,CITROEN C5 1.6 HDi FAP Millenium,6.490 €,2009,88.650 km,Diesel,109 cv,Madrid,2026-05-07 12:22:40,B,https://www.coches.net/citroen-c5-16-hdi-fap-millenium-4p-diesel-2009-en-madrid-70565984-covo.aspx
OPEL,OPEL Corsa 1.5D DT Edition,10.200 €,2021,168.937 km,Diesel,102 cv,Murcia,2026-05-07 12:22:40,C,https://www.coches.net/opel-corsa-15d-dt-74kw-100cv-edition-5p-diesel-2021-en-murcia-70579011-covo.aspx
DACIA,DACIA Sandero Stepway TCE 90 EU6,8.500 €,2015,44.000 km,Gasolina,90 cv,Badajoz,2026-05-07 12:22:40,C,https://www.coches.net/dacia-sandero-stepway-tce-90-eu6-5p-gasolina-2012-en-badajoz-70551667-covo.aspx
PEUGEOT,PEUGEOT 208 ALLURE 1.2L PureTech,7.850 €,2017,93.131 km,Gasolina,82 cv,Barcelona,2026-05-07 12:22:40,UNKNOWN,https://www.coches.net/peugeot-208-5p-allure-12l-puretech-60kw-82cv-5p-gasolina-2017-en-barcelona-70554767-covo.aspx
FORD,FORD Focus 1.0 Ecoboost STLine,13.800 €,2018,102.500 km,Gasolina,125 cv,Tarragona,2026-05-07 12:22:40,C,https://www.coches.net/ford-focus-10-ecoboost-92kw-stline-5p-gasolina-2018-en-tarragona-70531404-covo.aspx
OPEL,OPEL Insignia 1.6 CDTI SS Business,8.999 €,2017,112.000 km,Diesel,120 cv,Málaga,2026-05-07 12:22:40,C,https://www.coches.net/opel-insignia-16-cdti-ss-88kw-120cv-business-5p-diesel-2017-en-malaga-70535392-covo.aspx
RENAULT,RENAULT Mégane Equilibre Blue dCi,14.980 €,2022,58.633 km,Diesel,115 cv,Madrid,2026-05-07 12:22:40,C,https://www.coches.net/renault-megane-equilibre-blue-dci-85-kw-115cv-5p-diesel-2022-en-madrid-70555529-covo.aspx
FORD,FORD Focus 1.6 TDCi 90 Trend,4.999 €,2007,120.000 km,Diesel,90 cv,Sevilla,2026-05-07 12:22:40,B,https://www.coches.net/ford-focus-16-tdci-90-trend-5p-diesel-2007-en-sevilla-70566755-covo.aspx
VOLKSWAGEN,VOLKSWAGEN Passat Variant Executive 2.0 TDI DSG,19.900 €,2023,139.000 km,Diesel,150 cv,Castellón,2026-05-07 12:22:40,C,https://www.coches.net/volkswagen-passat-variant-executive-20-tdi-110kw-dsg-5p-diesel-2023-en-castellon-70554296-covo.aspx
PEUGEOT,PEUGEOT 3008 1.2 PureTech SS Allure,15.690 €,2021,89.753 km,Gasolina,130 cv,Madrid,2026-05-07 12:22:40,C,https://www.coches.net/peugeot-3008-12-puretech-96kw-130cv-ss-allure-5p-gasolina-2021-en-madrid-70554639-covo.aspx
FORD,FORD Fiesta 1.0 EcoBoost Trend,7.999 €,2017,96.000 km,Gasolina,100 cv,Málaga,2026-05-07 12:22:40,C,https://www.coches.net/ford-fiesta-10-ecoboost-74kw-trend-5p-5p-gasolina-2017-en-malaga-70535508-covo.aspx
FORD,FORD Kuga STLine 1.5 EcoBlue,21.990 €,2022,75.670 km,Diesel,120 cv,Madrid,2026-05-07 12:22:40,C,https://www.coches.net/ford-kuga-stline-15-ecoblue-88kw-120cv-5p-diesel-2022-en-madrid-70573806-covo.aspx
KIA,KIA Sportage 1.6 CRDi MHEV GTline 4x2 DCT,17.480 €,2019,139.524 km,Híbrido,136 cv,Cádiz,2026-05-07 12:22:40,UNKNOWN,https://www.coches.net/kia-sportage-16-crdi-mhev-136cv-gtline-4x2-dct-5p-electrico-hibrido-2022-en-cadiz-70574156-covo.aspx
AUDI,AUDI A4 Avant Advanced 35 TDI S tronic,20.990 €,2021,137.558 km,Híbrido,163 cv,Madrid,2026-05-07 12:22:40,ECO,https://www.coches.net/audi-a4-avant-advanced-35-tdi-120kw-s-tronic-5p-electrico-hibrido-2022-en-madrid-70563429-covo.aspx
AUDI,AUDI A4 Avant Advanced 35 TFSI S tronic,20.990 €,2021,127.111 km,Híbrido,150 cv,Madrid,2026-05-07 12:22:40,ECO,https://www.coches.net/audi-a4-avant-advanced-35-tfsi-110kw-s-tronic-5p-electrico-hibrido-2021-en-madrid-70563455-covo.aspx
SEAT,SEAT Ibiza 1.6 TDI Reference ITech 30 Aniv,6.900 €,2014,161.000 km,Diesel,90 cv,Asturias,2026-05-07 12:22:40,B,https://www.coches.net/seat-ibiza-16-tdi-90cv-reference-itech-30-aniv-5p-diesel-2015-en-asturias-70532308-covo.aspx
FORD,FORD Focus 1.0 Ecoboost MHEV STLine X SB,21.500 €,2023,50.300 km,Híbrido,125 cv,Madrid,2026-05-07 12:22:40,ECO,https://www.coches.net/ford-focus-10-ecoboost-mhev-92kw-stline-x-sb-5p-electrico-hibrido-2024-en-madrid-70571475-covo.aspx
HONDA,HONDA Civic 1.5 IVTEC TURBO SPORT PLUS,31.490 €,2019,8448 km,Gasolina,182 cv,Valladolid,2026-05-07 12:22:40,C,https://www.coches.net/honda-civic-15-ivtec-turbo-sport-plus-5p-gasolina-2019-en-valladolid-70574237-covo.aspx
PEUGEOT,PEUGEOT 208 Allure HYBRID 110 eDCS6,20.900 €,2026,1 km,Híbrido,110 cv,Barcelona,2026-05-07 12:22:40,UNKNOWN,https://www.coches.net/km-0/peugeot/208/barcelona/allure-hybrid-110-edcs6-electrico-hibrido-de-km0-70576915-kovn.aspx
KIA,KIA cee'd 1.0 TGDi Tech EcoDynamics,13.990 €,2018,47.326 km,Gasolina,120 cv,Valencia,2026-05-07 12:22:40,C,https://www.coches.net/kia-ceed-10-tgdi-88kw-120cv-tech-ecodynamics-5p-gasolina-2017-en-valencia-70564403-covo.aspx
HYUNDAI,HYUNDAI i20 1.2 MPI Essence,10.199 €,2016,55.750 km,Gasolina,84 cv,Sevilla,2026-05-07 12:22:40,C,https://www.coches.net/hyundai-i20-12-mpi-essence-5p-gasolina-2015-en-sevilla-70566482-covo.aspx
AUDI,AUDI A1 Attraction 1.0 TFSI S tro Sportback,12.999 €,2018,74.576 km,Gasolina,95 cv,Sevilla,2026-05-07 12:22:40,C,https://www.coches.net/audi-a1-attraction-10-tfsi-70kw-s-tro-sportback-5p-gasolina-2018-en-sevilla-70568813-covo.aspx
AUDI,AUDI A6 1.8 TFSI ultra S tronic S line ed,18.500 €,2015,142.000 km,Gasolina,190 cv,Madrid,2026-05-07 12:22:40,C,https://www.coches.net/audi-a6-18-tfsi-190cv-ultra-s-tronic-s-line-ed-4p-gasolina-2016-en-madrid-70556258-covo.aspx
AUDI,AUDI A3 Sportback S line 40 etron S tron,20.890 €,2020,71.254 km,Híbrido enchufable,204 cv,Murcia,2026-05-07 12:22:40,CERO,https://www.coches.net/audi-a3-sportback-s-line-40-etron-150kw-s-tron-5p-electrico-hibrido-2020-en-murcia-70566741-covo.aspx
BMW,BMW Serie 1 120d,12.900 €,2009,80.000 km,Diesel,177 cv,Madrid,2026-05-07 12:22:40,B,https://www.coches.net/bmw-serie-1-120d-5p-diesel-2009-en-madrid-70547687-covo.aspx
MERCEDES-BENZ,MERCEDES-BENZ Clase C C 220 CDI BE Avantgarde Executive Estate,12.900 €,2011,173.644 km,Diesel,170 cv,Navarra,2026-05-07 12:22:40,B,https://www.coches.net/mercedes-benz-clase-c-c-220-cdi-be-avantgarde-executive-estate-5p-diesel-2012-en-navarra-70571598-covo.aspx
HYUNDAI,HYUNDAI TUCSON 2.7 STYLE AUTO 4WD,5.000 €,2004,194.153 km,Gasolina,175 cv,Madrid,2026-05-07 12:22:40,B,https://www.coches.net/hyundai-tucson-27-style-auto-4wd-5p-gasolina-2005-en-madrid-70578017-covo.aspx
VOLKSWAGEN,VOLKSWAGEN Tiguan Advance 2.0 TDI 110kW150CV BMT DSG,19.990 €,2017,82.394 km,Diesel,150 cv,Madrid,2026-05-07 12:22:40,C,https://www.coches.net/volkswagen-tiguan-advance-20-tdi-110kw150cv-bmt-dsg-5p-diesel-2017-en-madrid-70562908-covo.aspx
DACIA,DACIA Sandero Stepway Expression TCe,15.500 €,2023,42.000 km,Gasolina,91 cv,Cádiz,2026-05-07 12:22:40,UNKNOWN,https://www.coches.net/dacia-sandero-stepway-expression-tce-67kw-90cv-5p-gasolina-2023-en-cadiz-70552678-covo.aspx
OPEL,OPEL Corsa 1.5D DT Edition,9.990 €,2021,81.991 km,Diesel,102 cv,Valencia,2026-05-07 12:22:40,C,https://www.coches.net/opel-corsa-15d-dt-74kw-100cv-edition-5p-diesel-2021-en-valencia-70541206-covo.aspx
RENAULT,RENAULT Clio Intens ETech Hibrido,14.900 €,2021,46.492 km,Híbrido,140 cv,Madrid,2026-05-07 12:22:40,UNKNOWN,https://www.coches.net/renault-clio-intens-etech-hibrido-104-kw-140cv-5p-electrico-hibrido-2021-en-madrid-70574893-covo.aspx
NISSAN,NISSAN Micra 1.2G DIGS TEKNA CVT,9.990 €,2017,131.312 km,Gasolina,98 cv,Lugo,2026-05-07 12:22:40,C,https://www.coches.net/nissan-micra-5p-12g-digs-tekna-cvt-5p-gasolina-2016-en-lugo-70565012-covo.aspx
PEUGEOT,PEUGEOT 308 SW Premium 1.6 VTi,6.690 €,2009,46.425 km,Gasolina,120 cv,Madrid,2026-05-07 12:22:40,C,https://www.coches.net/peugeot-308-sw-premium-16-vti-5p-gasolina-2009-en-madrid-70567285-covo.aspx
PEUGEOT,PEUGEOT 508 SW Allure Pack BlueHDi 130 SS EAT8,15.990 €,2022,95.159 km,Diesel,130 cv,Madrid,2026-05-07 12:22:40,C,https://www.coches.net/peugeot-508-sw-allure-pack-bluehdi-130-ss-eat8-5p-diesel-2022-en-madrid-70577431-covo.aspx
VOLKSWAGEN,VOLKSWAGEN Tiguan Sport 1.5 TSI DSG,25.890 €,2020,88.770 km,Gasolina,150 cv,Barcelona,2026-05-07 12:22:40,C,https://www.coches.net/volkswagen-tiguan-sport-15-tsi-110kw-150cv-dsg-5p-gasolina-2020-en-barcelona-70576884-covo.aspx
TOYOTA,TOYOTA Yaris 1.5 125 SEdition,14.490 €,2022,74.857 km,Gasolina,125 cv,Murcia,2026-05-07 12:22:40,C,https://www.coches.net/toyota-yaris-15-125-sedition-5p-gasolina-2022-en-murcia-70525615-covo.aspx
MERCEDES-BENZ,MERCEDES-BENZ Clase A A 200,26.900 €,2022,64.847 km,Gasolina,163 cv,Madrid,2026-05-07 12:22:40,C,https://www.coches.net/mercedes-benz-clase-a-a-200-5p-gasolina-2022-en-madrid-70556115-covo.aspx
VOLKSWAGEN,VOLKSWAGEN Golf Life 2.0 TDI,24.499 €,2023,21.561 km,Diesel,115 cv,Sevilla,2026-05-07 12:22:40,C,https://www.coches.net/volkswagen-golf-life-20-tdi-85kw-115cv-5p-diesel-2024-en-sevilla-70550302-covo.aspx
AUDI,AUDI A5 B.Line 35 TDI S tronic Sportback,33.890 €,2021,131.692 km,Híbrido,163 cv,Murcia,2026-05-07 12:22:40,ECO,https://www.coches.net/audi-a5-bline-35-tdi-120kw-s-tronic-sportback-5p-electrico-hibrido-2022-en-murcia-70548091-covo.aspx
PEUGEOT,PEUGEOT 208 Allure Gasolina 100 SS 6 Vel. MAN,15.985 €,2025,16.344 km,Gasolina,100 cv,Sta. C. Tenerife,2026-05-07 12:22:40,C,https://www.coches.net/peugeot-208-allure-gasolina-100-ss-6-vel-man-5p-gasolina-2025-en-sta-c-tenerife-70560020-covo.aspx
HYUNDAI,HYUNDAI i20 1.0TGDI Go Plus,9.890 €,2018,132.693 km,Gasolina,100 cv,Madrid,2026-05-07 12:22:40,UNKNOWN,https://www.coches.net/hyundai-i20-10tgdi-74kw-100cv-go-plus-5p-gasolina-2015-en-madrid-70566780-covo.aspx
MAZDA,MAZDA Mazda2 1.5 GE Black Tech Edition AT,14.999 €,2019,3949 km,Gasolina,90 cv,Barcelona,2026-05-07 12:22:40,C,https://www.coches.net/mazda-mazda2-15-ge-66kw-90cv-black-tech-edition-at-5p-gasolina-2018-en-barcelona-70572378-covo.aspx
TOYOTA,TOYOTA C-HR 1.8 125H Advance,19.990 €,2019,90.826 km,Híbrido,122 cv,Madrid,2026-05-07 12:22:40,ECO,https://www.coches.net/toyota-c-hr-18-125h-advance-5p-electrico-hibrido-2019-en-madrid-70578339-covo.aspx
BMW,BMW Serie 1 116d EfficientDynamics,13.499 €,2013,49.000 km,Diesel,116 cv,Alicante,2026-05-07 12:22:40,B,https://www.coches.net/bmw-serie-1-116d-efficientdynamics-5p-diesel-2013-en-alicante-70536836-covo.aspx
AUDI,AUDI A3 Sportback Advanced 30 TFSI,22.690 €,2022,87.683 km,Gasolina,110 cv,Sevilla,2026-05-07 12:22:40,C,https://www.coches.net/audi-a3-sportback-advanced-30-tfsi-81kw-110cv-5p-gasolina-2022-en-sevilla-70569066-covo.aspx
VOLKSWAGEN,VOLKSWAGEN Touran Sport 2.0 TDI SCR BMT,16.490 €,2015,181.431 km,Diesel,150 cv,Lugo,2026-05-07 12:22:40,C,https://www.coches.net/volkswagen-touran-sport-20-tdi-scr-150cv-bmt-5p-diesel-2016-en-lugo-70575217-covo.aspx
CITROEN,CITROEN C3 BlueHDi SS Live Pack,7.490 €,2021,125.636 km,Diesel,102 cv,Valencia,2026-05-07 12:22:40,C,https://www.coches.net/citroen-c3-bluehdi-75kw-100cv-ss-live-pack-5p-diesel-2021-en-valencia-70541193-covo.aspx
CITROEN,CITROEN C3 BlueHDi SS Live Pack,8.990 €,2022,89.723 km,Diesel,102 cv,Valencia,2026-05-07 12:22:40,C,https://www.coches.net/citroen-c3-bluehdi-75kw-100cv-ss-live-pack-5p-diesel-2021-en-valencia-70541200-covo.aspx
SEAT,SEAT León 1.5 TSI SS Style Visio Ed Nav,15.299 €,2019,33.267 km,Gasolina,130 cv,Barcelona,2026-05-07 12:22:40,C,https://www.coches.net/seat-leon-15-tsi-96kw-ss-style-visio-ed-nav-5p-gasolina-2020-en-barcelona-70549725-covo.aspx
SEAT,SEAT León 1.5 TSI DSG7 SS FR Ed,17.299 €,2019,89.438 km,Gasolina,150 cv,Barcelona,2026-05-07 12:22:40,C,https://www.coches.net/seat-leon-15-tsi-110kw-150cv-dsg7-ss-fr-ed-5p-gasolina-2019-en-barcelona-70549814-covo.aspx
PEUGEOT,PEUGEOT 508 Allure BlueHDi SS 6vel MAN,16.990 €,2020,63.016 km,Diesel,130 cv,Alicante,2026-05-07 12:22:40,C,https://www.coches.net/peugeot-508-5p-allure-bluehdi-96kw-ss-6vel-man-5p-diesel-2020-en-alicante-70554904-covo.aspx
VOLKSWAGEN,VOLKSWAGEN Golf 1.0 TSI,22.900 €,2023,21.000 km,Gasolina,110 cv,Tarragona,2026-05-07 12:22:40,ECO,https://www.coches.net/volkswagen-golf-10-tsi-81kw-110cv-5p-gasolina-2024-en-tarragona-70556513-covo.aspx
MERCEDES-BENZ,MERCEDES-BENZ Clase A A 180 d,19.990 €,2019,137.164 km,Diesel,116 cv,Madrid,2026-05-07 12:22:40,C,https://www.coches.net/mercedes-benz-clase-a-a-180-d-5p-diesel-2018-en-madrid-70527447-covo.aspx
FORD,FORD Focus 1.6 TDCi Titanium,8.490 €,2014,140.000 km,Diesel,115 cv,Zaragoza,2026-05-07 12:22:40,UNKNOWN,https://www.coches.net/ford-focus-16-tdci-115cv-titanium-5p-diesel-2014-en-zaragoza-70518288-covo.aspx
PEUGEOT,PEUGEOT 308 Active Pack BlueHDi 130 SS MAN,12.950 €,2022,130.000 km,Diesel,130 cv,Madrid,2026-05-07 12:22:40,C,https://www.coches.net/peugeot-308-5p-active-pack-bluehdi-130-ss-man-5p-diesel-2022-en-madrid-70563972-covo.aspx
SEAT,SEAT León 2.0 TDI SS Style,14.690 €,2021,94.095 km,Diesel,115 cv,Valencia,2026-05-07 12:22:40,C,https://www.coches.net/seat-leon-20-tdi-85kw-ss-style-5p-diesel-2022-en-valencia-70541181-covo.aspx
SEAT,SEAT León 2.0 TDI SS Style,11.490 €,2021,181.883 km,Diesel,115 cv,Valencia,2026-05-07 12:22:40,C,https://www.coches.net/seat-leon-20-tdi-85kw-ss-style-5p-diesel-2022-en-valencia-70541207-covo.aspx
SEAT,SEAT León 2.0 TDI SS Style,11.990 €,2021,160.217 km,Diesel,115 cv,Valencia,2026-05-07 12:22:40,C,https://www.coches.net/seat-leon-20-tdi-85kw-ss-style-5p-diesel-2022-en-valencia-70541208-covo.aspx
PEUGEOT,PEUGEOT Rifter Style Standard BlueHDi,14.390 €,2021,150.799 km,Diesel,130 cv,Madrid,2026-05-07 12:22:40,C,https://www.coches.net/peugeot-rifter-style-standard-bluehdi-96kw-5p-diesel-2021-en-madrid-70574351-covo.aspx
RENAULT,RENAULT Mégane S.T. Techno TCe GPF,14.499 €,2022,123.227 km,Gasolina,140 cv,Sevilla,2026-05-07 12:22:40,C,https://www.coches.net/renault-megane-st-techno-tce-103-kw-140cv-gpf-5p-gasolina-2022-en-sevilla-70550402-covo.aspx
MERCEDES-BENZ,MERCEDES-BENZ Clase A A 250 e,27.985 €,2022,38.013 km,Híbrido enchufable,218 cv,Sta. C. Tenerife,2026-05-07 12:22:40,CERO,https://www.coches.net/mercedes-benz-clase-a-a-250-e-5p-electrico-hibrido-2022-en-sta-c-tenerife-70555887-covo.aspx
VOLKSWAGEN,VOLKSWAGEN Golf 2.0 TDI,21.290 €,2022,113.930 km,Diesel,115 cv,Madrid,2026-05-07 12:22:40,C,https://www.coches.net/volkswagen-golf-20-tdi-85kw-115cv-5p-diesel-2022-en-madrid-70527683-covo.aspx
PEUGEOT,PEUGEOT 308 Allure Pack BlueHDi 130 SS MAN,15.900 €,2022,74.110 km,Diesel,130 cv,Barcelona,2026-05-07 12:22:40,C,https://www.coches.net/peugeot-308-5p-allure-pack-bluehdi-130-ss-man-5p-diesel-2022-en-barcelona-70528707-covo.aspx
NISSAN,NISSAN QASHQAI EPOWER 190 CV NConnecta,25.490 €,2023,71.972 km,Híbrido,190 cv,Valencia,2026-05-07 12:22:40,ECO,https://www.coches.net/nissan-qashqai-epower-140-kw-190-cv-nconnecta-5p-electrico-hibrido-2023-en-valencia-70573471-covo.aspx
NISSAN,NISSAN QASHQAI EPOWER 190 CV NConnecta,25.490 €,2023,54.227 km,Híbrido,190 cv,Madrid,2026-05-07 12:22:40,ECO,https://www.coches.net/nissan-qashqai-epower-140-kw-190-cv-nconnecta-5p-electrico-hibrido-2024-en-madrid-70578356-covo.aspx
KIA,KIA Sportage 1.6 CRDi Concept 4x2,20.999 €,2021,125.000 km,Diesel,115 cv,Cádiz,2026-05-07 12:22:40,UNKNOWN,https://www.coches.net/kia-sportage-16-crdi-concept-85kw-115cv-4x2-5p-diesel-2021-en-cadiz-70565715-covo.aspx
OPEL,OPEL Corsa 1.2 Selective Start Stop,6.490 €,2013,145.045 km,Gasolina,85 cv,Madrid,2026-05-07 12:22:40,C,https://www.coches.net/opel-corsa-12-selective-start--stop-5p-gasolina-2014-en-madrid-70530529-covo.aspx
VOLKSWAGEN,VOLKSWAGEN Golf GTE 1.4 TSI DSG,29.900 €,2023,57.000 km,Híbrido enchufable,245 cv,Tarragona,2026-05-07 12:22:40,ECO,https://www.coches.net/volkswagen-golf-gte-14-tsi-180kw-245cv-dsg-5p-electrico-hibrido-2024-en-tarragona-70564616-covo.aspx
AUDI,AUDI A1 Sportback Adrenalin 30 TFSI,19.999 €,2022,33.873 km,Gasolina,110 cv,Barcelona,2026-05-07 12:22:40,C,https://www.coches.net/audi-a1-sportback-adrenalin-30-tfsi-81kw-110cv-5p-gasolina-2023-en-barcelona-70565349-covo.aspx
MAZDA,MAZDA Mazda3 2.0 SKYACTIVG ZENITH AT,17.999 €,2019,70.176 km,Híbrido,122 cv,Barcelona,2026-05-07 12:22:40,ECO,https://www.coches.net/mazda-mazda3-20-skyactivg-zenith-at-5p-electrico-hibrido-2019-en-barcelona-70565363-covo.aspx
CITROEN,CITROEN C3 BlueHDi SS Shine,11.900 €,2021,78.000 km,Diesel,102 cv,Barcelona,2026-05-07 12:22:40,C,https://www.coches.net/citroen-c3-bluehdi-75kw-100cv-ss-shine-5p-diesel-2021-en-barcelona-70555759-covo.aspx
HYUNDAI,HYUNDAI i20 1.2 MPI Klass,12.990 €,2023,65.000 km,Gasolina,84 cv,Barcelona,2026-05-07 12:22:40,C,https://www.coches.net/hyundai-i20-12-mpi-klass-5p-gasolina-2023-en-barcelona-70561254-covo.aspx
TOYOTA,TOYOTA Yaris 1.5 120H Active Tech,15.490 €,2022,149.100 km,Híbrido,116 cv,Sevilla,2026-05-07 12:22:40,ECO,https://www.coches.net/toyota-yaris-15-120h-active-tech-5p-electrico-hibrido-2022-en-sevilla-70565946-covo.aspx
BMW,BMW Serie 4 435dA xDrive Gran Coupe,19.990 €,2017,217.000 km,Diesel,313 cv,A Coruña,2026-05-07 12:22:40,UNKNOWN,https://www.coches.net/bmw-serie-4-435da-xdrive-gran-coupe-5p-diesel-2017-en-a-coruna-70572456-covo.aspx
AUDI,AUDI A3 2.5 TFSI RS3 S tronic quattro Sportback,37.500 €,2016,129.000 km,Gasolina,367 cv,Alicante,2026-05-07 12:22:40,C,https://www.coches.net/audi-a3-25-tfsi-rs3-s-tronic-quattro-sportback-5p-gasolina-2016-en-alicante-70577074-covo.aspx
VOLKSWAGEN,VOLKSWAGEN Touran Life 2.0 TDI DSG,38.490 €,2024,27.524 km,Diesel,150 cv,Madrid,2026-05-07 12:22:40,C,https://www.coches.net/volkswagen-touran-life-20-tdi-110kw-150cv-dsg-5p-diesel-2024-en-madrid-70579342-covo.aspx
NISSAN,NISSAN QASHQAI dCi 115 CV E6D ACENTA,17.690 €,2019,88.837 km,Diesel,115 cv,Madrid,2026-05-07 12:22:40,C,https://www.coches.net/nissan-qashqai-dci-85-kw-115-cv-e6d-acenta-5p-diesel-2018-en-madrid-70527843-covo.aspx
MINI,MINI MINI COOPER D 5 PUERTAS,13.990 €,2019,124.000 km,Diesel,116 cv,Barcelona,2026-05-07 12:22:40,C,https://www.coches.net/mini-mini-cooper-d-5-puertas-5p-diesel-2019-en-barcelona-70571041-covo.aspx
RENAULT,RENAULT Scénic Zen En. dCi Hybrid Assist,15.490 €,2018,75.658 km,Híbrido,110 cv,Madrid,2026-05-07 12:22:40,ECO,https://www.coches.net/renault-scenic-zen-en-dci-81kw-110cv-hybrid-assist-5p-electrico-hibrido-2018-en-madrid-70578375-covo.aspx
PEUGEOT,PEUGEOT 2008 Active Pack BlueHDI,14.490 €,2021,57.906 km,Diesel,110 cv,Sevilla,2026-05-07 12:22:40,C,https://www.coches.net/peugeot-2008-active-pack-bluehdi-81kw-110cv-5p-diesel-2021-en-sevilla-70563816-covo.aspx
KIA,KIA Rio 1.2 DPi Concept,12.890 €,2023,71.840 km,Gasolina,84 cv,Madrid,2026-05-07 12:22:40,C,https://www.coches.net/kia-rio-12-dpi-62kw-84cv-concept-5p-gasolina-2023-en-madrid-70550863-covo.aspx
PEUGEOT,PEUGEOT 5008 Allure 1.6 eHDI 112 FAP CMP B.Lion,7.500 €,2013,145.498 km,Diesel,112 cv,Madrid,2026-05-07 12:22:40,B,https://www.coches.net/peugeot-5008-allure-16-ehdi-112-fap-cmp-blion-5p-diesel-2012-en-madrid-70572732-covo.aspx
VOLVO,VOLVO XC60 2.4 D5 AWD Momentum Auto,8.200 €,2010,280.000 km,Diesel,205 cv,Madrid,2026-05-07 12:22:40,B,https://www.coches.net/volvo-xc60-24-d5-awd-momentum-auto-5p-diesel-2011-en-madrid-70572750-covo.aspx
FORD,FORD C-Max 1.6 TDCi 115 Titanium,7.690 €,2013,163.034 km,Diesel,115 cv,Madrid,2026-05-07 12:22:40,B,https://www.coches.net/ford-c-max-16-tdci-115-titanium-5p-diesel-2013-en-madrid-70577433-covo.aspx
CITROEN,CITROEN C4 Hybrid 136 eDCS6 Plus,19.990 €,2025,10.325 km,Híbrido,136 cv,Madrid,2026-05-07 12:22:40,ECO,https://www.coches.net/citroen-c4-hybrid-136-edcs6-plus-5p-electrico-hibrido-2024-en-madrid-70549592-covo.aspx
CITROEN,CITROEN C4 Hybrid 136 eDCS6 Plus,19.990 €,2025,10.890 km,Híbrido,136 cv,Madrid,2026-05-07 12:22:40,ECO,https://www.coches.net/citroen-c4-hybrid-136-edcs6-plus-5p-electrico-hibrido-2024-en-madrid-70549594-covo.aspx
RENAULT,RENAULT Clio evolution EcoG,16.900 €,2025,7330 km,Gas licuado (GLP),100 cv,Bizkaia,2026-05-07 12:22:40,ECO,https://www.coches.net/renault-clio-evolution-ecog-100cv-74kw-5p-otros-2025-en-vizcaya-70554011-covo.aspx
RENAULT,RENAULT Clio techno EcoG,19.000 €,2025,25.000 km,Gas licuado (GLP),100 cv,Lleida,2026-05-07 12:22:40,ECO,https://www.coches.net/renault-clio-techno-ecog-100cv-74kw-5p-otros-2025-en-lleida-70554607-covo.aspx
RENAULT,RENAULT Clio techno EcoG,18.876 €,2025,11.000 km,Gas licuado (GLP),100 cv,Lleida,2026-05-07 12:22:40,ECO,https://www.coches.net/renault-clio-techno-ecog-100cv-74kw-5p-otros-2025-en-lleida-70554611-covo.aspx
RENAULT,RENAULT Clio techno EcoG,19.900 €,2025,25.000 km,Gas licuado (GLP),100 cv,Cádiz,2026-05-07 12:22:40,UNKNOWN,https://www.coches.net/renault-clio-techno-ecog-100cv-74kw-5p-otros-2025-en-cadiz-70556485-covo.aspx
RENAULT,RENAULT Clio techno EcoG,19.990 €,2025,18.000 km,Gas licuado (GLP),100 cv,Cádiz,2026-05-07 12:22:40,UNKNOWN,https://www.coches.net/renault-clio-techno-ecog-100cv-74kw-5p-otros-2025-en-cadiz-70556493-covo.aspx
RENAULT,RENAULT Clio techno EcoG,19.990 €,2025,13.000 km,Gas licuado (GLP),100 cv,Cádiz,2026-05-07 12:22:40,UNKNOWN,https://www.coches.net/renault-clio-techno-ecog-100cv-74kw-5p-otros-2025-en-cadiz-70556495-covo.aspx
RENAULT,RENAULT Clio techno EcoG,19.990 €,2025,15.000 km,Gas licuado (GLP),100 cv,Cádiz,2026-05-07 12:22:40,UNKNOWN,https://www.coches.net/renault-clio-techno-ecog-100cv-74kw-5p-otros-2025-en-cadiz-70556500-covo.aspx
RENAULT,RENAULT Clio techno EcoG,19.990 €,2025,9000 km,Gas licuado (GLP),100 cv,Cádiz,2026-05-07 12:22:40,UNKNOWN,https://www.coches.net/renault-clio-techno-ecog-100cv-74kw-5p-otros-2025-en-cadiz-70556511-covo.aspx
KIA,KIA Sportage 1.7 CRDI VGT Drive 4x2,11.990 €,2015,153.721 km,Diesel,115 cv,Madrid,2026-05-07 12:22:40,C,https://www.coches.net/kia-sportage-17-crdi-vgt-drive-4x2-5p-diesel-2014-en-madrid-70554928-covo.aspx
SEAT,SEAT Ibiza 1.0 TSI Style Plus,11.900 €,2022,105.125 km,Gasolina,110 cv,Madrid,2026-05-07 12:22:40,C,https://www.coches.net/seat-ibiza-10-tsi-81kw-110cv-style-plus-5p-gasolina-2022-en-madrid-70552173-covo.aspx
DACIA,DACIA Sandero SL Trotamundos TCE,9.499 €,2017,96.598 km,Gasolina,90 cv,Barcelona,2026-05-07 12:22:40,C,https://www.coches.net/dacia-sandero-sl-trotamundos-tce-66kw-90cv-5p-gasolina-2016-en-barcelona-70549745-covo.aspx
HONDA,HONDA Civic 1.6 iDTEC Sport,11.399 €,2014,108.099 km,Diesel,120 cv,Barcelona,2026-05-07 12:22:40,B,https://www.coches.net/honda-civic-16-idtec-sport-5p-diesel-2014-en-barcelona-70549873-covo.aspx
HYUNDAI,HYUNDAI i20 1.2 MPI Essence,15.500 €,2023,32.135 km,Gasolina,84 cv,Valencia,2026-05-07 12:22:40,C,https://www.coches.net/hyundai-i20-12-mpi-essence-5p-gasolina-2023-en-valencia-70555068-covo.aspx
VOLKSWAGEN,VOLKSWAGEN Polo 1.4 TSI DSG GTI,8.900 €,2012,231.000 km,Gasolina,180 cv,Madrid,2026-05-07 12:22:40,C,https://www.coches.net/volkswagen-polo-14-tsi-180cv-dsg-gti-5p-gasolina-2012-en-madrid-70534720-covo.aspx
BMW,BMW Serie 1 118i,17.099 €,2019,74.411 km,Gasolina,136 cv,Barcelona,2026-05-07 12:22:40,C,https://www.coches.net/bmw-serie-1-118i-5p-gasolina-2019-en-barcelona-70549980-covo.aspx
NISSAN,NISSAN Micra IGT 92 CV E6DF CVT Acenta,13.150 €,2022,77.230 km,Gasolina,92 cv,Málaga,2026-05-07 12:22:40,C,https://www.coches.net/nissan-micra-igt-68-kw-92-cv-e6df-cvt-acenta-5p-gasolina-2022-en-malaga-70561474-covo.aspx
HONDA,HONDA Civic 1.4 iVTEC Sport,9.990 €,2012,133.990 km,Gasolina,100 cv,Madrid,2026-05-07 12:22:40,C,https://www.coches.net/honda-civic-14-ivtec-sport-5p-gasolina-2012-en-madrid-70566046-covo.aspx
CITROEN,CITROEN C4 1.6 HDi 92 SX,6.990 €,2006,40.000 km,Diesel,92 cv,A Coruña,2026-05-07 12:22:40,UNKNOWN,https://www.coches.net/citroen-c4-16-hdi-92-sx-5p-diesel-2004-en-a-coruna-70552075-covo.aspx
HYUNDAI,HYUNDAI Tucson 1.6 TGDI Tecno 4X2,18.990 €,2020,95.000 km,Gasolina,177 cv,Las Palmas,2026-05-07 12:22:40,UNKNOWN,https://www.coches.net/hyundai-tucson-16-tgdi-130kw-177cv-tecno-4x2-5p-gasolina-2018-en-las-palmas-70558174-covo.aspx
HYUNDAI,HYUNDAI i30 1.0 TGDI Klass,10.099 €,2017,133.233 km,Gasolina,120 cv,Madrid,2026-05-07 12:22:40,C,https://www.coches.net/hyundai-i30-10-tgdi-klass-5p-gasolina-2017-en-madrid-70551999-covo.aspx
HYUNDAI,HYUNDAI i30 1.0 TGDI Link,12.790 €,2017,62.285 km,Gasolina,120 cv,Valencia,2026-05-07 12:22:40,C,https://www.coches.net/hyundai-i30-10-tgdi-link-5p-gasolina-2017-en-valencia-70555322-covo.aspx
TOYOTA,TOYOTA Yaris 1.5 120H Style Plus,16.990 €,2022,95.800 km,Híbrido,116 cv,Barcelona,2026-05-07 12:22:40,UNKNOWN,https://www.coches.net/toyota-yaris-15-120h-style-plus-5p-electrico-hibrido-2022-en-barcelona-70556703-covo.aspx
OPEL,OPEL Corsa 1.5D DT GSLine,14.500 €,2021,90.052 km,Diesel,102 cv,Córdoba,2026-05-07 12:22:40,C,https://www.coches.net/opel-corsa-15d-dt-74kw-100cv-gsline-5p-diesel-2021-en-cordoba-61412125-covo.aspx
MINI,MINI MINI COOPER CABRIO,20.990 €,2023,79.227 km,Gasolina,136 cv,Sta. C. Tenerife,2026-05-07 12:22:40,C,https://www.coches.net/mini-mini-cooper-cabrio-2p-gasolina-2024-en-sta-c-tenerife-70569691-covo.aspx
PEUGEOT,PEUGEOT 308 SW Style BlueHDi 130 SS,12.840 €,2021,99.223 km,Diesel,130 cv,Valencia,2026-05-07 12:22:40,C,https://www.coches.net/peugeot-308-sw-style-bluehdi-130-ss-5p-diesel-2021-en-valencia-70530888-covo.aspx
FORD,FORD Fiesta 1.0 EcoBoost MHEV 92kW125CV STLine,15.500 €,2022,38.500 km,Híbrido,125 cv,Málaga,2026-05-07 12:22:40,ECO,https://www.coches.net/ford-fiesta-10-ecoboost-mhev-92kw125cv-stline-5p-5p-electrico-hibrido-2022-en-malaga-70533268-covo.aspx
CITROEN,CITROEN C4 Picasso PureTech SS 6v EAT6 Feel,9.300 €,2018,129.000 km,Gasolina,130 cv,Murcia,2026-05-07 12:22:40,C,https://www.coches.net/citroen-c4-picasso-puretech-96kw-130cv-ss-6v-eat6-feel-5p-gasolina-2017-en-murcia-70545718-covo.aspx
LAND-ROVER,LAND-ROVER Range Rover Evoque 2.2L TD4 4x4 Pure Auto.,15.900 €,2014,145.505 km,Diesel,150 cv,Valencia,2026-05-07 12:22:40,B,https://www.coches.net/land-rover-range-rover-evoque-22l-td4-150cv-4x4-pure-auto-5p-diesel-2015-en-valencia-70570842-covo.aspx
KIA,KIA Sportage 1.6 MHEV Concept 4x2,20.890 €,2022,114.000 km,Híbrido,136 cv,A Coruña,2026-05-07 12:22:40,UNKNOWN,https://www.coches.net/kia-sportage-16-mhev-concept-100kw-136cv-4x2-5p-electrico-hibrido-2021-en-a-coruna-70571296-covo.aspx
KIA,KIA Sportage 1.6 TGDi PHEV Drive 4x4,23.890 €,2022,96.000 km,Híbrido enchufable,265 cv,A Coruña,2026-05-07 12:22:40,UNKNOWN,https://www.coches.net/kia-sportage-16-tgdi-phev-198kw-265cv-drive-4x4-5p-electrico-hibrido-2022-en-a-coruna-70571328-covo.aspx
LAND-ROVER,LAND-ROVER Range Rover Evoque 2.0L TD4 4x4 SE Auto.,15.990 €,2017,123.450 km,Diesel,150 cv,Madrid,2026-05-07 12:22:40,C,https://www.coches.net/land-rover-range-rover-evoque-20l-td4-110kw-110kw-4x4-se-auto-5p-diesel-2017-en-madrid-70572884-covo.aspx
LAND-ROVER,LAND-ROVER Range Rover Evoque 2.0L TD4 Diesel 4x4 SE,15.990 €,2018,109.785 km,Diesel,150 cv,Madrid,2026-05-07 12:22:40,C,https://www.coches.net/land-rover-range-rover-evoque-20l-td4-diesel-110kw-150cv-4x4-se-5p-diesel-2018-en-madrid-70577981-covo.aspx
KIA,KIA Sportage 1.6 TGDi MHEV Drive 4x2,23.500 €,2022,36.271 km,Híbrido,150 cv,La Rioja,2026-05-07 12:22:40,UNKNOWN,https://www.coches.net/kia-sportage-16-tgdi-mhev-110kw-150cv-drive-4x2-5p-electrico-hibrido-2022-en-la-rioja-70579203-covo.aspx
OPEL,OPEL Astra 1.2T XHT GSLine,12.490 €,2022,103.915 km,Gasolina,130 cv,Madrid,2026-05-07 12:22:40,C,https://www.coches.net/opel-astra-12t-xht-96kw-130cv-gsline-5p-gasolina-2022-en-madrid-70555512-covo.aspx
VOLKSWAGEN,VOLKSWAGEN Golf Life 1.5 TSI,18.890 €,2020,125.000 km,Gasolina,150 cv,A Coruña,2026-05-07 12:22:40,UNKNOWN,https://www.coches.net/volkswagen-golf-life-15-tsi-110kw-150cv-5p-gasolina-2021-en-a-coruna-70550665-covo.aspx
VOLKSWAGEN,VOLKSWAGEN Tiguan Life 1.4 TSI eHybrid DSG,27.790 €,2023,31.461 km,Híbrido enchufable,245 cv,Madrid,2026-05-07 12:22:40,CERO,https://www.coches.net/volkswagen-tiguan-life-14-tsi-ehybrid-180kw-245cv-dsg-5p-electrico-hibrido-2024-en-madrid-70572590-covo.aspx
CITROEN,CITROEN C4 Hybrid 145 eDCS6 Plus,21.850 €,2025,9782 km,Híbrido,145 cv,Barcelona,2026-05-07 12:22:40,ECO,https://www.coches.net/citroen-c4-hybrid-145-edcs6-plus-5p-electrico-hibrido-2025-en-barcelona-70568169-covo.aspx
SEAT,SEAT Ibiza 1.0 TSI FR XS,16.900 €,2024,28.000 km,Gasolina,115 cv,Zaragoza,2026-05-07 12:22:40,C,https://www.coches.net/seat-ibiza-10-tsi-85kw-115cv-fr-xs-5p-gasolina-2024-en-zaragoza-70549697-covo.aspx
BMW,BMW Serie 3 318d,8.990 €,2014,307.000 km,Diesel,143 cv,Murcia,2026-05-07 12:22:40,B,https://www.coches.net/bmw-serie-3-318d-4p-diesel-2015-en-murcia-70545351-covo.aspx
BMW,BMW Serie 3 318d Touring,14.990 €,2017,190.435 km,Diesel,150 cv,Madrid,2026-05-07 12:22:40,C,https://www.coches.net/bmw-serie-3-318d-touring-5p-diesel-2017-en-madrid-70544917-covo.aspx
PEUGEOT,PEUGEOT 308 Active Pack BlueHDi 130 SS,10.450 €,2021,154.000 km,Diesel,130 cv,Sevilla,2026-05-07 12:22:40,C,https://www.coches.net/peugeot-308-5p-active-pack-bluehdi-130-ss-5p-diesel-2021-en-sevilla-70552571-covo.aspx
BMW,BMW Serie 1 118d,23.990 €,2020,51.567 km,Diesel,150 cv,Madrid,2026-05-07 12:22:40,C,https://www.coches.net/bmw-serie-1-118d-5p-diesel-2020-en-madrid-70527842-covo.aspx
BMW,BMW Serie 1 118d,22.790 €,2020,57.825 km,Diesel,150 cv,Madrid,2026-05-07 12:22:40,C,https://www.coches.net/bmw-serie-1-118d-5p-diesel-2020-en-madrid-70527854-covo.aspx
BMW,BMW Serie 1 116d,20.450 €,2022,57.024 km,Diesel,116 cv,Valencia,2026-05-07 12:22:40,C,https://www.coches.net/bmw-serie-1-116d-5p-diesel-2023-en-valencia-70530885-covo.aspx
VOLKSWAGEN,VOLKSWAGEN Golf Advance 1.6 TDI BMT DSG,12.990 €,2017,138.000 km,Diesel,110 cv,Zaragoza,2026-05-07 12:22:40,C,https://www.coches.net/volkswagen-golf-advance-16-tdi-bmt-dsg-5p-diesel-2017-en-zaragoza-70518277-covo.aspx
KIA,KIA cee'd 1.4 CRDi WGT Concept,7.850 €,2017,198.800 km,Diesel,90 cv,Málaga,2026-05-07 12:22:40,C,https://www.coches.net/kia-ceed-14-crdi-wgt-66kw-90cv-concept-5p-diesel-2017-en-malaga-70557193-covo.aspx
VOLKSWAGEN,VOLKSWAGEN Golf GTI 2.0 TSI,22.990 €,2016,150.000 km,Gasolina,230 cv,Las Palmas,2026-05-07 12:22:40,UNKNOWN,https://www.coches.net/volkswagen-golf-gti-20-tsi-169kw-230cv-3p-gasolina-2018-en-las-palmas-70558201-covo.aspx
RENAULT,RENAULT Clio Evolution dCi 100,19.690 €,2025,7528 km,Diesel,100 cv,Valencia,2026-05-07 12:22:40,C,https://www.coches.net/renault-clio-evolution-dci-100-74kw-5p-diesel-2024-en-valencia-70520789-covo.aspx
RENAULT,RENAULT Clio Evolution dCi 100,19.790 €,2025,8331 km,Diesel,100 cv,Valencia,2026-05-07 12:22:40,C,https://www.coches.net/renault-clio-evolution-dci-100-74kw-5p-diesel-2025-en-valencia-70520790-covo.aspx
HYUNDAI,HYUNDAI i20 1.0 TGDI 48V Klass DCT,17.490 €,2021,28.842 km,Híbrido,100 cv,Valladolid,2026-05-07 12:22:40,ECO,https://www.coches.net/hyundai-i20-10-tgdi-74kw-100cv-48v-klass-dct-5p-electrico-hibrido-2021-en-valladolid-70574300-covo.aspx
KIA,KIA Ceed 1.6 MHEV iMT Drive,18.200 €,2023,58.000 km,Híbrido,136 cv,Guadalajara,2026-05-07 12:22:40,ECO,https://www.coches.net/kia-ceed-16-mhev-imt-100kw-136cv-drive-5p-electrico-hibrido-2023-en-guadalajara-70578814-covo.aspx
FORD,FORD Fiesta 1.0 EcoBoost Active SS,11.990 €,2018,80.450 km,Gasolina,125 cv,Madrid,2026-05-07 12:22:40,C,https://www.coches.net/ford-fiesta-10-ecoboost-92kw-active-ss-5p-5p-gasolina-2019-en-madrid-70521508-covo.aspx
CITROEN,CITROEN C4 PureTech 130 SS 6v Feel Pack,15.390 €,2023,63.464 km,Gasolina,130 cv,Valencia,2026-05-07 12:22:40,C,https://www.coches.net/citroen-c4-puretech-130-ss-6v-feel-pack-5p-gasolina-2023-en-valencia-70520782-covo.aspx
RENAULT,RENAULT Clio Business TCe GLP,7.990 €,2020,126.000 km,Gas licuado (GLP),100 cv,Madrid,2026-05-07 12:22:40,ECO,https://www.coches.net/renault-clio-business-tce-74-kw-100cv-glp-5p-otros-2019-en-madrid-70571787-covo.aspx
VOLKSWAGEN,VOLKSWAGEN Passat Variant Business 1.5 TSI,24.950 €,2022,66.986 km,Gasolina,150 cv,Málaga,2026-05-07 12:22:40,C,https://www.coches.net/volkswagen-passat-variant-business-15-tsi-110kw-5p-gasolina-2023-en-malaga-70569343-covo.aspx
SEAT,SEAT Ibiza 1.0 MPI Reference XL Edition,13.990 €,2023,30.368 km,Gasolina,80 cv,Barcelona,2026-05-07 12:22:40,C,https://www.coches.net/seat-ibiza-10-mpi-59kw-80cv-reference-xl-edition-5p-gasolina-2023-en-barcelona-70507638-covo.aspx
MERCEDES-BENZ,MERCEDES-BENZ Clase A A 180,32.500 €,2025,21.000 km,Híbrido,136 cv,Cuenca,2026-05-07 12:22:40,ECO,https://www.coches.net/mercedes-benz-clase-a-a-180-5p-electrico-hibrido-2026-en-cuenca-70555135-covo.aspx
PEUGEOT,PEUGEOT 508 SW Allure Puretech 132kW180CV SS EAT8,16.890 €,2020,88.288 km,Gasolina,180 cv,Madrid,2026-05-07 12:22:40,C,https://www.coches.net/peugeot-508-sw-allure-puretech-132kw180cv-ss-eat8-5p-gasolina-2019-en-madrid-70571865-covo.aspx
KIA,KIA Sportage 1.6 TGDi HEV GTline 4x4,30.200 €,2023,70.858 km,Híbrido,230 cv,Madrid,2026-05-07 12:22:40,ECO,https://www.coches.net/kia-sportage-16-tgdi-hev-171kw-230cv-gtline-4x4-5p-electrico-hibrido-2024-en-madrid-70572577-covo.aspx
KIA,KIA Sportage 1.6 TGDi PHEV Drive 4x4,25.490 €,2023,67.067 km,Híbrido enchufable,265 cv,Madrid,2026-05-07 12:22:40,CERO,https://www.coches.net/kia-sportage-16-tgdi-phev-198kw-265cv-drive-4x4-5p-electrico-hibrido-2023-en-madrid-70573413-covo.aspx
KIA,KIA Sportage 1.6 TGDi MHEV 110kW150CV Tech 4x2 DCT,26.000 €,2023,68.157 km,Híbrido,150 cv,Madrid,2026-05-07 12:22:40,ECO,https://www.coches.net/kia-sportage-16-tgdi-mhev-110kw150cv-tech-4x2-dct-5p-electrico-hibrido-2023-en-madrid-70573901-covo.aspx
KIA,KIA Sportage 1.6 TGDi PHEV Drive 4x4,26.490 €,2023,66.647 km,Híbrido enchufable,265 cv,Madrid,2026-05-07 12:22:40,CERO,https://www.coches.net/kia-sportage-16-tgdi-phev-198kw-265cv-drive-4x4-5p-electrico-hibrido-2024-en-madrid-70577973-covo.aspx
PEUGEOT,PEUGEOT 3008 1.5L BlueHDi SS Crossway,15.990 €,2018,96.000 km,Diesel,130 cv,Málaga,2026-05-07 12:22:40,C,https://www.coches.net/peugeot-3008-15l-bluehdi-96kw-130cv-ss-crossway-5p-diesel-2018-en-malaga-70578764-covo.aspx
MERCEDES-BENZ,MERCEDES-BENZ Clase A A 180 d,24.890 €,2020,77.695 km,Diesel,116 cv,Gipuzkoa,2026-05-07 12:22:40,C,https://www.coches.net/mercedes-benz-clase-a-a-180-d-5p-diesel-2020-en-guipuzcoa-70563590-covo.aspx
PEUGEOT,PEUGEOT 308 SW Business Line BlueHDi,8.990 €,2017,132.320 km,Diesel,100 cv,Sevilla,2026-05-07 12:22:40,C,https://www.coches.net/peugeot-308-sw-business-line-bluehdi-73kw-100cv-5p-diesel-2017-en-sevilla-70555177-covo.aspx
PEUGEOT,PEUGEOT 308 SW Active 1.6 BlueHDi 100 FAP,7.499 €,2015,112.868 km,Diesel,100 cv,Sevilla,2026-05-07 12:22:40,B,https://www.coches.net/peugeot-308-sw-active-16-bluehdi-100-fap-5p-diesel-2015-en-sevilla-70556133-covo.aspx
PEUGEOT,PEUGEOT 208 Signature 1.2L PureTech,9.799 €,2019,60.681 km,Gasolina,110 cv,Barcelona,2026-05-07 12:22:40,C,https://www.coches.net/peugeot-208-5p-signature-12l-puretech-81kw-110cv-5p-gasolina-2018-en-barcelona-70549749-covo.aspx
PEUGEOT,PEUGEOT 208 Signature 1.2L PureTech,9.599 €,2019,57.606 km,Gasolina,82 cv,Barcelona,2026-05-07 12:22:40,C,https://www.coches.net/peugeot-208-5p-signature-12l-puretech-60kw-82cv-5p-gasolina-2018-en-barcelona-70550017-covo.aspx
HYUNDAI,HYUNDAI i30 1.6 CRDI 100kW136CV 48V Klass Fastback,12.099 €,2021,134.970 km,Híbrido,136 cv,Barcelona,2026-05-07 12:22:40,ECO,https://www.coches.net/hyundai-i30-16-crdi-100kw136cv-48v-klass-fastback-5p-electrico-hibrido-2020-en-barcelona-70550037-covo.aspx
HYUNDAI,HYUNDAI i30 1.6 CRDi Go,12.999 €,2019,94.075 km,Diesel,116 cv,Sevilla,2026-05-07 12:22:40,C,https://www.coches.net/hyundai-i30-16-crdi-85kw-116cv-go-5p-diesel-2019-en-sevilla-70550365-covo.aspx
AUDI,AUDI A6 2.0 TDI ultra quattro S tronic,19.500 €,2015,97.000 km,Diesel,190 cv,Madrid,2026-05-07 12:22:40,C,https://www.coches.net/audi-a6-20-tdi-190cv-ultra-quattro-s-tronic-4p-diesel-2016-en-madrid-70565024-covo.aspx
CITROEN,CITROEN C3 BlueHDi SS Feel Pack,10.999 €,2021,87.544 km,Diesel,102 cv,Sevilla,2026-05-07 12:22:40,C,https://www.coches.net/citroen-c3-bluehdi-75kw-100cv-ss-feel-pack-5p-diesel-2021-en-sevilla-70537651-covo.aspx
VOLKSWAGEN,VOLKSWAGEN Golf 1.0 TSI,19.990 €,2024,28.856 km,Gasolina,110 cv,Sta. C. Tenerife,2026-05-07 12:22:40,C,https://www.coches.net/volkswagen-golf-10-tsi-81kw-110cv-5p-gasolina-2024-en-sta-c-tenerife-70560777-covo.aspx
VOLKSWAGEN,VOLKSWAGEN Golf Life 1.0 TSI,22.690 €,2023,28.147 km,Gasolina,110 cv,Girona,2026-05-07 12:22:40,UNKNOWN,https://www.coches.net/volkswagen-golf-life-10-tsi-81kw-110cv-5p-gasolina-2023-en-girona-70569057-covo.aspx
OPEL,OPEL Corsa 1.2T XHL Elegance Auto,13.900 €,2022,62.648 km,Gasolina,100 cv,Barcelona,2026-05-07 12:22:40,C,https://www.coches.net/opel-corsa-12t-xhl-74kw-100cv-elegance-auto-5p-gasolina-2022-en-barcelona-70559119-covo.aspx
OPEL,OPEL Corsa 1.2T XHL Elegance,13.500 €,2023,15.680 km,Gasolina,100 cv,Barcelona,2026-05-07 12:22:40,C,https://www.coches.net/opel-corsa-12t-xhl-74kw-100cv-elegance-5p-gasolina-2023-en-barcelona-70559136-covo.aspx
TOYOTA,TOYOTA C-HR 1.8 125H Advance,22.990 €,2022,63.548 km,Híbrido,122 cv,Madrid,2026-05-07 12:22:40,ECO,https://www.coches.net/toyota-c-hr-18-125h-advance-5p-electrico-hibrido-2022-en-madrid-70570508-covo.aspx
TOYOTA,TOYOTA C-HR 1.8 125H Advance,20.790 €,2021,71.668 km,Híbrido,122 cv,Madrid,2026-05-07 12:22:40,ECO,https://www.coches.net/toyota-c-hr-18-125h-advance-5p-electrico-hibrido-2019-en-madrid-70578358-covo.aspx
SEAT,SEAT León SP 2.0 TDI Style,15.490 €,2021,69.607 km,Diesel,115 cv,Alicante,2026-05-07 12:22:40,C,https://www.coches.net/seat-leon-sp-20-tdi-85kw-style-5p-diesel-2022-en-alicante-70552989-covo.aspx
SEAT,SEAT León 2.0 TDI SS Style XS,16.000 €,2022,108.581 km,Diesel,115 cv,Navarra,2026-05-07 12:22:40,C,https://www.coches.net/seat-leon-20-tdi-85kw-ss-style-xs-5p-diesel-2023-en-navarra-70547405-covo.aspx
SEAT,SEAT León 1.5 TGI SS Style,16.990 €,2022,78.650 km,Gas natural (CNG),130 cv,Madrid,2026-05-07 12:22:40,ECO,https://www.coches.net/seat-leon-15-tgi-96kw-ss-style-5p-otros-2022-en-madrid-70549595-covo.aspx
MERCEDES-BENZ,MERCEDES-BENZ Vito 114CDI AT Tourer Select Compacta,55.990 €,2025,75.000 km,Diesel,136 cv,Málaga,2026-05-07 12:22:40,C,https://www.coches.net/mercedes-benz-vito-114cdi-at-100kw-tourer-select-compacta-4p-diesel-2024-en-malaga-70570298-covo.aspx
HYUNDAI,HYUNDAI Tucson 1.6 TGDI HEV Maxx Auto,20.890 €,2023,138.000 km,Híbrido,230 cv,A Coruña,2026-05-07 12:22:40,UNKNOWN,https://www.coches.net/hyundai-tucson-16-tgdi-169kw-230cv-hev-maxx-auto-5p-electrico-hibrido-2023-en-a-coruna-70572241-covo.aspx
HYUNDAI,HYUNDAI Tucson 1.6 TGDI 48V Maxx,24.950 €,2022,51.200 km,Híbrido,150 cv,Valladolid,2026-05-07 12:22:40,ECO,https://www.coches.net/hyundai-tucson-16-tgdi-110kw-150cv-48v-maxx-5p-electrico-hibrido-2022-en-valladolid-70572398-covo.aspx
HYUNDAI,HYUNDAI Tucson 1.6 CRDI 48V Style DCT 4X2,24.999 €,2021,125.067 km,Híbrido,136 cv,Cádiz,2026-05-07 12:22:40,ECO,https://www.coches.net/hyundai-tucson-16-crdi-100kw-136cv-48v-style-dct-4x2-5p-electrico-hibrido-2020-en-cadiz-70575496-covo.aspx
NISSAN,NISSAN QASHQAI DIGT NConnecta,22.250 €,2022,80.500 km,Híbrido,140 cv,Asturias,2026-05-07 12:22:40,UNKNOWN,https://www.coches.net/nissan-qashqai-digt-103kw-nconnecta-5p-electrico-hibrido-2023-en-asturias-70578823-covo.aspx
NISSAN,NISSAN QASHQAI DIGT NConnecta,23.500 €,2023,32.000 km,Híbrido,140 cv,Asturias,2026-05-07 12:22:40,UNKNOWN,https://www.coches.net/nissan-qashqai-digt-103kw-nconnecta-5p-electrico-hibrido-2023-en-asturias-70578833-covo.aspx
RENAULT,RENAULT Clio Zen TCe,12.300 €,2021,65.752 km,Gasolina,90 cv,Valencia,2026-05-07 12:22:40,C,https://www.coches.net/renault-clio-zen-tce-67-kw-91cv-5p-gasolina-2021-en-valencia-70551599-covo.aspx
RENAULT,RENAULT Mégane Bose Blue dCi,8.900 €,2019,259.000 km,Diesel,115 cv,Murcia,2026-05-07 12:22:40,UNKNOWN,https://www.coches.net/renault-megane-bose-blue-dci-85-kw-115cv-5p-diesel-2018-en-murcia-70574943-covo.aspx
BMW,BMW Serie 3 320e,29.790 €,2023,113.979 km,Híbrido enchufable,204 cv,Barcelona,2026-05-07 12:22:40,CERO,https://www.coches.net/bmw-serie-3-320e-4p-electrico-hibrido-2024-en-barcelona-70554786-covo.aspx
SEAT,SEAT Ibiza 1.0 TSI FR XS,17.990 €,2025,8000 km,Gasolina,115 cv,Barcelona,2026-05-07 12:22:40,C,https://www.coches.net/seat-ibiza-10-tsi-85kw-115cv-fr-xs-5p-gasolina-2025-en-barcelona-70521696-covo.aspx
PEUGEOT,PEUGEOT 3008 1.5 BlueHDi SS Allure,15.900 €,2020,99.182 km,Diesel,130 cv,Valencia,2026-05-07 12:22:40,C,https://www.coches.net/peugeot-3008-15-bluehdi-96kw-130cv-ss-allure-5p-diesel-2020-en-valencia-70560181-covo.aspx
MERCEDES-BENZ,MERCEDES-BENZ Clase A A 200 d,25.900 €,2020,82.000 km,Diesel,150 cv,Sevilla,2026-05-07 12:22:40,C,https://www.coches.net/mercedes-benz-clase-a-a-200-d-5p-diesel-2020-en-sevilla-70560980-covo.aspx
BMW,BMW X3 xDrive20d,29.990 €,2021,81.639 km,Híbrido,190 cv,Madrid,2026-05-07 12:22:40,ECO,https://www.coches.net/bmw-x3-xdrive20d-5p-electrico-hibrido-2021-en-madrid-70569795-covo.aspx
KIA,KIA Sportage 1.6 TGDi Drive 4x2,21.900 €,2023,87.765 km,Gasolina,150 cv,Guadalajara,2026-05-07 12:22:40,C,https://www.coches.net/kia-sportage-16-tgdi-110kw-150cv-drive-4x2-5p-gasolina-2023-en-guadalajara-70570793-covo.aspx
KIA,KIA Sportage 1.6 TGDi Drive 4x2,22.900 €,2022,42.901 km,Gasolina,150 cv,Guadalajara,2026-05-07 12:22:40,C,https://www.coches.net/kia-sportage-16-tgdi-110kw-150cv-drive-4x2-5p-gasolina-2022-en-guadalajara-70570890-covo.aspx
BMW,BMW X3 xDrive30d,32.990 €,2021,155.970 km,Híbrido,286 cv,Madrid,2026-05-07 12:22:40,ECO,https://www.coches.net/bmw-x3-xdrive30d-5p-electrico-hibrido-2021-en-madrid-70571857-covo.aspx
KIA,KIA Sportage 1.6 CRDi Drive 4x2,16.440 €,2016,98.762 km,Diesel,115 cv,Cádiz,2026-05-07 12:22:40,UNKNOWN,https://www.coches.net/kia-sportage-16-crdi-85kw-115cv-drive-4x2-5p-diesel-2022-en-cadiz-70574069-covo.aspx
VOLKSWAGEN,VOLKSWAGEN Golf Business 1.6 TDI BlueMotion,11.990 €,2016,119.000 km,Diesel,110 cv,Valencia,2026-05-07 12:22:40,C,https://www.coches.net/volkswagen-golf-business-16-tdi-110cv-bluemotion-5p-diesel-2016-en-valencia-70522271-covo.aspx
PEUGEOT,PEUGEOT 208 BlueHDi Active,12.490 €,2022,54.778 km,Diesel,100 cv,Madrid,2026-05-07 12:22:40,C,https://www.coches.net/peugeot-208-bluehdi-73kw-100cv-active-5p-diesel-2021-en-madrid-70526031-covo.aspx
SEAT,SEAT Ibiza 1.0 TSI FR Plus,13.480 €,2022,115.580 km,Gasolina,110 cv,Barcelona,2026-05-07 12:22:40,C,https://www.coches.net/seat-ibiza-10-tsi-81kw-110cv-fr-plus-5p-gasolina-2022-en-barcelona-70539873-covo.aspx
PEUGEOT,PEUGEOT 308 Allure Pack PureTech 130 SS EAT8,12.250 €,2021,76.900 km,Gasolina,130 cv,Málaga,2026-05-07 12:22:40,C,https://www.coches.net/peugeot-308-5p-allure-pack-puretech-130-ss-eat8-5p-gasolina-2021-en-malaga-70500155-covo.aspx
VOLKSWAGEN,VOLKSWAGEN Tiguan Life 1.5 TSI,28.900 €,2022,44.729 km,Gasolina,150 cv,Madrid,2026-05-07 12:22:40,C,https://www.coches.net/volkswagen-tiguan-life-15-tsi-110kw-150cv-5p-gasolina-2023-en-madrid-70574184-covo.aspx
VOLKSWAGEN,VOLKSWAGEN Polo United 1.0 TSI,15.200 €,2021,65.100 km,Gasolina,95 cv,Madrid,2026-05-07 12:22:40,C,https://www.coches.net/volkswagen-polo-united-10-tsi-70kw-95cv-5p-gasolina-2021-en-madrid-70518731-covo.aspx
VOLKSWAGEN,VOLKSWAGEN Polo RLine 1.0 TSI DSG,19.500 €,2023,42.957 km,Gasolina,110 cv,Madrid,2026-05-07 12:22:40,C,https://www.coches.net/volkswagen-polo-rline-10-tsi-81kw-110cv-dsg-5p-gasolina-2023-en-madrid-70518739-covo.aspx
CITROEN,CITROEN C3 PureTech Feel Pack,10.400 €,2021,63.450 km,Gasolina,83 cv,Barcelona,2026-05-07 12:22:40,C,https://www.coches.net/citroen-c3-puretech-60kw-83cv-feel-pack-5p-gasolina-2020-en-barcelona-70551484-covo.aspx
VOLKSWAGEN,VOLKSWAGEN Polo Advance 1.0 TSI,16.990 €,2019,37.759 km,Gasolina,95 cv,Madrid,2026-05-07 12:22:40,C,https://www.coches.net/volkswagen-polo-advance-10-tsi-70kw-95cv-5p-gasolina-2020-en-madrid-70527713-covo.aspx
AUDI,AUDI A3 Sportback S line 35 TDI S tronic,34.800 €,2025,14.271 km,Diesel,150 cv,Madrid,2026-05-07 12:22:40,C,https://www.coches.net/audi-a3-sportback-s-line-35-tdi-110kw-s-tronic-5p-diesel-2025-en-madrid-70565809-covo.aspx
HYUNDAI,HYUNDAI i20 1.0 TGDI Klass,18.900 €,2025,1 km,Gasolina,100 cv,Madrid,2026-05-07 12:22:40,C,https://www.coches.net/hyundai-i20-10-tgdi-klass-5p-gasolina-2024-en-madrid-70551815-covo.aspx
VOLKSWAGEN,VOLKSWAGEN Polo Life 1.0 TSI,13.590 €,2023,157.319 km,Gasolina,95 cv,Madrid,2026-05-07 12:22:40,C,https://www.coches.net/volkswagen-polo-life-10-tsi-70kw-95cv-5p-gasolina-2024-en-madrid-70552888-covo.aspx
VOLKSWAGEN,VOLKSWAGEN Golf Edition 1.6 TDI,12.000 €,2020,180.000 km,Diesel,115 cv,Madrid,2026-05-07 12:22:40,C,https://www.coches.net/volkswagen-golf-edition-16-tdi-85kw-115cv-5p-diesel-2020-en-madrid-70564068-covo.aspx
KIA,KIA Sportage 1.6 MHEV Drive 4x2,17.990 €,2020,78.607 km,Híbrido,136 cv,Madrid,2026-05-07 12:22:40,ECO,https://www.coches.net/kia-sportage-16-mhev-drive-100kw-136cv-4x2-5p-electrico-hibrido-2021-en-madrid-70550816-covo.aspx
FORD,FORD C-Max 1.0 EcoBoost Trend,10.590 €,2017,103.707 km,Gasolina,125 cv,Valencia,2026-05-07 12:22:40,C,https://www.coches.net/ford-c-max-10-ecoboost-92kw-125cv-trend-5p-gasolina-2017-en-valencia-70563473-covo.aspx
FORD,FORD Focus 1.0 Ecoboost ASS 125 Titanium Sportb.,7.900 €,2015,142.000 km,Gasolina,125 cv,Málaga,2026-05-07 12:22:40,C,https://www.coches.net/ford-focus-10-ecoboost-ass-125-titanium-sportb-5p-gasolina-2015-en-malaga-70542647-covo.aspx
MINI,MINI Countryman 2.0 Cooper SD,8.500 €,2012,203.542 km,Diesel,143 cv,Madrid,2026-05-07 12:22:40,B,https://www.coches.net/mini-countryman-20-cooper-sd-5p-diesel-2012-en-madrid-70571143-covo.aspx
BMW,BMW Serie 4 420d Gran Coupe,34.000 €,2022,99.900 km,Híbrido,190 cv,Toledo,2026-05-07 12:22:40,ECO,https://www.coches.net/bmw-serie-4-420d-gran-coupe-5p-electrico-hibrido-2023-en-toledo-70571656-covo.aspx
MINI,MINI COUNTRYMAN Cooper D,9.890 €,2016,184.430 km,Diesel,150 cv,Cantabria,2026-05-07 12:22:40,C,https://www.coches.net/mini-countryman-cooper-d-5p-diesel-2017-en-cantabria-70573907-covo.aspx
HONDA,HONDA Civic 2.0 iMMD Elegance CVT,33.500 €,2026,1 km,Híbrido,184 cv,Valencia,2026-05-07 12:22:40,ECO,https://www.coches.net/km-0/honda/civic/valencia/20-immd-elegance-cvt-electrico-hibrido-de-km0-70575295-kovn.aspx
HONDA,HONDA Civic 2.0 iMMD Elegance CVT,34.100 €,2026,1 km,Híbrido,184 cv,Valencia,2026-05-07 12:22:40,ECO,https://www.coches.net/km-0/honda/civic/valencia/20-immd-elegance-cvt-electrico-hibrido-de-km0-70575350-kovn.aspx
FIAT,FIAT Bravo 1.6 16v Easy 105 CV Diesel Multijet,7.990 €,2013,55.000 km,Diesel,105 cv,Madrid,2026-05-07 12:22:40,B,https://www.coches.net/fiat-bravo-16-16v-easy-105-cv-diesel-multijet-5p-diesel-2013-en-madrid-70578714-covo.aspx
RENAULT,RENAULT Megane E-Tech Equilibre EV40 standard ch.,23.650 €,2023,63 km,Eléctrico,130 cv,Barcelona,2026-05-07 12:22:40,UNKNOWN,https://www.coches.net/renault-megane-e-tech-equilibre-ev40-96kw-130cv-standard-ch-5p-electrico-hibrido-2023-en-barcelona-59670378-covo.aspx
AUDI,AUDI Q7 4.0 TDI SQ7 quattro tiptronic,37.500 €,2018,260.000 km,Diesel,435 cv,Murcia,2026-05-07 12:22:40,C,https://www.coches.net/audi-q7-40-tdi-sq7-quattro-tiptronic-5p-diesel-2018-en-murcia-60934793-covo.aspx
AUDI,AUDI Q5 SPORTBACK SQ5 TDI Quattro,48.000 €,2022,185.000 km,Híbrido,341 cv,Murcia,2026-05-07 12:22:40,ECO,https://www.coches.net/audi-q5-sportback-sq5-tdi-quattro-5p-electrico-hibrido-2023-en-murcia-61283849-covo.aspx
VOLKSWAGEN,VOLKSWAGEN T-Cross Advance 1.5 TSI DSG,22.400 €,2022,60.976 km,Gasolina,150 cv,Barcelona,2026-05-07 12:22:40,UNKNOWN,https://www.coches.net/volkswagen-t-cross-advance-15-tsi-110kw-150cv-dsg-5p-gasolina-2021-en-barcelona-61709617-covo.aspx
CITROEN,CITROEN C4 Hybrid 136 eDCS6 Plus,18.500 €,2024,30.000 km,Híbrido,136 cv,Pontevedra,2026-05-07 12:22:40,ECO,https://www.coches.net/citroen-c4-hybrid-136-edcs6-plus-5p-electrico-hibrido-2024-en-pontevedra-61842547-covo.aspx
HYUNDAI,HYUNDAI IONIQ 1.6 GDI HEV Style DCT con trailer pack,17.500 €,2018,68.000 km,Híbrido,141 cv,Barcelona,2026-05-07 12:22:40,UNKNOWN,https://www.coches.net/hyundai-ioniq-16-gdi-hev-style-dct-con-trailer-pack-5p-electrico-hibrido-2018-en-barcelona-62032502-covo.aspx
MAZDA,MAZDA CX-30 eSKY X MHEV AWD Exclusiveline,32.500 €,2025,1577 km,Híbrido,186 cv,Barcelona,2026-05-07 12:22:40,UNKNOWN,https://www.coches.net/mazda-cx-30-esky-x-mhev-137-kw-awd-exclusiveline-5p-electrico-hibrido-2024-en-barcelona-62193970-covo.aspx
HONDA,HONDA CR-V 2.0 iMMD 4x2Elegance Navi,29.500 €,2021,70.506 km,Híbrido,184 cv,Barcelona,2026-05-07 12:22:40,UNKNOWN,https://www.coches.net/honda-cr-v-20-immd-4x2elegance-navi-5p-electrico-hibrido-2021-en-barcelona-62193978-covo.aspx
MAZDA,MAZDA MX-30 eSKYACTIV Makoto Premium Modern,24.900 €,2023,5666 km,Eléctrico,145 cv,Barcelona,2026-05-07 12:22:40,UNKNOWN,https://www.coches.net/mazda-mx-30-eskyactiv-107kw-makoto-premium-modern-5p-electrico-hibrido-2022-en-barcelona-62193982-covo.aspx
MAZDA,MAZDA CX-80 eSKYACTIV PHEV AWD Homura Plus,56.900 €,2025,8770 km,Híbrido enchufable,327 cv,Barcelona,2026-05-07 12:22:40,UNKNOWN,https://www.coches.net/mazda-cx-80-eskyactiv-phev-241kw-awd-homura-plus-5p-electrico-hibrido-2024-en-barcelona-62193993-covo.aspx
HONDA,HONDA HR-V 1.5 iMMD Advance 4x2,32.500 €,2025,10.800 km,Híbrido,131 cv,Barcelona,2026-05-07 12:22:40,UNKNOWN,https://www.coches.net/honda-hr-v-15-immd-advance-4x2-5p-electrico-hibrido-2025-en-barcelona-62193998-covo.aspx
MERCEDES-BENZ,MERCEDES-BENZ Clase C C 220 d,20.000 €,2017,200.000 km,Diesel,170 cv,Murcia,2026-05-07 12:22:40,C,https://www.coches.net/mercedes-benz-clase-c-c-220-d-4p-diesel-2018-en-murcia-62266419-covo.aspx
AUDI,AUDI Q3 Sportback Advanced 35 TDI S tronic,32.900 €,2022,63.524 km,Diesel,150 cv,Barcelona,2026-05-07 12:22:40,UNKNOWN,https://www.coches.net/audi-q3-sportback-advanced-35-tdi-110kw-150cv-s-tronic-5p-diesel-2022-en-barcelona-62409995-covo.aspx
MAZDA,MAZDA CX-5 2.2 D 2WD Evolution Design,17.500 €,2019,141.000 km,Diesel,150 cv,Barcelona,2026-05-07 12:22:40,UNKNOWN,https://www.coches.net/mazda-cx-5-22-d-110kw-150cv-2wd-evolution-design-5p-diesel-2019-en-barcelona-62409999-covo.aspx
FIAT,FIAT 500 1.2 8v 69 CV Sport,4.480 €,2010,280.000 km,Gasolina,69 cv,Jaén,2026-05-07 12:22:40,UNKNOWN,https://www.coches.net/fiat-500-12-8v-69-cv-sport-3p-gasolina-2007-en-jaen-62452100-covo.aspx
SAAB,SAAB 9-3 1.9TiD FP Linear 150 CV,4.980 €,2005,198.000 km,Diesel,150 cv,Jaén,2026-05-07 12:22:40,UNKNOWN,https://www.coches.net/saab-9-3-19tid-fp-linear-150-cv-4p-diesel-2005-en-jaen-62456124-covo.aspx
VOLKSWAGEN,VOLKSWAGEN Sharan 2.8 V6 Advance,5.980 €,2006,298.000 km,Gasolina,204 cv,Jaén,2026-05-07 12:22:40,UNKNOWN,https://www.coches.net/volkswagen-sharan-28-v6-advance-5p-gasolina-2007-en-jaen-62459230-covo.aspx
MITSUBISHI,MITSUBISHI ASX 160 MPI Challenge,7.980 €,2011,189.000 km,Gasolina,117 cv,Jaén,2026-05-07 12:22:40,UNKNOWN,https://www.coches.net/mitsubishi-asx-160-mpi-challenge-5p-gasolina-2011-en-jaen-62558338-covo.aspx
BMW,BMW Serie 3 318dA Gran Turismo,14.990 €,2014,161.500 km,Diesel,143 cv,Castellón,2026-05-07 12:22:40,C,https://www.coches.net/bmw-serie-3-318da-gran-turismo-5p-diesel-2015-en-castellon-62566158-covo.aspx
FORD,FORD Puma 1.0 EcoBoost STLine MHEV,19.900 €,2024,36.227 km,Híbrido,125 cv,Barcelona,2026-05-07 12:22:40,UNKNOWN,https://www.coches.net/ford-puma-10-ecoboost-125cv-stline-mhev-5p-electrico-hibrido-2024-en-barcelona-62574372-covo.aspx
SUBARU,SUBARU XV 1.6i Executive Plus Auto,21.900 €,2022,58.000 km,Gasolina,114 cv,Barcelona,2026-05-07 12:22:40,UNKNOWN,https://www.coches.net/subaru-xv-16i-executive-plus-auto-5p-gasolina-2022-en-barcelona-62574377-covo.aspx
TOYOTA,TOYOTA BZ4X 220E 4x4 Luxury,37.890 €,2025,4700 km,Eléctrico,218 cv,Madrid,2026-05-07 12:22:40,CERO,https://www.coches.net/toyota-bz4x-220e-4x4-luxury-5p-electrico-hibrido-2025-en-madrid-62596666-covo.aspx
OPEL,OPEL Adam 1.4 XEL GLAM,8.990 €,2016,99.135 km,Gasolina,87 cv,Madrid,2026-05-07 12:22:40,C,https://www.coches.net/opel-adam-14-xel-glam-3p-gasolina-2016-en-madrid-62656813-covo.aspx
HYUNDAI,HYUNDAI Tucson 1.6 CRDI 48V Maxx Safe DCT,21.990 €,2023,87.000 km,Híbrido,136 cv,Barcelona,2026-05-07 12:22:40,ECO,https://www.coches.net/hyundai-tucson-16-crdi-100kw-136cv-48v-maxx-safe-dct-5p-electrico-hibrido-2023-en-barcelona-62662393-covo.aspx
PEUGEOT,PEUGEOT 508 GT Line PureTech 180 SS EAT8,20.990 €,2019,53.661 km,Gasolina,180 cv,Madrid,2026-05-07 12:22:40,C,https://www.coches.net/peugeot-508-gt-line-puretech-133kw-180-ss-eat8-5p-gasolina-2018-en-madrid-62664253-covo.aspx
CITROEN,CITROEN C4 BlueHDi 110 SS Live Pack,13.500 €,2022,74.000 km,Diesel,110 cv,Pontevedra,2026-05-07 12:22:40,C,https://www.coches.net/citroen-c4-bluehdi-110-ss-live-pack-5p-diesel-2022-en-pontevedra-70025066-covo.aspx
VOLKSWAGEN,VOLKSWAGEN Golf 2.0 TDI,21.290 €,2021,"44,009 km",Diesel,115 cv,Madrid,2026-05-07 12:40:44,C,https://www.coches.net/volkswagen-golf-20-tdi-85kw-115cv-5p-diesel-2021-en-madrid-70173860-covo.aspx
AUDI,AUDI A4 2.0 TDI sport edition,19.450 €,2016,"132,704 km",Diesel,150 cv,A Coruña,2026-05-07 12:40:44,UNKNOWN,https://www.coches.net/audi-a4-20-tdi-150cv-sport-edition-4p-diesel-2017-en-a-coruna-70178035-covo.aspx
PORSCHE,PORSCHE Cayenne S,58.900 €,2018,75.150 km,Gasolina,440 cv,Barcelona,2026-05-07 12:40:44,UNKNOWN,https://www.coches.net/porsche-cayenne-s-5p-gasolina-2021-en-barcelona-70229112-covo.aspx
AUDI,AUDI A6 RS 6 4.0 TFSI quattro tiptronic Avant,45.900 €,2013,137.500 km,Gasolina,560 cv,Barcelona,2026-05-07 12:40:44,UNKNOWN,https://www.coches.net/audi-a6-rs-6-40-tfsi-quattro-tiptronic-avant-5p-gasolina-2014-en-barcelona-70232333-covo.aspx
PEUGEOT,PEUGEOT 5008 1.5 BlueHDi SS Allure EAT8,20.990 €,2021,89.018 km,Diesel,130 cv,Madrid,2026-05-07 12:40:44,C,https://www.coches.net/peugeot-5008-15-bluehdi-96kw-130cv-ss-allure-eat8-5p-diesel-2020-en-madrid-70236232-covo.aspx
HYUNDAI,HYUNDAI Santa Fe 1.6 TGDi HEV Tecno Auto 4x2,28.500 €,2022,113.000 km,Híbrido,230 cv,Sevilla,2026-05-07 12:40:44,ECO,https://www.coches.net/hyundai-santa-fe-16-tgdi-hev-tecno-auto-4x2-5p-electrico-hibrido-2020-en-sevilla-70236761-covo.aspx
AUDI,AUDI A3 Sportback Advanced 30 TFSI S tronic,22.900 €,2023,69.000 km,Híbrido,110 cv,Madrid,2026-05-07 12:40:44,ECO,https://www.coches.net/audi-a3-sportback-advanced-30-tfsi-81kw-s-tronic-5p-electrico-hibrido-2023-en-madrid-70237930-covo.aspx
PEUGEOT,PEUGEOT 308 Active Pack BlueHDi 100 SS,12.900 €,2021,61.000 km,Diesel,100 cv,Pontevedra,2026-05-07 12:40:44,C,https://www.coches.net/peugeot-308-5p-active-pack-bluehdi-100-ss-5p-diesel-2020-en-pontevedra-70244958-covo.aspx
RENAULT,RENAULT Kangoo Combi Life Edition One 1.5 Blue dCi 70kW95CV,14.800 €,2021,144.000 km,Diesel,95 cv,Valencia,2026-05-07 12:40:44,C,https://www.coches.net/renault-kangoo-combi-life-edition-one-15-blue-dci-70kw95cv-5p-diesel-2021-en-valencia-70249839-covo.aspx
CITROEN,CITROEN C3 BlueHDi SS Live Pack,10.500 €,2021,92.000 km,Diesel,102 cv,Pontevedra,2026-05-07 12:40:44,C,https://www.coches.net/citroen-c3-bluehdi-75kw-100cv-ss-live-pack-5p-diesel-2022-en-pontevedra-70250536-covo.aspx
VOLVO,VOLVO XC60 2.0 D4 AWD Momentum,29.990 €,2021,96.248 km,Diesel,190 cv,Cádiz,2026-05-07 12:40:44,UNKNOWN,https://www.coches.net/volvo-xc60-20-d4-awd-momentum-5p-diesel-2020-en-cadiz-70251502-covo.aspx
VOLKSWAGEN,VOLKSWAGEN Tiguan RLine 2.0 TDI DSG,33.990 €,2021,112.000 km,Diesel,150 cv,Pontevedra,2026-05-07 12:40:44,UNKNOWN,https://www.coches.net/volkswagen-tiguan-rline-20-tdi-110kw-150cv-dsg-5p-diesel-2021-en-pontevedra-70252094-covo.aspx
CITROEN,CITROEN C5 Aircross Hybrid 225 eEAT8 Shine,19.800 €,2022,74.000 km,Híbrido enchufable,225 cv,Pontevedra,2026-05-07 12:40:44,CERO,https://www.coches.net/citroen-c5-aircross-hybrid-225-eeat8-shine-5p-electrico-hibrido-2022-en-pontevedra-70253531-covo.aspx
OPEL,OPEL Mokka 1.5 D Business Elegance,16.500 €,2022,16.000 km,Diesel,110 cv,Pontevedra,2026-05-07 12:40:44,C,https://www.coches.net/opel-mokka-15-d-business-elegance-5p-diesel-2022-en-pontevedra-70263497-covo.aspx
FIAT,FIAT 500C Dolcevita 1.0 Hybrid 70 CV,15.900 €,2024,40.000 km,Híbrido,70 cv,Madrid,2026-05-07 12:40:44,ECO,https://www.coches.net/fiat-500c-dolcevita-10-hybrid-51kw-70-cv-2p-electrico-hibrido-2024-en-madrid-70286711-covo.aspx
FORD,FORD Focus 1.5 Ecoblue Titanium SB,14.190 €,2020,109.685 km,Diesel,120 cv,Madrid,2026-05-07 12:40:44,B,https://www.coches.net/ford-focus-15-ecoblue-88kw-titanium-sb-5p-diesel-2020-en-madrid-70286807-covo.aspx
HONDA,HONDA Accord TOURER 2.4 Executive Piel Nav Auto,10.990 €,2007,123.000 km,Gasolina,190 cv,Barcelona,2026-05-07 12:40:44,C,https://www.coches.net/honda-accord-tourer-24-executive-piel-nav-auto-5p-gasolina-2007-en-barcelona-70289088-covo.aspx
DS,DS DS 4 CROSS BlueHDi 130 auto TROCADERO,17.900 €,2022,71.000 km,Diesel,130 cv,Pontevedra,2026-05-07 12:40:44,C,https://www.coches.net/ds-ds-4-cross-bluehdi-130-auto-trocadero-5p-diesel-2023-en-pontevedra-70296027-covo.aspx
FIAT,FIAT 500 Dolcevita 1.0 Hybrid 70 CV,9.400 €,2022,66.000 km,Híbrido,70 cv,Madrid,2026-05-07 12:40:44,ECO,https://www.coches.net/fiat-500-dolcevita-10-hybrid-51kw-70-cv-3p-electrico-hibrido-2023-en-madrid-70303375-covo.aspx
NISSAN,NISSAN QASHQAI+2 2.0 TEKNA PREMIUM 4x4 Piel Negra 18,9.990 €,2010,126.000 km,Gasolina,140 cv,Barcelona,2026-05-07 12:40:44,C,https://www.coches.net/nissan-qashqai2-20-tekna-premium-4x4-piel-negra-18-5p-gasolina-2009-en-barcelona-70309674-covo.aspx
MERCEDES-BENZ,MERCEDES-BENZ GLA GLA 200 D 4MATIC,29.990 €,2020,117.000 km,Diesel,150 cv,Barcelona,2026-05-07 12:40:44,C,https://www.coches.net/mercedes-benz-gla-gla-200-d-4matic-5p-diesel-2020-en-barcelona-70319631-covo.aspx
BMW,BMW X5 M,51.900 €,2018,90.300 km,Gasolina,575 cv,Barcelona,2026-05-07 12:40:44,UNKNOWN,https://www.coches.net/bmw-x5-m-5p-gasolina-2018-en-barcelona-70366728-covo.aspx
MAZDA,MAZDA CX-5 2.0 GE Zenith,20.900 €,2019,70.952 km,Gasolina,165 cv,Barcelona,2026-05-07 12:40:44,UNKNOWN,https://www.coches.net/mazda-cx-5-20-ge-121kw-165cv-zenith-5p-gasolina-2021-en-barcelona-70366731-covo.aspx
HONDA,HONDA CR-V 2.0 iMMD 4x2 LIFESTYLE,30.900 €,2022,37.500 km,Híbrido,184 cv,Barcelona,2026-05-07 12:40:44,UNKNOWN,https://www.coches.net/honda-cr-v-20-immd-4x2-lifestyle-5p-electrico-hibrido-2020-en-barcelona-70366732-covo.aspx
MAZDA,MAZDA MX-30 eSKYACTIV REV ADVANTAGE Mod.Conf,23.900 €,2024,22.235 km,Híbrido enchufable,170 cv,Barcelona,2026-05-07 12:40:44,UNKNOWN,https://www.coches.net/mazda-mx-30-eskyactiv-rev-125kw-advantage-modconf-5p-electrico-hibrido-2022-en-barcelona-70366735-covo.aspx
HYUNDAI,HYUNDAI Kona 1.6 GDI HEV Klass DCT,16.990 €,2020,81.000 km,Híbrido,141 cv,Barcelona,2026-05-07 12:40:44,ECO,https://www.coches.net/hyundai-kona-16-gdi-hev-klass-dct-5p-electrico-hibrido-2020-en-barcelona-70368740-covo.aspx
BMW,BMW Serie 2 Active Tourer 225xe iPerformance,14.490 €,2018,126.113 km,Híbrido enchufable,224 cv,Madrid,2026-05-07 12:40:44,CERO,https://www.coches.net/bmw-serie-2-active-tourer-225xe-iperformance-5p-electrico-hibrido-2018-en-madrid-70371959-covo.aspx
PEUGEOT,PEUGEOT Rifter Allure BlueHDi 100 SS 6 Vel. MAN Long,22.990 €,2024,3726 km,Diesel,100 cv,Madrid,2026-05-07 12:40:44,C,https://www.coches.net/peugeot-rifter-allure-bluehdi-100-ss-6-vel-man-long-5p-diesel-2025-en-madrid-70373163-covo.aspx
BMW,BMW i7 xDrive60,84.990 €,2023,3600 km,Eléctrico,544 cv,Sta. C. Tenerife,2026-05-07 12:40:44,CERO,https://www.coches.net/bmw-i7-xdrive60-4p-electrico-hibrido-2024-en-sta-c-tenerife-70373325-covo.aspx
BMW,BMW i3 S 120ah,17.990 €,2018,92.000 km,Eléctrico,184 cv,Sta. C. Tenerife,2026-05-07 12:40:44,CERO,https://www.coches.net/bmw-i3-s-120ah-5p-electrico-hibrido-2019-en-sta-c-tenerife-70373704-covo.aspx
NISSAN,NISSAN QASHQAI 1.6 TEKNA SPORT 4X2 18,9.990 €,2012,104.000 km,Gasolina,117 cv,Barcelona,2026-05-07 12:40:44,C,https://www.coches.net/nissan-qashqai-16-tekna-sport-4x2-18-5p-gasolina-2010-en-barcelona-70374313-covo.aspx
PEUGEOT,PEUGEOT 2008 GT Line 1.6 BlueHDi,9.500 €,2017,124.000 km,Diesel,100 cv,Barcelona,2026-05-07 12:40:44,UNKNOWN,https://www.coches.net/peugeot-2008-gt-line-16-bluehdi-73kw-100cv-5p-diesel-2018-en-barcelona-70380611-covo.aspx
NISSAN,NISSAN X-TRAIL dCi E6D CVT 4X4i TEKNA,18.900 €,2021,172.974 km,Diesel,150 cv,Barcelona,2026-05-07 12:40:44,UNKNOWN,https://www.coches.net/nissan-x-trail-7p-dci-110-kw-e6d-cvt-4x4i-tekna-5p-diesel-2019-en-barcelona-70380612-covo.aspx
CITROEN,CITROEN C4 Cactus BlueHDi Shine,11.450 €,2019,104.115 km,Diesel,99 cv,Madrid,2026-05-07 12:40:44,C,https://www.coches.net/citroen-c4-cactus-bluehdi-73kw-100cv-shine-5p-diesel-2018-en-madrid-70381894-covo.aspx
OPEL,OPEL Mokka 1.2 T 100 CV Business Elegance,13.250 €,2021,122.884 km,Gasolina,100 cv,Madrid,2026-05-07 12:40:44,C,https://www.coches.net/opel-mokka-12-t-74kw-100-cv-business-elegance-5p-gasolina-2021-en-madrid-70381902-covo.aspx
AUDI,AUDI A3 Sportback Advanced 30 TDI,19.250 €,2021,185.558 km,Diesel,116 cv,Madrid,2026-05-07 12:40:44,C,https://www.coches.net/audi-a3-sportback-advanced-30-tdi-85kw-116cv-5p-diesel-2021-en-madrid-70381905-covo.aspx
KIA,KIA Sportage 2.0 CRDi VGT GT Line Auto 4x4,19.990 €,2017,84.000 km,Diesel,185 cv,Barcelona,2026-05-07 12:40:44,C,https://www.coches.net/kia-sportage-20-crdi-vgt-136-kw-gt-line-auto-4x4-5p-diesel-2017-en-barcelona-70382216-covo.aspx
CITROEN,CITROEN C1 VTi SS City Edition,9.290 €,2021,94.489 km,Gasolina,72 cv,Madrid,2026-05-07 12:40:44,C,https://www.coches.net/citroen-c1-vti-53kw-72cv-ss-city-edition-5p-gasolina-2021-en-madrid-70384113-covo.aspx
RENAULT,RENAULT Arkana Equilibre ETECH full hybr. 105kW145CV,21.790 €,2023,43.290 km,Híbrido,145 cv,Madrid,2026-05-07 12:40:44,ECO,https://www.coches.net/renault-arkana-equilibre-etech-full-hybr-105kw145cv-5p-electrico-hibrido-2022-en-madrid-70384208-covo.aspx
TOYOTA,TOYOTA Corolla 1.8 125H ACTIVE TECH ECVT TOU SPORT,18.990 €,2021,95.000 km,Híbrido,122 cv,Barcelona,2026-05-07 12:40:44,ECO,https://www.coches.net/toyota-corolla-18-125h-active-tech-ecvt-tou-sport-5p-electrico-hibrido-2021-en-barcelona-70385061-covo.aspx
MERCEDES-BENZ,MERCEDES-BENZ Clase B B 200 CDI AMG Line,14.990 €,2015,175.000 km,Diesel,136 cv,Madrid,2026-05-07 12:40:44,C,https://www.coches.net/mercedes-benz-clase-b-b-200-cdi-amg-line-5p-diesel-2015-en-madrid-70385099-covo.aspx
VOLKSWAGEN,VOLKSWAGEN Tiguan T1 2.0 TDI BMT 4x2,14.990 €,2016,123.000 km,Diesel,110 cv,Barcelona,2026-05-07 12:40:44,C,https://www.coches.net/volkswagen-tiguan-t1-20-tdi-110cv-bmt-4x2-5p-diesel-2016-en-barcelona-70385550-covo.aspx
AUDI,AUDI A6 Avant 40 TDI quattroult. S tronic,27.500 €,2020,159.980 km,Híbrido,204 cv,Asturias,2026-05-07 12:40:44,ECO,https://www.coches.net/audi-a6-avant-40-tdi-150kw-quattroult-s-tronic-5p-electrico-hibrido-2021-en-asturias-70387731-covo.aspx
MAZDA,MAZDA Mazda3 2.0 SKYACTIVG ZENITH,14.950 €,2017,158.066 km,Gasolina,165 cv,Madrid,2026-05-07 12:40:44,C,https://www.coches.net/mazda-mazda3-20-skyactivg-121kw-zenith-5p-gasolina-2017-en-madrid-70388607-covo.aspx
PEUGEOT,PEUGEOT 3008 1.5 BlueHDi SS GT Pack EAT8,21.500 €,2022,50.000 km,Diesel,130 cv,Pontevedra,2026-05-07 12:40:44,C,https://www.coches.net/peugeot-3008-15-bluehdi-96kw-ss-gt-pack-eat8-5p-diesel-2021-en-pontevedra-70389318-covo.aspx
ALFA,ALFA ROMEO Tonale 1.5 MHEV GASOLINA 130 CV SPRINT FWD,20.900 €,2023,12.000 km,Híbrido,130 cv,Pontevedra,2026-05-07 12:40:44,ECO,https://www.coches.net/alfa-romeo-tonale-15-mhev-gasolina-130-cv-sprint-fwd-5p-electrico-hibrido-2022-en-pontevedra-70390201-covo.aspx
ALFA,ALFA ROMEO Tonale 1.5 MHEV GASOLINA 130 CV SPRINT FWD,20.900 €,2023,21.000 km,Híbrido,130 cv,Pontevedra,2026-05-07 12:40:44,ECO,https://www.coches.net/alfa-romeo-tonale-15-mhev-gasolina-130-cv-sprint-fwd-5p-electrico-hibrido-2022-en-pontevedra-70390337-covo.aspx
PEUGEOT,PEUGEOT 3008 1.5 BlueHDi SS Active Pack,17.900 €,2022,18.000 km,Diesel,130 cv,Pontevedra,2026-05-07 12:40:44,C,https://www.coches.net/peugeot-3008-15-bluehdi-96kw-130cv-ss-active-pack-5p-diesel-2021-en-pontevedra-70394452-covo.aspx
PEUGEOT,PEUGEOT 3008 Hybrid 300 eEAT8 GT,18.900 €,2021,83.000 km,Híbrido enchufable,300 cv,Pontevedra,2026-05-07 12:40:44,CERO,https://www.coches.net/peugeot-3008-hybrid-300-eeat8-gt-5p-electrico-hibrido-2020-en-pontevedra-70395328-covo.aspx
SEAT,SEAT León 2.0 TDI SS Style Go,15.990 €,2021,109.454 km,Diesel,115 cv,Madrid,2026-05-07 12:40:44,C,https://www.coches.net/seat-leon-20-tdi-85kw-ss-style-go-5p-diesel-2021-en-madrid-70397461-covo.aspx
KIA,KIA Niro 1.6 GDi PHEV Drive,18.390 €,2019,54.067 km,Híbrido enchufable,141 cv,Salamanca,2026-05-07 12:40:44,CERO,https://www.coches.net/kia-niro-16-gdi-phev-104kw-141cv-drive-5p-electrico-hibrido-2019-en-salamanca-70398119-covo.aspx
PEUGEOT,PEUGEOT 3008 Hybrid 225 eEAT8 Allure Pack,20.900 €,2022,15.000 km,Híbrido enchufable,225 cv,Pontevedra,2026-05-07 12:40:44,CERO,https://www.coches.net/peugeot-3008-hybrid-225-eeat8-allure-pack-5p-electrico-hibrido-2022-en-pontevedra-70400194-covo.aspx
MERCEDES-BENZ,MERCEDES-BENZ CLA CLA 250 e,26.900 €,2022,53.000 km,Híbrido enchufable,218 cv,Madrid,2026-05-07 12:40:44,CERO,https://www.coches.net/mercedes-benz-cla-cla-250-e-4p-electrico-hibrido-2021-en-madrid-70402225-covo.aspx
MAZDA,MAZDA CX-5 2.0 GE 2WD Newground,23.900 €,2022,45.288 km,Gasolina,165 cv,Barcelona,2026-05-07 12:40:44,UNKNOWN,https://www.coches.net/mazda-cx-5-20-ge-121kw-165cv-2wd-newground-5p-gasolina-2022-en-barcelona-70405147-covo.aspx
HONDA,HONDA ZR-V 2.0 iMMD 4x2 Advance CVT,43.900 €,2026,1501 km,Híbrido,184 cv,Barcelona,2026-05-07 12:40:44,UNKNOWN,https://www.coches.net/km-0/honda/zr-v/barcelona/20-immd-4x2-advance-cvt-electrico-hibrido-de-km0-70405148-kovn.aspx
CITROEN,CITROEN C3 Aircross BlueHDi Shine Pack,15.500 €,2021,35.030 km,Diesel,110 cv,Barcelona,2026-05-07 12:40:44,UNKNOWN,https://www.coches.net/citroen-c3-aircross-bluehdi-81kw-110cv-shine-pack-5p-diesel-2022-en-barcelona-70405149-covo.aspx
PEUGEOT,PEUGEOT Rifter Rifter GT BlueHDi 130 EAT8 Long,26.990 €,2024,34.133 km,Diesel,130 cv,Madrid,2026-05-07 12:40:44,C,https://www.coches.net/peugeot-rifter-rifter-gt-bluehdi-130-eat8-long-5p-diesel-2024-en-madrid-70406277-covo.aspx
BMW,BMW Serie 2 216dA DCT Gran Coupe,23.990 €,2021,50.307 km,Diesel,116 cv,Cádiz,2026-05-07 12:40:44,UNKNOWN,https://www.coches.net/bmw-serie-2-216da-dct-gran-coupe-4p-diesel-2021-en-cadiz-70406868-covo.aspx
MERCEDES-BENZ,MERCEDES-BENZ Clase A A 200 d,32.900 €,2024,19.900 km,Diesel,150 cv,Alicante,2026-05-07 12:40:44,C,https://www.coches.net/mercedes-benz-clase-a-a-200-d-5p-diesel-2025-en-alicante-70407817-covo.aspx
KIA,KIA Rio 1.2 DPi Concept,11.990 €,2022,64.500 km,Gasolina,84 cv,Cádiz,2026-05-07 12:40:44,CERO,https://www.coches.net/kia-rio-12-dpi-62kw-84cv-concept-5p-gasolina-2022-en-cadiz-70409856-covo.aspx
AUDI,AUDI A4 Avant Advanced 35 TDI S tronic,19.990 €,2022,142.000 km,Híbrido,163 cv,Barcelona,2026-05-07 12:40:44,ECO,https://www.coches.net/audi-a4-avant-advanced-35-tdi-120kw-s-tronic-5p-electrico-hibrido-2022-en-barcelona-70410930-covo.aspx
DS,DS DS 4 BlueHDi 130 autoPERFORMANCE LINE,19.500 €,2022,64.000 km,Diesel,130 cv,Pontevedra,2026-05-07 12:40:44,C,https://www.coches.net/ds-ds-4-bluehdi-130-autoperformance-line--5p-diesel-2022-en-pontevedra-70412244-covo.aspx
PEUGEOT,PEUGEOT 508 Allure Pack BlueHDi 130 SS EAT8,13.499 €,2021,164.000 km,Diesel,130 cv,Alicante,2026-05-07 12:40:44,C,https://www.coches.net/peugeot-508-5p-allure-pack-bluehdi-130-ss-eat8-5p-diesel-2021-en-alicante-70413475-covo.aspx
RENAULT,RENAULT Arkana RS Line ETECH Hibrido 105kW145CV SS,20.055 €,2022,78.957 km,Híbrido,145 cv,Barcelona,2026-05-07 12:40:44,UNKNOWN,https://www.coches.net/renault-arkana-rs-line-etech-hibrido-105kw145cv-ss-5p-electrico-hibrido-2021-en-barcelona-70413677-covo.aspx
DS,DS DS 7 Crossback 1.6 ETense 300 Louvre Auto 4WD,21.900 €,2022,72.000 km,Híbrido enchufable,300 cv,Pontevedra,2026-05-07 12:40:44,CERO,https://www.coches.net/ds-ds-7-crossback-16-etense-300-louvre-auto-4wd-5p-electrico-hibrido-2021-en-pontevedra-70415728-covo.aspx
TOYOTA,TOYOTA Yaris 1.5 Hybrid Active,12.990 €,2017,123.000 km,Híbrido,100 cv,Barcelona,2026-05-07 12:40:44,ECO,https://www.coches.net/toyota-yaris-15-hybrid-active-5p-electrico-hibrido-2017-en-barcelona-70419044-covo.aspx
TOYOTA,TOYOTA C-HR 1.8 125H Advance,18.990 €,2018,90.000 km,Híbrido,122 cv,Barcelona,2026-05-07 12:40:44,ECO,https://www.coches.net/toyota-c-hr-18-125h-advance-5p-electrico-hibrido-2019-en-barcelona-70419164-covo.aspx
RENAULT,RENAULT Koleos Initiale Paris dCi 175 XTronic 4x4 18,15.990 €,2018,263.500 km,Diesel,175 cv,Bizkaia,2026-05-07 12:40:44,C,https://www.coches.net/renault-koleos-initiale-paris-dci-175-xtronic-4x4-18-5p-diesel-2018-en-vizcaya-70420587-covo.aspx
DS,DS DS 7 Crossback BlueHDi Auto. PERF.LINE,21.500 €,2020,86.000 km,Diesel,180 cv,Pontevedra,2026-05-07 12:40:44,C,https://www.coches.net/ds-ds-7-crossback-bluehdi-132kw-180cv-auto-perfline-5p-diesel-2020-en-pontevedra-70423388-covo.aspx
VOLKSWAGEN,VOLKSWAGEN Passat Business 2.0 TDI,17.990 €,2021,117.014 km,Diesel,150 cv,Madrid,2026-05-07 12:40:44,C,https://www.coches.net/volkswagen-passat-business-20-tdi-110kw-150cv-4p-diesel-2022-en-madrid-70424676-covo.aspx
DS,DS DS 7 Crossback BlueHDi Auto. LOUVRE,22.900 €,2021,74.000 km,Diesel,180 cv,Pontevedra,2026-05-07 12:40:44,C,https://www.coches.net/ds-ds-7-crossback-bluehdi-132kw-180cv-auto-louvre-5p-diesel-2020-en-pontevedra-70424748-covo.aspx
BMW,BMW Serie 3 M3,37.990 €,2001,134.000 km,Gasolina,343 cv,Sta. C. Tenerife,2026-05-07 12:40:44,UNKNOWN,https://www.coches.net/bmw-serie-3-m3-2p-gasolina-2002-en-sta-c-tenerife-70424868-covo.aspx
FIAT,FIAT 500 Connect 1.0 Hybrid 70 CV,9.400 €,2022,63.000 km,Híbrido,70 cv,Madrid,2026-05-07 12:40:44,ECO,https://www.coches.net/fiat-500-connect-10-hybrid-52kw-70-cv-3p-electrico-hibrido-2020-en-madrid-70425177-covo.aspx
DS,DS DS 7 Crossback 1.6 ETense 300 Logne Noire Auto 4WD,21.900 €,2022,89.000 km,Híbrido enchufable,300 cv,Pontevedra,2026-05-07 12:40:44,CERO,https://www.coches.net/ds-ds-7-crossback-16-etense-300-logne-noire-auto-4wd-5p-electrico-hibrido-2021-en-pontevedra-70425792-covo.aspx
CITROEN,CITROEN C3 Aircross PureTech SS 6v Live Pack,9.950 €,2021,103.269 km,Gasolina,110 cv,Madrid,2026-05-07 12:40:44,C,https://www.coches.net/citroen-c3-aircross-puretech-81kw-110cv-ss-6v-live-pack-5p-gasolina-2021-en-madrid-70426102-covo.aspx
RENAULT,RENAULT Clio Business Blue dCi,11.950 €,2021,127.021 km,Diesel,100 cv,Madrid,2026-05-07 12:40:44,C,https://www.coches.net/renault-clio-business-blue-dci-74kw-100cv-5p-diesel-2021-en-madrid-70426103-covo.aspx
BMW,BMW X1 sDrive18d,17.450 €,2018,182.490 km,Diesel,150 cv,Madrid,2026-05-07 12:40:44,C,https://www.coches.net/bmw-x1-sdrive18d-5p-diesel-2018-en-madrid-70426105-covo.aspx
SEAT,SEAT Ateca 2.0 TDI DSG 4Drive FR,28.500 €,2019,112.574 km,Diesel,190 cv,A Coruña,2026-05-07 12:40:44,C,https://www.coches.net/seat-ateca-20-tdi-140kw-190cv-dsg-4drive-fr-5p-diesel-2020-en-a-coruna-70426555-covo.aspx
PEUGEOT,PEUGEOT 3008 1.2 PureTech SS Allure,15.990 €,2020,50.820 km,Gasolina,130 cv,Madrid,2026-05-07 12:40:44,C,https://www.coches.net/peugeot-3008-12-puretech-96kw-130cv-ss-allure-5p-gasolina-2020-en-madrid-70426932-covo.aspx
PEUGEOT,PEUGEOT 208 Allure Gasolina 100 SS 6 Vel. MAN,14.500 €,2025,24.000 km,Gasolina,100 cv,Pontevedra,2026-05-07 12:40:44,C,https://www.coches.net/peugeot-208-allure-gasolina-100-ss-6-vel-man-5p-gasolina-2024-en-pontevedra-70429019-covo.aspx
MERCEDES-BENZ,MERCEDES-BENZ Clase GLC GLC 300 4MATIC,41.850 €,2020,29.000 km,Híbrido,258 cv,Valencia,2026-05-07 12:40:44,ECO,https://www.coches.net/mercedes-benz-clase-glc-glc-300-4matic-5p-electrico-hibrido-2020-en-valencia-70429509-covo.aspx
AUDI,AUDI Q8 RS Q8 TFSI quattro tipt,90.000 €,2020,80.000 km,Gasolina,600 cv,Murcia,2026-05-07 12:40:44,C,https://www.coches.net/audi-q8-rs-q8-tfsi-441kw-600cv-quattro-tipt-5p-gasolina-2021-en-murcia-70430321-covo.aspx
NISSAN,NISSAN QASHQAI DIGT mHEV Xtronic Acenta,22.900 €,2021,32.091 km,Híbrido,158 cv,Bizkaia,2026-05-07 12:40:44,ECO,https://www.coches.net/nissan-qashqai-digt-116kw-158cv-mhev-xtronic-acenta-5p-electrico-hibrido-2021-en-vizcaya-70431143-covo.aspx
DS,DS DS 4 CROSS PureTech 225 RIVOLI,23.900 €,2023,13.000 km,Gasolina,225 cv,Pontevedra,2026-05-07 12:40:44,C,https://www.coches.net/ds-ds-4-cross-puretech-225-rivoli-5p-gasolina-2022-en-pontevedra-70432537-covo.aspx
TOYOTA,TOYOTA Yaris 1.5 120H Business Plus,16.790 €,2021,73.261 km,Híbrido,116 cv,Madrid,2026-05-07 12:40:44,ECO,https://www.coches.net/toyota-yaris-15-120h-business-plus-5p-electrico-hibrido-2022-en-madrid-70432643-covo.aspx
SEAT,SEAT León ST 1.6 TDI StSp Style,12.950 €,2019,131.369 km,Diesel,115 cv,Madrid,2026-05-07 12:40:44,C,https://www.coches.net/seat-leon-st-16-tdi-85kw-115cv-stsp-style-5p-diesel-2020-en-madrid-70434067-covo.aspx
JEEP,JEEP Avenger 1.2 G Altitude,14.900 €,2024,46.000 km,Gasolina,100 cv,Madrid,2026-05-07 12:40:44,C,https://www.coches.net/jeep-avenger-12-g-74kw-100cv-altitude-5p-gasolina-2023-en-madrid-70434085-covo.aspx
DS,DS DS 7 Crossback 1.6 ETense 300 Louvre Auto 4WD,23.500 €,2022,49.000 km,Híbrido enchufable,300 cv,Pontevedra,2026-05-07 12:40:44,CERO,https://www.coches.net/ds-ds-7-crossback-16-etense-300-louvre-auto-4wd-5p-electrico-hibrido-2021-en-pontevedra-70434432-covo.aspx
LYNK,LYNK & CO 01 1.5 PHEV,23.490 €,2022,41.152 km,Híbrido enchufable,261 cv,Madrid,2026-05-07 12:40:44,CERO,https://www.coches.net/lynk--co-01-15-phev-5p-electrico-hibrido-2021-en-madrid-70435323-covo.aspx
VOLKSWAGEN,VOLKSWAGEN Tiguan RLine 2.0 TDI DSG 4Motion,27.990 €,2021,170.000 km,Diesel,150 cv,Barcelona,2026-05-07 12:40:44,C,https://www.coches.net/volkswagen-tiguan-rline-20-tdi-110kw-150cv-dsg-4motion-5p-diesel-2022-en-barcelona-70435864-covo.aspx
RENAULT,RENAULT Grand Scénic Limited Blue dCi,16.450 €,2021,159.907 km,Diesel,120 cv,Madrid,2026-05-07 12:40:44,C,https://www.coches.net/renault-grand-scenic-limited-blue-dci-88-kw-120cv-5p-diesel-2020-en-madrid-70437786-covo.aspx
SUZUKI,SUZUKI Vitara 1.4 T GLX Mild Hybrid Auto,18.900 €,2021,97.902 km,Híbrido,129 cv,Barcelona,2026-05-07 12:40:44,UNKNOWN,https://www.coches.net/suzuki-vitara-14-t-glx-mild-hybrid-auto-5p-electrico-hibrido-2020-en-barcelona-70447466-covo.aspx
HONDA,HONDA Jazz 1.5 iMMD CROSSTAR,25.700 €,2025,19.105 km,Híbrido,122 cv,Barcelona,2026-05-07 12:40:44,UNKNOWN,https://www.coches.net/honda-jazz-15-immd-crosstar-5p-electrico-hibrido-2024-en-barcelona-70447471-covo.aspx
MERCEDES-BENZ,MERCEDES-BENZ Clase A MercedesAMG A 35 4MATIC,37.900 €,2022,74.570 km,Gasolina,306 cv,Barcelona,2026-05-07 12:40:44,UNKNOWN,https://www.coches.net/mercedes-benz-clase-a-mercedesamg-a-35-4matic-5p-gasolina-2020-en-barcelona-70447472-covo.aspx
MAZDA,MAZDA CX-5 2.0 G 2WD AT Zenith,20.900 €,2019,64.996 km,Gasolina,165 cv,Barcelona,2026-05-07 12:40:44,UNKNOWN,https://www.coches.net/mazda-cx-5-20-g-121kw-165cv-2wd-at-zenith-5p-gasolina-2019-en-barcelona-70447475-covo.aspx
MAZDA,MAZDA CX-60 eSkyactiv PHEV AWD ExclusiveLine,45.900 €,2025,15.750 km,Híbrido enchufable,327 cv,Barcelona,2026-05-07 12:40:44,UNKNOWN,https://www.coches.net/mazda-cx-60-eskyactiv-phev-awd-exclusiveline-5p-electrico-hibrido-2024-en-barcelona-70447489-covo.aspx
VOLKSWAGEN,VOLKSWAGEN Tiguan Life 2.0 TDI DSG,21.500 €,2021,165.000 km,Diesel,150 cv,Madrid,2026-05-07 12:40:44,C,https://www.coches.net/volkswagen-tiguan-life-20-tdi-110kw-150cv-dsg-5p-diesel-2022-en-madrid-70448223-covo.aspx
CITROEN,CITROEN C3 PureTech Feel,10.650 €,2023,64.185 km,Gasolina,83 cv,Madrid,2026-05-07 12:40:44,C,https://www.coches.net/citroen-c3-puretech-60kw-83cv-feel-5p-gasolina-2022-en-madrid-70449396-covo.aspx
CITROEN,CITROEN Grand C4 Spacetourer PureTech SS 6v Shine,14.950 €,2021,84.560 km,Gasolina,130 cv,Madrid,2026-05-07 12:40:44,C,https://www.coches.net/citroen-grand-c4-spacetourer-puretech-96kw-130cv-ss-6v-shine-5p-gasolina-2020-en-madrid-70449398-covo.aspx
RENAULT,RENAULT Mégane Business Blue dCi,13.750 €,2021,115.991 km,Diesel,95 cv,Madrid,2026-05-07 12:40:44,C,https://www.coches.net/renault-megane-business-blue-dci-70-kw-95cv-5p-diesel-2018-en-madrid-70449400-covo.aspx
CITROEN,CITROEN C3 PureTech Feel,10.750 €,2023,58.321 km,Gasolina,83 cv,Madrid,2026-05-07 12:40:44,C,https://www.coches.net/citroen-c3-puretech-60kw-83cv-feel-5p-gasolina-2022-en-madrid-70449402-covo.aspx
SKODA,SKODA Scala SCALA 1.6 TDI 115 CV DSG Ambitio,12.450 €,2021,207.930 km,Diesel,115 cv,Madrid,2026-05-07 12:40:44,C,https://www.coches.net/skoda-scala-scala-16-tdi-85-kw-115-cv-dsg-ambitio-5p-diesel-2021-en-madrid-70449404-covo.aspx
MERCEDES-BENZ,MERCEDES-BENZ Clase M ML 350 BlueTEC 4MATIC,33.450 €,2014,86.791 km,Diesel,258 cv,Madrid,2026-05-07 12:40:44,C,https://www.coches.net/mercedes-benz-clase-m-ml-350-bluetec-4matic-5p-diesel-2015-en-madrid-70449406-covo.aspx
AUDI,AUDI Q3 Black line 35 TDI S tronic,21.450 €,2019,148.753 km,Diesel,150 cv,Madrid,2026-05-07 12:40:44,C,https://www.coches.net/audi-q3-black-line-35-tdi-110kw-150cv-s-tronic-5p-diesel-2019-en-madrid-70449407-covo.aspx
LAND-ROVER,LAND-ROVER Range Rover Sport 3.0 SDV6 HSE Dynamic,46.450 €,2020,98.775 km,Diesel,249 cv,Madrid,2026-05-07 12:40:44,C,https://www.coches.net/land-rover-range-rover-sport-30-sdv6-183kw-249cv-hse-dynamic-5p-diesel-2020-en-madrid-70449411-covo.aspx
RENAULT,RENAULT Mégane Zen TCe GPF,13.950 €,2023,167.457 km,Gasolina,140 cv,Madrid,2026-05-07 12:40:44,C,https://www.coches.net/renault-megane-zen-tce-103-kw-140cv-gpf-5p-gasolina-2021-en-madrid-70449413-covo.aspx
OPEL,OPEL Corsa 1.4 Selective Pro,8.750 €,2019,149.452 km,Gasolina,90 cv,Madrid,2026-05-07 12:40:44,C,https://www.coches.net/opel-corsa-14-66kw-90cv-selective-pro-5p-gasolina-2019-en-madrid-70449416-covo.aspx
SKODA,SKODA Scala 1.0 TSI 110 CV Ambition,13.250 €,2021,118.580 km,Gasolina,110 cv,Madrid,2026-05-07 12:40:44,C,https://www.coches.net/skoda-scala-10-tsi-81kw-110-cv-ambition-5p-gasolina-2022-en-madrid-70449417-covo.aspx
SKODA,SKODA Karoq 1.0 TSI Ambition,17.750 €,2018,69.834 km,Gasolina,116 cv,Madrid,2026-05-07 12:40:44,C,https://www.coches.net/skoda-karoq-10-tsi-85kw-115cv-ambition-5p-gasolina-2017-en-madrid-70449427-covo.aspx
FIAT,FIAT Tipo 1.6 Business Multijet II,10.950 €,2018,151.085 km,Diesel,120 cv,Madrid,2026-05-07 12:40:44,C,https://www.coches.net/fiat-tipo-16-business-88kw-120cv-multijet-ii-5p-diesel-2016-en-madrid-70449430-covo.aspx
SKODA,SKODA Fabia 1.0 TSI Ambition,12.750 €,2023,132.121 km,Gasolina,95 cv,Madrid,2026-05-07 12:40:44,C,https://www.coches.net/skoda-fabia-10-tsi-70kw-95cv-ambition-5p-gasolina-2023-en-madrid-70449433-covo.aspx
MASERATI,MASERATI Levante V6 275 HP D AWD GranLusso,28.950 €,2017,199.718 km,Diesel,275 cv,Madrid,2026-05-07 12:40:44,C,https://www.coches.net/maserati-levante-v6-275-hp-d-awd-granlusso-5p-diesel-2018-en-madrid-70449434-covo.aspx
MERCEDES-BENZ,MERCEDES-BENZ Clase GLA GLA 220 d AMG Line,20.950 €,2017,139.953 km,Diesel,177 cv,A Coruña,2026-05-07 12:40:44,UNKNOWN,https://www.coches.net/mercedes-benz-clase-gla-gla-220-d-amg-line-5p-diesel-2017-en-a-coruna-70450786-covo.aspx
VOLKSWAGEN,VOLKSWAGEN Arteon RLine 2.0 TDI DSG,29.990 €,2022,43.149 km,Diesel,150 cv,Madrid,2026-05-07 12:40:44,C,https://www.coches.net/volkswagen-arteon-rline-20-tdi-110kw-150cv-dsg-5p-diesel-2022-en-madrid-70451097-covo.aspx
AUDI,AUDI A3 2.0 TDI Sportback,18.450 €,2017,100.388 km,Diesel,150 cv,A Coruña,2026-05-07 12:40:44,UNKNOWN,https://www.coches.net/audi-a3-20-tdi-110kw-150cv-sportback-5p-diesel-2018-en-a-coruna-70451488-covo.aspx
PEUGEOT,PEUGEOT 3008 1.5 BlueHDi SS GT Line EAT8,16.950 €,2020,159.046 km,Diesel,130 cv,Madrid,2026-05-07 12:40:44,C,https://www.coches.net/peugeot-3008-15-bluehdi-96kw-ss-gt-line-eat8-5p-diesel-2020-en-madrid-70451854-covo.aspx
MERCEDES-BENZ,MERCEDES-BENZ GLC Coupé GLC 220 d 4MATIC,36.499 €,2020,167.000 km,Diesel,194 cv,Alicante,2026-05-07 12:40:44,C,https://www.coches.net/mercedes-benz-glc-coupe-glc-220-d-4matic-5p-diesel-2021-en-alicante-70452888-covo.aspx
LEXUS,LEXUS CT 200h Executive,11.990 €,2014,170.000 km,Híbrido,136 cv,Barcelona,2026-05-07 12:40:44,ECO,https://www.coches.net/lexus-ct-200h-executive-5p-electrico-hibrido-2014-en-barcelona-70453198-covo.aspx
MAZDA,MAZDA CX-3 2.0 G 2WD Zenith,16.900 €,2022,111.775 km,Gasolina,121 cv,Barcelona,2026-05-07 12:40:44,C,https://www.coches.net/mazda-cx-3-20-g-89kw-121cv-2wd-zenith-5p-gasolina-2021-en-barcelona-70453404-covo.aspx
MAZDA,MAZDA CX-30 eSKYACTIVG 2.0 2WD Evolution,22.900 €,2023,40.000 km,Híbrido,122 cv,León,2026-05-07 12:40:44,ECO,https://www.coches.net/mazda-cx-30-eskyactivg-20-90-kw-2wd-evolution-5p-electrico-hibrido-2022-en-leon-70454884-covo.aspx
VOLKSWAGEN,VOLKSWAGEN Golf Edition 1.0 TSI,17.990 €,2020,53.919 km,Gasolina,115 cv,Madrid,2026-05-07 12:40:44,C,https://www.coches.net/volkswagen-golf-edition-10-tsi-85kw-115cv-5p-gasolina-2020-en-madrid-70456639-covo.aspx
SUZUKI,SUZUKI S-Cross 1.4T S3 Mild Hybrid,26.900 €,2025,11.652 km,Híbrido,110 cv,Barcelona,2026-05-07 12:40:44,UNKNOWN,https://www.coches.net/suzuki-s-cross-14t-s3-mild-hybrid-5p-electrico-hibrido-2025-en-barcelona-70456731-covo.aspx
SUZUKI,SUZUKI S-Cross 1.4T S2 Mild Hybrid,25.900 €,2025,9700 km,Híbrido,129 cv,Barcelona,2026-05-07 12:40:44,UNKNOWN,https://www.coches.net/km-0/suzuki/s-cross/barcelona/14t-s2-mild-hybrid-electrico-hibrido-de-km0-70456742-kovn.aspx
SUZUKI,SUZUKI S-Cross 1.4T S2 Mild Hybrid,25.900 €,2025,3815 km,Híbrido,129 cv,Barcelona,2026-05-07 12:40:44,UNKNOWN,https://www.coches.net/km-0/suzuki/s-cross/barcelona/14t-s2-mild-hybrid-electrico-hibrido-de-km0-70456744-kovn.aspx
SUZUKI,SUZUKI S-Cross 1.4T S2 Mild Hybrid,25.900 €,2025,15.027 km,Híbrido,129 cv,Barcelona,2026-05-07 12:40:44,UNKNOWN,https://www.coches.net/suzuki-s-cross-14t-s2-mild-hybrid-5p-electrico-hibrido-2024-en-barcelona-70456746-covo.aspx
JEEP,JEEP Renegade 1.6 Mjet Limited 4x2,18.500 €,2019,99.800 km,Diesel,120 cv,Madrid,2026-05-07 12:40:44,C,https://www.coches.net/jeep-renegade-16-mjet-limited-4x2-5p-diesel-2019-en-madrid-70458652-covo.aspx
INFINITI,INFINITI QX50 3.0D V6 GT PREMIUM AWD AUTO,14.500 €,2015,154.882 km,Diesel,238 cv,Asturias,2026-05-07 12:40:44,B,https://www.coches.net/infiniti-qx50-30d-v6-gt-premium-awd-auto-5p-diesel-2014-en-asturias-70460458-covo.aspx
FORD,FORD Capri Premium R. Ext. RWD 77kWh,39.350 €,2025,17.289 km,Eléctrico,286 cv,Madrid,2026-05-07 12:40:44,CERO,https://www.coches.net/ford-capri-premium-r-ext-rwd-77kwh-286cv-5p-electrico-hibrido-2025-en-madrid-70462227-covo.aspx
MAZDA,MAZDA CX-30 eSKYACTIVX 2.0 Homura,22.900 €,2022,60.725 km,Híbrido,186 cv,Barcelona,2026-05-07 12:40:44,UNKNOWN,https://www.coches.net/mazda-cx-30-eskyactivx-20-137kw-homura-5p-electrico-hibrido-2022-en-barcelona-70465451-covo.aspx
MAZDA,MAZDA CX-30 eSKYACTIVX 2.0 AT Zenith,21.900 €,2021,93.169 km,Híbrido,186 cv,Barcelona,2026-05-07 12:40:44,UNKNOWN,https://www.coches.net/mazda-cx-30-eskyactivx-20-137kw-at-zenith-5p-electrico-hibrido-2022-en-barcelona-70465456-covo.aspx
HONDA,HONDA Jazz 1.5 iMMD CROSSTAR,25.500 €,2025,18.204 km,Híbrido,122 cv,Barcelona,2026-05-07 12:40:44,UNKNOWN,https://www.coches.net/honda-jazz-15-immd-crosstar-5p-electrico-hibrido-2025-en-barcelona-70465458-covo.aspx
SUZUKI,SUZUKI S-Cross 1.4T S2 Mild Hybrid,25.900 €,2025,9950 km,Híbrido,129 cv,Barcelona,2026-05-07 12:40:44,UNKNOWN,https://www.coches.net/km-0/suzuki/s-cross/barcelona/14t-s2-mild-hybrid-electrico-hibrido-de-km0-70465460-kovn.aspx
FORD,FORD Kuga STLine 1.5T EcoBoost,18.990 €,2022,73.177 km,Gasolina,150 cv,Madrid,2026-05-07 12:40:44,C,https://www.coches.net/ford-kuga-stline-15t-ecoboost-110kw-150cv-5p-gasolina-2022-en-madrid-70465507-covo.aspx
FIAT,FIAT 500 Dolcevita 1.0 Hybrid 70 CV,9.400 €,2022,57.000 km,Híbrido,70 cv,Madrid,2026-05-07 12:40:44,ECO,https://www.coches.net/fiat-500-dolcevita-10-hybrid-51kw-70-cv-3p-electrico-hibrido-2022-en-madrid-70468290-covo.aspx
