Brand,Car_Name,Selling_Price,Year,Kms_Driven,Fuel_Type,cc,Location,Date Scraping,Etiqueta,Ref
MERCEDES-BENZ,MERCEDES-BENZ Clase M ML 250 BlueTEC 4MATIC Edition 1,15.990 €,2012,260.000 km,Diesel,204 cv,Salamanca,2026-05-06 13:53:40,B,https://www.coches.net/mercedes-benz-clase-m-ml-250-bluetec-4matic-edition-1-5p-diesel-2012-en-salamanca-70534173-covo.aspx
AUDI,AUDI Q5 S line 2.0 TDI quattro S tronic,29.295 €,2020,74.072 km,Diesel,190 cv,Madrid,2026-05-06 13:53:40,C,https://www.coches.net/audi-q5-s-line-20-tdi-140kw-quattro-s-tronic-5p-diesel-2018-en-madrid-70564087-covo.aspx
FORD,FORD Grand Tourneo Custom 2.0 EcoBlue L2 Titanium Auto,47.990 €,2026,18 km,Diesel,170 cv,Madrid,2026-05-06 13:53:40,C,https://www.coches.net/ford-grand-tourneo-custom-20-ecoblue-125kw-l2-titanium-auto-4p-diesel-2026-en-madrid-70530700-covo.aspx
BMW,BMW Serie 4 430d xDrive Gran Coupe,43.900 €,2022,109.880 km,Híbrido,286 cv,Badajoz,2026-05-06 13:53:40,ECO,https://www.coches.net/bmw-serie-4-430d-xdrive-gran-coupe-5p-electrico-hibrido-2023-en-badajoz-70225342-covo.aspx
FORD,FORD Focus 2.3 Ecoboost ST 3,26.099 €,2019,42.491 km,Gasolina,280 cv,Madrid,2026-05-06 13:53:40,C,https://www.coches.net/ford-focus-23-ecoboost-206kw-st-3-5p-gasolina-2019-en-madrid-70207372-covo.aspx
KIA,KIA Sportage 1.6 GDi Concept 4x2,12.800 €,2018,119.323 km,Gasolina,132 cv,Granada,2026-05-06 13:53:40,C,https://www.coches.net/kia-sportage-16-gdi-97kw-132cv-concept-4x2-5p-gasolina-2017-en-granada-70526935-covo.aspx
SEAT,SEAT Ibiza 1.0 MPI Reference,10.900 €,2022,101.900 km,Gasolina,80 cv,Baleares,2026-05-06 13:53:40,B,https://www.coches.net/seat-ibiza-10-mpi-59kw-80cv-reference-5p-gasolina-2023-en-baleares-70512654-covo.aspx
MERCEDES-BENZ,MERCEDES-BENZ Clase A A 250 e con tecnologia hibrida EQ,36.490 €,2025,13.065 km,Híbrido enchufable,218 cv,Madrid,2026-05-06 13:53:40,B,https://www.coches.net/mercedes-benz-clase-a-a-250-e-con-tecnologia-hibrida-eq-5p-electrico-hibrido-2025-en-madrid-70118821-covo.aspx
BMW,BMW Serie 1 116d,19.699 €,2020,67.295 km,Diesel,116 cv,Sevilla,2026-05-06 13:53:40,C,https://www.coches.net/bmw-serie-1-116d-5p-diesel-2021-en-sevilla-62515008-covo.aspx
VOLVO,VOLVO S60 T6 Recharge Inscription aut,32.900 €,2020,63.329 km,Híbrido enchufable,340 cv,Valladolid,2026-05-06 13:53:40,CERO,https://www.coches.net/volvo-s60-t6-recharge-inscription-aut-4p-electrico-hibrido-2021-en-valladolid-70421671-covo.aspx
SKODA,SKODA Scout 2.0 TDI CR DSG 4x4,16.490 €,2017,147.889 km,Diesel,184 cv,Valencia,2026-05-06 13:53:40,C,https://www.coches.net/skoda-scout-20-tdi-cr-135kw-184cv-dsg-4x4-5p-diesel-2018-en-valencia-70397347-covo.aspx
CUPRA,CUPRA Terramar 1.5 TSI eHybrid 272 CV VZ DSG,37.490 €,2025,35.100 km,Híbrido enchufable,272 cv,Madrid,2026-05-06 13:53:40,CERO,https://www.coches.net/cupra-terramar-15-tsi-ehybrid-200kw-272-cv-vz-dsg-5p-electrico-hibrido-2025-en-madrid-70485172-covo.aspx
CUPRA,CUPRA Terramar 1.5 TSI eHybrid 272 CV VZ DSG,40.990 €,2025,12.618 km,Híbrido enchufable,272 cv,Madrid,2026-05-06 13:53:40,CERO,https://www.coches.net/cupra-terramar-15-tsi-ehybrid-200kw-272-cv-vz-dsg-5p-electrico-hibrido-2026-en-madrid-70485346-covo.aspx
BMW,BMW Serie 3 318d Auto.,41.100 €,2025,22.245 km,Híbrido,150 cv,Albacete,2026-05-06 13:53:40,ECO,https://www.coches.net/bmw-serie-3-318d-auto-4p-electrico-hibrido-2025-en-albacete-70128793-covo.aspx
VOLKSWAGEN,VOLKSWAGEN T-Roc Advance Style 2.0 TDI,18.250 €,2021,125.000 km,Diesel,115 cv,Madrid,2026-05-06 13:53:40,C,https://www.coches.net/volkswagen-t-roc-advance-style-20-tdi-85kw-115cv-5p-diesel-2022-en-madrid-70164650-covo.aspx
CITROEN,CITROEN C3 PureTech Feel Pack,11.500 €,2022,44.000 km,Gasolina,83 cv,Castellón,2026-05-06 13:53:40,B,https://www.coches.net/citroen-c3-puretech-60kw-83cv-feel-pack-5p-gasolina-2021-en-castellon-70255012-covo.aspx
VOLKSWAGEN,VOLKSWAGEN Golf Match 1.5 PHEV DSG,32.800 €,2025,100 km,Híbrido enchufable,204 cv,León,2026-05-06 13:53:40,CERO,https://www.coches.net/volkswagen-golf-match-15-phev-110kw--85kw-dsg-5p-electrico-hibrido-2025-en-leon-70461958-covo.aspx
AUDI,AUDI A4 1.4 TFSI,17.999 €,2017,99.415 km,Gasolina,150 cv,Castellón,2026-05-06 13:53:40,C,https://www.coches.net/audi-a4-14-tfsi-110kw-150cv-4p-gasolina-2018-en-castellon-70206874-covo.aspx
JEEP,JEEP Renegade 1.0G Longitude 4x2,15.490 €,2020,48.900 km,Gasolina,120 cv,Barcelona,2026-05-06 13:53:40,C,https://www.coches.net/jeep-renegade-10g-88kw-longitude-4x2-5p-gasolina-2020-en-barcelona-70456853-covo.aspx
FORD,FORD Puma 1.0 EcoBoost STLine X MHEV,15.730 €,2022,78.350 km,Híbrido,125 cv,Barcelona,2026-05-06 13:53:40,B,https://www.coches.net/ford-puma-10-ecoboost-125cv-stline-x-mhev-5p-electrico-hibrido-2022-en-barcelona-62491738-covo.aspx
MERCEDES-BENZ,MERCEDES-BENZ Clase A A 180 d,12.750 €,2017,205.000 km,Diesel,109 cv,Cuenca,2026-05-06 13:53:40,C,https://www.coches.net/mercedes-benz-clase-a-a-180-d-5p-diesel-2018-en-cuenca-70165712-covo.aspx
PEUGEOT,PEUGEOT 3008 1.5 BlueHDi SS Active Pack,17.990 €,2021,62.967 km,Diesel,130 cv,Gipuzkoa,2026-05-06 13:53:40,B,https://www.coches.net/peugeot-3008-15-bluehdi-96kw-130cv-ss-active-pack-5p-diesel-2021-en-guipuzcoa-70302988-covo.aspx
PEUGEOT,PEUGEOT 508 Active BlueHDi 130 SS EAT8,14.000 €,2021,119.500 km,Diesel,130 cv,Alicante,2026-05-06 13:53:40,B,https://www.coches.net/peugeot-508-5p-active-bluehdi-130-ss-eat8-5p-diesel-2021-en-alicante-62260807-covo.aspx
PEUGEOT,PEUGEOT 2008 Allure Pack Puretech 130 SS EAT8,18.990 €,2024,19.900 km,Gasolina,130 cv,Madrid,2026-05-06 13:53:40,C,https://www.coches.net/peugeot-2008-allure-pack-puretech-130-ss-eat8-5p-gasolina-2023-en-madrid-70527916-covo.aspx
FORD,FORD Kuga Active 2.5 Duratec PHEV Auto,30.900 €,2024,990 km,Híbrido enchufable,243 cv,Madrid,2026-05-06 13:53:40,CERO,https://www.coches.net/ford-kuga-active-25-duratec-phev-178kw-auto-5p-electrico-hibrido-2024-en-madrid-70528713-covo.aspx
SEAT,SEAT Arona 1.6 TDI FR Ecomotive,13.900 €,2019,205.437 km,Diesel,115 cv,Sevilla,2026-05-06 13:53:40,B,https://www.coches.net/seat-arona-16-tdi-85kw-115cv-fr-ecomotive-5p-diesel-2019-en-sevilla-70533367-covo.aspx
DACIA,DACIA Duster Prestige Bl. dCi 85kW115CV 4X4,18.995 €,2022,85.000 km,Diesel,115 cv,Sevilla,2026-05-06 13:53:40,C,https://www.coches.net/dacia-duster-prestige-bl-dci-85kw115cv-4x4-5p-diesel-2022-en-sevilla-70535848-covo.aspx
DACIA,DACIA Spring Extreme Electric,14.962 €,2025,4655 km,Eléctrico,65 cv,Barcelona,2026-05-06 13:53:40,B,https://www.coches.net/dacia-spring-extreme-electric-48kw-65cv-5p-electrico-hibrido-2024-en-barcelona-61212983-covo.aspx
VOLKSWAGEN,VOLKSWAGEN Passat Variant GTE 1.4 TSI DSG,13.990 €,2016,238.250 km,Híbrido enchufable,218 cv,Salamanca,2026-05-06 13:53:40,CERO,https://www.coches.net/volkswagen-passat-variant-gte-14-tsi-dsg-5p-electrico-hibrido-2017-en-salamanca-70126423-covo.aspx
SEAT,SEAT León 2.0 TSI DSG7 StSp Cupra,28.500 €,2019,"55,000 km",Gasolina,290 cv,Barcelona,2026-05-06 13:53:40,C,https://www.coches.net/seat-leon-20-tsi-213kw-290cv-dsg7-stsp-cupra-5p-gasolina-2019-en-barcelona-70525695-covo.aspx
MERCEDES-BENZ,MERCEDES-BENZ Clase GLC GLC 300 de 4MATIC,34.900 €,2021,119.000 km,Híbrido enchufable,306 cv,A Coruña,2026-05-06 13:53:40,CERO,https://www.coches.net/mercedes-benz-clase-glc-glc-300-de-4matic-5p-electrico-hibrido-2021-en-a-coruna-70240340-covo.aspx
FORD,FORD C-Max 1.5 TDCi Business,12.500 €,2018,167.000 km,Diesel,120 cv,Sevilla,2026-05-06 13:53:40,C,https://www.coches.net/ford-c-max-15-tdci-88kw-120cv-business-5p-diesel-2019-en-sevilla-70435870-covo.aspx
DS,DS DS 7 Crossback E-Tense 1.6 ETense 225 GRAND CHIC Auto,22.999 €,2021,64.103 km,Híbrido enchufable,225 cv,Madrid,2026-05-06 13:53:40,CERO,https://www.coches.net/ds-ds-7-crossback-e-tense-16-etense-225-grand-chic-auto-5p-electrico-hibrido-2021-en-madrid-70517520-covo.aspx
SEAT,SEAT León 1.0 eTSI DSG7 SS FR,22.950 €,2022,61.000 km,Híbrido,110 cv,Barcelona,2026-05-06 13:53:40,ECO,https://www.coches.net/seat-leon-10-etsi-81kw-dsg7-ss-fr-5p-electrico-hibrido-2023-en-barcelona-70414535-covo.aspx
MERCEDES-BENZ,MERCEDES-BENZ GLA GLA 200 D,40.900 €,2024,32.020 km,Diesel,150 cv,Sevilla,2026-05-06 13:53:40,C,https://www.coches.net/mercedes-benz-gla-gla-200-d-5p-diesel-2025-en-sevilla-70371177-covo.aspx
KIA,KIA Sportage 1.6 TGDi Concept 4x2,22.290 €,2022,43.001 km,Gasolina,150 cv,Barcelona,2026-05-06 13:53:40,C,https://www.coches.net/kia-sportage-16-tgdi-110kw-150cv-concept-4x2-5p-gasolina-2022-en-barcelona-70220913-covo.aspx
CITROEN,CITROEN C4 1.6 HDi 110 Collection,2.799 €,2007,395.600 km,Diesel,110 cv,Madrid,2026-05-06 13:53:40,B,https://www.coches.net/citroen-c4-16-hdi-110-collection-3p-diesel-2004-en-madrid-70459393-covo.aspx
CITROEN,CITROEN C4 Spacetourer BlueHDi Shine,13.190 €,2019,112.140 km,Diesel,130 cv,Cantabria,2026-05-06 13:53:40,C,https://www.coches.net/citroen-c4-spacetourer-bluehdi-96kw-130cv-shine-5p-diesel-2019-en-cantabria-61862085-covo.aspx
TOYOTA,TOYOTA C-HR 1.8 125H Style Plus,18.990 €,2019,96.967 km,Híbrido,122 cv,Sta. C. Tenerife,2026-05-06 13:53:40,ECO,https://www.coches.net/toyota-c-hr-18-125h-style-plus-5p-electrico-hibrido-2019-en-sta-c-tenerife-70518407-covo.aspx
AUDI,AUDI A1 1.6 TDI Adrenalin2,9.999 €,2015,139.000 km,Diesel,116 cv,Madrid,2026-05-06 13:53:40,C,https://www.coches.net/audi-a1-16-tdi-116cv-adrenalin2-3p-diesel-2016-en-madrid-70522056-covo.aspx
FORD,FORD Ka Urban 1.2 Duratec AutoStartStop,5.950 €,2013,97.175 km,Gasolina,69 cv,Barcelona,2026-05-06 13:53:40,C,https://www.coches.net/ford-ka-urban-12-duratec-autostartstop-3p-gasolina-2012-en-barcelona-70229651-covo.aspx
FIAT,FIAT 600 600 MHEV La prima 1.2 DDCT,21.900 €,2024,16.291 km,Híbrido,100 cv,Pontevedra,2026-05-06 13:53:40,ECO,https://www.coches.net/fiat-600-600-mhev-la-prima-12-74kw-100cv-ddct-5p-electrico-hibrido-2024-en-pontevedra-70485854-covo.aspx
JAGUAR,JAGUAR X-Type 2.5 V6,5.490 €,2002,135.200 km,Gasolina,196 cv,Tarragona,2026-05-06 13:53:40,B,https://www.coches.net/jaguar-x-type-25-v6-4p-gasolina-2003-en-tarragona-70564134-covo.aspx
KIA,KIA Sportage 1.7 CRDI VGT xTech EcoDynam 4x2,11.990 €,2015,131.251 km,Diesel,115 cv,Barcelona,2026-05-06 13:53:40,B,https://www.coches.net/kia-sportage-17-crdi-vgt-115cv-xtech-ecodynam-4x2-5p-diesel-2015-en-barcelona-70500141-covo.aspx
KIA,KIA Sportage 1.7 CRDI VGT xTech EcoDynam 4x2,11.890 €,2015,122.476 km,Diesel,115 cv,Barcelona,2026-05-06 13:53:40,B,https://www.coches.net/kia-sportage-17-crdi-vgt-115cv-xtech-ecodynam-4x2-5p-diesel-2014-en-barcelona-70500690-covo.aspx
KIA,KIA cee'd 1.6 CRDi Drive,3.199 €,2011,259.500 km,Diesel,90 cv,Madrid,2026-05-06 13:53:40,B,https://www.coches.net/kia-ceed-16-crdi-90cv-drive-5p-diesel-2011-en-madrid-70475048-covo.aspx
SEAT,SEAT Arona 1.0 TSI FR Special Edition,19.700 €,2025,15.897 km,Gasolina,115 cv,Girona,2026-05-06 13:53:40,B,https://www.coches.net/seat-arona-10-tsi-85kw-115cv-fr-special-edition-5p-gasolina-2025-en-girona-70174110-covo.aspx
NISSAN,NISSAN QASHQAI DIGT NConnecta,21.300 €,2023,79.125 km,Híbrido,140 cv,Pontevedra,2026-05-06 13:53:40,ECO,https://www.coches.net/nissan-qashqai-digt-103kw-nconnecta-5p-electrico-hibrido-2024-en-pontevedra-70313340-covo.aspx
PORSCHE,PORSCHE 911 Carrera GTS Cabriolet,214.900 €,2025,18.160 km,Gasolina,541 cv,Barcelona,2026-05-06 13:53:40,B,https://www.coches.net/porsche-911-carrera-gts-cabriolet-2p-gasolina-2025-en-barcelona-70465900-covo.aspx
PEUGEOT,PEUGEOT Rifter Active Pack Standard BlueHDi,18.990 €,2022,18.746 km,Diesel,100 cv,Madrid,2026-05-06 13:53:40,C,https://www.coches.net/peugeot-rifter-active-pack-standard-bluehdi-73kw-5p-diesel-2021-en-madrid-70151136-covo.aspx
VOLKSWAGEN,VOLKSWAGEN Touareg Prem Eleg 3.0 V6 TDI Tip 4M,46.990 €,2022,56.348 km,Diesel,286 cv,Madrid,2026-05-06 13:53:40,C,https://www.coches.net/volkswagen-touareg-prem-eleg-30-v6-tdi-210kw-tip-4m-5p-diesel-2022-en-madrid-62544216-covo.aspx
DACIA,DACIA Duster Comfort Bl. dCi 85kW115CV 4X2,15.490 €,2021,76.000 km,Diesel,115 cv,Valencia,2026-05-06 13:53:40,C,https://www.coches.net/dacia-duster-comfort-bl-dci-85kw115cv-4x2-5p-diesel-2020-en-valencia-70329920-covo.aspx
OPEL,OPEL Mokka 1.5 D Ultimate,17.900 €,2022,50.488 km,Diesel,110 cv,Navarra,2026-05-06 13:53:40,C,https://www.coches.net/opel-mokka-15-d-ultimate-5p-diesel-2022-en-navarra-70456877-covo.aspx
KIA,KIA Picanto 1.0 DPi Concept,12.990 €,2023,22.000 km,Gasolina,67 cv,Barcelona,2026-05-06 13:53:40,C,https://www.coches.net/kia-picanto-10-dpi-49kw-67cv-concept-5p-gasolina-2023-en-barcelona-70429382-covo.aspx
AUDI,AUDI A6 RS 6 Avant TFSI quattro,90.900 €,2020,100.000 km,Gasolina,600 cv,Barcelona,2026-05-06 13:53:40,B,https://www.coches.net/audi-a6-rs-6-avant-tfsi-quattro-5p-gasolina-2020-en-barcelona-70204384-covo.aspx
VOLKSWAGEN,VOLKSWAGEN Tiguan Allspace Sport 2.0 TDI 4Motion DSG,28.900 €,2019,91.000 km,Diesel,150 cv,Bizkaia,2026-05-06 13:53:40,C,https://www.coches.net/volkswagen-tiguan-allspace-sport-20-tdi-110kw-150cv-4motion-dsg-5p-diesel-2019-en-vizcaya-70508289-covo.aspx
HYUNDAI,HYUNDAI Tucson 1.6T Klass,26.790 €,2025,32.027 km,Gasolina,160 cv,Navarra,2026-05-06 13:53:40,C,https://www.coches.net/hyundai-tucson-16t-118kw-160cv-klass-5p-gasolina-2025-en-navarra-70516337-covo.aspx
VOLKSWAGEN,VOLKSWAGEN Passat 2.0 TDI DPF Advance,7.500 €,2008,154.000 km,Diesel,140 cv,Córdoba,2026-05-06 13:53:40,B,https://www.coches.net/volkswagen-passat-20-tdi-140cv-dpf-advance-4p-diesel-2008-en-cordoba-62559908-covo.aspx
AUDI,AUDI Q7 S line 50 TDI quattro tip,35.000 €,2019,220.000 km,Diesel,286 cv,Asturias,2026-05-06 13:53:40,C,https://www.coches.net/audi-q7-s-line-50-tdi-210kw-286cv-quattro-tip-5p-diesel-2020-en-asturias-70163725-covo.aspx
HYUNDAI,HYUNDAI i20 1.2 MPI Klass,15.700 €,2024,8400 km,Gasolina,84 cv,Valladolid,2026-05-06 13:53:40,C,https://www.coches.net/hyundai-i20-12-mpi-klass-5p-gasolina-2024-en-valladolid-70431757-covo.aspx
NISSAN,NISSAN QASHQAI DIGT mHEV Xtronic 4x4 NConnecta,21.890 €,2022,65.691 km,Híbrido,158 cv,Madrid,2026-05-06 13:53:40,ECO,https://www.coches.net/nissan-qashqai-digt-116kw-mhev-xtronic-4x4-nconnecta-5p-electrico-hibrido-2021-en-madrid-62536336-covo.aspx
ALFA,ALFA ROMEO Giulietta 1.6 JTDm Distinctive,6.490 €,2012,194.500 km,Diesel,105 cv,Madrid,2026-05-06 13:53:40,B,https://www.coches.net/alfa-romeo-giulietta-16-jtdm-105cv-distinctive-5p-diesel-2011-en-madrid-62549157-covo.aspx
SEAT,SEAT Tarraco 2.0 TDI 4Drive DSG SS FR,30.990 €,2020,128.000 km,Diesel,200 cv,A Coruña,2026-05-06 13:53:40,C,https://www.coches.net/seat-tarraco-20-tdi-147kw-4drive-dsg-ss-fr-5p-diesel-2021-en-a-coruna-70375549-covo.aspx
RENAULT,RENAULT Arkana Evolution TCe 103kW140CV EDC mild hybr,26.310 €,2025,12 km,Híbrido,140 cv,Barcelona,2026-05-06 13:53:40,ECO,https://www.coches.net/renault-arkana-evolution-tce-103kw140cv-edc-mild-hybr-5p-electrico-hibrido-2024-en-barcelona-70380245-covo.aspx
MERCEDES-BENZ,MERCEDES-BENZ Clase E MercedesAMG E 53 4MATIC,64.990 €,2022,100.000 km,Híbrido,435 cv,Madrid,2026-05-06 13:53:40,ECO,https://www.coches.net/mercedes-benz-clase-e-mercedesamg-e-53-4matic-4p-electrico-hibrido-2022-en-madrid-70525458-covo.aspx
MERCEDES-BENZ,MERCEDES-BENZ GLA GLA 200 D,37.900 €,2024,38.503 km,Diesel,150 cv,Baleares,2026-05-06 13:53:40,C,https://www.coches.net/mercedes-benz-gla-gla-200-d-5p-diesel-2024-en-baleares-70528516-covo.aspx
FIAT,FIAT 500 Lounge 1.2 8v 69 CV,8.478 €,2019,88.863 km,Gasolina,69 cv,Madrid,2026-05-06 13:53:40,C,https://www.coches.net/fiat-500-lounge-12-8v-51kw-69-cv-3p-gasolina-2018-en-madrid-70401520-covo.aspx
VOLKSWAGEN,VOLKSWAGEN Golf Life 2.0 TDI DSG,25.690 €,2024,31.802 km,Diesel,115 cv,Barcelona,2026-05-06 13:53:40,C,https://www.coches.net/volkswagen-golf-life-20-tdi-85kw-115cv-dsg-5p-diesel-2024-en-barcelona-70287680-covo.aspx
PEUGEOT,PEUGEOT 508 Allure 2.0 BlueHDi,9.990 €,2017,188.000 km,Diesel,150 cv,Bizkaia,2026-05-06 13:53:40,C,https://www.coches.net/peugeot-508-allure-20-bluehdi-110kw-150cv-4p-diesel-2016-en-vizcaya-70415097-covo.aspx
RENAULT,RENAULT Captur evolution TCe,20.000 €,2025,30.987 km,Gasolina,90 cv,Baleares,2026-05-06 13:53:40,C,https://www.coches.net/renault-captur-evolution-tce-67kw-90cv-5p-gasolina-2024-en-baleares-70520471-covo.aspx
FORD,FORD Kuga 2.0 TDCi 140 4x2 Titanium,11.350 €,2014,122.500 km,Diesel,140 cv,Madrid,2026-05-06 13:53:40,B,https://www.coches.net/ford-kuga-20-tdci-140-4x2-titanium-5p-diesel-2014-en-madrid-70525762-covo.aspx
JEEP,JEEP Grand Cherokee Limited 4xe 2.0 PHEV,69.990 €,2024,18.944 km,Híbrido enchufable,381 cv,Madrid,2026-05-06 13:53:40,CERO,https://www.coches.net/jeep-grand-cherokee-limited-4xe-20-phev-5p-electrico-hibrido-2023-en-madrid-70527469-covo.aspx
BMW,BMW Serie 2 M2 Competition,55.990 €,2019,89.935 km,Gasolina,410 cv,Valencia,2026-05-06 13:53:40,C,https://www.coches.net/bmw-serie-2-m2-competition-2p-gasolina-2019-en-valencia-61866995-covo.aspx
VOLVO,VOLVO V60 2.0 B4 G Plus Dark Auto,40.500 €,2025,10.582 km,Híbrido,197 cv,A Coruña,2026-05-06 13:53:40,ECO,https://www.coches.net/volvo-v60-20-b4-g-plus-dark-auto-5p-electrico-hibrido-2025-en-a-coruna-70221541-covo.aspx
SUBARU,SUBARU Outback 2.5i Field CVT Lineartronic AWD,43.900 €,2026,10 km,Gasolina,169 cv,Murcia,2026-05-06 13:53:40,ECO,https://www.coches.net/km-0/subaru/outback/murcia/25i-field-cvt-lineartronic-awd-gasolina-de-km0-70222796-kovn.aspx
PEUGEOT,PEUGEOT 508 Allure Pack BlueHDi 130 SS EAT8,13.950 €,2020,177.000 km,Diesel,130 cv,Valencia,2026-05-06 13:53:40,C,https://www.coches.net/peugeot-508-5p-allure-pack-bluehdi-130-ss-eat8-5p-diesel-2020-en-valencia-70333524-covo.aspx
DACIA,DACIA Sandero Stepway Essential ECOG,13.500 €,2023,58.000 km,Gas licuado (GLP),101 cv,Valencia,2026-05-06 13:53:40,ECO,https://www.coches.net/dacia-sandero-stepway-essential-74kw-100cv-ecog-5p-otros-2023-en-valencia-70336846-covo.aspx
PEUGEOT,PEUGEOT e-208 Electrico Allure Pack,12.990 €,2021,83.436 km,Eléctrico,136 cv,Madrid,2026-05-06 13:53:40,CERO,https://www.coches.net/peugeot-e-208-electrico-allure-pack-5p-electrico-hibrido-2020-en-madrid-70446523-covo.aspx
MERCEDES-BENZ,MERCEDES-BENZ CLA CLA 200,30.490 €,2020,25.121 km,Gasolina,163 cv,Madrid,2026-05-06 13:53:40,C,https://www.coches.net/mercedes-benz-cla-cla-200-4p-gasolina-2020-en-madrid-70486597-covo.aspx
BMW,BMW X4 xDrive20d xLine,59.500 €,2025,18.267 km,Híbrido,190 cv,Málaga,2026-05-06 13:53:40,ECO,https://www.coches.net/bmw-x4-xdrive20d-xline-5p-electrico-hibrido-2025-en-malaga-70358683-covo.aspx
BMW,BMW Serie 3 320d Auto.,25.500 €,2019,119.598 km,Diesel,190 cv,Valladolid,2026-05-06 13:53:40,C,https://www.coches.net/bmw-serie-3-320d-auto-4p-diesel-2019-en-valladolid-70218783-covo.aspx
TOYOTA,TOYOTA Rav4 2.5l 220H Style,35.500 €,2022,69.990 km,Híbrido,218 cv,Madrid,2026-05-06 13:53:40,ECO,https://www.coches.net/toyota-rav4-25l-220h-style-5p-electrico-hibrido-2023-en-madrid-70533721-covo.aspx
BMW,BMW X3 3.0d,3.900 €,2005,380.000 km,Diesel,204 cv,Murcia,2026-05-06 13:53:40,B,https://www.coches.net/bmw-x3-30d-5p-diesel-2005-en-murcia-70479867-covo.aspx
TOYOTA,TOYOTA C-HR 2.0 220PH Advance,31.250 €,2025,8856 km,Híbrido enchufable,223 cv,Valencia,2026-05-06 13:53:40,CERO,https://www.coches.net/toyota-c-hr-20-220ph-advance-5p-electrico-hibrido-2024-en-valencia-62564219-covo.aspx
TOYOTA,TOYOTA C-HR 2.0 220PH Advance,32.500 €,2025,10.446 km,Híbrido enchufable,223 cv,Valencia,2026-05-06 13:53:40,CERO,https://www.coches.net/toyota-c-hr-20-220ph-advance-5p-electrico-hibrido-2025-en-valencia-62564329-covo.aspx
MERCEDES-BENZ,MERCEDES-BENZ Clase CLA CLA 200 d AMG Line Shooting Brake,12.990 €,2016,299.000 km,Diesel,136 cv,Sevilla,2026-05-06 13:53:40,B,https://www.coches.net/mercedes-benz-clase-cla-cla-200-d-amg-line-shooting-brake-5p-diesel-2016-en-sevilla-62214768-covo.aspx
VOLVO,VOLVO XC60 2.0 T6 AWD Recharge Inscription Exp Auto,27.500 €,2022,119.900 km,Híbrido enchufable,350 cv,Madrid,2026-05-06 13:53:40,CERO,https://www.coches.net/volvo-xc60-20-t6-awd-recharge-inscription-exp-auto-5p-electrico-hibrido-2022-en-madrid-70425075-covo.aspx
RENAULT,RENAULT Captur techno EcoG,22.490 €,2025,21.425 km,Gas licuado (GLP),100 cv,Valencia,2026-05-06 13:53:40,ECO,https://www.coches.net/renault-captur-techno-ecog-100cv-74-kw-5p-otros-2024-en-valencia-70421340-covo.aspx
BMW,BMW X2 sDrive16d,29.600 €,2023,19.644 km,Diesel,116 cv,Valladolid,2026-05-06 13:53:40,C,https://www.coches.net/bmw-x2-sdrive16d-5p-diesel-2024-en-valladolid-70465397-covo.aspx
DACIA,DACIA Sandero Comfort TCe,12.990 €,2023,71.000 km,Gasolina,91 cv,Sta. C. Tenerife,2026-05-06 13:53:40,C,https://www.coches.net/dacia-sandero-comfort-tce-67kw-90cv-5p-gasolina-2022-en-sta-c-tenerife-70327193-covo.aspx
RENAULT,RENAULT 4 E-Tech Iconic Autonomia Conf,31.660 €,2025,9700 km,Eléctrico,150 cv,Madrid,2026-05-06 13:53:40,CERO,https://www.coches.net/renault-4-e-tech-iconic-10kw-150cv-autonomia-conf-5p-electrico-hibrido-2025-en-madrid-70477813-covo.aspx
HYUNDAI,HYUNDAI Inster 49KWH Tecno 2C,27.999 €,2025,100 km,Eléctrico,115 cv,Madrid,2026-05-06 13:53:40,CERO,https://www.coches.net/km-0/hyundai/inster/madrid/49kwh-85kw-115cv-tecno-2c-electrico-hibrido-de-km0-70479270-kovn.aspx
SSANGYONG,SSANGYONG Tivoli G15T Urban,12.255 €,2019,118.866 km,Gasolina,163 cv,Madrid,2026-05-06 13:53:40,C,https://www.coches.net/ssangyong-tivoli-g15t-urban-5p-gasolina-2019-en-madrid-70434612-covo.aspx
FORD,FORD Kuga STLine X 2.5 Duratec PHEV Auto,24.990 €,2021,21.100 km,Híbrido enchufable,225 cv,Madrid,2026-05-06 13:53:40,CERO,https://www.coches.net/ford-kuga-stline-x-25-duratec-phev-165kw-auto-5p-electrico-hibrido-2021-en-madrid-70307869-covo.aspx
PEUGEOT,PEUGEOT 208 BlueHDi Active Pack,13.880 €,2023,38.091 km,Diesel,100 cv,Madrid,2026-05-06 13:53:40,B,https://www.coches.net/peugeot-208-bluehdi-73kw-100cv-active-pack-5p-diesel-2021-en-madrid-70438602-covo.aspx
KIA,KIA e-Niro eNiro Drive Long Range,19.390 €,2022,99.270 km,Eléctrico,204 cv,Madrid,2026-05-06 13:53:40,CERO,https://www.coches.net/kia-e-niro-eniro-150kw-204cv-drive-long-range-5p-electrico-hibrido-2022-en-madrid-70349826-covo.aspx
MASERATI,MASERATI Ghibli 3.0 V6 DS RWD,29.450 €,2016,130.484 km,Diesel,275 cv,Madrid,2026-05-06 13:53:40,C,https://www.coches.net/maserati-ghibli-30-v6-ds-275cv-rwd-4p-diesel-2016-en-madrid-70350875-covo.aspx
MERCEDES-BENZ,MERCEDES-BENZ Clase E E 350 4MATIC Avantgarde,18.499 €,2011,114.568 km,Gasolina,272 cv,Valencia,2026-05-06 13:53:40,B,https://www.coches.net/mercedes-benz-clase-e-e-350-4matic-avantgarde-4p-gasolina-2011-en-valencia-60879000-covo.aspx
SEAT,SEAT Ibiza 1.0 TSI Style Plus,15.863 €,2021,30.214 km,Gasolina,110 cv,Barcelona,2026-05-06 13:53:40,C,https://www.coches.net/seat-ibiza-10-tsi-81kw-110cv-style-plus-5p-gasolina-2022-en-barcelona-70263833-covo.aspx
MERCEDES-BENZ,MERCEDES-BENZ Clase B B 180 d,20.900 €,2019,118.700 km,Diesel,116 cv,Cádiz,2026-05-06 13:53:40,C,https://www.coches.net/mercedes-benz-clase-b-b-180-d-5p-diesel-2019-en-cadiz-70236173-covo.aspx
AUDI,AUDI A5 40 TDI S tronic Coupe,28.990 €,2020,97.000 km,Diesel,190 cv,Sevilla,2026-05-06 13:53:40,C,https://www.coches.net/audi-a5-40-tdi-140kw-190cv-s-tronic-coupe-2p-diesel-2021-en-sevilla-70366883-covo.aspx
PEUGEOT,PEUGEOT 208 PureTech EAT8 Allure Pack,16.900 €,2023,49.016 km,Gasolina,100 cv,Girona,2026-05-06 13:53:40,B,https://www.coches.net/peugeot-208-puretech-73kw-100cv-eat8-allure-pack-5p-gasolina-2023-en-girona-70541459-covo.aspx
AUDI,AUDI A5 sport 2.0 TDI S tronic Sportback,24.499 €,2016,88.578 km,Diesel,190 cv,Barcelona,2026-05-06 13:53:40,C,https://www.coches.net/audi-a5-sport-20-tdi-s-tronic-sportback-5p-diesel-2017-en-barcelona-70206948-covo.aspx
MAZDA,MAZDA Mazda3 2.0 eSKYACTIVX HOMURA AT,25.900 €,2023,52.000 km,Híbrido,186 cv,Tarragona,2026-05-06 13:53:40,ECO,https://www.coches.net/mazda-mazda3-20-eskyactivx-homura-at-5p-electrico-hibrido-2024-en-tarragona-70380125-covo.aspx
FORD,FORD C-Max 1.0 EcoBoost Trend,9.799 €,2016,65.481 km,Gasolina,125 cv,Sevilla,2026-05-06 13:53:40,C,https://www.coches.net/ford-c-max-10-ecoboost-125cv-trend-5p-gasolina-2016-en-sevilla-70215014-covo.aspx
AUDI,AUDI A6 allroad quattro 3.0 TDI quattro S tronic,14.990 €,2013,275.000 km,Diesel,245 cv,Bizkaia,2026-05-06 13:53:40,B,https://www.coches.net/audi-a6-allroad-quattro-3.0-tdi-245cv-quattro-s-tronic-5p-diesel-2013-en-vizcaya-61923052-covo.aspx
NISSAN,NISSAN PULSAR 1.2 DIGT NCONNECTA,9.990 €,2017,94.000 km,Gasolina,115 cv,Barcelona,2026-05-06 13:53:40,C,https://www.coches.net/nissan-pulsar-12-digt-nconnecta-5p-gasolina-2016-en-barcelona-70530208-covo.aspx
MINI,MINI COUNTRYMAN COOPER D COUNTRYMAN ALL4,11.990 €,2015,122.600 km,Diesel,112 cv,Baleares,2026-05-06 13:53:40,C,https://www.coches.net/mini-countryman-cooper-d-countryman-all4-5p-diesel-2015-en-baleares-70535132-covo.aspx
HYUNDAI,HYUNDAI Kona HEV 1.6GDI DT Tecno,29.900 €,2025,1 km,Híbrido,129 cv,Madrid,2026-05-06 13:53:40,ECO,https://www.coches.net/hyundai-kona-hev-16gdi-129cv-dt-tecno-5p-electrico-hibrido-2025-en-madrid-70367963-covo.aspx
FORD,FORD Tourneo Custom 2.0 EcoBlue L2 Titanium,29.999 €,2020,139.000 km,Diesel,185 cv,Almería,2026-05-06 13:53:40,C,https://www.coches.net/ford-tourneo-custom-20-ecoblue-136kw-185cv-l2-titanium-5p-diesel-2020-en-almeria-70368407-covo.aspx
SEAT,SEAT Ateca 1.5 TSI FR Special Edition,28.750 €,2025,1229 km,Gasolina,150 cv,Madrid,2026-05-06 13:53:40,C,https://www.coches.net/seat-ateca-15-tsi-110kw-150cv-fr-special-edition-5p-gasolina-2026-en-madrid-70398556-covo.aspx
FIAT,FIAT 500 Dolcevita 1.0 Hybrid 70 CV,10.950 €,2023,69.012 km,Híbrido,70 cv,Baleares,2026-05-06 13:53:40,ECO,https://www.coches.net/fiat-500-dolcevita-10-hybrid-51kw-70-cv-3p-electrico-hibrido-2023-en-baleares-70519678-covo.aspx
FIAT,FIAT 500 Monotrim 1.0 Hybrid 70 CV,11.300 €,2023,69.243 km,Híbrido,70 cv,Baleares,2026-05-06 13:53:40,ECO,https://www.coches.net/fiat-500-monotrim-10-hybrid-51kw-70-cv-3p-electrico-hibrido-2023-en-baleares-70520217-covo.aspx
PEUGEOT,PEUGEOT 208 BlueHDi Active,15.300 €,2022,23.900 km,Diesel,100 cv,Girona,2026-05-06 13:53:40,C,https://www.coches.net/peugeot-208-bluehdi-73kw-100cv-active-5p-diesel-2023-en-girona-70527302-covo.aspx
HYUNDAI,HYUNDAI i30 1.5 DPI Klass,21.600 €,2025,10 km,Gasolina,96 cv,Asturias,2026-05-06 13:53:40,B,https://www.coches.net/hyundai-i30-15-dpi-klass-5p-gasolina-2025-en-asturias-70128018-covo.aspx
NISSAN,NISSAN QASHQAI EPOWER 190 CV NConnecta,28.290 €,2023,37.539 km,Híbrido,190 cv,Burgos,2026-05-06 13:53:40,B,https://www.coches.net/nissan-qashqai-epower-140-kw-190-cv-nconnecta-5p-electrico-hibrido-2023-en-burgos-70516382-covo.aspx
DACIA,DACIA Lodgy Laureate dCi 90 7Pl 2016,8.690 €,2016,167.000 km,Diesel,90 cv,Madrid,2026-05-06 13:53:40,C,https://www.coches.net/dacia-lodgy-laureate-dci-90-7pl-2016-5p-diesel-2016-en-madrid-70447518-covo.aspx
VOLVO,VOLVO XC60 2.0 B4 D Core Auto,35.499 €,2023,51.000 km,Híbrido,197 cv,Alicante,2026-05-06 13:53:40,ECO,https://www.coches.net/volvo-xc60-20-b4-d-core-auto-5p-electrico-hibrido-2024-en-alicante-70160594-covo.aspx
RENAULT,RENAULT Captur Zen ETECH Hibrido enchufable,18.499 €,2021,67.000 km,Híbrido enchufable,160 cv,Alicante,2026-05-06 13:53:40,ECO,https://www.coches.net/renault-captur-zen-etech-hibrido-enchufable-160cv-5p-electrico-hibrido-2021-en-alicante-70163543-covo.aspx
PEUGEOT,PEUGEOT 5008 Hybrid 1.2 Allure Pack eDCS6,26.490 €,2024,34.114 km,Híbrido,136 cv,Valencia,2026-05-06 13:53:40,ECO,https://www.coches.net/peugeot-5008-hybrid-12-100kw-allure-pack-edcs6-5p-electrico-hibrido-2024-en-valencia-70484930-covo.aspx
VOLKSWAGEN,VOLKSWAGEN T-Roc Life 1.0 TSI,20.900 €,2023,38.000 km,Gasolina,110 cv,Barcelona,2026-05-06 13:53:40,C,https://www.coches.net/volkswagen-t-roc-life-10-tsi-81kw-110cv-5p-gasolina-2023-en-barcelona-70487482-covo.aspx
CUPRA,CUPRA Formentor 1.5 TSI 150 CV,22.600 €,2022,60.865 km,Gasolina,150 cv,Madrid,2026-05-06 13:53:40,C,https://www.coches.net/cupra-formentor-15-tsi-110kw-150-cv-5p-gasolina-2022-en-madrid-70489534-covo.aspx
HYUNDAI,HYUNDAI Kona HEV 1.6GDI DT N Line,29.990 €,2026,4900 km,Híbrido,138 cv,Asturias,2026-05-06 13:53:40,ECO,https://www.coches.net/km-0/hyundai/kona/asturias/hev-16gdi-138cv-dt-n-line-electrico-hibrido-de-km0-70383552-kovn.aspx
MERCEDES-BENZ,MERCEDES-BENZ Clase C C 180 BE Blue Efficiency Edition,10.900 €,2011,175.000 km,Gasolina,156 cv,Alicante,2026-05-06 13:53:40,B,https://www.coches.net/mercedes-benz-clase-c-c-180-be-blue-efficiency-edition-4p-gasolina-2012-en-alicante-70333793-covo.aspx
RENAULT,RENAULT ZOE Intens 40,9.900 €,2017,79.806 km,Eléctrico,92 cv,Madrid,2026-05-06 13:53:40,CERO,https://www.coches.net/renault-zoe-intens-40-5p-electrico-hibrido-2017-en-madrid-70476050-covo.aspx
MERCEDES-BENZ,MERCEDES-BENZ GLA GLA 200,35.900 €,2022,70.381 km,Gasolina,163 cv,Cádiz,2026-05-06 13:53:40,C,https://www.coches.net/mercedes-benz-gla-gla-200-5p-gasolina-2020-en-cadiz-70447220-covo.aspx
TOYOTA,TOYOTA Corolla 1.8 125H ACTIVE TECH ECVT SEDAN,14.590 €,2021,190.000 km,Híbrido,122 cv,Madrid,2026-05-06 13:53:40,ECO,https://www.coches.net/toyota-corolla-18-125h-active-tech-ecvt-sedan-4p-electrico-hibrido-2021-en-madrid-70517849-covo.aspx
VOLKSWAGEN,VOLKSWAGEN Polo Life 1.0 TSI,20.990 €,2024,10.800 km,Gasolina,95 cv,Huesca,2026-05-06 13:53:40,C,https://www.coches.net/volkswagen-polo-life-10-tsi-70kw-95cv-5p-gasolina-2024-en-huesca-70526896-covo.aspx
VOLKSWAGEN,VOLKSWAGEN Polo RLine 1.0 TSI DSG,23.990 €,2024,23.000 km,Gasolina,116 cv,Huesca,2026-05-06 13:53:40,C,https://www.coches.net/volkswagen-polo-rline-10-tsi-85kw-115cv-dsg-5p-gasolina-2025-en-huesca-70526933-covo.aspx
FORD,FORD Mondeo 2.0 Hibrido Titanium HEV AT SB,22.900 €,2021,48.000 km,Híbrido,187 cv,Asturias,2026-05-06 13:53:40,ECO,https://www.coches.net/ford-mondeo-20-hibrido-138kw-titanium-hev-at-sb-5p-electrico-hibrido-2021-en-asturias-70321586-covo.aspx
BMW,BMW Serie 2 Gran Tourer 220iA,15.199 €,2019,156.825 km,Gasolina,192 cv,Sevilla,2026-05-06 13:53:40,C,https://www.coches.net/bmw-serie-2-gran-tourer-220ia-5p-gasolina-2020-en-sevilla-70448902-covo.aspx
SKODA,SKODA Karoq 2.0 TDI Ambition,21.990 €,2022,60.296 km,Diesel,115 cv,Valencia,2026-05-06 13:53:40,C,https://www.coches.net/skoda-karoq-20-tdi-85kw-115cv-ambition-5p-diesel-2021-en-valencia-70451060-covo.aspx
VOLKSWAGEN,VOLKSWAGEN Golf Life 2.0 TDI,19.990 €,2021,129.586 km,Diesel,115 cv,Ciudad Real,2026-05-06 13:53:40,B,https://www.coches.net/volkswagen-golf-life-2.0-tdi-85kw-115cv-5p-diesel-2021-en-ciudad-real-61214074-covo.aspx
NISSAN,NISSAN QASHQAI DIGT mHEV 4x2 NConnecta,20.900 €,2021,86.900 km,Híbrido,140 cv,Lugo,2026-05-06 13:53:40,ECO,https://www.coches.net/nissan-qashqai-digt-103kw-140cv-mhev-4x2-acenta-5p-electrico-hibrido-2021-en-lugo-70137046-covo.aspx
BMW,BMW Serie 1 116i,12.490 €,2016,146.000 km,Gasolina,109 cv,Madrid,2026-05-06 13:53:40,C,https://www.coches.net/bmw-serie-1-116i-5p-gasolina-2016-en-madrid-70564835-covo.aspx
CUPRA,CUPRA Terramar 1.5 eTSI 150 CV DSG,33.500 €,2025,16.700 km,Híbrido,150 cv,León,2026-05-06 13:53:40,ECO,https://www.coches.net/cupra-terramar-15-etsi-110kw-150-cv-dsg-5p-electrico-hibrido-2025-en-leon-70532856-covo.aspx
MERCEDES-BENZ,MERCEDES-BENZ Clase M ML 280 CDI,14.500 €,2006,150.097 km,Diesel,190 cv,Valencia,2026-05-06 13:53:40,B,https://www.coches.net/mercedes-benz-clase-m-ml-280-cdi-5p-diesel-2006-en-valencia-70466292-covo.aspx
FORD,FORD Focus 1.6 TDCi 109 Trend,2.999 €,2009,266.404 km,Diesel,109 cv,Badajoz,2026-05-06 13:53:40,B,https://www.coches.net/ford-focus-16-tdci-109-trend-5p-diesel-2009-en-badajoz-62503724-covo.aspx
MERCEDES-BENZ,MERCEDES-BENZ Clase B B 180 d Sport,15.499 €,2016,88.000 km,Diesel,109 cv,Alicante,2026-05-06 13:53:40,C,https://www.coches.net/mercedes-benz-clase-b-b-180-d-sport-5p-diesel-2017-en-alicante-62468693-covo.aspx
TOYOTA,TOYOTA Aygo X Cross 1.0 VVTI Play,15.290 €,2024,44.583 km,Gasolina,72 cv,Barcelona,2026-05-06 13:53:40,C,https://www.coches.net/toyota-aygo-x-cross-10-vvti-72cv-play-5p-gasolina-2023-en-barcelona-70505107-covo.aspx
MERCEDES-BENZ,MERCEDES-BENZ Clase A A 250 e Sedan,31.900 €,2023,46.400 km,Híbrido enchufable,218 cv,Badajoz,2026-05-06 13:53:40,CERO,https://www.coches.net/mercedes-benz-clase-a-a-250-e-5p-electrico-/-hibrido-2023-en-badajoz-61100902-covo.aspx
VOLKSWAGEN,VOLKSWAGEN Touareg Prem Eleg 3.0 V6 TDI Tip 4M,52.990 €,2022,36.132 km,Diesel,286 cv,Madrid,2026-05-06 13:53:40,C,https://www.coches.net/volkswagen-touareg-prem-eleg-30-v6-tdi-210kw-tip-4m-5p-diesel-2022-en-madrid-70317176-covo.aspx
MERCEDES-BENZ,MERCEDES-BENZ Clase A A 180,22.900 €,2022,77.000 km,Gasolina,136 cv,Córdoba,2026-05-06 13:53:40,B,https://www.coches.net/mercedes-benz-clase-a-a-180-5p-gasolina-2022-en-cordoba-70566144-covo.aspx
SEAT,SEAT León 2.0 TDI Sport,4.800 €,2010,210.000 km,Diesel,140 cv,Barcelona,2026-05-06 13:53:40,B,https://www.coches.net/seat-leon-20-tdi-140cv-sport-5p-diesel-2010-en-barcelona-70524348-covo.aspx
CITROEN,CITROEN C3 Aircross BlueHDi Shine Pack,15.900 €,2023,30.000 km,Diesel,110 cv,Pontevedra,2026-05-06 13:53:40,C,https://www.coches.net/citroen-c3-aircross-bluehdi-81kw-110cv-shine-pack-5p-diesel-2023-en-pontevedra-61842558-covo.aspx
KIA,KIA Rio 1.2 DPi Concept,11.899 €,2022,70.796 km,Gasolina,84 cv,Barcelona,2026-05-06 13:53:40,C,https://www.coches.net/kia-rio-12-dpi-62kw-84cv-concept-5p-gasolina-2022-en-barcelona-70206954-covo.aspx
MERCEDES-BENZ,MERCEDES-BENZ Clase A A 250 e,28.990 €,2022,65.610 km,Híbrido enchufable,218 cv,Jaén,2026-05-06 13:53:40,CERO,https://www.coches.net/mercedes-benz-clase-a-a-250-e-5p-electrico-hibrido-2022-en-jaen-70348967-covo.aspx
KIA,KIA Niro 1.6 GDi HEV Drive,29.290 €,2025,5982 km,Híbrido,138 cv,Girona,2026-05-06 13:53:40,ECO,https://www.coches.net/kia-niro-16-gdi-hev-102kw-139cv-drive-5p-electrico-hibrido-2026-en-girona-62562156-covo.aspx
KIA,KIA Niro 1.6 GDi HEV Concept,27.990 €,2025,2370 km,Híbrido,138 cv,Girona,2026-05-06 13:53:40,ECO,https://www.coches.net/kia-niro-16-gdi-hev-102kw-139cv-concept-5p-electrico-hibrido-2026-en-girona-62562157-covo.aspx
FORD,FORD EcoSport 1.0T EcoBoost SS Trend,12.490 €,2020,96.795 km,Gasolina,100 cv,Madrid,2026-05-06 13:53:40,C,https://www.coches.net/ford-ecosport-10t-ecoboost-73kw-100cv-ss-trend-5p-gasolina-2021-en-madrid-70528665-covo.aspx
JEEP,JEEP Renegade eHyb. North Star 1.5 MHEV 130hp Dct Fwd,30.850 €,2025,20.196 km,Híbrido,130 cv,Baleares,2026-05-06 13:53:40,ECO,https://www.coches.net/jeep-renegade-ehyb-north-star-15-mhev-130hp-dct-fwd-5p-electrico-hibrido-2025-en-baleares-70528727-covo.aspx
VOLVO,VOLVO XC40 2.0 B3 G Essential Auto,32.750 €,2025,28.442 km,Híbrido,163 cv,Baleares,2026-05-06 13:53:40,ECO,https://www.coches.net/volvo-xc40-20-b3-g-essential-auto-5p-electrico-hibrido-2026-en-baleares-70528737-covo.aspx
JEEP,JEEP Renegade eHyb. North Star 1.5 MHEV 130hp Dct Fwd,30.850 €,2025,19.925 km,Híbrido,130 cv,Baleares,2026-05-06 13:53:40,ECO,https://www.coches.net/jeep-renegade-ehyb-north-star-15-mhev-130hp-dct-fwd-5p-electrico-hibrido-2025-en-baleares-70528766-covo.aspx
SUZUKI,SUZUKI S-Cross 1.4T S2 Mild Hybrid,17.900 €,2023,71.393 km,Híbrido,129 cv,Madrid,2026-05-06 13:53:40,ECO,https://www.coches.net/suzuki-s-cross-14t-s2-mild-hybrid-5p-electrico-hibrido-2022-en-madrid-70529572-covo.aspx
MERCEDES-BENZ,MERCEDES-BENZ Clase CLA CLA 200 d Shooting Brake,16.300 €,2018,146.000 km,Diesel,136 cv,Toledo,2026-05-06 13:53:40,C,https://www.coches.net/mercedes-benz-clase-cla-cla-200-d-shooting-brake-5p-diesel-2018-en-toledo-70536670-covo.aspx
RENAULT,RENAULT Mégane Emotion 2011 dCi 110 eco2 E5,4.980 €,2012,289.000 km,Diesel,110 cv,Jaén,2026-05-06 13:53:40,B,https://www.coches.net/renault-megane-emotion-2011-dci-110-eco2-e5-5p-diesel-2011-en-jaen-70119274-covo.aspx
VOLKSWAGEN,VOLKSWAGEN Golf GTI 2.0 TSI,29.490 €,2022,64.426 km,Gasolina,245 cv,Toledo,2026-05-06 13:53:40,C,https://www.coches.net/volkswagen-golf-gti-20-tsi-180kw-245cv-5p-gasolina-2022-en-toledo-70341069-covo.aspx
CITROEN,CITROEN C3 Aircross Turbo BVM6 PLUS,19.600 €,2026,2500 km,Gasolina,100 cv,Madrid,2026-05-06 13:53:40,C,https://www.coches.net/km-0/citroen/c3-aircross/madrid/turbo-73kw-100cv-bvm6-plus-gasolina-de-km0-70519279-kovn.aspx
SKODA,SKODA Kamiq 1.0 TSI STYLE,18.900 €,2022,56.929 km,Gasolina,110 cv,Girona,2026-05-06 13:53:40,C,https://www.coches.net/skoda-kamiq-10-tsi-81kw-110cv-style-5p-gasolina-2022-en-girona-70520765-covo.aspx
KIA,KIA Sportage 1.6 MHEV Concept 4x2,17.700 €,2021,58.000 km,Híbrido,136 cv,Barcelona,2026-05-06 13:53:40,ECO,https://www.coches.net/kia-sportage-16-mhev-concept-100kw-136cv-4x2-5p-electrico-hibrido-2021-en-barcelona-70521107-covo.aspx
VOLVO,VOLVO XC40 1.5 T2 Inscription,19.500 €,2021,75.970 km,Gasolina,129 cv,La Rioja,2026-05-06 13:53:40,B,https://www.coches.net/volvo-xc40-15-t2-inscription-5p-gasolina-2022-en-la-rioja-70521719-covo.aspx
SWM,SWM G03F 1.5T MT,19.900 €,2026,4 km,Gasolina,110 cv,Asturias,2026-05-06 13:53:40,C,https://www.coches.net/swm-g03f-15t-mt-5p-gasolina-2024-en-asturias-70467423-covo.aspx
RENAULT,RENAULT Clio Business Energy dCi,8.490 €,2018,216.000 km,Diesel,75 cv,Bizkaia,2026-05-06 13:53:40,C,https://www.coches.net/renault-clio-business-energy-dci-55kw-75cv-5p-diesel-2016-en-vizcaya-62101300-covo.aspx
MERCEDES-BENZ,MERCEDES-BENZ GLA GLA 250 e,27.890 €,2022,126.000 km,Híbrido enchufable,218 cv,A Coruña,2026-05-06 13:53:40,B,https://www.coches.net/mercedes-benz-gla-gla-250-e-5p-electrico-hibrido-2020-en-a-coruna-70466926-covo.aspx
VOLKSWAGEN,VOLKSWAGEN Touareg Premium 3.0 TDI 193kW262CV BMT Tip,17.000 €,2017,351.000 km,Diesel,262 cv,Ciudad Real,2026-05-06 13:53:40,C,https://www.coches.net/volkswagen-touareg-premium-30-tdi-193kw262cv-bmt-tip-5p-diesel-2017-en-ciudad-real-70553083-covo.aspx
SEAT,SEAT León 2.0 TDI SS Style Go,15.900 €,2021,93.264 km,Diesel,115 cv,Madrid,2026-05-06 13:53:40,B,https://www.coches.net/seat-leon-20-tdi-85kw-ss-style-go-5p-diesel-2022-en-madrid-70516362-covo.aspx
MERCEDES-BENZ,MERCEDES-BENZ Clase A A 200 d,30.500 €,2023,47.215 km,Diesel,150 cv,Girona,2026-05-06 13:53:40,C,https://www.coches.net/mercedes-benz-clase-a-a-200-d-5p-diesel-2023-en-girona-70526783-covo.aspx
MERCEDES-BENZ,MERCEDES-BENZ Clase CLA CLA 180,17.000 €,2018,112.500 km,Gasolina,122 cv,Madrid,2026-05-06 13:53:40,C,https://www.coches.net/mercedes-benz-clase-cla-cla-180-4p-gasolina-2018-en-madrid-62565656-covo.aspx
SEAT,SEAT Ateca 1.0 TSI StSp Style Go,18.900 €,2021,44.000 km,Gasolina,110 cv,Alicante,2026-05-06 13:53:40,C,https://www.coches.net/seat-ateca-10-tsi-81kw-stsp-style-go-5p-gasolina-2021-en-alicante-70511671-covo.aspx
SEAT,SEAT Ateca 1.0 TSI StSp Style Go,16.200 €,2021,67.069 km,Gasolina,110 cv,Madrid,2026-05-06 13:53:40,C,https://www.coches.net/seat-ateca-10-tsi-81kw-stsp-style-go-5p-gasolina-2021-en-madrid-70512757-covo.aspx
VOLKSWAGEN,VOLKSWAGEN Jetta Sport 2.0 TDI BMT DSG,13.199 €,2014,125.849 km,Diesel,150 cv,Sevilla,2026-05-06 13:53:40,C,https://www.coches.net/volkswagen-jetta-sport-20-tdi-150cv-bmt-dsg-4p-diesel-2015-en-sevilla-70223567-covo.aspx
VOLVO,VOLVO V40 2.0 D3 Kinetic,11.399 €,2014,127.087 km,Diesel,150 cv,Sevilla,2026-05-06 13:53:40,B,https://www.coches.net/volvo-v40-20-d3-kinetic-5p-diesel-2014-en-sevilla-70223571-covo.aspx
PEUGEOT,PEUGEOT 108 Open Top 1.2 PureTech 82,5.999 €,2015,89.203 km,Gasolina,82 cv,Madrid,2026-05-06 13:53:40,C,https://www.coches.net/peugeot-108-open-top-12-puretech-82-5p-gasolina-2015-en-madrid-70223994-covo.aspx
VOLVO,VOLVO V40 1.6 D2 Kinetic,10.399 €,2015,141.009 km,Diesel,115 cv,Barcelona,2026-05-06 13:53:40,B,https://www.coches.net/volvo-v40-16-d2-kinetic-5p-diesel-2015-en-barcelona-70224236-covo.aspx
AUDI,AUDI A3 RS3 Sportback TFSI quattro S tron,77.990 €,2024,10.000 km,Gasolina,400 cv,Valencia,2026-05-06 13:53:40,C,https://www.coches.net/audi-a3-rs3-sportback-tfsi-294kw-quattro-s-tron-5p-gasolina-2025-en-valencia-70292797-covo.aspx
RENAULT,RENAULT Kangoo Combi Life Edition One 1.5 Blue dCi 70kW95CV,16.100 €,2022,108.235 km,Diesel,95 cv,Madrid,2026-05-06 13:53:40,C,https://www.coches.net/renault-kangoo-combi-life-edition-one-15-blue-dci-70kw95cv-5p-diesel-2021-en-madrid-70480983-covo.aspx
VOLKSWAGEN,VOLKSWAGEN T-Roc Advance 2.0 TDI,18.800 €,2021,99.525 km,Diesel,115 cv,Madrid,2026-05-06 13:53:40,C,https://www.coches.net/volkswagen-t-roc-advance-20-tdi-85kw-115cv-5p-diesel-2021-en-madrid-70480984-covo.aspx
FORD,FORD Puma 1.0 EcoBoost Titanium MHEV,14.100 €,2021,78.989 km,Híbrido,125 cv,Madrid,2026-05-06 13:53:40,ECO,https://www.coches.net/ford-puma-10-ecoboost-125cv-titanium-mhev-5p-electrico-hibrido-2021-en-madrid-70480986-covo.aspx
MERCEDES-BENZ,MERCEDES-BENZ Clase A A 250 e con tecnologia hibrida EQ,36.890 €,2025,18.113 km,Híbrido enchufable,218 cv,Lugo,2026-05-06 13:53:40,CERO,https://www.coches.net/mercedes-benz-clase-a-a-250-e-con-tecnologia-hibrida-eq-5p-electrico-hibrido-2025-en-lugo-70355922-covo.aspx
VOLKSWAGEN,VOLKSWAGEN Golf Plus 1.4 TSI Highline,6.899 €,2007,73.500 km,Gasolina,122 cv,Sevilla,2026-05-06 13:53:40,B,https://www.coches.net/volkswagen-golf-plus-14-tsi-122cv-highline-5p-gasolina-2008-en-sevilla-70466443-covo.aspx
TOYOTA,TOYOTA Yaris 1.5 120H Active Plus,19.500 €,2024,33.586 km,Híbrido,116 cv,Huesca,2026-05-06 13:53:40,ECO,https://www.coches.net/toyota-yaris-15-120h-active-plus-5p-electrico-hibrido-2025-en-huesca-70453245-covo.aspx
VOLKSWAGEN,VOLKSWAGEN Tiguan RLine 2.0 TDI DSG 4Motion,32.750 €,2021,78.154 km,Diesel,150 cv,Navarra,2026-05-06 13:53:40,B,https://www.coches.net/volkswagen-tiguan-rline-20-tdi-110kw-150cv-dsg-4motion-5p-diesel-2021-en-navarra-70526316-covo.aspx
AUDI,AUDI A5 Sportback 2.0 TDI clean d Advanced,16.690 €,2016,136.232 km,Diesel,150 cv,Madrid,2026-05-06 13:53:40,C,https://www.coches.net/audi-a5-sportback-20-tdi-clean-d-150cv-advanced-5p-diesel-2016-en-madrid-70422092-covo.aspx
PEUGEOT,PEUGEOT 5008 1.5 BlueHDi SS Active,17.800 €,2020,189.000 km,Diesel,130 cv,Sevilla,2026-05-06 13:53:40,C,https://www.coches.net/peugeot-5008-15-bluehdi-96kw-130cv-ss-active-5p-diesel-2020-en-sevilla-70435807-covo.aspx
PEUGEOT,PEUGEOT 2008 GT Line BlueHDi 100 SS,11.800 €,2019,96.000 km,Diesel,100 cv,Sevilla,2026-05-06 13:53:40,C,https://www.coches.net/peugeot-2008-gt-line-bluehdi-100-ss-5p-diesel-2019-en-sevilla-70435836-covo.aspx
LAND-ROVER,LAND-ROVER Discovery Sport TD4 4WD SE,15.500 €,2015,173.000 km,Diesel,150 cv,Sevilla,2026-05-06 13:53:40,C,https://www.coches.net/land-rover-discovery-sport-td4-4wd-se-5p-diesel-2015-en-sevilla-70430553-covo.aspx
TOYOTA,TOYOTA C-HR 1.8 Advance Hybrid 140,33.300 €,2026,10 km,Híbrido,140 cv,Málaga,2026-05-06 13:53:40,ECO,https://www.coches.net/toyota-c-hr-18-advance-hybrid-140-5p-electrico-hibrido-2025-en-malaga-70418461-covo.aspx
AUDI,AUDI Q2 30 TFSI,20.900 €,2021,82.000 km,Gasolina,110 cv,Sevilla,2026-05-06 13:53:40,C,https://www.coches.net/audi-q2-30-tfsi-81kw-110cv-5p-gasolina-2021-en-sevilla-70421730-covo.aspx
MERCEDES-BENZ,MERCEDES-BENZ Clase V 300 d Avantgarde Largo,77.500 €,2023,31.100 km,Diesel,239 cv,Madrid,2026-05-06 13:53:40,C,https://www.coches.net/mercedes-benz-clase-v-300-d-avantgarde-largo-5p-diesel-2021-en-madrid-70422388-covo.aspx
MERCEDES-BENZ,MERCEDES-BENZ Clase B B 200 CDI,5.499 €,2005,200.000 km,Diesel,140 cv,Zaragoza,2026-05-06 13:53:40,B,https://www.coches.net/mercedes-benz-clase-b-b-200-cdi-5p-diesel-2005-en-zaragoza-70530166-covo.aspx
SEAT,SEAT Altea 1.6 TDI Style EEcomotive,7.990 €,2011,119.000 km,Diesel,105 cv,Zaragoza,2026-05-06 13:53:40,B,https://www.coches.net/seat-altea-16-tdi-105cv-style-eecomotive-5p-diesel-2012-en-zaragoza-70533478-covo.aspx
DACIA,DACIA Sandero Stepway dCi 90,7.990 €,2013,117.014 km,Diesel,90 cv,Madrid,2026-05-06 13:53:40,B,https://www.coches.net/dacia-sandero-stepway-dci-90-5p-diesel-2012-en-madrid-70202258-covo.aspx
AUDI,AUDI A6 2.3,4.999 €,1996,126.000 km,Gasolina,133 cv,Córdoba,2026-05-06 13:53:40,B,https://www.coches.net/audi-a6-23-4p-gasolina-1996-en-cordoba-70441310-covo.aspx
CITROEN,CITROEN C3 Aircross BlueHDi Plus,15.990 €,2024,27.538 km,Diesel,110 cv,Madrid,2026-05-06 13:53:40,C,https://www.coches.net/citroen-c3-aircross-bluehdi-81kw-110cv-plus-5p-diesel-2023-en-madrid-62557808-covo.aspx
RENAULT,RENAULT Mégane Business Blue dCi,13.250 €,2021,135.000 km,Diesel,115 cv,Sevilla,2026-05-06 13:53:40,C,https://www.coches.net/renault-megane-business-blue-dci-85-kw-115cv-5p-diesel-2020-en-sevilla-62570498-covo.aspx
BMW,BMW X6 M Competition,98.900 €,2021,48.900 km,Gasolina,625 cv,Madrid,2026-05-06 13:53:40,C,https://www.coches.net/bmw-x6-m-competition-5p-gasolina-2021-en-madrid-62547233-covo.aspx
BMW,BMW X6 M50i,72.500 €,2020,90.000 km,Gasolina,530 cv,Valencia,2026-05-06 13:53:40,C,https://www.coches.net/bmw-x6-m50i-5p-gasolina-2021-en-valencia-62549795-covo.aspx
VOLKSWAGEN,VOLKSWAGEN Caddy Life 1.9 TDI 5 plazas,8.900 €,2009,193.600 km,Diesel,75 cv,Badajoz,2026-05-06 13:53:40,B,https://www.coches.net/volkswagen-caddy-life-19-tdi-75cv-5-plazas-5p-diesel-2009-en-badajoz-70230441-covo.aspx
MERCEDES-BENZ,MERCEDES-BENZ Clase GLC GLC 220 d 4MATIC,31.899 €,2019,88.335 km,Diesel,170 cv,Sevilla,2026-05-06 13:53:40,C,https://www.coches.net/mercedes-benz-clase-glc-glc-220-d-4matic-5p-diesel-2019-en-sevilla-70231632-covo.aspx
CITROEN,CITROEN C5 Aircross PureTech SS Feel,13.199 €,2019,93.727 km,Gasolina,131 cv,Barcelona,2026-05-06 13:53:40,C,https://www.coches.net/citroen-c5-aircross-puretech-96kw-130cv-ss-feel-5p-gasolina-2018-en-barcelona-70231786-covo.aspx
KIA,KIA Soul 1.6 DOHC Diva,7.990 €,2010,138.000 km,Gasolina,124 cv,Madrid,2026-05-06 13:53:40,B,https://www.coches.net/kia-soul-16-dohc-diva-5p-gasolina-2010-en-madrid-70351930-covo.aspx
BMW,BMW X6 M50d,41.990 €,2016,130.000 km,Diesel,381 cv,Sevilla,2026-05-06 13:53:40,C,https://www.coches.net/bmw-x6-m50d-5p-diesel-2017-en-sevilla-70409930-covo.aspx
VOLKSWAGEN,VOLKSWAGEN T-Roc Sport 1.5 TSI DSG,22.900 €,2022,88.500 km,Gasolina,150 cv,Madrid,2026-05-06 13:53:40,C,https://www.coches.net/volkswagen-t-roc-sport-15-tsi-110kw-150cv-dsg-5p-gasolina-2022-en-madrid-70413894-covo.aspx
NISSAN,NISSAN QASHQAI dCi Xtronic 4x4i TEKNA,20.900 €,2020,121.500 km,Diesel,150 cv,Asturias,2026-05-06 13:53:40,B,https://www.coches.net/nissan-qashqai-dci-150cv-110kw-xtronic-4x4i-tekna-5p-diesel-2018-en-asturias-70286588-covo.aspx
AUDI,AUDI A3 Design 35 TFSI S tronic Sportback,16.890 €,2019,126.000 km,Gasolina,150 cv,Madrid,2026-05-06 13:53:40,C,https://www.coches.net/audi-a3-design-35-tfsi-110kw-s-tronic-sportback-5p-gasolina-2019-en-madrid-70409789-covo.aspx
CITROEN,CITROEN C4 PureTech Feel Edition,8.650 €,2017,54.200 km,Gasolina,110 cv,Madrid,2026-05-06 13:53:40,C,https://www.coches.net/citroen-c4-puretech-81kw-110cv-feel-edition-5p-gasolina-2016-en-madrid-70511727-covo.aspx
SEAT,SEAT Arona 1.6 TDI DSG Style Edition Eco,14.900 €,2020,125.000 km,Diesel,95 cv,Sevilla,2026-05-06 13:53:40,C,https://www.coches.net/seat-arona-16-tdi-70kw-dsg-style-edition-eco-5p-diesel-2020-en-sevilla-70371021-covo.aspx
FORD,FORD Kuga STLine X 2.5 Duratec FHEV 4x4 Aut,24.900 €,2023,54.047 km,Híbrido,190 cv,Barcelona,2026-05-06 13:53:40,ECO,https://www.coches.net/ford-kuga-stline-x-25-duratec-fhev-140kw-4x4-aut-5p-electrico-hibrido-2023-en-barcelona-70371593-covo.aspx
MERCEDES-BENZ,MERCEDES-BENZ Clase CLC CLC 220 CDI,6.990 €,2010,286.000 km,Diesel,150 cv,Madrid,2026-05-06 13:53:40,B,https://www.coches.net/mercedes-benz-clase-clc-clc-220-cdi-3p-diesel-2011-en-madrid-70528586-covo.aspx
MINI,MINI COOPER C,27.900 €,2025,19.207 km,Gasolina,156 cv,Toledo,2026-05-06 13:53:40,C,https://www.coches.net/mini-cooper-c-5p-gasolina-2025-en-toledo-70208265-covo.aspx
MINI,MINI COOPER C,31.000 €,2025,22.213 km,Gasolina,156 cv,Toledo,2026-05-06 13:53:40,C,https://www.coches.net/mini-cooper-c-5p-gasolina-2025-en-toledo-70208266-covo.aspx
MINI,MINI COOPER C,31.000 €,2025,18.955 km,Gasolina,156 cv,Toledo,2026-05-06 13:53:40,C,https://www.coches.net/mini-cooper-c-5p-gasolina-2025-en-toledo-70208268-covo.aspx
OPEL,OPEL Cabrio 2.0 CDTi 165 CV Excellence Auto,14.499 €,2014,138.000 km,Diesel,165 cv,Alicante,2026-05-06 13:53:40,B,https://www.coches.net/opel-cabrio-20-cdti-165-cv-excellence-auto-2p-diesel-2015-en-alicante-70209751-covo.aspx
CITROEN,CITROEN C-Elysée BlueHDi Shine,6.990 €,2019,172.000 km,Diesel,102 cv,Madrid,2026-05-06 13:53:40,C,https://www.coches.net/citroen-c-elysee-bluehdi-75kw-100cv-shine-4p-diesel-2018-en-madrid-70524027-covo.aspx
MERCEDES-BENZ,MERCEDES-BENZ Clase V 220 d Marco Polo Horizon Largo,65.900 €,2024,29.000 km,Diesel,163 cv,Araba,2026-05-06 13:53:40,B,https://www.coches.net/mercedes-benz-clase-v-220-d-marco-polo-horizon-largo-4p-diesel-2021-en-alava-70498023-covo.aspx
CITROEN,CITROEN ë-C3 eC3 Electrico Max,21.900 €,2025,252 km,Eléctrico,113 cv,Pontevedra,2026-05-06 13:53:40,CERO,https://www.coches.net/citroen-e-c3-ec3-electrico-max-5p-electrico-hibrido-2025-en-pontevedra-70470961-covo.aspx
SEAT,SEAT Arona 1.0 TSI DSG Style Special Edition,18.230 €,2024,18.626 km,Gasolina,115 cv,Toledo,2026-05-06 13:53:40,C,https://www.coches.net/seat-arona-10-tsi-85kw-dsg-style-special-edition-5p-gasolina-2025-en-toledo-70447735-covo.aspx
RENAULT,RENAULT Rafale Esprit Alpine ETech 4x4,43.990 €,2025,19.779 km,Híbrido enchufable,300 cv,Cantabria,2026-05-06 13:53:40,CERO,https://www.coches.net/renault-rafale-esprit-alpine-etech-4x4-221kw-300cv-5p-electrico-hibrido-2024-en-cantabria-70550090-covo.aspx
AUDI,AUDI A6 Avant 3.0 Bi TDI quat tip Competit,30.900 €,2015,180.000 km,Diesel,326 cv,Burgos,2026-05-06 13:53:40,C,https://www.coches.net/audi-a6-avant-30-bi-tdi-320cv-quat-tip-competit-5p-diesel-2016-en-burgos-62550849-covo.aspx
RENAULT,RENAULT Mégane Equilibre Blue dCi,16.499 €,2023,87.500 km,Diesel,115 cv,Gipuzkoa,2026-05-06 13:53:40,C,https://www.coches.net/renault-megane-equilibre-blue-dci-85-kw-115cv-5p-diesel-2022-en-guipuzcoa-70270408-covo.aspx
MINI,MINI MINI COOPER SE,18.900 €,2022,45.595 km,Eléctrico,184 cv,Madrid,2026-05-06 13:53:40,CERO,https://www.coches.net/mini-mini-cooper-se-3p-electrico-hibrido-2022-en-madrid-70409566-covo.aspx
SKODA,SKODA Kamiq 1.0 TSI DSG Emotion,17.890 €,2022,49.173 km,Gasolina,110 cv,Barcelona,2026-05-06 13:53:40,C,https://www.coches.net/skoda-kamiq-10-tsi-81kw-110cv-dsg-emotion-5p-gasolina-2022-en-barcelona-70173493-covo.aspx
SKODA,SKODA Kamiq 1.0 TSI DSG AMBITION,17.890 €,2022,36.114 km,Gasolina,110 cv,Barcelona,2026-05-06 13:53:40,C,https://www.coches.net/skoda-kamiq-10-tsi-81kw-110cv-dsg-ambition-5p-gasolina-2023-en-barcelona-70173892-covo.aspx
VOLKSWAGEN,VOLKSWAGEN Tiguan Sport 2.0 TSI 4Motion DSG,23.990 €,2018,110.609 km,Gasolina,180 cv,Zaragoza,2026-05-06 13:53:40,C,https://www.coches.net/volkswagen-tiguan-sport-20-tsi-132kw-180cv-4motion-dsg-5p-gasolina-2018-en-zaragoza-70511156-covo.aspx
MG,MG ZS 1.5 Luxury,13.950 €,2023,69.492 km,Gasolina,106 cv,Madrid,2026-05-06 13:53:40,C,https://www.coches.net/mg-zs-15-luxury-5p-gasolina-2022-en-madrid-70326836-covo.aspx
CITROEN,CITROEN Grand C4 Spacetourer PureTech SS 6v Live,12.290 €,2021,110.974 km,Gasolina,130 cv,Valencia,2026-05-06 13:53:40,B,https://www.coches.net/citroen-grand-c4-spacetourer-puretech-96kw-130cv-ss-6v-live-5p-gasolina-2020-en-valencia-70327480-covo.aspx
CITROEN,CITROEN C3 Aircross PureTech SS Shine,14.290 €,2023,35.225 km,Gasolina,110 cv,Valencia,2026-05-06 13:53:40,B,https://www.coches.net/citroen-c3-aircross-puretech-81kw-110cv-ss-shine-5p-gasolina-2023-en-valencia-70327481-covo.aspx
JEEP,JEEP Avenger 1.2 eHybrid Altitude,24.900 €,2025,10 km,Híbrido,100 cv,Pontevedra,2026-05-06 13:53:40,ECO,https://www.coches.net/jeep-avenger-12-ehybrid-74kw-100cv-altitude-5p-electrico-hibrido-2024-en-pontevedra-70483382-covo.aspx
CUPRA,CUPRA León 1.5 eTSI DSG,25.990 €,2024,28.483 km,Híbrido,150 cv,Asturias,2026-05-06 13:53:40,ECO,https://www.coches.net/cupra-leon-15-etsi-110kw-150cv-dsg-5p-electrico-hibrido-2025-en-asturias-70531620-covo.aspx
HYUNDAI,HYUNDAI Kona 1.6 GDI HEV Maxx DCT,17.440 €,2021,63.490 km,Híbrido,141 cv,Toledo,2026-05-06 13:53:40,ECO,https://www.coches.net/hyundai-kona-16-gdi-hev-maxx-dct-5p-electrico-hibrido-2020-en-toledo-70449054-covo.aspx
NISSAN,NISSAN QASHQAI EPOWER 190 CV NConnecta,26.990 €,2022,71.604 km,Híbrido,190 cv,Sevilla,2026-05-06 13:53:40,ECO,https://www.coches.net/nissan-qashqai-epower-140-kw-190-cv-nconnecta-5p-electrico-hibrido-2023-en-sevilla-62454512-covo.aspx
KIA,KIA Ceed 1.6 MHEV iMT Drive,19.490 €,2023,43.076 km,Híbrido,136 cv,Madrid,2026-05-06 13:53:40,ECO,https://www.coches.net/kia-ceed-16-mhev-imt-100kw-136cv-drive-5p-electrico-hibrido-2023-en-madrid-70503975-covo.aspx
VOLKSWAGEN,VOLKSWAGEN Polo Advance 1.0 TSI,14.990 €,2021,32.000 km,Gasolina,95 cv,Sta. C. Tenerife,2026-05-06 13:53:40,C,https://www.coches.net/volkswagen-polo-advance-10-tsi-70kw-95cv-5p-gasolina-2021-en-sta-c-tenerife-62096479-covo.aspx
AUDI,AUDI A6 S line 3.0 TDI quattro S tro Avant,22.500 €,2017,210.000 km,Diesel,218 cv,Valencia,2026-05-06 13:53:40,C,https://www.coches.net/audi-a6-s-line-30-tdi-160kw-quattro-s-tro-avant-5p-diesel-2018-en-valencia-70205716-covo.aspx
LAMBORGHINI,LAMBORGHINI Huracán LP 6104,269.990 €,2019,36.000 km,Gasolina,610 cv,Las Palmas,2026-05-06 13:53:40,B,https://www.coches.net/lamborghini-huracan-lp-6104-2p-gasolina-2015-en-las-palmas-70425389-covo.aspx
TOYOTA,TOYOTA Corolla 1.8 125H ACTIVE TECH ECVT,21.450 €,2023,82.822 km,Híbrido,122 cv,Zaragoza,2026-05-06 13:53:40,ECO,https://www.coches.net/toyota-corolla-18-125h-active-tech-ecvt-5p-electrico-hibrido-2022-en-zaragoza-70521785-covo.aspx
MERCEDES-BENZ,MERCEDES-BENZ Clase C C 200,37.900 €,2022,40.472 km,Híbrido,204 cv,Madrid,2026-05-06 13:53:40,ECO,https://www.coches.net/mercedes-benz-clase-c-c-200-4p-electrico-hibrido-2023-en-madrid-70449459-covo.aspx
SEAT,SEAT León 2.0 TDI DSG7 SS FR XL,28.900 €,2026,34 km,Diesel,150 cv,Burgos,2026-05-06 13:53:40,C,https://www.coches.net/seat-leon-20-tdi-110kw-dsg7-ss-fr-xl-5p-diesel-2026-en-burgos-70189531-covo.aspx
VOLKSWAGEN,VOLKSWAGEN Polo Advance 1.0 TSI,14.995 €,2020,13.200 km,Gasolina,95 cv,Las Palmas,2026-05-06 13:53:40,B,https://www.coches.net/volkswagen-polo-advance-10-tsi-70kw-95cv-5p-gasolina-2020-en-las-palmas-70513717-covo.aspx
TOYOTA,TOYOTA C-HR 1.8 125H Advance,19.890 €,2019,107.148 km,Híbrido,122 cv,Málaga,2026-05-06 13:53:40,ECO,https://www.coches.net/toyota-c-hr-18-125h-advance-5p-electrico-hibrido-2020-en-malaga-70135125-covo.aspx
OPEL,OPEL Astra 1.5D DVH GS Line ST,14.990 €,2021,78.278 km,Diesel,122 cv,Salamanca,2026-05-06 13:53:40,C,https://www.coches.net/opel-astra-15d-dvh-90kw-122cv-gs-line-st-5p-diesel-2021-en-salamanca-70277637-covo.aspx
NISSAN,NISSAN Micra IGT 100 CV E6D Acenta,11.490 €,2019,95.565 km,Gasolina,100 cv,Barcelona,2026-05-06 13:53:40,C,https://www.coches.net/nissan-micra-igt-74-kw-100-cv-e6d-acenta-5p-gasolina-2019-en-barcelona-70500382-covo.aspx
PEUGEOT,PEUGEOT 208 PureTech EAT8 Allure Pack,15.600 €,2023,68.978 km,Gasolina,100 cv,Barcelona,2026-05-06 13:53:40,C,https://www.coches.net/peugeot-208-puretech-73kw-100cv-eat8-allure-pack-5p-gasolina-2023-en-barcelona-70507149-covo.aspx
PEUGEOT,PEUGEOT 208 PureTech EAT8 Allure Pack,15.300 €,2023,62.518 km,Gasolina,100 cv,Barcelona,2026-05-06 13:53:40,C,https://www.coches.net/peugeot-208-puretech-73kw-100cv-eat8-allure-pack-5p-gasolina-2023-en-barcelona-70507254-covo.aspx
PEUGEOT,PEUGEOT 208 PureTech EAT8 Allure Pack,15.950 €,2023,46.850 km,Gasolina,100 cv,Barcelona,2026-05-06 13:53:40,C,https://www.coches.net/peugeot-208-puretech-73kw-100cv-eat8-allure-pack-5p-gasolina-2023-en-barcelona-70507270-covo.aspx
AUDI,AUDI A3 Sportback S line TDI S tronic,37.500 €,2025,17.093 km,Diesel,150 cv,Valencia,2026-05-06 13:53:40,C,https://www.coches.net/audi-a3-sportback-s-line-tdi-110kw-s-tronic-5p-diesel-2026-en-valencia-70507589-covo.aspx
AUDI,AUDI A3 Sportback S line TDI S tronic,37.500 €,2025,19.326 km,Diesel,150 cv,Valencia,2026-05-06 13:53:40,C,https://www.coches.net/audi-a3-sportback-s-line-tdi-110kw-s-tronic-5p-diesel-2026-en-valencia-70507593-covo.aspx
BMW,BMW X2 sDrive18d DCT,40.999 €,2024,29.200 km,Diesel,150 cv,Alicante,2026-05-06 13:53:40,C,https://www.coches.net/bmw-x2-sdrive18d-dct-5p-diesel-2024-en-alicante-62499388-covo.aspx
MERCEDES-BENZ,MERCEDES-BENZ Clase V 220 d Avantgarde Largo,61.800 €,2024,13.765 km,Diesel,163 cv,Barcelona,2026-05-06 13:53:40,C,https://www.coches.net/mercedes-benz-clase-v-220-d-avantgarde-largo-5p-diesel-2024-en-barcelona-70189622-covo.aspx
MERCEDES-BENZ,MERCEDES-BENZ Clase A A 150 Avantgarde,6.300 €,2009,211.000 km,Gasolina,95 cv,Madrid,2026-05-06 13:53:40,C,https://www.coches.net/mercedes-benz-clase-a-a-150-avantgarde-5p-gasolina-2009-en-madrid-70204177-covo.aspx
VOLVO,VOLVO C40 Recharge Electrico Plus Auto,35.900 €,2024,12.100 km,Eléctrico,231 cv,Sevilla,2026-05-06 13:53:40,CERO,https://www.coches.net/volvo-c40-recharge-electrico-plus-auto-5p-electrico-hibrido-2023-en-sevilla-70529417-covo.aspx
AUDI,AUDI Q3 2.0 TDI Ambiente,13.990 €,2012,175.000 km,Diesel,140 cv,Alicante,2026-05-06 13:53:40,B,https://www.coches.net/audi-q3-20-tdi-140cv-ambiente-5p-diesel-2013-en-alicante-70528045-covo.aspx
VOLKSWAGEN,VOLKSWAGEN Taigo Taigo 1.0 TSI,21.200 €,2025,28.929 km,Gasolina,95 cv,Barcelona,2026-05-06 13:53:40,C,https://www.coches.net/volkswagen-taigo-taigo-10-tsi-70kw-95cv-5p-gasolina-2025-en-barcelona-70529090-covo.aspx
VOLKSWAGEN,VOLKSWAGEN Taigo Taigo 1.0 TSI,20.300 €,2025,44.448 km,Gasolina,95 cv,Madrid,2026-05-06 13:53:40,C,https://www.coches.net/volkswagen-taigo-taigo-10-tsi-70kw-95cv-5p-gasolina-2025-en-madrid-70529565-covo.aspx
MG,MG ZS 1.0T Comfort Auto,13.999 €,2023,60.000 km,Gasolina,111 cv,Málaga,2026-05-06 13:53:40,C,https://www.coches.net/mg-zs-10t-comfort-auto-5p-gasolina-2022-en-malaga-70532577-covo.aspx
MG,MG ZS 1.5 Comfort,14.899 €,2023,25.344 km,Gasolina,106 cv,Málaga,2026-05-06 13:53:40,C,https://www.coches.net/mg-zs-15-comfort-5p-gasolina-2022-en-malaga-70533118-covo.aspx
BMW,BMW X1 sDrive18d,14.990 €,2017,130.000 km,Diesel,150 cv,Valencia,2026-05-06 13:53:40,C,https://www.coches.net/bmw-x1-sdrive18d-5p-diesel-2017-en-valencia-70208121-covo.aspx
SUBARU,SUBARU Outback 2.5i Limited,7.400 €,2010,229.500 km,Gasolina,167 cv,Madrid,2026-05-06 13:53:40,C,https://www.coches.net/subaru-outback-25i-limited-5p-gasolina-2010-en-madrid-70522143-covo.aspx
MAZDA,MAZDA CX-5 eSky G MHEV 2.0 AT Homura,31.500 €,2024,58.620 km,Híbrido,165 cv,Tarragona,2026-05-06 13:53:40,B,https://www.coches.net/mazda-cx-5-esky-g-mhev-20-121kw-at-homura-5p-electrico-hibrido-2023-en-tarragona-70525984-covo.aspx
VOLKSWAGEN,VOLKSWAGEN T-Cross Sport 1.0 TSI,21.690 €,2023,69.568 km,Gasolina,110 cv,Sevilla,2026-05-06 13:53:40,C,https://www.coches.net/volkswagen-t-cross-sport-10-tsi-81kw-110cv-5p-gasolina-2023-en-sevilla-70526741-covo.aspx
AUDI,AUDI Q2 Adrenalin 35 TDI S tronic,34.900 €,2025,28.144 km,Diesel,150 cv,Cádiz,2026-05-06 13:53:40,C,https://www.coches.net/audi-q2-adrenalin-35-tdi-110kw-150cv-s-tronic-5p-diesel-2025-en-cadiz-70469537-covo.aspx
PEUGEOT,PEUGEOT 2008 Allure Pack BlueHDI,18.400 €,2022,70.337 km,Diesel,110 cv,Sevilla,2026-05-06 13:53:40,C,https://www.coches.net/peugeot-2008-allure-pack-bluehdi-81kw-110cv-5p-diesel-2022-en-sevilla-70471311-covo.aspx
SEAT,SEAT Ibiza 1.0 TSI FR,16.990 €,2022,48.798 km,Gasolina,110 cv,Valencia,2026-05-06 13:53:40,C,https://www.coches.net/seat-ibiza-10-tsi-81kw-110cv-fr-5p-gasolina-2022-en-valencia-70256264-covo.aspx
VOLKSWAGEN,VOLKSWAGEN Golf Life 1.5 TSI,12.999 €,2023,221.458 km,Gasolina,130 cv,Sevilla,2026-05-06 13:53:40,B,https://www.coches.net/volkswagen-golf-life-15-tsi-96kw-130cv-5p-gasolina-2024-en-sevilla-70189145-covo.aspx
MERCEDES-BENZ,MERCEDES-BENZ Clase C C Cabrio 250 d,34.990 €,2018,63.736 km,Diesel,204 cv,Madrid,2026-05-06 13:53:40,C,https://www.coches.net/mercedes-benz-clase-c-c-cabrio-250-d-2p-diesel-2018-en-madrid-70533435-covo.aspx
FIAT,FIAT Tipo 1.3 Lounge diesel Multijet,8.900 €,2016,152.000 km,Diesel,95 cv,Valladolid,2026-05-06 13:53:40,C,https://www.coches.net/fiat-tipo-13-lounge-70kw-95cv-diesel-multijet-4p-diesel-2016-en-valladolid-70229040-covo.aspx
SEAT,SEAT Ateca 1.0 TSI StSp Style Eco,18.990 €,2020,42.000 km,Gasolina,115 cv,Sta. C. Tenerife,2026-05-06 13:53:40,C,https://www.coches.net/seat-ateca-10-tsi-85kw-115cv-stsp-style-eco-5p-gasolina-2020-en-sta-c-tenerife-62540027-covo.aspx
AUDI,AUDI Q8 50 TDI Black L quattro tiptronic,56.890 €,2019,119.000 km,Híbrido,286 cv,Pontevedra,2026-05-06 13:53:40,B,https://www.coches.net/audi-q8-50-tdi-210kw-black-l-quattro-tiptronic-5p-electrico-hibrido-2020-en-pontevedra-70221119-covo.aspx
NISSAN,NISSAN JUKE DIGT 114 CV 6MT Acenta,16.490 €,2022,37.289 km,Gasolina,114 cv,Ciudad Real,2026-05-06 13:53:40,C,https://www.coches.net/nissan-juke-digt-84-kw-114-cv-6mt-acenta-5p-gasolina-2023-en-ciudad-real-70224268-covo.aspx
MERCEDES-BENZ,MERCEDES-BENZ Vito 200 d Marco Polo Activity Largo,119.900 €,2021,130.000 km,Diesel,136 cv,Barcelona,2026-05-06 13:53:40,C,https://www.coches.net/mercedes-benz-vito-200-d-marco-polo-activity-largo-4p-diesel-2020-en-barcelona-62519690-covo.aspx
PEUGEOT,PEUGEOT 308 Active Pack PureTech 130 SS MAN,16.670 €,2023,35.112 km,Gasolina,130 cv,Madrid,2026-05-06 13:53:40,C,https://www.coches.net/peugeot-308-5p-active-pack-puretech-130-ss-man-5p-gasolina-2022-en-madrid-70438613-covo.aspx
FORD,FORD Kuga Titanium 1.5 EcoBlue,18.490 €,2021,85.200 km,Diesel,120 cv,Granada,2026-05-06 13:53:40,B,https://www.coches.net/ford-kuga-titanium-1.5-ecoblue-88kw-120cv-5p-diesel-2021-en-granada-60409269-covo.aspx
MERCEDES-BENZ,MERCEDES-BENZ GLA GLA 180,31.900 €,2021,39.222 km,Gasolina,136 cv,Barcelona,2026-05-06 13:53:40,C,https://www.coches.net/mercedes-benz-gla-gla-180-5p-gasolina-2020-en-barcelona-70481177-covo.aspx
OPEL,OPEL Mokka 1.6 CDTi 4X2 Selective Auto,8.990 €,2015,145.291 km,Diesel,136 cv,Alicante,2026-05-06 13:53:40,B,https://www.coches.net/opel-mokka-16-cdti-4x2-selective-auto-5p-diesel-2015-en-alicante-70460014-covo.aspx
KIA,KIA Sorento 1.6 TGDi HEV Emotion 4x2 7pl,29.890 €,2023,118.000 km,Híbrido,230 cv,A Coruña,2026-05-06 13:53:40,B,https://www.coches.net/kia-sorento-16-tgdi-hev-emotion-4x2-7pl-5p-electrico-hibrido-2023-en-a-coruna-70466618-covo.aspx
OPEL,OPEL Vectra Club 2.0 DTI 16v,3.999 €,2003,153.000 km,Diesel,100 cv,Sevilla,2026-05-06 13:53:40,B,https://www.coches.net/opel-vectra-club-20-dti-16v-4p-diesel-2003-en-sevilla-70557805-covo.aspx
PEUGEOT,PEUGEOT 3008 1.2 PURETECH GT LINE SS,14.490 €,2019,123.000 km,Gasolina,130 cv,Madrid,2026-05-06 13:53:40,C,https://www.coches.net/peugeot-3008-12-puretech-96kw-130cv-gt-line-ss-5p-gasolina-2018-en-madrid-70283200-covo.aspx
SKODA,SKODA Fabia 1.0 TSI DSG Plus,21.100 €,2025,200 km,Gasolina,115 cv,Ávila,2026-05-06 13:53:40,C,https://www.coches.net/km-0/skoda/fabia/avila/10-tsi-85kw-115cv-dsg-plus-gasolina-de-km0-62466080-kovn.aspx
KIA,KIA Sportage 1.7 CRDI VGT Drive 4x2,13.890 €,2016,130.786 km,Diesel,115 cv,Barcelona,2026-05-06 13:53:40,C,https://www.coches.net/kia-sportage-17-crdi-vgt-115cv-drive-4x2-5p-diesel-2015-en-barcelona-70416354-covo.aspx
VOLVO,VOLVO EX30 Single Motor Extended Range Ultra Auto,31.900 €,2023,23.717 km,Eléctrico,272 cv,A Coruña,2026-05-06 13:53:40,CERO,https://www.coches.net/volvo-ex30-single-motor-extended-range-ultra-auto-5p-electrico-/-hibrido-2024-en-a-coruna-61922209-covo.aspx
MERCEDES-BENZ,MERCEDES-BENZ Clase A A 180,26.990 €,2023,107.000 km,Híbrido,136 cv,Las Palmas,2026-05-06 13:53:40,C,https://www.coches.net/mercedes-benz-clase-a-a-180-5p-electrico-hibrido-2023-en-las-palmas-70118740-covo.aspx
BMW,BMW Serie 1 116i Sport,11.500 €,2012,169.000 km,Gasolina,136 cv,Valencia,2026-05-06 13:53:40,B,https://www.coches.net/bmw-serie-1-116i-sport-5p-gasolina-2012-en-valencia-62184545-covo.aspx
TOYOTA,TOYOTA Yaris 1.0 70 City,9.990 €,2017,149.960 km,Gasolina,69 cv,Barcelona,2026-05-06 13:53:40,C,https://www.coches.net/toyota-yaris-10-70-city-5p-gasolina-2016-en-barcelona-70414507-covo.aspx
BMW,BMW X1 sDrive18dA,21.900 €,2018,129.000 km,Diesel,150 cv,A Coruña,2026-05-06 13:53:40,C,https://www.coches.net/bmw-x1-sdrive18da-5p-diesel-2019-en-a-coruna-70422890-covo.aspx
VOLKSWAGEN,VOLKSWAGEN Golf Sport 2.0 TDI BMT DSG,10.499 €,2015,223.000 km,Diesel,150 cv,Sevilla,2026-05-06 13:53:40,B,https://www.coches.net/volkswagen-golf-sport-20-tdi-150cv-bmt-dsg-3p-diesel-2015-en-sevilla-70321596-covo.aspx
CITROEN,CITROEN C5 Aircross PureTech SS Feel,16.500 €,2019,52.689 km,Gasolina,131 cv,Albacete,2026-05-06 13:53:40,C,https://www.coches.net/citroen-c5-aircross-puretech-96kw-130cv-ss-feel-5p-gasolina-2018-en-albacete-70425571-covo.aspx
KIA,KIA Niro 1.6 GDi HEV Drive,25.400 €,2024,26.200 km,Híbrido,141 cv,Málaga,2026-05-06 13:53:40,ECO,https://www.coches.net/kia-niro-16-gdi-hev-104kw-141cv-drive-5p-electrico-hibrido-2024-en-malaga-70375127-covo.aspx
PEUGEOT,PEUGEOT 308 Nuevo 308 Allure 1.6 THP 125,7.999 €,2014,122.950 km,Gasolina,125 cv,Madrid,2026-05-06 13:53:40,C,https://www.coches.net/peugeot-308-nuevo-308-allure-16-thp-125-5p-gasolina-2013-en-madrid-70078341-covo.aspx
VOLKSWAGEN,VOLKSWAGEN Taigo RLine 1.5 TSI DSG,24.990 €,2022,45.000 km,Gasolina,150 cv,Valencia,2026-05-06 13:53:40,C,https://www.coches.net/volkswagen-taigo-rline-15-tsi-110kw-150cv-dsg-5p-gasolina-2023-en-valencia-70384226-covo.aspx
MERCEDES-BENZ,MERCEDES-BENZ GLE MercedesAMG GLE 53 4MATIC,77.990 €,2022,92.078 km,Gasolina,435 cv,Madrid,2026-05-06 13:53:40,ECO,https://www.coches.net/mercedes-benz-gle-mercedesamg-gle-53-4matic-5p-gasolina-2022-en-madrid-70364658-covo.aspx
VOLKSWAGEN,VOLKSWAGEN Arteon RLine 2.0 TDI,25.990 €,2022,156.518 km,Diesel,150 cv,A Coruña,2026-05-06 13:53:40,C,https://www.coches.net/volkswagen-arteon-rline-20-tdi-110kw-150cv-5p-diesel-2022-en-a-coruna-70519738-covo.aspx
SKODA,SKODA Fabia 1.0 TSI Active,13.900 €,2022,46.000 km,Gasolina,95 cv,Teruel,2026-05-06 13:53:40,C,https://www.coches.net/skoda-fabia-10-tsi-70kw-95cv-active-5p-gasolina-2022-en-teruel-70520231-covo.aspx
HYUNDAI,HYUNDAI IONIQ 1.6 GDI PHEV Style DCT,13.600 €,2018,118.514 km,Híbrido enchufable,141 cv,Valencia,2026-05-06 13:53:40,CERO,https://www.coches.net/hyundai-ioniq-16-gdi-phev-style-dct-5p-electrico-hibrido-2018-en-valencia-70531219-covo.aspx
VOLKSWAGEN,VOLKSWAGEN Scirocco 2.0 TDI RLine BMT,15.300 €,2015,142.919 km,Diesel,150 cv,Madrid,2026-05-06 13:53:40,C,https://www.coches.net/volkswagen-scirocco-20-tdi-150cv-rline-bmt-3p-diesel-2015-en-madrid-70533915-covo.aspx
BMW,BMW Serie 1 116d,19.400 €,2022,109.000 km,Diesel,116 cv,Pontevedra,2026-05-06 13:53:40,C,https://www.coches.net/bmw-serie-1-116d-5p-diesel-2023-en-pontevedra-70270179-covo.aspx
VOLKSWAGEN,VOLKSWAGEN Tiguan Edition 1.4 TSI BMT,12.490 €,2016,181.628 km,Gasolina,125 cv,Madrid,2026-05-06 13:53:40,C,https://www.coches.net/volkswagen-tiguan-edition-14-tsi-125cv-bmt-5p-gasolina-2017-en-madrid-70503489-covo.aspx
CITROEN,CITROEN C5 1.6 HDi FAP Millenium,4.490 €,2010,185.599 km,Diesel,109 cv,Madrid,2026-05-06 13:53:40,B,https://www.coches.net/citroen-c5-16-hdi-fap-millenium-4p-diesel-2009-en-madrid-70426141-covo.aspx
SKODA,SKODA Octavia 2.0 TDI Manual Ambition,15.990 €,2023,218.000 km,Diesel,150 cv,Córdoba,2026-05-06 13:53:40,C,https://www.coches.net/skoda-octavia-20-tdi-110kw-150cv-manual-ambition-5p-diesel-2023-en-cordoba-70429203-covo.aspx
PEUGEOT,PEUGEOT 208 PureTech EAT8 Allure,13.790 €,2021,50.797 km,Gasolina,100 cv,Bizkaia,2026-05-06 13:53:40,B,https://www.coches.net/peugeot-208-puretech-73kw-100cv-eat8-allure-5p-gasolina-2020-en-vizcaya-62556221-covo.aspx
MERCEDES-BENZ,MERCEDES-BENZ Mercedes-AMG SL MercedesAMG SL 43,119.900 €,2023,14.365 km,Gasolina,381 cv,Baleares,2026-05-06 13:53:40,C,https://www.coches.net/mercedes-benz-mercedes-amg-sl-mercedesamg-sl-43-2p-gasolina-2024-en-baleares-70531923-covo.aspx
MERCEDES-BENZ,MERCEDES-BENZ GLC GLC 220 d 4MATIC,52.900 €,2023,61.000 km,Híbrido,197 cv,Asturias,2026-05-06 13:53:40,ECO,https://www.coches.net/mercedes-benz-glc-glc-220-d-4matic-5p-electrico-hibrido-2023-en-asturias-70414988-covo.aspx
SSANGYONG,SSANGYONG XLV D16T Premium,13.600 €,2017,63.236 km,Diesel,115 cv,Madrid,2026-05-06 13:53:40,C,https://www.coches.net/ssangyong-xlv-d16t-premium-5p-diesel-2017-en-madrid-70202561-covo.aspx
VOLKSWAGEN,VOLKSWAGEN T-Roc Advance 1.5 TSI DSG,23.300 €,2021,41.000 km,Gasolina,150 cv,Málaga,2026-05-06 13:53:40,C,https://www.coches.net/volkswagen-t-roc-advance-15-tsi-110kw-150cv-dsg-5p-gasolina-2022-en-malaga-70397940-covo.aspx
CUPRA,CUPRA León 1.5 eTSI DSG,28.690 €,2025,27.138 km,Híbrido,150 cv,Barcelona,2026-05-06 13:53:40,ECO,https://www.coches.net/cupra-leon-15-etsi-110kw-150cv-dsg-5p-electrico-hibrido-2025-en-barcelona-70469109-covo.aspx
SEAT,SEAT Alhambra 2.0 TDI 177 CV StartStop ITech DSG,11.990 €,2015,220.000 km,Diesel,177 cv,Granada,2026-05-06 13:53:40,B,https://www.coches.net/seat-alhambra-20-tdi-177-cv-startstop-itech-dsg-5p-diesel-2015-en-granada-70512370-covo.aspx
VOLKSWAGEN,VOLKSWAGEN Passat Business 2.0 TDI,16.200 €,2021,149.990 km,Diesel,150 cv,Madrid,2026-05-06 13:53:40,B,https://www.coches.net/volkswagen-passat-business-20-tdi-110kw-150cv-4p-diesel-2022-en-madrid-70516370-covo.aspx
LAND-ROVER,LAND-ROVER Range Rover Sport 3.0D I6 HSE AWD Auto.,39.900 €,2020,120.000 km,Diesel,249 cv,Barcelona,2026-05-06 13:53:40,C,https://www.coches.net/land-rover-range-rover-sport-30d-i6-183kw-249cv-hse-awd-auto-5p-diesel-2021-en-barcelona-62554480-covo.aspx
LAND-ROVER,LAND-ROVER Range Rover Sport 3.0 SDV6 255 CV HSE,14.590 €,2013,261.088 km,Diesel,256 cv,Madrid,2026-05-06 13:53:40,B,https://www.coches.net/land-rover-range-rover-sport-30-sdv6-255-cv-hse-5p-diesel-2013-en-madrid-70326883-covo.aspx
AUDI,AUDI A1 Sportback Adrenalin 30 TFSI S tron,25.900 €,2024,7808 km,Gasolina,116 cv,Granada,2026-05-06 13:53:40,C,https://www.coches.net/audi-a1-sportback-adrenalin-30-tfsi-85kw-s-tron-5p-gasolina-2025-en-granada-70153918-covo.aspx
MERCEDES-BENZ,MERCEDES-BENZ GLC GLC 220 d 4MATIC,54.900 €,2023,72.601 km,Híbrido,197 cv,Asturias,2026-05-06 13:53:40,B,https://www.coches.net/mercedes-benz-glc-glc-220-d-4matic-5p-electrico-hibrido-2023-en-asturias-70413114-covo.aspx
TOYOTA,TOYOTA C-HR 1.8 125H Advance,19.985 €,2020,88.024 km,Híbrido,122 cv,Las Palmas,2026-05-06 13:53:40,ECO,https://www.coches.net/toyota-c-hr-18-125h-advance-5p-electrico-hibrido-2019-en-las-palmas-70307614-covo.aspx
SKODA,SKODA Scala 1.0 TSI 110 CV Ambition,14.700 €,2023,101.208 km,Gasolina,110 cv,Pontevedra,2026-05-06 13:53:40,C,https://www.coches.net/skoda-scala-10-tsi-81kw-110-cv-ambition-5p-gasolina-2023-en-pontevedra-70309828-covo.aspx
SKODA,SKODA Scala 1.0 TSI 110 CV Ambition,13.700 €,2021,109.985 km,Gasolina,110 cv,Pontevedra,2026-05-06 13:53:40,C,https://www.coches.net/skoda-scala-10-tsi-81kw-110-cv-ambition-5p-gasolina-2022-en-pontevedra-70310556-covo.aspx
TOYOTA,TOYOTA C-HR 1.8 125H Advance,21.400 €,2022,116.000 km,Híbrido,122 cv,Sevilla,2026-05-06 13:53:40,ECO,https://www.coches.net/toyota-c-hr-18-125h-advance-5p-electrico-hibrido-2023-en-sevilla-70436782-covo.aspx
NISSAN,NISSAN QASHQAI 1.5dCi SS ACENTA 4x2 Sensores Aparc,8.950 €,2015,215.989 km,Diesel,110 cv,Barcelona,2026-05-06 13:53:40,B,https://www.coches.net/nissan-qashqai-15dci-ss-acenta-4x2-sensores-aparc-5p-diesel-2014-en-barcelona-70324428-covo.aspx
AUDI,AUDI A4 Avant Advanced 35 TDI S tronic,22.900 €,2020,106.621 km,Híbrido,163 cv,Pontevedra,2026-05-06 13:53:40,ECO,https://www.coches.net/audi-a4-avant-advanced-35-tdi-120kw-s-tronic-5p-electrico-hibrido-2021-en-pontevedra-70310447-covo.aspx
MERCEDES-BENZ,MERCEDES-BENZ GLE Coupé GLE 350 de 4MATIC,44.490 €,2020,103.840 km,Híbrido enchufable,320 cv,Valencia,2026-05-06 13:53:40,CERO,https://www.coches.net/mercedes-benz-gle-coupe-gle-350-de-4matic-5p-electrico-hibrido-2020-en-valencia-70484935-covo.aspx
PEUGEOT,PEUGEOT 208 ALLURE 1.2L PureTech SS,10.950 €,2018,60.255 km,Gasolina,110 cv,Barcelona,2026-05-06 13:53:40,C,https://www.coches.net/peugeot-208-5p-allure-12l-puretech-81kw-110cv-ss-5p-gasolina-2017-en-barcelona-70416370-covo.aspx
MERCEDES-BENZ,MERCEDES-BENZ Clase G G 400 CDI STW Largo,39.990 €,2005,195.000 km,Diesel,250 cv,Barcelona,2026-05-06 13:53:40,CERO,https://www.coches.net/mercedes-benz-clase-g-g-400-cdi-stw-largo-5p-diesel-2005-en-barcelona-70521500-covo.aspx
CUPRA,CUPRA Terramar 1.5 eTSI 150 CV DSG,31.490 €,2024,32.769 km,Híbrido,150 cv,Madrid,2026-05-06 13:53:40,ECO,https://www.coches.net/cupra-terramar-15-etsi-110kw-150-cv-dsg-5p-electrico-hibrido-2025-en-madrid-70525479-covo.aspx
CUPRA,CUPRA Terramar 2.0 TSI 265 CV VZ DSG 4 Drive,41.900 €,2024,28.082 km,Gasolina,265 cv,Madrid,2026-05-06 13:53:40,C,https://www.coches.net/cupra-terramar-20-tsi-195kw-265-cv-vz-dsg-4-drive-5p-gasolina-2025-en-madrid-70525489-covo.aspx
AUDI,AUDI A7 Sportback S7 TDI quattro triptron.,64.900 €,2019,129.500 km,Híbrido,350 cv,Madrid,2026-05-06 13:53:40,ECO,https://www.coches.net/audi-a7-sportback-s7-tdi-257kw-quattro-triptron-5p-electrico-hibrido-2020-en-madrid-70238554-covo.aspx
BENTLEY,BENTLEY Continental GTC 6.0,59.450 €,2008,69.350 km,Gasolina,560 cv,Madrid,2026-05-06 13:53:40,C,https://www.coches.net/bentley-continental-gtc-60-2p-gasolina-2009-en-madrid-70532035-covo.aspx
LAND-ROVER,LAND-ROVER Discovery Sport 2.0D I4L.Flw 150 PS AWD Auto SE,21.990 €,2019,55.693 km,Diesel,150 cv,Sevilla,2026-05-06 13:53:40,B,https://www.coches.net/land-rover-discovery-sport-20d-i4lflw-150-ps-awd-auto-se-5p-diesel-2020-en-sevilla-70352033-covo.aspx
VOLKSWAGEN,VOLKSWAGEN Passat Variant 2.0 TDI 140 DSG Highline BM Tech,6.700 €,2011,289.000 km,Diesel,140 cv,Madrid,2026-05-06 13:53:40,B,https://www.coches.net/volkswagen-passat-variant-20-tdi-140-dsg-highline-bm-tech-5p-diesel-2011-en-madrid-70355503-covo.aspx
MERCEDES-BENZ,MERCEDES-BENZ GLE Coupé GLE 400 d 4MATIC,62.999 €,2021,191.000 km,Diesel,330 cv,Valencia,2026-05-06 13:53:40,C,https://www.coches.net/mercedes-benz-gle-coupe-gle-400-d-4matic-5p-diesel-2022-en-valencia-61890939-covo.aspx
DACIA,DACIA Duster Prestige Blue dCi 4X2,16.500 €,2018,121.024 km,Diesel,115 cv,Sevilla,2026-05-06 13:53:40,B,https://www.coches.net/dacia-duster-prestige-blue-dci-85kw-115cv-4x2-5p-diesel-2018-en-sevilla-62552701-covo.aspx
BMW,BMW Serie 3 325d Touring,15.999 €,2014,158.100 km,Diesel,218 cv,Madrid,2026-05-06 13:53:40,C,https://www.coches.net/bmw-serie-3-325d-touring-5p-diesel-2014-en-madrid-70542102-covo.aspx
MERCEDES-BENZ,MERCEDES-BENZ GLA GLA 200 D,39.900 €,2024,29.552 km,Diesel,150 cv,Cádiz,2026-05-06 13:53:40,C,https://www.coches.net/mercedes-benz-gla-gla-200-d-5p-diesel-2025-en-cadiz-70447228-covo.aspx
AUDI,AUDI A6 RS 6 Avant TFSI quattro,98.500 €,2021,66.000 km,Gasolina,600 cv,Bizkaia,2026-05-06 13:53:40,B,https://www.coches.net/audi-a6-rs-6-avant-tfsi-quattro-5p-gasolina-2022-en-vizcaya-70471085-covo.aspx
VOLKSWAGEN,VOLKSWAGEN Golf Advance 1.6 TDI DSG,18.990 €,2018,81.483 km,Diesel,115 cv,Barcelona,2026-05-06 13:53:40,C,https://www.coches.net/volkswagen-golf-advance-16-tdi-85kw-115cv-dsg-5p-diesel-2019-en-barcelona-70100796-covo.aspx
BMW,BMW Serie 1 118i,24.900 €,2022,42.000 km,Gasolina,136 cv,Tarragona,2026-05-06 13:53:40,C,https://www.coches.net/bmw-serie-1-118i-5p-gasolina-2023-en-tarragona-70421833-covo.aspx
BMW,BMW Serie 1 118i,24.900 €,2022,37.000 km,Gasolina,136 cv,Tarragona,2026-05-06 13:53:40,C,https://www.coches.net/bmw-serie-1-118i-5p-gasolina-2023-en-tarragona-70421875-covo.aspx
BMW,BMW Serie 1 118i Corporate Auto.,24.900 €,2023,27.000 km,Gasolina,136 cv,Tarragona,2026-05-06 13:53:40,C,https://www.coches.net/bmw-serie-1-118i-corporate-auto-5p-gasolina-2024-en-tarragona-70421915-covo.aspx
DS,DS DS 7 Crossback 1.6 ETense 225 Ligne Noire Auto,18.500 €,2022,116.466 km,Híbrido enchufable,225 cv,Pontevedra,2026-05-06 13:53:40,B,https://www.coches.net/ds-ds-7-crossback-16-etense-225-ligne-noire-auto-5p-electrico-hibrido-2021-en-pontevedra-62503390-covo.aspx
VOLVO,VOLVO XC90 2.0 B5 D AWD Momentum Pro Auto,39.900 €,2021,124.188 km,Híbrido,235 cv,Gipuzkoa,2026-05-06 13:53:40,ECO,https://www.coches.net/volvo-xc90-20-b5-d-awd-momentum-pro-auto-5p-electrico-hibrido-2021-en-guipuzcoa-62503400-covo.aspx
MAZDA,MAZDA CX-30 eSKYACTIV G MHEV Primeline,18.950 €,2023,71.000 km,Híbrido,122 cv,Las Palmas,2026-05-06 13:53:40,B,https://www.coches.net/mazda-cx-30-eskyactiv-g-mhev-90kw-primeline-5p-electrico-hibrido-2024-en-las-palmas-70187037-covo.aspx
JEEP,JEEP Renegade 4xe 1.3 PHEV 140kW190CV Limited AT,19.990 €,2022,76.000 km,Híbrido enchufable,190 cv,Sta. C. Tenerife,2026-05-06 13:53:40,CERO,https://www.coches.net/jeep-renegade-4xe-13-phev-140-kw190cv-limited-at-5p-electrico-hibrido-2023-en-sta-c-tenerife-70191609-covo.aspx
KIA,KIA cee'd 1.4 CRDi WGT xTech17,9.990 €,2018,135.000 km,Diesel,90 cv,Barcelona,2026-05-06 13:53:40,C,https://www.coches.net/kia-ceed-14-crdi-wgt-66kw-90cv-xtech17-5p-diesel-2017-en-barcelona-70246939-covo.aspx
SSANGYONG,SSANGYONG Tivoli G15T LP Urban Plus,17.990 €,2024,69.314 km,Gasolina,135 cv,Madrid,2026-05-06 13:53:40,C,https://www.coches.net/ssangyong-tivoli-g15t-lp-urban-plus-5p-gasolina-2024-en-madrid-70375445-covo.aspx
SEAT,SEAT León 1.5 TSI SS Style Visio Ed,14.999 €,2018,73.081 km,Gasolina,130 cv,Madrid,2026-05-06 13:53:40,C,https://www.coches.net/seat-leon-15-tsi-96kw-130cv-ss-style-visio-ed-5p-gasolina-2019-en-madrid-70512944-covo.aspx
NISSAN,NISSAN QASHQAI 1.2i DIGT SS TEKNA 4X2 17,9.999 €,2014,147.000 km,Gasolina,115 cv,Madrid,2026-05-06 13:53:40,C,https://www.coches.net/nissan-qashqai-12i-digt-ss-tekna-4x2-17-5p-gasolina-2014-en-madrid-70512952-covo.aspx
KIA,KIA e-Niro eNiro Drive Long Range,20.450 €,2022,42.000 km,Eléctrico,204 cv,Madrid,2026-05-06 13:53:40,CERO,https://www.coches.net/kia-e-niro-eniro-150kw-204cv-drive-long-range-5p-electrico-hibrido-2022-en-madrid-70435337-covo.aspx
MERCEDES-BENZ,MERCEDES-BENZ Clase CLK CLK 350 Elegance Auto,13.499 €,2008,118.000 km,Gasolina,272 cv,Alicante,2026-05-06 13:53:40,C,https://www.coches.net/mercedes-benz-clase-clk-clk-350-elegance-auto-2p-gasolina-2008-en-alicante-70341095-covo.aspx
SEAT,SEAT Ibiza 1.6 TDI Style Plus,9.799 €,2018,220.809 km,Diesel,95 cv,Sevilla,2026-05-06 13:53:40,C,https://www.coches.net/seat-ibiza-16-tdi-70kw-95cv-style-plus-5p-diesel-2019-en-sevilla-70404881-covo.aspx
SEAT,SEAT Arona 1.5 TSI DSG FR XL,21.490 €,2024,40.822 km,Gasolina,150 cv,Girona,2026-05-06 13:53:40,C,https://www.coches.net/seat-arona-15-tsi-110kw-dsg-fr-xl-5p-gasolina-2024-en-girona-70520420-covo.aspx
KIA,KIA Sportage 1.7 CRDI VGT Drive 4x2,6.990 €,2012,215.000 km,Diesel,115 cv,Bizkaia,2026-05-06 13:53:40,B,https://www.coches.net/kia-sportage-17-crdi-vgt-drive-4x2-5p-diesel-2012-en-vizcaya-70523899-covo.aspx
PEUGEOT,PEUGEOT Rifter GT Line Long PureTech,15.990 €,2019,63.236 km,Gasolina,110 cv,Sta. C. Tenerife,2026-05-06 13:53:40,C,https://www.coches.net/peugeot-rifter-gt-line-long-puretech-81kw-5p-gasolina-2018-en-sta-c-tenerife-70526942-covo.aspx
PEUGEOT,PEUGEOT 3008 1.2 PureTech SS Active,16.490 €,2021,21.442 km,Gasolina,130 cv,Madrid,2026-05-06 13:53:40,C,https://www.coches.net/peugeot-3008-12-puretech-96kw-130cv-ss-active-5p-gasolina-2019-en-madrid-70425940-covo.aspx
RENAULT,RENAULT Clio Zen TCe 18,12.500 €,2019,56.000 km,Gasolina,90 cv,Alicante,2026-05-06 13:53:40,B,https://www.coches.net/renault-clio-zen-tce-66kw-90cv-18-5p-gasolina-2018-en-alicante-70308868-covo.aspx
BMW,BMW X2 sDrive18d,22.498 €,2019,172.215 km,Diesel,150 cv,Zaragoza,2026-05-06 13:53:40,C,https://www.coches.net/bmw-x2-sdrive18d-5p-diesel-2019-en-zaragoza-61834444-covo.aspx
VOLKSWAGEN,VOLKSWAGEN Taigo Taigo 1.0 TSI,21.350 €,2025,36.311 km,Gasolina,95 cv,Málaga,2026-05-06 13:53:40,C,https://www.coches.net/volkswagen-taigo-taigo-10-tsi-70kw-95cv-5p-gasolina-2025-en-malaga-70529887-covo.aspx
KIA,KIA Carens 1.7 CRDi VGT 104kW115CV Drive EcoDyn,8.990 €,2017,235.000 km,Diesel,141 cv,Madrid,2026-05-06 13:53:40,C,https://www.coches.net/kia-carens-17-crdi-vgt-104kw115cv-drive-ecodyn-5p-diesel-2016-en-madrid-70534030-covo.aspx
NISSAN,NISSAN JUKE DIGT 114 CV 6MT NConnecta,17.499 €,2021,37.445 km,Gasolina,114 cv,Zaragoza,2026-05-06 13:53:40,C,https://www.coches.net/nissan-juke-digt-84-kw-114-cv-6mt-nconnecta-5p-gasolina-2021-en-zaragoza-62472710-covo.aspx
AUDI,AUDI A6 Avant 2.0 TDI,8.990 €,2013,238.000 km,Diesel,177 cv,Tarragona,2026-05-06 13:53:40,B,https://www.coches.net/audi-a6-avant-20-tdi-177cv-5p-diesel-2013-en-tarragona-62534208-covo.aspx
TOYOTA,TOYOTA Verso 2.0 D4D Active 7pl.,4.500 €,2010,340.000 km,Diesel,126 cv,Madrid,2026-05-06 13:53:40,B,https://www.coches.net/toyota-verso-20-d4d-active-7pl-5p-diesel-2009-en-madrid-70540998-covo.aspx
RENAULT,RENAULT ZOE Zen,7.785 €,2015,80.728 km,Eléctrico,88 cv,Madrid,2026-05-06 13:53:40,CERO,https://www.coches.net/renault-zoe-zen-5p-electrico-hibrido-2014-en-madrid-70216355-covo.aspx
KIA,KIA Sportage 1.6 TGDi PHEV Drive 4x4,27.990 €,2023,79.083 km,Híbrido enchufable,265 cv,Valladolid,2026-05-06 13:53:40,CERO,https://www.coches.net/kia-sportage-16-tgdi-phev-198kw-265cv-drive-4x4-5p-electrico-hibrido-2023-en-valladolid-70511440-covo.aspx
BMW,BMW X3 20d xDrive,43.500 €,2024,49.000 km,Híbrido,197 cv,Barcelona,2026-05-06 13:53:40,ECO,https://www.coches.net/bmw-x3-20d-xdrive-5p-electrico-hibrido-2024-en-barcelona-70517267-covo.aspx
JAGUAR,JAGUAR F-Pace 3.0L TDV6 AWD Automatico Prestige,25.000 €,2017,86.624 km,Diesel,300 cv,Madrid,2026-05-06 13:53:40,C,https://www.coches.net/jaguar-f-pace-30l-tdv6-awd-automatico-prestige-5p-diesel-2017-en-madrid-70508033-covo.aspx
VOLKSWAGEN,VOLKSWAGEN Passat CC 2.0 TDI DPF,10.990 €,2008,165.000 km,Diesel,140 cv,Madrid,2026-05-06 13:53:40,B,https://www.coches.net/volkswagen-passat-cc-20-tdi-140cv-dpf-4p-diesel-2009-en-madrid-70403797-covo.aspx
LEXUS,LEXUS CT 1.8 200h Executive,13.490 €,2015,162.237 km,Híbrido,136 cv,Valencia,2026-05-06 13:53:40,B,https://www.coches.net/lexus-ct-18-200h-executive-5p-electrico-hibrido-2016-en-valencia-70327425-covo.aspx
PEUGEOT,PEUGEOT 3008 1.2 PureTech SS GT Line EAT8,18.499 €,2019,63.021 km,Gasolina,130 cv,Gipuzkoa,2026-05-06 13:53:40,C,https://www.coches.net/peugeot-3008-12-puretech-96kw-ss-gt-line-eat8-5p-gasolina-2019-en-guipuzcoa-70310805-covo.aspx
TOYOTA,TOYOTA Corolla 1.8 125H BUSINESS PLUS ECVT TOU SPORT,18.990 €,2021,128.622 km,Híbrido,122 cv,Madrid,2026-05-06 13:53:40,ECO,https://www.coches.net/toyota-corolla-18-125h-business-plus-ecvt-tou-sport-5p-electrico-hibrido-2021-en-madrid-70355823-covo.aspx
TOYOTA,TOYOTA Corolla 1.8 125H BUSINESS PLUS ECVT TOU SPORT,18.490 €,2020,118.641 km,Híbrido,122 cv,Madrid,2026-05-06 13:53:40,ECO,https://www.coches.net/toyota-corolla-18-125h-business-plus-ecvt-tou-sport-5p-electrico-hibrido-2021-en-madrid-70358519-covo.aspx
MG,MG ZS Hybrid Luxury,22.950 €,2024,31.000 km,Híbrido,197 cv,Toledo,2026-05-06 13:53:40,ECO,https://www.coches.net/mg-zs-hybrid-luxury-5p-electrico-hibrido-2024-en-toledo-70362967-covo.aspx
CUPRA,CUPRA León SP 1.5 eTSI DSG,31.500 €,2025,10.990 km,Híbrido,150 cv,León,2026-05-06 13:53:40,ECO,https://www.coches.net/cupra-leon-sp-15-etsi-110kw-150cv-dsg-5p-electrico-hibrido-2024-en-leon-70533010-covo.aspx
KIA,KIA Sportage 1.6 TGDi GT Line Essential DCT 4x2,20.990 €,2020,34.756 km,Gasolina,177 cv,Barcelona,2026-05-06 13:53:40,C,https://www.coches.net/kia-sportage-16-tgdi-gt-line-essential-dct-4x2-5p-gasolina-2021-en-barcelona-62436251-covo.aspx
HYUNDAI,HYUNDAI Kona 1.6T N Line,27.490 €,2026,10 km,Gasolina,150 cv,Asturias,2026-05-06 13:53:40,B,https://www.coches.net/km-0/hyundai/kona/asturias/16t-150cv-n-line-gasolina-de-km0-70373855-kovn.aspx
HYUNDAI,HYUNDAI Kona 1.0T XLS,25.990 €,2026,10 km,Gasolina,115 cv,Asturias,2026-05-06 13:53:40,B,https://www.coches.net/km-0/hyundai/kona/asturias/10t-115cv-xls-gasolina-de-km0-70380224-kovn.aspx
VOLVO,VOLVO V60 2.0 T6 AWD Recharge Plus Dark Auto,50.900 €,2024,24.980 km,Híbrido enchufable,350 cv,A Coruña,2026-05-06 13:53:40,CERO,https://www.coches.net/volvo-v60-20-t6-awd-recharge-plus-dark-auto-5p-electrico-hibrido-2025-en-a-coruna-70221533-covo.aspx
MERCEDES-BENZ,MERCEDES-BENZ GLE GLE 300 d 4MATIC,50.000 €,2021,56.846 km,Diesel,245 cv,Madrid,2026-05-06 13:53:40,C,https://www.coches.net/mercedes-benz-gle-gle-300-d-4matic-5p-diesel-2019-en-madrid-70460995-covo.aspx
ALFA,ALFA ROMEO Stelvio 2.2 Diesel Veloce Q4,43.000 €,2023,23.229 km,Diesel,210 cv,Madrid,2026-05-06 13:53:40,C,https://www.coches.net/alfa-romeo-stelvio-22-diesel-154kw-210cv-veloce-q4-5p-diesel-2023-en-madrid-70466535-covo.aspx
PEUGEOT,PEUGEOT 308 Premium 1.6 VTi 120,6.500 €,2009,77.000 km,Gasolina,120 cv,Madrid,2026-05-06 13:53:40,C,https://www.coches.net/peugeot-308-premium-16-vti-120-5p-gasolina-2007-en-madrid-70411437-covo.aspx
LAND-ROVER,LAND-ROVER Range Rover Evoque 2.0L eD4 Diesel 4x2 Pure,15.990 €,2015,164.000 km,Diesel,150 cv,Alicante,2026-05-06 13:53:40,C,https://www.coches.net/land-rover-range-rover-evoque-20l-ed4-diesel-150cv-4x2-pure-5p-diesel-2016-en-alicante-70133584-covo.aspx
BMW,BMW X1 sDrive18dA Corporate,28.490 €,2022,30.623 km,Diesel,150 cv,Madrid,2026-05-06 13:53:40,C,https://www.coches.net/bmw-x1-sdrive18da-corporate-5p-diesel-2022-en-madrid-70476639-covo.aspx
VOLKSWAGEN,VOLKSWAGEN T-Roc Advance Style 1.6 TDI,18.500 €,2019,155.000 km,Diesel,115 cv,Córdoba,2026-05-06 13:53:40,C,https://www.coches.net/volkswagen-t-roc-advance-style-16-tdi-85kw-115cv-5p-diesel-2020-en-cordoba-70569165-covo.aspx
MG,MG MG3 Hybrid+ Comfort,16.500 €,2025,11.482 km,Híbrido,195 cv,Madrid,2026-05-06 13:53:40,ECO,https://www.coches.net/mg-mg3-hybrid-comfort-5p-electrico-hibrido-2024-en-madrid-70349259-covo.aspx
BMW,BMW Serie 3 320d Auto.,45.900 €,2025,22.198 km,Híbrido,190 cv,Ciudad Real,2026-05-06 13:53:40,ECO,https://www.coches.net/bmw-serie-3-320d-auto-4p-electrico-hibrido-2025-en-ciudad-real-70128978-covo.aspx
OPEL,OPEL Corsa 1.2T XHL Elegance,12.125 €,2020,48.656 km,Gasolina,100 cv,Madrid,2026-05-06 13:53:40,C,https://www.coches.net/opel-corsa-12t-xhl-74kw-100cv-elegance-5p-gasolina-2020-en-madrid-70128986-covo.aspx
TOYOTA,TOYOTA C-HR 2.0 220PH Advance,32.500 €,2024,9745 km,Híbrido enchufable,223 cv,Valencia,2026-05-06 13:53:40,CERO,https://www.coches.net/toyota-c-hr-20-220ph-advance-5p-electrico-hibrido-2024-en-valencia-62563427-covo.aspx
AUDI,AUDI A6 3.0 TDI 160kW218CV quattro S tronic,13.990 €,2017,300.000 km,Diesel,218 cv,Madrid,2026-05-06 13:53:40,C,https://www.coches.net/audi-a6-30-tdi-160kw218cv-quattro-s-tronic-4p-diesel-2017-en-madrid-70517121-covo.aspx
SEAT,SEAT Ibiza 1.2 12v Reference,5.690 €,2011,106.980 km,Gasolina,70 cv,Cantabria,2026-05-06 13:53:40,C,https://www.coches.net/seat-ibiza-12-12v-70cv-reference-5p-gasolina-2011-en-cantabria-62417815-covo.aspx
HYUNDAI,HYUNDAI Tucson 1.6 TGDI HEV Tecno Auto 2C,27.490 €,2021,61.777 km,Híbrido,230 cv,Madrid,2026-05-06 13:53:40,CERO,https://www.coches.net/hyundai-tucson-16-tgdi-169kw-hev-tecno-auto-2c-5p-electrico-hibrido-2021-en-madrid-70323292-covo.aspx
SEAT,SEAT León ST 1.5 EcoTSI DSG SS FR Fas Ed Pl,17.990 €,2020,72.131 km,Gasolina,150 cv,Madrid,2026-05-06 13:53:40,C,https://www.coches.net/seat-leon-st-15-ecotsi-110kw-dsg-ss-fr-fas-ed-pl-5p-gasolina-2020-en-madrid-70518287-covo.aspx
SEAT,SEAT León ST 2.0 TDI StSp FR,7.900 €,2015,289.000 km,Diesel,150 cv,A Coruña,2026-05-06 13:53:40,B,https://www.coches.net/seat-leon-st-20-tdi-150cv-stsp-fr-5p-diesel-2015-en-a-coruna-70521898-covo.aspx
VOLKSWAGEN,VOLKSWAGEN T-Roc Life 1.5 TSI DSG,25.990 €,2024,14.277 km,Gasolina,150 cv,Valencia,2026-05-06 13:53:40,C,https://www.coches.net/volkswagen-t-roc-life-15-tsi-110kw-150cv-dsg-5p-gasolina-2024-en-valencia-70416908-covo.aspx
VOLKSWAGEN,VOLKSWAGEN T-Roc RLine 2.0 TDI DSG,32.900 €,2023,8850 km,Diesel,150 cv,Madrid,2026-05-06 13:53:40,C,https://www.coches.net/volkswagen-t-roc-rline-20-tdi-110kw-150cv-dsg-5p-diesel-2023-en-madrid-70418668-covo.aspx
MERCEDES-BENZ,MERCEDES-BENZ CLA CLA MercedesAMG 35 4MATIC,48.500 €,2020,8781 km,Gasolina,306 cv,Asturias,2026-05-06 13:53:40,B,https://www.coches.net/mercedes-benz-cla-cla-mercedesamg-35-4matic-4p-gasolina-2020-en-asturias-61835586-covo.aspx
KIA,KIA Rio 1.0 TGDi Concept,12.490 €,2019,85.289 km,Gasolina,100 cv,Barcelona,2026-05-06 13:53:40,C,https://www.coches.net/kia-rio-10-tgdi-74kw-100cv-concept-5p-gasolina-2020-en-barcelona-70186755-covo.aspx
SKODA,SKODA Kodiaq 2.0 TDI DSG 4x4 RS,32.990 €,2020,98.000 km,Diesel,239 cv,Sevilla,2026-05-06 13:53:40,C,https://www.coches.net/skoda-kodiaq-20-tdi-176kw-240cv-dsg-4x4-rs-5p-diesel-2021-en-sevilla-70423614-covo.aspx
MAZDA,MAZDA CX-30 eSKYACTIVX 2.0 Zenith,21.399 €,2021,65.115 km,Híbrido,186 cv,Sevilla,2026-05-06 13:53:40,ECO,https://www.coches.net/mazda-cx-30-eskyactivx-20-137kw-zenith-5p-electrico-hibrido-2021-en-sevilla-70246876-covo.aspx
AUDI,AUDI A6 RS 6 Avant TFSI quattro,121.999 €,2021,21.500 km,Gasolina,600 cv,Alicante,2026-05-06 13:53:40,ECO,https://www.coches.net/audi-a6-rs-6-avant-tfsi-quattro-5p-gasolina-2022-en-alicante-70241307-covo.aspx
SUZUKI,SUZUKI S-Cross 1.4T S3 Mild Hybrid,27.900 €,2025,3000 km,Híbrido,129 cv,Salamanca,2026-05-06 13:53:40,B,https://www.coches.net/suzuki-s-cross-14t-s3-mild-hybrid-5p-electrico-hibrido-2024-en-salamanca-70409072-covo.aspx
RENAULT,RENAULT Clio Techno TCe 90,17.190 €,2025,33.980 km,Gasolina,90 cv,Barcelona,2026-05-06 13:53:40,B,https://www.coches.net/renault-clio-techno-tce-90-67kw-5p-gasolina-2024-en-barcelona-70331925-covo.aspx
FIAT,FIAT 500 1.2 8v 69 CV Lounge,6.499 €,2014,67.446 km,Gasolina,69 cv,Alicante,2026-05-06 13:53:40,B,https://www.coches.net/fiat-500-12-8v-69-cv-lounge-3p-gasolina-2014-en-alicante-70521281-covo.aspx
BMW,BMW X1 sDrive16d,21.899 €,2022,100.619 km,Diesel,116 cv,Sevilla,2026-05-06 13:53:40,C,https://www.coches.net/bmw-x1-sdrive16d-5p-diesel-2022-en-sevilla-70381765-covo.aspx
NISSAN,NISSAN Townstar 5 plazas 1.3G L1 Acenta,21.990 €,2023,5922 km,Gasolina,130 cv,Sevilla,2026-05-06 13:53:40,C,https://www.coches.net/nissan-townstar-5-plazas-13g-96kw-l1-acenta-5p-gasolina-2022-en-sevilla-61872877-covo.aspx
PEUGEOT,PEUGEOT Traveller Business Long BlueHDi 180 SS EAT8,34.900 €,2024,37.070 km,Diesel,180 cv,Murcia,2026-05-06 13:53:40,C,https://www.coches.net/peugeot-traveller-business-long-bluehdi-180-ss-eat8-5p-diesel-2024-en-murcia-62519641-covo.aspx
VOLKSWAGEN,VOLKSWAGEN Touran 1.6 TDI Advance,8.500 €,2011,260.000 km,Diesel,105 cv,Madrid,2026-05-06 13:53:40,B,https://www.coches.net/volkswagen-touran-16-tdi-105cv-advance-5p-diesel-2012-en-madrid-70527612-covo.aspx
BMW,BMW X5 xDrive30d,34.990 €,2020,223.000 km,Diesel,265 cv,Sevilla,2026-05-06 13:53:40,B,https://www.coches.net/bmw-x5-xdrive30d-5p-diesel-2020-en-sevilla-62214968-covo.aspx
MERCEDES-BENZ,MERCEDES-BENZ Clase A A 180 d Style,10.999 €,2016,270.000 km,Diesel,109 cv,Sta. C. Tenerife,2026-05-06 13:53:40,B,https://www.coches.net/mercedes-benz-clase-a-a-180-d-style-5p-diesel-2017-en-sta-c-tenerife-70565702-covo.aspx
SKODA,SKODA Fabia 1.0 TSI Ambition Plus,8.900 €,2021,187.000 km,Gasolina,95 cv,A Coruña,2026-05-06 13:53:40,B,https://www.coches.net/skoda-fabia-10-tsi-70kw-95cv-ambition-plus-5p-gasolina-2021-en-a-coruna-70422778-covo.aspx
MINI,MINI CLUBMAN Cooper D,15.299 €,2019,109.297 km,Diesel,150 cv,Sevilla,2026-05-06 13:53:40,C,https://www.coches.net/mini-clubman-cooper-d-5p-diesel-2020-en-sevilla-70448916-covo.aspx
CUPRA,CUPRA Formentor 1.5 TSI 150 CV,30.899 €,2025,6272 km,Gasolina,150 cv,Barcelona,2026-05-06 13:53:40,C,https://www.coches.net/cupra-formentor-15-tsi-110kw-150-cv-5p-gasolina-2026-en-barcelona-70449719-covo.aspx
AUDI,AUDI A4 2.0 TDI S tronic Avant,11.999 €,2017,220.000 km,Diesel,150 cv,Sevilla,2026-05-06 13:53:40,C,https://www.coches.net/audi-a4-20-tdi-110kw-150cv-s-tronic-avant-5p-diesel-2018-en-sevilla-70287734-covo.aspx
HYUNDAI,HYUNDAI i20 1.2 MPI N Line,16.990 €,2025,11.174 km,Gasolina,79 cv,Madrid,2026-05-06 13:53:40,C,https://www.coches.net/hyundai-i20-12-mpi-n-line-5p-gasolina-2025-en-madrid-70459720-covo.aspx
VOLKSWAGEN,VOLKSWAGEN ID.3 1st Plus Automatico 1 vel.,19.490 €,2020,83.000 km,Eléctrico,204 cv,A Coruña,2026-05-06 13:53:40,B,https://www.coches.net/volkswagen-id3-1st-plus-150kw-205cv-automatico-1-vel-5p-electrico-hibrido-2020-en-a-coruna-70466501-covo.aspx
TOYOTA,TOYOTA Rav4 2.5l PLUGIN 300PH eCVT Advance,46.490 €,2025,14.766 km,Híbrido enchufable,306 cv,Madrid,2026-05-06 13:53:40,CERO,https://www.coches.net/toyota-rav4-25l-plugin-300ph-ecvt-advance-5p-electrico-hibrido-2025-en-madrid-70228736-covo.aspx
VOLKSWAGEN,VOLKSWAGEN Tiguan Mas 2.0 TDI DSG,38.900 €,2025,9143 km,Diesel,150 cv,Madrid,2026-05-06 13:53:40,C,https://www.coches.net/volkswagen-tiguan-mas-20-tdi-110kw-150cv-dsg-5p-diesel-2025-en-madrid-70202536-covo.aspx
MINI,MINI MINI COOPER S CABRIO,26.900 €,2022,54.800 km,Gasolina,178 cv,Málaga,2026-05-06 13:53:40,C,https://www.coches.net/mini-mini-cooper-s-cabrio-2p-gasolina-2022-en-malaga-70469886-covo.aspx
ALPINE,ALPINE A110 A110,64.900 €,2024,6400 km,Gasolina,252 cv,Barcelona,2026-05-06 13:53:40,C,https://www.coches.net/alpine-a110-a110-2p-gasolina-2024-en-barcelona-70486210-covo.aspx
TOYOTA,TOYOTA Rav4 150D AWD Advance,16.999 €,2016,170.000 km,Diesel,150 cv,Alicante,2026-05-06 13:53:40,C,https://www.coches.net/toyota-rav4-150d-awd-advance-5p-diesel-2015-en-alicante-70129143-covo.aspx
PEUGEOT,PEUGEOT 308 SW GT BlueHDi 130 SS EAT8,20.990 €,2023,108.000 km,Diesel,130 cv,Sevilla,2026-05-06 13:53:40,C,https://www.coches.net/peugeot-308-sw-gt-bluehdi-130-ss-eat8-5p-diesel-2023-en-sevilla-70351691-covo.aspx
RENAULT,RENAULT Scénic Authentique 1.5dCi eco2,3.890 €,2010,280.000 km,Diesel,85 cv,Málaga,2026-05-06 13:53:40,C,https://www.coches.net/renault-scenic-authentique-15dci-85cv-eco2-5p-diesel-2010-en-malaga-70435668-covo.aspx
MERCEDES-BENZ,MERCEDES-BENZ Clase A A 180,32.490 €,2025,22.800 km,Híbrido,136 cv,Jaén,2026-05-06 13:53:40,ECO,https://www.coches.net/mercedes-benz-clase-a-a-180-5p-electrico-hibrido-2025-en-jaen-70348985-covo.aspx
MERCEDES-BENZ,MERCEDES-BENZ Clase A A 180,32.490 €,2025,24.160 km,Híbrido,136 cv,Jaén,2026-05-06 13:53:40,ECO,https://www.coches.net/mercedes-benz-clase-a-a-180-5p-electrico-hibrido-2025-en-jaen-70348987-covo.aspx
KIA,KIA Stonic 1.0 TGDi Concept,19.050 €,2025,20.524 km,Gasolina,100 cv,Baleares,2026-05-06 13:53:40,C,https://www.coches.net/kia-stonic-10-tgdi-74kw-100cv-concept-5p-gasolina-2020-en-baleares-70519848-covo.aspx
CITROEN,CITROEN C3 Aircross Turbo BVM6 PLUS,18.500 €,2025,28.000 km,Gasolina,100 cv,Ourense,2026-05-06 13:53:40,C,https://www.coches.net/citroen-c3-aircross-turbo-73kw-100cv-bvm6-plus-5p-gasolina-2024-en-orense-70522613-covo.aspx
JEEP,JEEP Compass 1.3 PHEV Limited AT AWD,19.500 €,2021,75.337 km,Híbrido enchufable,190 cv,Tarragona,2026-05-06 13:53:40,CERO,https://www.coches.net/jeep-compass-13-phev-140kw-190cv-limited-at-awd-5p-electrico-hibrido-2021-en-tarragona-70522989-covo.aspx
TOYOTA,TOYOTA C-HR 2.0 220PH Advance,33.900 €,2025,15.628 km,Híbrido enchufable,223 cv,Salamanca,2026-05-06 13:53:40,CERO,https://www.coches.net/toyota-c-hr-20-220ph-advance-5p-electrico-hibrido-2024-en-salamanca-70526853-covo.aspx
MERCEDES-BENZ,MERCEDES-BENZ Clase C C 300 d e Estate,51.500 €,2024,49.000 km,Híbrido enchufable,313 cv,Asturias,2026-05-06 13:53:40,B,https://www.coches.net/mercedes-benz-clase-c-c-300-d-e-estate-5p-electrico-hibrido-2024-en-asturias-61516674-covo.aspx
HYUNDAI,HYUNDAI Bayon 1.2 MPI Klass,16.500 €,2024,56.451 km,Gasolina,79 cv,A Coruña,2026-05-06 13:53:40,C,https://www.coches.net/hyundai-bayon-12-mpi-klass-5p-gasolina-2025-en-a-coruna-70529481-covo.aspx
MERCEDES-BENZ,MERCEDES-BENZ Clase B B 180,20.999 €,2020,110.000 km,Gasolina,136 cv,Bizkaia,2026-05-06 13:53:40,C,https://www.coches.net/mercedes-benz-clase-b-b-180-5p-gasolina-2019-en-vizcaya-70532901-covo.aspx
AUDI,AUDI Q5 2.0 TFSI 245 hybrid quat tipr Attraction,25.500 €,2014,70.000 km,Gasolina,245 cv,Madrid,2026-05-06 13:53:40,ECO,https://www.coches.net/audi-q5-20-tfsi-245-hybrid-quat-tipr-attraction-5p-gasolina-2015-en-madrid-70533619-covo.aspx
PEUGEOT,PEUGEOT 2008 Active BlueHDI 100 SS BVM6,14.990 €,2020,79.180 km,Diesel,100 cv,Barcelona,2026-05-06 13:53:40,C,https://www.coches.net/peugeot-2008-active-bluehdi-100-ss-bvm6-5p-diesel-2020-en-barcelona-70123234-covo.aspx
HYUNDAI,HYUNDAI Kona 1.0T 48V Tecno,26.700 €,2025,1000 km,Híbrido,100 cv,Valladolid,2026-05-06 13:53:40,ECO,https://www.coches.net/hyundai-kona-10t-100cv-48v-tecno-5p-electrico-hibrido-2025-en-valladolid-70467407-covo.aspx
LAND-ROVER,LAND-ROVER Discovery 3.0D I6 249 PS AWD Auto MHEV Dynamic SE,84.900 €,2026,9900 km,Híbrido,249 cv,Pontevedra,2026-05-06 13:53:40,ECO,https://www.coches.net/land-rover-discovery-30d-i6-249-ps-awd-auto-mhev-dynamic-se-5p-electrico-hibrido-2025-en-pontevedra-70470450-covo.aspx
PEUGEOT,PEUGEOT 208 ALLURE 1.6 VTi 120,7.990 €,2015,99.000 km,Gasolina,120 cv,Las Palmas,2026-05-06 13:53:40,C,https://www.coches.net/peugeot-208-5p-allure-16-vti-120-5p-gasolina-2014-en-las-palmas-70107318-covo.aspx
MERCEDES-BENZ,MERCEDES-BENZ Clase C C 220 d Estate,59.950 €,2025,14.000 km,Híbrido,200 cv,Málaga,2026-05-06 13:53:40,ECO,https://www.coches.net/mercedes-benz-clase-c-c-220-d-estate-5p-electrico-hibrido-2024-en-malaga-70224083-covo.aspx
OPEL,OPEL Insignia GS 1.6 CDTi Turbo D Selective,15.990 €,2020,58.600 km,Diesel,136 cv,Soria,2026-05-06 13:53:40,C,https://www.coches.net/opel-insignia-gs-16-cdti-100kw-turbo-d-selective-5p-diesel-2020-en-soria-62544873-covo.aspx
NISSAN,NISSAN QASHQAI 1.5 dCi VISIA BUSINESS 4x2,7.490 €,2009,288.000 km,Diesel,106 cv,Valencia,2026-05-06 13:53:40,B,https://www.coches.net/nissan-qashqai-15-dci-visia-business-4x2-5p-diesel-2009-en-valencia-62546772-covo.aspx
NISSAN,NISSAN QASHQAI 1.5 dCi ACENTA 4x2,8.990 €,2010,148.000 km,Diesel,110 cv,Valencia,2026-05-06 13:53:40,B,https://www.coches.net/nissan-qashqai-15-dci-acenta-4x2-5p-diesel-2010-en-valencia-62546810-covo.aspx
PEUGEOT,PEUGEOT 208 BlueHDi Active,9.400 €,2021,122.930 km,Diesel,100 cv,Pontevedra,2026-05-06 13:53:40,B,https://www.coches.net/peugeot-208-bluehdi-73kw-100cv-active-5p-diesel-2020-en-pontevedra-70265875-covo.aspx
FORD,FORD Kuga STLine X 2.5 Duratec FHEV Auto,18.990 €,2022,119.311 km,Híbrido,190 cv,Toledo,2026-05-06 13:53:40,ECO,https://www.coches.net/ford-kuga-stline-x-25-duratec-fhev-auto-5p-electrico-hibrido-2023-en-toledo-70388066-covo.aspx
MERCEDES-BENZ,MERCEDES-BENZ CLA CLA 250 e,42.900 €,2024,14.352 km,Híbrido enchufable,218 cv,Madrid,2026-05-06 13:53:40,CERO,https://www.coches.net/mercedes-benz-cla-cla-250-e-4p-electrico-hibrido-2024-en-madrid-70136891-covo.aspx
MERCEDES-BENZ,MERCEDES-BENZ Clase A A 180,32.900 €,2023,22.835 km,Híbrido,136 cv,Madrid,2026-05-06 13:53:40,ECO,https://www.coches.net/mercedes-benz-clase-a-a-180-5p-electrico-hibrido-2023-en-madrid-70172578-covo.aspx
MERCEDES-BENZ,MERCEDES-BENZ GLA GLA 200 D,35.900 €,2022,84.789 km,Diesel,150 cv,Madrid,2026-05-06 13:53:40,C,https://www.coches.net/mercedes-benz-gla-gla-200-d-5p-diesel-2020-en-madrid-70172974-covo.aspx
MERCEDES-BENZ,MERCEDES-BENZ Clase G MercedesAMG G 63,175.900 €,2022,38.743 km,Gasolina,585 cv,Madrid,2026-05-06 13:53:40,C,https://www.coches.net/mercedes-benz-clase-g-mercedesamg-g-63-5p-gasolina-2022-en-madrid-70181604-covo.aspx
MERCEDES-BENZ,MERCEDES-BENZ EQS EQS 450,77.000 €,2023,19.176 km,Eléctrico,360 cv,Madrid,2026-05-06 13:53:40,CERO,https://www.coches.net/mercedes-benz-eqs-eqs-450-5p-electrico-hibrido-2024-en-madrid-70181686-covo.aspx
BMW,BMW XM XM 653 CV,129.900 €,2025,16.062 km,Híbrido enchufable,653 cv,Valladolid,2026-05-06 13:53:40,CERO,https://www.coches.net/bmw-xm-xm-480-kw-653-cv-5p-electrico-hibrido-2025-en-valladolid-70533593-covo.aspx
HYUNDAI,HYUNDAI Tucson 1.6T Klass,26.500 €,2025,22.802 km,Gasolina,160 cv,Zaragoza,2026-05-06 13:53:40,B,https://www.coches.net/hyundai-tucson-16t-118kw-160cv-klass-5p-gasolina-2025-en-zaragoza-62272048-covo.aspx
BMW,BMW Serie 1 116d Corporate Auto.,28.490 €,2024,10.015 km,Diesel,116 cv,Jaén,2026-05-06 13:53:40,C,https://www.coches.net/bmw-serie-1-116d-corporate-auto-5p-diesel-2024-en-jaen-70347475-covo.aspx
BMW,BMW Serie 3 318d Auto.,39.900 €,2025,17.600 km,Híbrido,150 cv,Madrid,2026-05-06 13:53:40,ECO,https://www.coches.net/bmw-serie-3-318d-auto-4p-electrico-hibrido-2025-en-madrid-70347817-covo.aspx
OPEL,OPEL Astra 1.4 Turbo Excellence Auto,11.000 €,2015,97.500 km,Gasolina,140 cv,Madrid,2026-05-06 13:53:40,C,https://www.coches.net/opel-astra-14-turbo-excellence-auto-5p-gasolina-2015-en-madrid-70517820-covo.aspx
MERCEDES-BENZ,MERCEDES-BENZ EQA EQA 250,40.890 €,2025,11.722 km,Eléctrico,190 cv,Bizkaia,2026-05-06 13:53:40,CERO,https://www.coches.net/mercedes-benz-eqa-eqa-250-5p-electrico-hibrido-2025-en-vizcaya-70486401-covo.aspx
VOLVO,VOLVO XC60 2.0 B4 D Core Auto,37.500 €,2022,58.596 km,Híbrido,197 cv,Barcelona,2026-05-06 13:53:40,ECO,https://www.coches.net/volvo-xc60-20-b4-d-core-auto-5p-electrico-hibrido-2023-en-barcelona-70559553-covo.aspx
SEAT,SEAT León 1.9 TDi SPORT,5.500 €,2004,192.000 km,Diesel,130 cv,Madrid,2026-05-06 13:53:40,B,https://www.coches.net/seat-leon-19-tdi-130cv-sport-5p-diesel-2005-en-madrid-70446025-covo.aspx
RENAULT,RENAULT Clio evolution TCe 115 CV,18.800 €,2026,10 km,Gasolina,114 cv,Madrid,2026-05-06 13:53:40,C,https://www.coches.net/km-0/renault/clio/madrid/evolution-tce-85kw-115-cv-gasolina-de-km0-62520332-kovn.aspx
HYUNDAI,HYUNDAI i30 1.4 Tecno,10.490 €,2013,105.828 km,Gasolina,100 cv,Tarragona,2026-05-06 13:53:40,C,https://www.coches.net/hyundai-i30-14-tecno-5p-gasolina-2014-en-tarragona-70423599-covo.aspx
KIA,KIA Ceed 1.0 TGDi Drive,19.259 €,2025,11.980 km,Gasolina,100 cv,Barcelona,2026-05-06 13:53:40,B,https://www.coches.net/kia-ceed-10-tgdi-74kw-100cv-drive-5p-gasolina-2025-en-barcelona-70429546-covo.aspx
KIA,KIA Rio 1.2 DPi Concept,12.990 €,2022,71.000 km,Gasolina,84 cv,Las Palmas,2026-05-06 13:53:40,C,https://www.coches.net/kia-rio-12-dpi-62kw-84cv-concept-5p-gasolina-2022-en-las-palmas-70430244-covo.aspx
PEUGEOT,PEUGEOT 207 1.6THP 16v GT,3.490 €,2007,188.340 km,Gasolina,150 cv,Bizkaia,2026-05-06 13:53:40,C,https://www.coches.net/peugeot-207-16thp-16v-gt-3p-gasolina-2006-en-vizcaya-70125797-covo.aspx
PEUGEOT,PEUGEOT 208 ACTIVE 1.4 HDi 68,6.000 €,2014,191.000 km,Diesel,68 cv,Pontevedra,2026-05-06 13:53:40,B,https://www.coches.net/peugeot-208-5p-active-14-hdi-68-5p-diesel-2014-en-pontevedra-70519072-covo.aspx
MERCEDES-BENZ,MERCEDES-BENZ CLA CLA 250 e,27.500 €,2023,97.987 km,Híbrido enchufable,218 cv,La Rioja,2026-05-06 13:53:40,B,https://www.coches.net/mercedes-benz-cla-cla-250-e-4p-electrico-hibrido-2023-en-la-rioja-70521639-covo.aspx
PEUGEOT,PEUGEOT 308 Allure 1.2 PureTech SS,9.450 €,2016,52.195 km,Gasolina,110 cv,Madrid,2026-05-06 13:53:40,C,https://www.coches.net/peugeot-308-5p-allure-12-puretech-81kw-110cv-ss-5p-gasolina-2015-en-madrid-70512436-covo.aspx
RENAULT,RENAULT Talisman Intens Energy dCi,8.900 €,2017,200.000 km,Diesel,130 cv,Cáceres,2026-05-06 13:53:40,C,https://www.coches.net/renault-talisman-intens-energy-dci-96kw-130cv-4p-diesel-2015-en-caceres-70515381-covo.aspx
MERCEDES-BENZ,MERCEDES-BENZ Clase A A 180,22.500 €,2021,14.000 km,Gasolina,136 cv,Sevilla,2026-05-06 13:53:40,C,https://www.coches.net/mercedes-benz-clase-a-a-180-5p-gasolina-2022-en-sevilla-70340393-covo.aspx
PEUGEOT,PEUGEOT 3008 1.6BLUEHDI ALLURE AUTO SS,15.950 €,2018,98.000 km,Diesel,120 cv,Toledo,2026-05-06 13:53:40,C,https://www.coches.net/peugeot-3008-16bluehdi-88kw-120cv-allure-auto-ss-5p-diesel-2017-en-toledo-62541483-covo.aspx
MERCEDES-BENZ,MERCEDES-BENZ Clase A A 200,26.490 €,2021,71.000 km,Gasolina,163 cv,Las Palmas,2026-05-06 13:53:40,B,https://www.coches.net/mercedes-benz-clase-a-a-200-5p-gasolina-2022-en-las-palmas-70292558-covo.aspx
MAZDA,MAZDA CX-30 eSKYACTIV X MHEV Exclusiveline,31.990 €,2025,23.256 km,Híbrido,186 cv,Albacete,2026-05-06 13:53:40,ECO,https://www.coches.net/mazda-cx-30-eskyactiv-x-mhev-exclusiveline-5p-electrico-hibrido-2025-en-albacete-70381823-covo.aspx
AUDI,AUDI Q7 Design 50 TDI quattro tipt,48.880 €,2019,84.979 km,Diesel,286 cv,Barcelona,2026-05-06 13:53:40,ECO,https://www.coches.net/audi-q7-design-50-tdi-210kw-286cv-quattro-tipt-5p-diesel-2019-en-barcelona-70387317-covo.aspx
VOLKSWAGEN,VOLKSWAGEN Passat Variant Sport 2.0 TDI BMT DSG,13.290 €,2015,229.000 km,Diesel,150 cv,Barcelona,2026-05-06 13:53:40,C,https://www.coches.net/volkswagen-passat-variant-sport-20-tdi-150cv-bmt-dsg-5p-diesel-2016-en-barcelona-70172634-covo.aspx
CITROEN,CITROEN C-Elysée BlueHDi Origins,8.990 €,2020,101.834 km,Diesel,102 cv,Alicante,2026-05-06 13:53:40,C,https://www.coches.net/citroen-c-elysee-bluehdi-75kw-100cv-origins-4p-diesel-2019-en-alicante-70422553-covo.aspx
RENAULT,RENAULT ZOE Intens R135 Bateria 50kWh,15.500 €,2021,33.150 km,Eléctrico,135 cv,Barcelona,2026-05-06 13:53:40,CERO,https://www.coches.net/renault-zoe-intens-100-kw-r135-bateria-50kwh-5p-electrico-hibrido-2021-en-barcelona-70528150-covo.aspx
RENAULT,RENAULT ZOE Intens R135 Bateria 50kWh,15.900 €,2021,23.575 km,Eléctrico,135 cv,Barcelona,2026-05-06 13:53:40,CERO,https://www.coches.net/renault-zoe-intens-100-kw-r135-bateria-50kwh-5p-electrico-hibrido-2021-en-barcelona-70528717-covo.aspx
MINI,MINI COUNTRYMAN Cooper S ALL4,24.999 €,2019,51.000 km,Gasolina,192 cv,Madrid,2026-05-06 13:53:40,C,https://www.coches.net/mini-countryman-cooper-s-all4-5p-gasolina-2020-en-madrid-70530158-covo.aspx
KIA,KIA Niro 1.6 GDi HEV Drive,17.890 €,2020,53.554 km,Híbrido,141 cv,Madrid,2026-05-06 13:53:40,ECO,https://www.coches.net/kia-niro-16-gdi-hev-104kw-141cv-drive-5p-electrico-hibrido-2020-en-madrid-70533670-covo.aspx
KIA,KIA Niro 1.6 GDi HEV Drive,17.490 €,2022,164.000 km,Híbrido,141 cv,Madrid,2026-05-06 13:53:40,ECO,https://www.coches.net/kia-niro-16-gdi-hev-104kw-141cv-drive-5p-electrico-hibrido-2022-en-madrid-70535758-covo.aspx
RENAULT,RENAULT Clio Techno TCe 90,17.490 €,2025,15.973 km,Gasolina,90 cv,Barcelona,2026-05-06 13:53:40,C,https://www.coches.net/renault-clio-techno-tce-90-67kw-5p-gasolina-2024-en-barcelona-61808402-covo.aspx
MERCEDES-BENZ,MERCEDES-BENZ Clase E MercedesAMG E 63 S 4MATIC,78.900 €,2020,43.630 km,Gasolina,612 cv,Tarragona,2026-05-06 13:53:40,C,https://www.coches.net/mercedes-benz-clase-e-mercedesamg-e-63-s-4matic-4p-gasolina-2019-en-tarragona-70456925-covo.aspx
MERCEDES-BENZ,MERCEDES-BENZ Clase A A 200 CDI AMG Line,14.999 €,2015,145.000 km,Diesel,136 cv,Barcelona,2026-05-06 13:53:40,C,https://www.coches.net/mercedes-benz-clase-a-a-200-cdi-amg-line-5p-diesel-2015-en-barcelona-61194507-covo.aspx
MINI,MINI Countryman 1.6 Cooper D,6.999 €,2012,188.300 km,Diesel,112 cv,Madrid,2026-05-06 13:53:40,B,https://www.coches.net/mini-countryman-16-cooper-d-5p-diesel-2012-en-madrid-70474801-covo.aspx
AUDI,AUDI A3 Sportback S line TFSI e S tronic,42.990 €,2025,9999 km,Híbrido enchufable,204 cv,Barcelona,2026-05-06 13:53:40,CERO,https://www.coches.net/audi-a3-sportback-s-line-tfsi-e-150kw-s-tronic-5p-electrico-hibrido-2026-en-barcelona-62527971-covo.aspx
AUDI,AUDI A3 Sportback S line 40 TFSI e S tron,39.490 €,2025,17.459 km,Híbrido enchufable,204 cv,Madrid,2026-05-06 13:53:40,CERO,https://www.coches.net/audi-a3-sportback-s-line-40-tfsi-e-150kw-s-tron-5p-electrico-hibrido-2025-en-madrid-70204803-covo.aspx
CITROEN,CITROEN C-Elysée BlueHDi Shine,6.999 €,2018,176.000 km,Diesel,102 cv,Bizkaia,2026-05-06 13:53:40,C,https://www.coches.net/citroen-c-elysee-bluehdi-75kw-100cv-shine-4p-diesel-2018-en-vizcaya-70214079-covo.aspx
MERCEDES-BENZ,MERCEDES-BENZ Clase A A 180 d,33.990 €,2025,4411 km,Diesel,116 cv,Bizkaia,2026-05-06 13:53:40,C,https://www.coches.net/mercedes-benz-clase-a-a-180-d-5p-diesel-2025-en-vizcaya-70172473-covo.aspx
MERCEDES-BENZ,MERCEDES-BENZ Clase V 220 d Avantgarde Largo,41.799 €,2021,87.061 km,Diesel,163 cv,Sevilla,2026-05-06 13:53:40,C,https://www.coches.net/mercedes-benz-clase-v-220-d-avantgarde-largo-5p-diesel-2021-en-sevilla-70448918-covo.aspx
VOLVO,VOLVO XC40 1.5 T2 Essential,23.990 €,2023,73.354 km,Gasolina,129 cv,Alicante,2026-05-06 13:53:40,C,https://www.coches.net/volvo-xc40-15-t2-essential-5p-gasolina-2023-en-alicante-70450892-covo.aspx
MERCEDES-BENZ,MERCEDES-BENZ GLC Coupé GLC 220 d 4MATIC,42.900 €,2022,92.063 km,Diesel,194 cv,Sevilla,2026-05-06 13:53:40,C,https://www.coches.net/mercedes-benz-glc-coupe-glc-220-d-4matic-5p-diesel-2022-en-sevilla-70452502-covo.aspx
PEUGEOT,PEUGEOT 3008 Active 1.6 HDI 115 FAP,7.490 €,2014,235.000 km,Diesel,115 cv,Valencia,2026-05-06 13:53:40,B,https://www.coches.net/peugeot-3008-active-16-hdi-115-fap-5p-diesel-2014-en-valencia-62546708-covo.aspx
SUZUKI,SUZUKI S-Cross 1.4T S3 Mild Hybrid,27.780 €,2025,12 km,Híbrido,129 cv,Toledo,2026-05-06 13:53:40,ECO,https://www.coches.net/km-0/suzuki/s-cross/toledo/14t-s3-mild-hybrid-electrico-hibrido-de-km0-70238429-kovn.aspx
MINI,MINI ACEMAN E,29.945 €,2025,29.935 km,Eléctrico,184 cv,Bizkaia,2026-05-06 13:53:40,CERO,https://www.coches.net/mini-aceman-e-5p-electrico-hibrido-2025-en-vizcaya-70242893-covo.aspx
CITROEN,CITROEN ë-C4 eC4 electrico 50kWh CSeries,21.650 €,2023,13.222 km,Eléctrico,136 cv,Barcelona,2026-05-06 13:53:40,CERO,https://www.coches.net/citroen-e-c4-ec4-electrico-100kw-50kwh-cseries-5p-electrico-hibrido-2023-en-barcelona-70464818-covo.aspx
BMW,BMW Serie 3 M3 Competition,99.900 €,2022,16.000 km,Gasolina,510 cv,Madrid,2026-05-06 13:53:40,C,https://www.coches.net/bmw-serie-3-m3-competition-4p-gasolina-2022-en-madrid-70421177-covo.aspx
CITROEN,CITROEN C4 BlueHDi 100 Live Edition,6.999 €,2015,150.000 km,Diesel,99 cv,Sevilla,2026-05-06 13:53:40,C,https://www.coches.net/citroen-c4-bluehdi-100-live-edition-5p-diesel-2015-en-sevilla-70404567-covo.aspx
CITROEN,CITROEN C4 Spacetourer PureTech SS 6v Feel,9.990 €,2019,117.000 km,Gasolina,130 cv,Madrid,2026-05-06 13:53:40,B,https://www.coches.net/citroen-c4-spacetourer-puretech-96kw-130cv-ss-6v-feel-5p-gasolina-2018-en-madrid-70351941-covo.aspx
VOLVO,VOLVO XC90 2.0 T8 AWD Ultra Dark Recharge Auto,79.900 €,2025,24.454 km,Híbrido enchufable,455 cv,A Coruña,2026-05-06 13:53:40,CERO,https://www.coches.net/volvo-xc90-20-t8-awd-ultra-dark-recharge-auto-5p-electrico-hibrido-2025-en-a-coruna-70354539-covo.aspx
RENAULT,RENAULT Mégane Equilibre Blue dCi,13.999 €,2022,90.000 km,Diesel,115 cv,Madrid,2026-05-06 13:53:40,C,https://www.coches.net/renault-megane-equilibre-blue-dci-85-kw-115cv-5p-diesel-2022-en-madrid-70217629-covo.aspx
AUDI,AUDI Q4 Sportback e-tron Advanced 40 etron 82kWh,34.900 €,2023,48.060 km,Eléctrico,204 cv,Barcelona,2026-05-06 13:53:40,CERO,https://www.coches.net/audi-q4-sportback-e-tron-advanced-40-etron-150kw-82kwh-5p-electrico-hibrido-2024-en-barcelona-70486232-covo.aspx
VOLKSWAGEN,VOLKSWAGEN T-Cross Advance 1.0 TSI,16.200 €,2022,72.280 km,Gasolina,110 cv,Madrid,2026-05-06 13:53:40,C,https://www.coches.net/volkswagen-t-cross-advance-10-tsi-81kw-110cv-5p-gasolina-2022-en-madrid-70489003-covo.aspx
KIA,KIA cee'd 1.6 CRDi VGT Business,13.998 €,2018,67.059 km,Diesel,110 cv,Navarra,2026-05-06 13:53:40,C,https://www.coches.net/kia-ceed-16-crdi-vgt-81kw-110cv-business-5p-diesel-2017-en-navarra-60876864-covo.aspx
NISSAN,NISSAN Micra 1.5dCi 90 CV SS Acenta,11.999 €,2018,95.000 km,Diesel,90 cv,Navarra,2026-05-06 13:53:40,C,https://www.coches.net/nissan-micra-15dci-66-kw-90-cv-ss-acenta-5p-diesel-2018-en-navarra-70246108-covo.aspx
SEAT,SEAT León 1.5 TSI SS Style,16.900 €,2021,79.620 km,Gasolina,130 cv,Barcelona,2026-05-06 13:53:40,C,https://www.coches.net/seat-leon-15-tsi-96kw-ss-style-5p-gasolina-2022-en-barcelona-70509720-covo.aspx
NISSAN,NISSAN QASHQAI dCi 115 CV E6D DCT ACENTA,18.999 €,2020,86.000 km,Diesel,115 cv,Sevilla,2026-05-06 13:53:40,C,https://www.coches.net/nissan-qashqai-dci-85-kw-115-cv-e6d-dct-acenta-5p-diesel-2020-en-sevilla-70513940-covo.aspx
AUDI,AUDI A5 S line 2.0 TDI Coupe,22.999 €,2017,142.000 km,Diesel,190 cv,Málaga,2026-05-06 13:53:40,C,https://www.coches.net/audi-a5-s-line-20-tdi-140kw-190cv-coupe-2p-diesel-2018-en-malaga-70376522-covo.aspx
BMW,BMW Serie 1 116d,20.990 €,2024,49.000 km,Diesel,116 cv,Madrid,2026-05-06 13:53:40,C,https://www.coches.net/bmw-serie-1-116d-5p-diesel-2024-en-madrid-70230491-covo.aspx
JEEP,JEEP Renegade Limited 1.3G 4x2 DCT,18.990 €,2021,42.000 km,Gasolina,150 cv,Sta. C. Tenerife,2026-05-06 13:53:40,C,https://www.coches.net/jeep-renegade-limited-13g-112kw-150cv-4x2-dct-5p-gasolina-2021-en-sta-c-tenerife-62500331-covo.aspx
HYUNDAI,HYUNDAI Tucson 1.6 TGDI PHEV Maxx Auto 4X4,36.990 €,2025,70 km,Híbrido enchufable,265 cv,Tarragona,2026-05-06 13:53:40,B,https://www.coches.net/km-0/hyundai/tucson/tarragona/16-tgdi-phev-195kw-maxx-auto-4x4-electrico-hibrido-de-demostracion-70478573-devn.aspx
MERCEDES-BENZ,MERCEDES-BENZ CLA CLA 220 D DCT,49.600 €,2026,1 km,Diesel,190 cv,Murcia,2026-05-06 13:53:40,B,https://www.coches.net/mercedes-benz-cla-cla-220-d-dct-4p-diesel-2025-en-murcia-62566466-covo.aspx
HYUNDAI,HYUNDAI Tucson 1.6T HEV AT Maxx,33.900 €,2026,20 km,Híbrido,215 cv,Cádiz,2026-05-06 13:53:40,ECO,https://www.coches.net/km-0/hyundai/tucson/cadiz/16t-158kw-215cv-hev-at-maxx-electrico-hibrido-de-km0-70565757-kovn.aspx
AUDI,AUDI Q5 35 TDI S tronic,27.900 €,2022,148.920 km,Híbrido,163 cv,Jaén,2026-05-06 13:53:40,ECO,https://www.coches.net/audi-q5-35-tdi-120kw-163cv-s-tronic-5p-electrico-hibrido-2022-en-jaen-70517965-covo.aspx
RENAULT,RENAULT Captur techno ETech full hybr.105kW145CV,21.900 €,2023,42.087 km,Híbrido,145 cv,Jaén,2026-05-06 13:53:40,ECO,https://www.coches.net/renault-captur-techno-etech-full-hybr105-kw145cv-5p-electrico-hibrido-2022-en-jaen-70518049-covo.aspx
MG,MG ZS 1.5 Comfort,20.990 €,2025,10 km,Gasolina,116 cv,Madrid,2026-05-06 13:53:40,C,https://www.coches.net/km-0/mg/zs/madrid/15-comfort-gasolina-de-km0-70519059-kovn.aspx
BMW,BMW X2 sDrive18d,20.499 €,2019,123.812 km,Diesel,150 cv,Navarra,2026-05-06 13:53:40,C,https://www.coches.net/bmw-x2-sdrive18d-5p-diesel-2019-en-navarra-70526048-covo.aspx
TOYOTA,TOYOTA Yaris Cross 1.5 130H Active Plus,27.990 €,2025,10.000 km,Híbrido,130 cv,Burgos,2026-05-06 13:53:40,ECO,https://www.coches.net/toyota-yaris-cross-15-130h-active-plus-5p-electrico-hibrido-2025-en-burgos-70379249-covo.aspx
BMW,BMW X1 sDrive18d,32.890 €,2022,71.265 km,Diesel,150 cv,Castellón,2026-05-06 13:53:40,C,https://www.coches.net/bmw-x1-sdrive18d-5p-diesel-2023-en-castellon-70519440-covo.aspx
OPEL,OPEL Astra 1.6 CDTi SS 120 Aniversari,9.990 €,2019,164.870 km,Diesel,110 cv,Bizkaia,2026-05-06 13:53:40,C,https://www.coches.net/opel-astra-16-cdti-ss-81kw-110cv-120-aniversari-5p-diesel-2019-en-vizcaya-70065943-covo.aspx
AUDI,AUDI TT 40 TFSI S tronic S Tourist Trophy,45.900 €,2023,7300 km,Gasolina,197 cv,Barcelona,2026-05-06 13:53:40,C,https://www.coches.net/audi-tt-40-tfsi-145kw-s-tronic-s-tourist-trophy-3p-gasolina-2023-en-barcelona-70409870-covo.aspx
NISSAN,NISSAN Micra 1.5 dCi 80 Acenta,1.500 €,2005,370.000 km,Diesel,80 cv,Badajoz,2026-05-06 13:53:40,B,https://www.coches.net/nissan-micra-15-dci-80-acenta-5p-diesel-2003-en-badajoz-70413437-covo.aspx
SEAT,SEAT León ST 2.0 TDI 4Drive StSp Xperience,12.990 €,2016,175.000 km,Diesel,150 cv,Bizkaia,2026-05-06 13:53:40,C,https://www.coches.net/seat-leon-st-20-tdi-110kw-4drive-stsp-xperience-5p-diesel-2017-en-vizcaya-70457093-covo.aspx
MERCEDES-BENZ,MERCEDES-BENZ Clase C C 300 e tec. hib. EQ Berlina,52.990 €,2024,34.000 km,Híbrido enchufable,313 cv,Barcelona,2026-05-06 13:53:40,CERO,https://www.coches.net/mercedes-benz-clase-c-c-300-e-tec-hib-eq-berlina-4p-electrico-hibrido-2024-en-barcelona-70523010-covo.aspx
HYUNDAI,HYUNDAI Tucson 1.6 TGDI PHEV Maxx Auto 4X4,23.900 €,2022,57.000 km,Híbrido enchufable,265 cv,Las Palmas,2026-05-06 13:53:40,B,https://www.coches.net/hyundai-tucson-16-tgdi-phev-195kw-maxx-auto-4x4-5p-electrico-hibrido-2022-en-las-palmas-70365510-covo.aspx
VOLKSWAGEN,VOLKSWAGEN Transporter Kombi Largo T.Normal 2.0 TDI 2.8T,12.900 €,2011,326.886 km,Diesel,102 cv,Madrid,2026-05-06 13:53:40,B,https://www.coches.net/volkswagen-transporter-kombi-largo-tnormal-20-tdi-102cv-28t-4p-diesel-2012-en-madrid-70469785-covo.aspx
RENAULT,RENAULT Trafic Authentic Energy Blue dCi,28.100 €,2024,40.553 km,Diesel,110 cv,Madrid,2026-05-06 13:53:40,C,https://www.coches.net/renault-trafic-authentic-energy-blue-dci-81-kw-110cv-4p-diesel-2023-en-madrid-70471610-covo.aspx
AUDI,AUDI A1 Sportback Adrenalin 30 TFSI S tron,25.900 €,2024,13.000 km,Gasolina,110 cv,Zaragoza,2026-05-06 13:53:40,B,https://www.coches.net/audi-a1-sportback-adrenalin-30-tfsi-81kw-s-tron-5p-gasolina-2024-en-zaragoza-70481798-covo.aspx
CITROEN,CITROEN C4 PureTech 130 SS 6v Plus,16.490 €,2024,18.985 km,Gasolina,131 cv,Zaragoza,2026-05-06 13:53:40,B,https://www.coches.net/citroen-c4-puretech-130-ss-6v-plus-5p-gasolina-2023-en-zaragoza-70414164-covo.aspx
RENAULT,RENAULT Scénic Zen Energy dCi,15.990 €,2017,73.000 km,Diesel,110 cv,Madrid,2026-05-06 13:53:40,C,https://www.coches.net/renault-scenic-zen-energy-dci-81kw-110cv-5p-diesel-2016-en-madrid-70245588-covo.aspx
MINI,MINI COUNTRYMAN One D,18.990 €,2018,77.500 km,Diesel,116 cv,Málaga,2026-05-06 13:53:40,B,https://www.coches.net/mini-countryman-one-d-5p-diesel-2019-en-malaga-70150540-covo.aspx
BMW,BMW Serie 1 116d Business,17.490 €,2021,117.000 km,Diesel,116 cv,Madrid,2026-05-06 13:53:40,C,https://www.coches.net/bmw-serie-1-116d-business-5p-diesel-2021-en-madrid-70223794-covo.aspx
TOYOTA,TOYOTA Rav4 2.5l 220H Business,28.490 €,2022,119.400 km,Híbrido,218 cv,Valencia,2026-05-06 13:53:40,ECO,https://www.coches.net/toyota-rav4-25l-220h-business-5p-electrico-hibrido-2022-en-valencia-70308991-covo.aspx
VOLKSWAGEN,VOLKSWAGEN Tiguan Life 2.0 TDI DSG,26.500 €,2021,79.895 km,Diesel,150 cv,Pontevedra,2026-05-06 13:53:40,C,https://www.coches.net/volkswagen-tiguan-life-20-tdi-110kw-150cv-dsg-5p-diesel-2022-en-pontevedra-70309829-covo.aspx
VOLKSWAGEN,VOLKSWAGEN Tiguan RLine 2.0 TDI DSG,30.900 €,2022,92.290 km,Diesel,150 cv,Pontevedra,2026-05-06 13:53:40,C,https://www.coches.net/volkswagen-tiguan-rline-20-tdi-110kw-150cv-dsg-5p-diesel-2023-en-pontevedra-70309979-covo.aspx
VOLKSWAGEN,VOLKSWAGEN Tiguan Life 2.0 TDI,27.500 €,2023,104.358 km,Diesel,150 cv,Pontevedra,2026-05-06 13:53:40,C,https://www.coches.net/volkswagen-tiguan-life-20-tdi-110kw-150cv-5p-diesel-2023-en-pontevedra-70310968-covo.aspx
DACIA,DACIA Duster Ambiance dCi 110 E5,10.900 €,2012,116.000 km,Diesel,107 cv,Valladolid,2026-05-06 13:53:40,B,https://www.coches.net/dacia-duster-ambiance-dci-110-e5-5p-diesel-2010-en-valladolid-62545887-covo.aspx
BMW,BMW Serie 4 M4 Competition M XDrive Cabrio,78.900 €,2022,66.000 km,Gasolina,510 cv,Barcelona,2026-05-06 13:53:40,B,https://www.coches.net/bmw-serie-4-m4-competition-m-xdrive-cabrio-2p-gasolina-2023-en-barcelona-70401133-covo.aspx
MG,MG MG3 1.5 Standard,14.900 €,2025,10.492 km,Gasolina,116 cv,Lugo,2026-05-06 13:53:40,C,https://www.coches.net/mg-mg3-15-standard-5p-gasolina-2024-en-lugo-70402544-covo.aspx
TOYOTA,TOYOTA Yaris 1.5 120H Style,19.990 €,2022,41.755 km,Híbrido,116 cv,Madrid,2026-05-06 13:53:40,ECO,https://www.coches.net/toyota-yaris-15-120h-style-5p-electrico-hibrido-2022-en-madrid-70274377-covo.aspx
VOLVO,VOLVO S60 B4G FWD Core Auto,28.990 €,2023,77.896 km,Híbrido,197 cv,Ciudad Real,2026-05-06 13:53:40,ECO,https://www.coches.net/volvo-s60-b4g-fwd-core-auto-4p-electrico-hibrido-2024-en-ciudad-real-62554615-covo.aspx
PORSCHE,PORSCHE Macan S Diesel,34.500 €,2015,143.000 km,Diesel,258 cv,Madrid,2026-05-06 13:53:40,C,https://www.coches.net/porsche-macan-s-diesel-5p-diesel-2015-en-madrid-70463123-covo.aspx
BMW,BMW X2 sDrive18d,19.399 €,2018,106.589 km,Diesel,150 cv,Sevilla,2026-05-06 13:53:40,C,https://www.coches.net/bmw-x2-sdrive18d-5p-diesel-2019-en-sevilla-70241492-covo.aspx
AUDI,AUDI A3 Sportback 2.0 TDI DPF Ambition,8.999 €,2010,164.000 km,Diesel,140 cv,Barcelona,2026-05-06 13:53:40,B,https://www.coches.net/audi-a3-sportback-20-tdi-140cv-dpf-ambition-5p-diesel-2010-en-barcelona-70237181-covo.aspx
MERCEDES-BENZ,MERCEDES-BENZ GLE GLE 350 de 4MATIC Hibrido Enchufable,59.900 €,2021,109.000 km,Híbrido enchufable,320 cv,Asturias,2026-05-06 13:53:40,B,https://www.coches.net/mercedes-benz-gle-gle-350-de-4matic-hibrido-enchufable-5p-electrico-hibrido-2020-en-asturias-70212033-covo.aspx
AUDI,AUDI A4 Avant 2.0 TFSI quattro S tronic,9.300 €,2011,268.938 km,Gasolina,211 cv,Madrid,2026-05-06 13:53:40,C,https://www.coches.net/audi-a4-avant-20-tfsi-211cv-quattro-s-tronic-5p-gasolina-2012-en-madrid-70456205-covo.aspx
PORSCHE,PORSCHE Macan,41.950 €,2018,65.000 km,Gasolina,245 cv,Barcelona,2026-05-06 13:53:40,C,https://www.coches.net/porsche-macan--5p-gasolina-2019-en-barcelona-70508808-covo.aspx
SEAT,SEAT Ibiza 1.5 TSI FR,19.990 €,2018,68.000 km,Gasolina,150 cv,Tarragona,2026-05-06 13:53:40,C,https://www.coches.net/seat-ibiza-15-tsi-110kw-150cv-fr-5p-gasolina-2018-en-tarragona-70422758-covo.aspx
AUDI,AUDI Q5 2.0 TDI quattro DPF,11.499 €,2010,270.028 km,Diesel,170 cv,Navarra,2026-05-06 13:53:40,B,https://www.coches.net/audi-q5-2.0-tdi-170cv-quattro-dpf-5p-diesel-2010-en-navarra-61920387-covo.aspx
BMW,BMW Serie 3 330e xDrive Touring,39.840 €,2023,60.720 km,Híbrido enchufable,292 cv,Asturias,2026-05-06 13:53:40,CERO,https://www.coches.net/bmw-serie-3-330e-xdrive-touring-5p-electrico-hibrido-2023-en-asturias-70511377-covo.aspx
MINI,MINI MINI COOPER S CABRIO,24.999 €,2017,69.500 km,Gasolina,192 cv,Alicante,2026-05-06 13:53:40,C,https://www.coches.net/mini-mini-cooper-s-cabrio-2p-gasolina-2017-en-alicante-70319335-covo.aspx
FIAT,FIAT 500 Dolcevita 1.0 Hybrid 70 CV,12.980 €,2022,66.538 km,Híbrido,70 cv,Madrid,2026-05-06 13:53:40,ECO,https://www.coches.net/fiat-500-dolcevita-10-hybrid-51kw-70-cv-3p-electrico-hibrido-2022-en-madrid-70397506-covo.aspx
ALFA,ALFA ROMEO Stelvio 2.2 Diesel Stelvio RWD,19.899 €,2017,82.254 km,Diesel,150 cv,Barcelona,2026-05-06 13:53:40,C,https://www.coches.net/alfa-romeo-stelvio-22-diesel-110kw-150cv-stelvio-rwd-5p-diesel-2017-en-barcelona-70246825-covo.aspx
NISSAN,NISSAN QASHQAI DIGT mHEV CVT Acenta,25.900 €,2024,59.300 km,Híbrido,158 cv,Barcelona,2026-05-06 13:53:40,ECO,https://www.coches.net/nissan-qashqai-digt-116kw-158cv-mhev-cvt-acenta-5p-electrico-hibrido-2024-en-barcelona-70431697-covo.aspx
VOLKSWAGEN,VOLKSWAGEN Taigo Mas 1.0 TSI,20.900 €,2025,37.199 km,Gasolina,95 cv,Sevilla,2026-05-06 13:53:40,C,https://www.coches.net/volkswagen-taigo-mas-10-tsi-70kw-95cv-5p-gasolina-2025-en-sevilla-70450284-covo.aspx
PEUGEOT,PEUGEOT 5008 Hybrid 1.2 Allure eDCS6,31.490 €,2025,30.020 km,Híbrido,145 cv,Valladolid,2026-05-06 13:53:40,ECO,https://www.coches.net/peugeot-5008-hybrid-1.2-107kw-allure-edcs6-5p-electrico-/-hibrido-2025-en-valladolid-61915857-covo.aspx
BMW,BMW X6 xDrive30d,69.900 €,2022,106.596 km,Híbrido,286 cv,Cáceres,2026-05-06 13:53:40,ECO,https://www.coches.net/bmw-x6-xdrive30d-5p-electrico-hibrido-2022-en-caceres-62269888-covo.aspx
PEUGEOT,PEUGEOT 208 GT Puretech 100,16.990 €,2023,11.896 km,Gasolina,100 cv,Barcelona,2026-05-06 13:53:40,C,https://www.coches.net/peugeot-208-gt-puretech-100-5p-gasolina-2023-en-barcelona-70279456-covo.aspx
SMART,SMART fortwo 60kW81CV EQ coupe,11.990 €,2021,41.000 km,Eléctrico,82 cv,Barcelona,2026-05-06 13:53:40,CERO,https://www.coches.net/smart-fortwo-60kw81cv-eq-coupe-3p-electrico-hibrido-2021-en-barcelona-70522169-covo.aspx
PEUGEOT,PEUGEOT 3008 1.5L BlueHDi SS GT Line,14.990 €,2018,128.500 km,Diesel,130 cv,Valencia,2026-05-06 13:53:40,C,https://www.coches.net/peugeot-3008-15l-bluehdi-96kw-130cv-ss-gt-line-5p-diesel-2017-en-valencia-70109629-covo.aspx
BMW,BMW Serie 4 430dA Gran Coupe,24.990 €,2015,200.000 km,Diesel,258 cv,Bizkaia,2026-05-06 13:53:40,C,https://www.coches.net/bmw-serie-4-430da-gran-coupe-5p-diesel-2016-en-vizcaya-70435023-covo.aspx
BMW,BMW X3 xDrive30e xLine,34.900 €,2022,76.400 km,Híbrido enchufable,292 cv,Madrid,2026-05-06 13:53:40,CERO,https://www.coches.net/bmw-x3-xdrive30e-xline-5p-electrico-hibrido-2022-en-madrid-70364387-covo.aspx
BMW,BMW X3 xDrive20d,31.990 €,2019,65.000 km,Diesel,190 cv,Sevilla,2026-05-06 13:53:40,C,https://www.coches.net/bmw-x3-xdrive20d-5p-diesel-2020-en-sevilla-70366907-covo.aspx
BMW,BMW X5 xDrive45e,50.900 €,2022,59.758 km,Híbrido enchufable,394 cv,Madrid,2026-05-06 13:53:40,CERO,https://www.coches.net/bmw-x5-xdrive45e-5p-electrico-hibrido-2022-en-madrid-70471521-covo.aspx
SEAT,SEAT Ateca 1.5 TSI DSG FR Special Edition,28.500 €,2024,9000 km,Gasolina,150 cv,Zaragoza,2026-05-06 13:53:40,C,https://www.coches.net/seat-ateca-15-tsi-110kw-dsg-fr-special-edition-5p-gasolina-2024-en-zaragoza-62557883-covo.aspx
SEAT,SEAT León ST 1.6 TDI 4Drive StSp Xperience,8.690 €,2015,247.120 km,Diesel,110 cv,Bizkaia,2026-05-06 13:53:40,C,https://www.coches.net/seat-leon-st-16-tdi-110cv-4drive-stsp-xperience-5p-diesel-2015-en-vizcaya-62128362-covo.aspx
FORD,FORD Puma 1.0 EcoBoost STLine X MHEV,22.900 €,2024,14.000 km,Híbrido,155 cv,Zaragoza,2026-05-06 13:53:40,ECO,https://www.coches.net/ford-puma-10-ecoboost-155cv-stline-x-mhev-5p-electrico-hibrido-2023-en-zaragoza-70460641-covo.aspx
JEEP,JEEP Cherokee 2.8 CRD Sport 65 Aniversario,8.990 €,2006,341.000 km,Diesel,163 cv,Barcelona,2026-05-06 13:53:40,B,https://www.coches.net/jeep-cherokee-28-crd-sport-65-aniversario-4p-diesel-2006-en-barcelona-70415590-covo.aspx
OPEL,OPEL Zafira Tourer 2.0 CDTi 130 CV Selective,5.900 €,2015,235.000 km,Diesel,130 cv,Badajoz,2026-05-06 13:53:40,B,https://www.coches.net/opel-zafira-tourer-20-cdti-130-cv-selective-5p-diesel-2015-en-badajoz-70422693-covo.aspx
AUDI,AUDI A3 RS 3 Sportback TFSI quattro S tron,71.500 €,2025,18.000 km,Gasolina,400 cv,Alicante,2026-05-06 13:53:40,B,https://www.coches.net/audi-a3-rs-3-sportback-tfsi-294kw-quattro-s-tron-5p-gasolina-2026-en-alicante-70503066-covo.aspx
AUDI,AUDI A3 Sedan S line 35 TDI S tronic,26.900 €,2022,110.943 km,Diesel,150 cv,Ourense,2026-05-06 13:53:40,C,https://www.coches.net/audi-a3-sedan-s-line-35-tdi-110kw-s-tronic-4p-diesel-2022-en-orense-70503632-covo.aspx
VOLKSWAGEN,VOLKSWAGEN Passat Variant Executive 2.0 TDI DSG,13.990 €,2020,230.000 km,Diesel,150 cv,Madrid,2026-05-06 13:53:40,C,https://www.coches.net/volkswagen-passat-variant-executive-20-tdi-110kw-dsg-5p-diesel-2020-en-madrid-70440275-covo.aspx
MERCEDES-BENZ,MERCEDES-BENZ Clase A A 200 d,18.490 €,2018,129.000 km,Diesel,136 cv,Valencia,2026-05-06 13:53:40,C,https://www.coches.net/mercedes-benz-clase-a-a-200-d-5p-diesel-2018-en-valencia-70161413-covo.aspx
FORD,FORD Ka+ 1.2 TiVCT Essential,7.900 €,2018,113.000 km,Gasolina,70 cv,Almería,2026-05-06 13:53:40,B,https://www.coches.net/ford-ka-12-tivct-51kw-essential-5p-gasolina-2018-en-almeria-70534057-covo.aspx
RENAULT,RENAULT Trafic Combi 9 Energy Blue dCi,22.990 €,2020,59.000 km,Diesel,110 cv,Sta. C. Tenerife,2026-05-06 13:53:40,B,https://www.coches.net/renault-trafic-combi-9-energy-blue-dci-81-kw-110cv-4p-diesel-2021-en-sta-c-tenerife-62519469-covo.aspx
HYUNDAI,HYUNDAI Tucson 1.6 TGDI HEV NLine Sky AT,31.900 €,2022,76.100 km,Híbrido,230 cv,Madrid,2026-05-06 13:53:40,ECO,https://www.coches.net/hyundai-tucson-16-tgdi-169kw-230cv-hev-nline-sky-at-5p-electrico-hibrido-2021-en-madrid-70372758-covo.aspx
HYUNDAI,HYUNDAI Tucson 1.6 TGDI PHEV Style Auto 4x4,27.900 €,2022,69.700 km,Híbrido enchufable,265 cv,Madrid,2026-05-06 13:53:40,CERO,https://www.coches.net/hyundai-tucson-16-tgdi-phev-195kw-style-auto-4x4-5p-electrico-hibrido-2021-en-madrid-70379808-covo.aspx
FORD,FORD Focus 1.0 Ecoboost Active,15.990 €,2021,101.000 km,Gasolina,125 cv,Sta. C. Tenerife,2026-05-06 13:53:40,CERO,https://www.coches.net/ford-focus-10-ecoboost-92kw-active-5p-gasolina-2021-en-sta-c-tenerife-70243503-covo.aspx
VOLVO,VOLVO XC40 2.0 B3 G Essential Auto,34.000 €,2025,10 km,Híbrido,163 cv,León,2026-05-06 13:53:40,ECO,https://www.coches.net/km-0/volvo/xc40/leon/2.0-b3-g-essential-auto-electrico-/-hibrido-de-km0-61877275-kovn.aspx
PEUGEOT,PEUGEOT 5008 GTLine 1.6L THP EAT6,19.490 €,2018,113.900 km,Gasolina,165 cv,Málaga,2026-05-06 13:53:40,C,https://www.coches.net/peugeot-5008-gtline-16l-thp-121kw-165cv-eat6-5p-gasolina-2018-en-malaga-70150549-covo.aspx
MINI,MINI COUNTRYMAN Cooper S,23.800 €,2022,54.949 km,Gasolina,178 cv,Madrid,2026-05-06 13:53:40,C,https://www.coches.net/mini-countryman-cooper-s-5p-gasolina-2022-en-madrid-70471504-covo.aspx
HYUNDAI,HYUNDAI Tucson 1.6 CRDi Klass 4x2,15.199 €,2019,115.771 km,Diesel,116 cv,Sevilla,2026-05-06 13:53:40,C,https://www.coches.net/hyundai-tucson-16-crdi-85kw-116cv-klass-4x2-5p-diesel-2018-en-sevilla-70206750-covo.aspx
LEXUS,LEXUS UX 2.0 250h Business,27.900 €,2020,65.623 km,Híbrido,184 cv,Madrid,2026-05-06 13:53:40,ECO,https://www.coches.net/lexus-ux-20-250h-business-5p-electrico-hibrido-2021-en-madrid-70434033-covo.aspx
PORSCHE,PORSCHE Panamera 4 EHybrid,44.950 €,2018,205.000 km,Híbrido enchufable,462 cv,Las Palmas,2026-05-06 13:53:40,B,https://www.coches.net/porsche-panamera-4-ehybrid-5p-electrico-hibrido-2018-en-las-palmas-62508518-covo.aspx
KIA,KIA XCeed 1.0 TGDi Drive,18.500 €,2023,54.500 km,Gasolina,120 cv,Sevilla,2026-05-06 13:53:40,C,https://www.coches.net/kia-xceed-10-tgdi-drive-88kw-120cv-5p-gasolina-2023-en-sevilla-70398565-covo.aspx
SEAT,SEAT Arona 1.0 TSI DSG FR XM,22.300 €,2025,8000 km,Gasolina,115 cv,Málaga,2026-05-06 13:53:40,C,https://www.coches.net/seat-arona-10-tsi-85kw-115cv-dsg-fr-xm-5p-gasolina-2025-en-malaga-70402127-covo.aspx
FORD,FORD Ranger 3.0 Ecoblue eAWD Dob Cab Wildtrack AT,51.900 €,2025,17.272 km,Diesel,240 cv,Gipuzkoa,2026-05-06 13:53:40,B,https://www.coches.net/ford-ranger-30-ecoblue-eawd-dob-cab-wildtrack-at-4p-diesel-2025-en-guipuzcoa-70511536-covo.aspx
PEUGEOT,PEUGEOT 2008 Style Puretech,13.390 €,2021,57.845 km,Gasolina,100 cv,Madrid,2026-05-06 13:53:40,C,https://www.coches.net/peugeot-2008-style-puretech-74kw-100cv-5p-gasolina-2021-en-madrid-70425907-covo.aspx
RENAULT,RENAULT Clio Authentic SCe,11.900 €,2023,54.000 km,Gasolina,65 cv,Las Palmas,2026-05-06 13:53:40,B,https://www.coches.net/renault-clio-authentic-sce-49-kw-67cv-5p-gasolina-2022-en-las-palmas-70308131-covo.aspx
CUPRA,CUPRA Terramar 1.5 TSI eHybrid 204 CV DSG,38.240 €,2025,19.250 km,Híbrido enchufable,204 cv,Madrid,2026-05-06 13:53:40,CERO,https://www.coches.net/cupra-terramar-15-tsi-ehybrid-150kw-204-cv-dsg-5p-electrico-hibrido-2025-en-madrid-70483578-covo.aspx
CUPRA,CUPRA Terramar 1.5 TSI eHybrid 204 CV DSG,36.850 €,2025,5100 km,Híbrido enchufable,204 cv,Madrid,2026-05-06 13:53:40,CERO,https://www.coches.net/cupra-terramar-15-tsi-ehybrid-150kw-204-cv-dsg-5p-electrico-hibrido-2026-en-madrid-70483579-covo.aspx
CUPRA,CUPRA Terramar 1.5 TSI eHybrid 204 CV DSG,39.990 €,2025,9999 km,Híbrido enchufable,204 cv,Barcelona,2026-05-06 13:53:40,CERO,https://www.coches.net/cupra-terramar-15-tsi-ehybrid-150kw-204-cv-dsg-5p-electrico-hibrido-2026-en-barcelona-70489038-covo.aspx
MERCEDES-BENZ,MERCEDES-BENZ Clase C C 200,39.900 €,2022,28.943 km,Híbrido,204 cv,Zamora,2026-05-06 13:53:40,B,https://www.coches.net/mercedes-benz-clase-c-c-200-4p-electrico-hibrido-2022-en-zamora-70430163-covo.aspx
TOYOTA,TOYOTA Hilux 2.4 D4D Cabina Doble GX,38.990 €,2022,25.000 km,Diesel,150 cv,Barcelona,2026-05-06 13:53:40,C,https://www.coches.net/toyota-hilux-24-d4d-cabina-doble-gx-4p-diesel-2021-en-barcelona-70189075-covo.aspx
CUPRA,CUPRA Formentor 1.5 TSI 150 CV,29.900 €,2025,14.172 km,Gasolina,150 cv,Málaga,2026-05-06 13:53:40,C,https://www.coches.net/cupra-formentor-15-tsi-110kw-150-cv-5p-gasolina-2025-en-malaga-70190669-covo.aspx
SEAT,SEAT León 2.0 TSI DSG7 StSp Cupra,26.490 €,2019,123.209 km,Gasolina,290 cv,Madrid,2026-05-06 13:53:40,C,https://www.coches.net/seat-leon-20-tsi-213kw-290cv-dsg7-stsp-cupra-5p-gasolina-2019-en-madrid-70503931-covo.aspx
AUDI,AUDI Q2 Design 40 TFSI quattro S tronic,18.900 €,2019,180.000 km,Gasolina,190 cv,Asturias,2026-05-06 13:53:40,C,https://www.coches.net/audi-q2-design-40-tfsi-140kw-quattro-s-tronic-5p-gasolina-2020-en-asturias-70493805-covo.aspx
SKODA,SKODA Fabia Combi 1.0 TSI Ambition,12.700 €,2021,99.985 km,Gasolina,95 cv,Pontevedra,2026-05-06 13:53:40,C,https://www.coches.net/skoda-fabia-combi-10-tsi-70kw-95cv-ambition-5p-gasolina-2021-en-pontevedra-70310655-covo.aspx
BMW,BMW Serie 3 320i,4.990 €,2005,204.000 km,Gasolina,170 cv,Barcelona,2026-05-06 13:53:40,C,https://www.coches.net/bmw-serie-3-320i-4p-gasolina-2005-en-barcelona-70539908-covo.aspx
KIA,KIA Sportage 1.6 GDi Drive 4x2,12.800 €,2016,102.401 km,Gasolina,132 cv,Madrid,2026-05-06 13:53:40,C,https://www.coches.net/kia-sportage-16-gdi-132cv-drive-4x2-5p-gasolina-2016-en-madrid-70418184-covo.aspx
BMW,BMW X2 sDrive18d,39.900 €,2025,21.247 km,Diesel,150 cv,Málaga,2026-05-06 13:53:40,C,https://www.coches.net/bmw-x2-sdrive18d-5p-diesel-2025-en-malaga-70521991-covo.aspx
VOLKSWAGEN,VOLKSWAGEN ID. BUZZ Pro 7 asientos,49.900 €,2025,7000 km,Eléctrico,286 cv,Granada,2026-05-06 13:53:40,CERO,https://www.coches.net/volkswagen-id-buzz-pro-7-asientos-210kw-286cv-5p-electrico-hibrido-2026-en-granada-62562343-covo.aspx
VOLVO,VOLVO XC60 2.0 D3 Momentum Auto,11.000 €,2017,242.084 km,Diesel,150 cv,Valladolid,2026-05-06 13:53:40,C,https://www.coches.net/volvo-xc60-20-d3-momentum-auto-5p-diesel-2017-en-valladolid-70373725-covo.aspx
TOYOTA,TOYOTA C-HR 1.8 125H Advance,22.800 €,2021,71.000 km,Híbrido,122 cv,Málaga,2026-05-06 13:53:40,ECO,https://www.coches.net/toyota-c-hr-18-125h-advance-5p-electrico-hibrido-2021-en-malaga-70367127-covo.aspx
SEAT,SEAT León 2.0 TDI SS Style Go,16.000 €,2021,64.708 km,Diesel,115 cv,Madrid,2026-05-06 13:53:40,C,https://www.coches.net/seat-leon-20-tdi-85kw-ss-style-go-5p-diesel-2021-en-madrid-70467388-covo.aspx
NISSAN,NISSAN JUKE DIGT EU6 115 CV 6MT TEKNA,10.900 €,2017,83.000 km,Gasolina,115 cv,Alicante,2026-05-06 13:53:40,B,https://www.coches.net/nissan-juke-digt-eu6-85-kw-115-cv-6mt-tekna-5p-gasolina-2016-en-alicante-62527500-covo.aspx
MERCEDES-BENZ,MERCEDES-BENZ Clase A A 180,18.990 €,2018,119.900 km,Gasolina,122 cv,Málaga,2026-05-06 13:53:40,C,https://www.coches.net/mercedes-benz-clase-a-a-180-5p-gasolina-2018-en-malaga-70508792-covo.aspx
BMW,BMW Serie 5 BMW M5 Touring,132.990 €,2026,4500 km,Híbrido enchufable,727 cv,Madrid,2026-05-06 13:53:40,CERO,https://www.coches.net/bmw-serie-5-bmw-m5-touring-5p-electrico-hibrido-2026-en-madrid-70533167-covo.aspx
PEUGEOT,PEUGEOT 5008 1.2 PureTech SS Allure Pack,21.850 €,2023,69.284 km,Gasolina,130 cv,Asturias,2026-05-06 13:53:40,C,https://www.coches.net/peugeot-5008-12-puretech-96kw-ss-allure-pack-5p-gasolina-2023-en-asturias-70511373-covo.aspx
HYUNDAI,HYUNDAI Tucson 1.6 TGDI PHEV Style Auto 4x4,29.650 €,2022,56.638 km,Híbrido enchufable,265 cv,Madrid,2026-05-06 13:53:40,CERO,https://www.coches.net/hyundai-tucson-16-tgdi-phev-195kw-style-auto-4x4-5p-electrico-hibrido-2022-en-madrid-70367783-covo.aspx
VOLKSWAGEN,VOLKSWAGEN Golf Life 2.0 TDI,23.590 €,2023,52.514 km,Diesel,115 cv,Bizkaia,2026-05-06 13:53:40,C,https://www.coches.net/volkswagen-golf-life-20-tdi-85kw-115cv-5p-diesel-2024-en-vizcaya-70238521-covo.aspx
SEAT,SEAT León 1.6i SPORT,2.590 €,2004,270.000 km,Gasolina,105 cv,Barcelona,2026-05-06 13:53:40,B,https://www.coches.net/seat-leon-16i-sport-5p-gasolina-2004-en-barcelona-70539831-covo.aspx
PEUGEOT,PEUGEOT 3008 Access 1.6 VTi 120,6.899 €,2013,74.641 km,Gasolina,120 cv,Cantabria,2026-05-06 13:53:40,C,https://www.coches.net/peugeot-3008-access-16-vti-120-5p-gasolina-2012-en-cantabria-70448846-covo.aspx
FIAT,FIAT Tipo 1.3 Multijet Mirror,13.490 €,2021,52.900 km,Diesel,95 cv,Valencia,2026-05-06 13:53:40,C,https://www.coches.net/fiat-tipo-5p-13-multijet-70kw-95cv-mirror-5p-diesel-2020-en-valencia-70453363-covo.aspx
SEAT,SEAT León 1.6 TDI StSp Style Ultimate Ed,13.490 €,2017,116.746 km,Diesel,110 cv,Sevilla,2026-05-06 13:53:40,C,https://www.coches.net/seat-leon-16-tdi-81kw-stsp-style-ultimate-ed-5p-diesel-2016-en-sevilla-70399872-covo.aspx
MERCEDES-BENZ,MERCEDES-BENZ Clase C C 200,29.800 €,2019,94.000 km,Híbrido,184 cv,Asturias,2026-05-06 13:53:40,ECO,https://www.coches.net/mercedes-benz-clase-c-c-200-4p-electrico-/-hibrido-2019-en-asturias-61412809-covo.aspx
DS,DS DS 7 Crossback BlueHDi Auto. PERF.LINE,20.900 €,2020,102.000 km,Diesel,180 cv,Pontevedra,2026-05-06 13:53:40,C,https://www.coches.net/ds-ds-7-crossback-bluehdi-132kw-180cv-auto-perfline-5p-diesel-2020-en-pontevedra-62508831-covo.aspx
RENAULT,RENAULT Arkana Zen TCe 103kW140CV EDC mild hybrid,21.714 €,2022,27.000 km,Híbrido,140 cv,Lleida,2026-05-06 13:53:40,ECO,https://www.coches.net/renault-arkana-zen-tce-103kw140cv-edc-mild-hybrid-5p-electrico-hibrido-2021-en-lleida-70457696-covo.aspx
JEEP,JEEP Compass eHybrid 1.5 MHEV Limited Dct,21.900 €,2023,25.300 km,Híbrido,130 cv,Pontevedra,2026-05-06 13:53:40,ECO,https://www.coches.net/jeep-compass-ehybrid-15-mhev-96kw-limited-dct-5p-electrico-hibrido-2023-en-pontevedra-70465247-covo.aspx
FORD,FORD Puma 1.0 EcoBoost Titanium MHEV,19.100 €,2024,35.646 km,Híbrido,125 cv,Valladolid,2026-05-06 13:53:40,ECO,https://www.coches.net/ford-puma-10-ecoboost-125cv-titanium-mhev-5p-electrico-hibrido-2023-en-valladolid-70465510-covo.aspx
AUDI,AUDI Q2 Adrenalin Edition 35 TDI S tronic,41.900 €,2025,16 km,Diesel,150 cv,Asturias,2026-05-06 13:53:40,C,https://www.coches.net/audi-q2-adrenalin-edition-35-tdi-110kw-s-tronic-5p-diesel-2025-en-asturias-62231526-covo.aspx
AUDI,AUDI A6 35 TDI S tronic,31.290 €,2020,103.791 km,Híbrido,163 cv,Madrid,2026-05-06 13:53:40,ECO,https://www.coches.net/audi-a6-35-tdi-120kw-163cv-s-tronic-4p-electrico-hibrido-2021-en-madrid-70507563-covo.aspx
RENAULT,RENAULT Clio Business TCe,15.900 €,2021,75.000 km,Gasolina,90 cv,Valladolid,2026-05-06 13:53:40,C,https://www.coches.net/renault-clio-business-tce-67-kw-90cv-5p-gasolina-2021-en-valladolid-70407915-covo.aspx
KIA,KIA Rio 1.2 DPi Drive,13.400 €,2023,13.460 km,Gasolina,84 cv,Pontevedra,2026-05-06 13:53:40,B,https://www.coches.net/kia-rio-12-dpi-62kw-84cv-drive-5p-gasolina-2023-en-pontevedra-62151478-covo.aspx
BMW,BMW Serie 4 435i xDrive,26.490 €,2014,144.100 km,Gasolina,306 cv,Castellón,2026-05-06 13:53:40,C,https://www.coches.net/bmw-serie-4-435i-xdrive-2p-gasolina-2015-en-castellon-62209978-covo.aspx
CITROEN,CITROEN C5 Aircross BlueHdi SS EAT8 Feel,15.990 €,2021,74.722 km,Diesel,131 cv,Madrid,2026-05-06 13:53:40,C,https://www.coches.net/citroen-c5-aircross-bluehdi-96kw-130cv-ss-eat8-feel-5p-diesel-2019-en-madrid-70446624-covo.aspx
VOLKSWAGEN,VOLKSWAGEN T-Roc Life 1.0 TSI,21.890 €,2023,57.115 km,Gasolina,110 cv,Sevilla,2026-05-06 13:53:40,C,https://www.coches.net/volkswagen-t-roc-life-10-tsi-81kw-110cv-5p-gasolina-2023-en-sevilla-70447282-covo.aspx
SEAT,SEAT Ibiza 1.0 TSI FR XS,17.800 €,2024,14.667 km,Gasolina,115 cv,Huelva,2026-05-06 13:53:40,C,https://www.coches.net/seat-ibiza-10-tsi-85kw-115cv-fr-xs-5p-gasolina-2025-en-huelva-70231689-covo.aspx
VOLVO,VOLVO XC60 2.0 T6 AWD Recharge Ultra Dark Auto,57.500 €,2024,18.941 km,Híbrido enchufable,350 cv,Madrid,2026-05-06 13:53:40,CERO,https://www.coches.net/volvo-xc60-20-t6-awd-recharge-ultra-dark-auto-5p-electrico-hibrido-2025-en-madrid-70169081-covo.aspx
MERCEDES-BENZ,MERCEDES-BENZ Clase S S 580 e Larga,84.900 €,2022,113.900 km,Híbrido enchufable,510 cv,Madrid,2026-05-06 13:53:40,CERO,https://www.coches.net/mercedes-benz-clase-s-s-580-e-larga-4p-electrico-hibrido-2022-en-madrid-70433234-covo.aspx
MASERATI,MASERATI Levante V6 430 HP AWD S GranSport,41.900 €,2017,100.000 km,Gasolina,430 cv,Asturias,2026-05-06 13:53:40,B,https://www.coches.net/maserati-levante-v6-430-hp-awd-s-gransport-5p-gasolina-2017-en-asturias-61886714-covo.aspx
VOLKSWAGEN,VOLKSWAGEN e-up!,10.800 €,2021,53.000 km,Eléctrico,83 cv,Sevilla,2026-05-06 13:53:40,CERO,https://www.coches.net/volkswagen-e-up-61kw-83cv-5p-electrico-hibrido-2021-en-sevilla-62549318-covo.aspx
NISSAN,NISSAN QASHQAI 1.2 DIGT NCONNECTA,13.150 €,2017,127.779 km,Gasolina,115 cv,Baleares,2026-05-06 13:53:40,B,https://www.coches.net/nissan-qashqai-12-digt-nconnecta-5p-gasolina-2016-en-baleares-62554877-covo.aspx
PEUGEOT,PEUGEOT 2008 Allure 1.6 eHDi 92,9.490 €,2015,134.179 km,Diesel,92 cv,Madrid,2026-05-06 13:53:40,B,https://www.coches.net/peugeot-2008-allure-16-ehdi-92-5p-diesel-2014-en-madrid-62622666-covo.aspx
VOLVO,VOLVO XC40 2.0 T4 RDesign Auto,26.490 €,2019,96.475 km,Gasolina,190 cv,Madrid,2026-05-06 13:53:40,C,https://www.coches.net/volvo-xc40-20-t4-rdesign-auto-5p-gasolina-2019-en-madrid-62656802-covo.aspx
PEUGEOT,PEUGEOT 2008 Allure BlueHDi 120 SS EAT6,13.690 €,2019,104.592 km,Diesel,120 cv,Madrid,2026-05-06 13:53:40,C,https://www.coches.net/peugeot-2008-allure-bluehdi-120-ss-eat6-5p-diesel-2019-en-madrid-62656806-covo.aspx
DS,DS DS 7 Crossback 1.6 ETense 225 PERFORMANCE LINE Auto,23.500 €,2022,86.616 km,Híbrido enchufable,225 cv,Salamanca,2026-05-06 13:53:40,B,https://www.coches.net/ds-ds-7-crossback-16-etense-225-performance-line--auto-5p-electrico-hibrido-2022-en-salamanca-70371788-covo.aspx
VOLKSWAGEN,VOLKSWAGEN Touran 1.6 TDI Advance,7.999 €,2012,220.000 km,Diesel,105 cv,Murcia,2026-05-06 13:53:40,B,https://www.coches.net/volkswagen-touran-16-tdi-105cv-advance-5p-diesel-2012-en-murcia-70508412-covo.aspx
HYUNDAI,HYUNDAI Tucson 1.6 CRDI Maxx,22.900 €,2023,26.329 km,Diesel,115 cv,Valencia,2026-05-06 13:53:40,C,https://www.coches.net/hyundai-tucson-16-crdi-85kw-115cv-maxx-5p-diesel-2023-en-valencia-70518518-covo.aspx
SEAT,SEAT Ateca 1.0 TSI StSp Style Eco,15.990 €,2020,65.450 km,Gasolina,115 cv,Toledo,2026-05-06 13:53:40,C,https://www.coches.net/seat-ateca-10-tsi-85kw-115cv-stsp-style-eco-5p-gasolina-2020-en-toledo-70387250-covo.aspx
BMW,BMW Serie 1 116d,8.300 €,2014,231.000 km,Diesel,116 cv,Valencia,2026-05-06 13:53:40,B,https://www.coches.net/bmw-serie-1-116d-5p-diesel-2014-en-valencia-70512627-covo.aspx
CUPRA,CUPRA León SP 1.5 TSI eHybrid 150W DSG,42.200 €,2026,150 km,Híbrido enchufable,204 cv,Málaga,2026-05-06 13:53:40,CERO,https://www.coches.net/cupra-leon-sp-15-tsi-ehybrid-150w-204cv-dsg-5p-electrico-hibrido-2025-en-malaga-70418167-covo.aspx
MINI,MINI COOPER C,27.550 €,2025,24.890 km,Gasolina,156 cv,Baleares,2026-05-06 13:53:40,C,https://www.coches.net/mini-cooper-c-5p-gasolina-2025-en-baleares-70528720-covo.aspx
MINI,MINI COOPER C,32.150 €,2025,25.253 km,Gasolina,156 cv,Baleares,2026-05-06 13:53:40,C,https://www.coches.net/mini-cooper-c-5p-gasolina-2025-en-baleares-70528723-covo.aspx
MINI,MINI COOPER C,32.150 €,2025,24.583 km,Gasolina,156 cv,Baleares,2026-05-06 13:53:40,C,https://www.coches.net/mini-cooper-c-5p-gasolina-2025-en-baleares-70528767-covo.aspx
MINI,MINI COOPER C,32.100 €,2025,25.417 km,Gasolina,156 cv,Baleares,2026-05-06 13:53:40,C,https://www.coches.net/mini-cooper-c-5p-gasolina-2025-en-baleares-70528768-covo.aspx
SAAB,SAAB 9-5 2.3t Griffin,5.990 €,2010,124.400 km,Gasolina,185 cv,Málaga,2026-05-06 13:53:40,C,https://www.coches.net/saab-9-5-23t-griffin-4p-gasolina-2009-en-malaga-70530666-covo.aspx
VOLKSWAGEN,VOLKSWAGEN Taigo Mas 1.0 TSI DSG,21.490 €,2025,25.226 km,Gasolina,115 cv,Madrid,2026-05-06 13:53:40,C,https://www.coches.net/volkswagen-taigo-mas-10-tsi-85kw-115cv-dsg-5p-gasolina-2025-en-madrid-70213590-covo.aspx
PEUGEOT,PEUGEOT E-3008 GT Electrico,33.800 €,2024,19.537 km,Eléctrico,214 cv,Salamanca,2026-05-06 13:53:40,CERO,https://www.coches.net/peugeot-e-3008-gt-electrico-157kw-5p-electrico-hibrido-2024-en-salamanca-70409089-covo.aspx
AUDI,AUDI A6 e-tron Avant S Line etron Performance,71.890 €,2025,7572 km,Eléctrico,381 cv,Barcelona,2026-05-06 13:53:40,CERO,https://www.coches.net/audi-a6-e-tron-avant-s-line-etron-performance-5p-electrico-hibrido-2025-en-barcelona-70487444-covo.aspx
FORD,FORD Kuga 1.6 EcoBoost 150 ASS 4x2 Trend,10.999 €,2014,75.000 km,Gasolina,150 cv,Barcelona,2026-05-06 13:53:40,C,https://www.coches.net/ford-kuga-16-ecoboost-150-ass-4x2-trend-5p-gasolina-2014-en-barcelona-70450115-covo.aspx
CUPRA,CUPRA Formentor 1.5 TSI 150 CV,26.799 €,2024,31.495 km,Gasolina,150 cv,Barcelona,2026-05-06 13:53:40,C,https://www.coches.net/cupra-formentor-15-tsi-110kw-150-cv-5p-gasolina-2025-en-barcelona-70450537-covo.aspx
PORSCHE,PORSCHE Cayenne S Ehybrid,37.990 €,2016,139.000 km,Híbrido enchufable,416 cv,Alicante,2026-05-06 13:53:40,ECO,https://www.coches.net/porsche-cayenne-s-ehybrid-5p-electrico-hibrido-2016-en-alicante-70451065-covo.aspx
AUDI,AUDI Q2 Design 35 TFSI S tronic,23.900 €,2020,59.900 km,Gasolina,150 cv,Barcelona,2026-05-06 13:53:40,C,https://www.coches.net/audi-q2-design-35-tfsi-110kw-150cv-s-tronic-5p-gasolina-2020-en-barcelona-70185619-covo.aspx
BMW,BMW Z4 sDrive23i,20.700 €,2010,135.000 km,Gasolina,204 cv,Madrid,2026-05-06 13:53:40,C,https://www.coches.net/bmw-z4-sdrive23i-2p-gasolina-2010-en-madrid-70509645-covo.aspx
MERCEDES-BENZ,MERCEDES-BENZ Clase C C Cabrio 220 d,27.900 €,2016,95.000 km,Diesel,170 cv,Málaga,2026-05-06 13:53:40,C,https://www.coches.net/mercedes-benz-clase-c-c-cabrio-220-d-2p-diesel-2017-en-malaga-70384331-covo.aspx
FORD,FORD Fiesta 1.25 Duratec Titanium,7.750 €,2016,113.406 km,Gasolina,82 cv,Madrid,2026-05-06 13:53:40,C,https://www.coches.net/ford-fiesta-125-duratec-82cv-titanium-5p-5p-gasolina-2015-en-madrid-70317432-covo.aspx
DACIA,DACIA Duster Expression Bl. dCi 85kW115CV 4X2,11.990 €,2022,180.000 km,Diesel,115 cv,Bizkaia,2026-05-06 13:53:40,C,https://www.coches.net/dacia-duster-expression-bl-dci-85kw115cv-4x2-5p-diesel-2022-en-vizcaya-70430782-covo.aspx
AUDI,AUDI Q7 3.0 TDI quattro tiptronic Sport,41.999 €,2016,19.000 km,Diesel,272 cv,Zaragoza,2026-05-06 13:53:40,C,https://www.coches.net/audi-q7-30-tdi-272cv-quattro-tiptronic-sport-5p-diesel-2016-en-zaragoza-70168632-covo.aspx
PORSCHE,PORSCHE 718 Boxster S,79.990 €,2021,500 km,Gasolina,350 cv,Barcelona,2026-05-06 13:53:40,C,https://www.coches.net/porsche-718-boxster-s-2p-gasolina-2022-en-barcelona-70522423-covo.aspx
AUDI,AUDI Q3 35 TDI S tronic,25.900 €,2019,95.000 km,Diesel,150 cv,Málaga,2026-05-06 13:53:40,C,https://www.coches.net/audi-q3-35-tdi-110kw-150cv-s-tronic-5p-diesel-2020-en-malaga-70401009-covo.aspx
AUDI,AUDI A5 Avant TDI 204 CV Black Line,53.690 €,2025,24.870 km,Híbrido,204 cv,Sevilla,2026-05-06 13:53:40,ECO,https://www.coches.net/audi-a5-avant-tdi-150-kw-204-cv-black-line-5p-electrico-hibrido-2025-en-sevilla-70226686-covo.aspx
AUDI,AUDI Q2 Advanced 35 TDI S tronic,26.990 €,2022,45.113 km,Diesel,150 cv,Madrid,2026-05-06 13:53:40,C,https://www.coches.net/audi-q2-advanced-35-tdi-110kw-150cv-s-tronic-5p-diesel-2022-en-madrid-70351937-covo.aspx
OPEL,OPEL Mokka X 1.6 CDTi 4X2 SS Business,9.200 €,2017,120.000 km,Diesel,110 cv,Sevilla,2026-05-06 13:53:40,C,https://www.coches.net/opel-mokka-x-16-cdti-81kw-110cv-4x2-ss-business-5p-diesel-2017-en-sevilla-70237097-covo.aspx
SEAT,SEAT Arona 1.0 TSI Style XL,15.990 €,2023,70.000 km,Gasolina,110 cv,Sta. C. Tenerife,2026-05-06 13:53:40,C,https://www.coches.net/seat-arona-10-tsi-81kw-110cv-style-xl-5p-gasolina-2023-en-sta-c-tenerife-70237104-covo.aspx
TESLA,TESLA Model Y Performance 4WD,34.800 €,2023,97.434 km,Eléctrico,437 cv,Madrid,2026-05-06 13:53:40,CERO,https://www.coches.net/tesla-model-y-performance-4wd-5p-electrico-hibrido-2021-en-madrid-70552404-covo.aspx
OPEL,OPEL Astra 1.2T XHT GS,16.850 €,2023,25.230 km,Gasolina,130 cv,Pontevedra,2026-05-06 13:53:40,B,https://www.coches.net/opel-astra-12t-xht-96kw-130cv-gs-5p-gasolina-2023-en-pontevedra-62412947-covo.aspx
VOLKSWAGEN,VOLKSWAGEN Golf Mas 1.5 TSI,24.900 €,2025,25.007 km,Gasolina,115 cv,Valencia,2026-05-06 13:53:40,C,https://www.coches.net/volkswagen-golf-mas-15-tsi-85kw-115cv-5p-gasolina-2025-en-valencia-70409052-covo.aspx
LAND-ROVER,LAND-ROVER Range Rover Evoque 2.0L TD4 Diesel 4x4 HSE,11.999 €,2019,199.258 km,Diesel,150 cv,Sevilla,2026-05-06 13:53:40,B,https://www.coches.net/land-rover-range-rover-evoque-20l-td4-diesel-110kw-150cv-4x4-hse-5p-diesel-2019-en-sevilla-70422006-covo.aspx
TOYOTA,TOYOTA Rav4 150D AWD Advance,12.500 €,2013,250.000 km,Diesel,150 cv,Sevilla,2026-05-06 13:53:40,B,https://www.coches.net/toyota-rav4-150d-awd-advance-5p-diesel-2013-en-sevilla-70455004-covo.aspx
PEUGEOT,PEUGEOT 5008 GTLine BlueHDi SS EAT8,19.700 €,2021,105.997 km,Diesel,130 cv,Pontevedra,2026-05-06 13:53:40,C,https://www.coches.net/peugeot-5008-gtline-bluehdi-96kw-130cv-ss-eat8-5p-diesel-2020-en-pontevedra-70310387-covo.aspx
TOYOTA,TOYOTA Aygo 1.0 70 xplay,12.380 €,2019,70.523 km,Gasolina,72 cv,Salamanca,2026-05-06 13:53:40,C,https://www.coches.net/toyota-aygo-10-70-xplay-5p-gasolina-2018-en-salamanca-70127230-covo.aspx
BMW,BMW Serie 3 318d Gran Turismo,13.490 €,2014,185.937 km,Diesel,143 cv,Málaga,2026-05-06 13:53:40,B,https://www.coches.net/bmw-serie-3-318d-gran-turismo-5p-diesel-2014-en-malaga-70399937-covo.aspx
MERCEDES-BENZ,MERCEDES-BENZ Clase A A 250 e con tecnologia hibrida EQ,33.490 €,2024,5265 km,Híbrido enchufable,218 cv,Jaén,2026-05-06 13:53:40,CERO,https://www.coches.net/mercedes-benz-clase-a-a-250-e-con-tecnologia-hibrida-eq-5p-electrico-hibrido-2025-en-jaen-70348969-covo.aspx
MERCEDES-BENZ,MERCEDES-BENZ Clase A A 180,32.990 €,2024,4230 km,Híbrido,136 cv,Jaén,2026-05-06 13:53:40,ECO,https://www.coches.net/mercedes-benz-clase-a-a-180-5p-electrico-hibrido-2025-en-jaen-70348973-covo.aspx
MINI,MINI MINI Cooper Cabrio,13.990 €,2012,154.000 km,Gasolina,122 cv,Sevilla,2026-05-06 13:53:40,B,https://www.coches.net/mini-mini-cooper-cabrio-2p-gasolina-2012-en-sevilla-62215394-covo.aspx
KIA,KIA Picanto 1.0 DPi Concept,13.700 €,2024,17.917 km,Gasolina,67 cv,Barcelona,2026-05-06 13:53:40,B,https://www.coches.net/kia-picanto-1.0-dpi-49kw-67cv-concept-5p-gasolina-2024-en-barcelona-61917241-covo.aspx
FORD,FORD S-MAX 2.0 TDCi Panther Titanium AUT,23.350 €,2022,69.000 km,Diesel,150 cv,Madrid,2026-05-06 13:53:40,C,https://www.coches.net/ford-s-max-20-tdci-panther-110kw-titanium-aut-5p-diesel-2022-en-madrid-70485317-covo.aspx
MERCEDES-BENZ,MERCEDES-BENZ Clase A A 200 d Sedan,35.900 €,2025,8273 km,Diesel,150 cv,Barcelona,2026-05-06 13:53:40,C,https://www.coches.net/mercedes-benz-clase-a-a-200-d-sedan-4p-diesel-2025-en-barcelona-70417422-covo.aspx
MERCEDES-BENZ,MERCEDES-BENZ Clase A A 250 e,30.900 €,2022,93.171 km,Híbrido enchufable,218 cv,Asturias,2026-05-06 13:53:40,B,https://www.coches.net/mercedes-benz-clase-a-a-250-e-5p-electrico-hibrido-2022-en-asturias-70180711-covo.aspx
VOLKSWAGEN,VOLKSWAGEN Passat Variant Executive 2.0 TDI DSG,21.500 €,2023,105.064 km,Diesel,150 cv,Madrid,2026-05-06 13:53:40,B,https://www.coches.net/volkswagen-passat-variant-executive-20-tdi-110kw-dsg-5p-diesel-2023-en-madrid-70518840-covo.aspx
VOLKSWAGEN,VOLKSWAGEN Passat Alltrack 2.0 TDI 4Mot DSG,23.850 €,2020,91.900 km,Diesel,190 cv,Madrid,2026-05-06 13:53:40,C,https://www.coches.net/volkswagen-passat-alltrack-20-tdi-140kw-190cv-4mot-dsg-5p-diesel-2020-en-madrid-70525763-covo.aspx
SKODA,SKODA Karoq 2.0 TDI DSG 4X4 Ambition,18.900 €,2020,149.000 km,Diesel,150 cv,Cádiz,2026-05-06 13:53:40,C,https://www.coches.net/skoda-karoq-20-tdi-110kw-150cv-dsg-4x4-ambition-5p-diesel-2021-en-cadiz-70526763-covo.aspx
TOYOTA,TOYOTA C-HR 1.8 140H Advance,29.500 €,2024,13.832 km,Híbrido,140 cv,Salamanca,2026-05-06 13:53:40,ECO,https://www.coches.net/toyota-c-hr-18-140h-advance-5p-electrico-hibrido-2024-en-salamanca-70526876-covo.aspx
BMW,BMW X3 xDrive20d,28.950 €,2019,89.306 km,Diesel,190 cv,Zaragoza,2026-05-06 13:53:40,B,https://www.coches.net/bmw-x3-xdrive20d-5p-diesel-2019-en-zaragoza-70408267-covo.aspx
MERCEDES-BENZ,MERCEDES-BENZ EQC EQC 400 4MATIC,32.990 €,2020,190.000 km,Eléctrico,408 cv,Madrid,2026-05-06 13:53:40,CERO,https://www.coches.net/mercedes-benz-eqc-eqc-400-4matic-5p-electrico-hibrido-2019-en-madrid-62260348-covo.aspx
FORD,FORD Mustang Mach-E Bateria 75.7Kwh,29.990 €,2022,49.600 km,Eléctrico,269 cv,Valencia,2026-05-06 13:53:40,CERO,https://www.coches.net/ford-mustang-mach-e-198kw-bateria-757kwh-5p-electrico-hibrido-2022-en-valencia-62545682-covo.aspx
FIAT,FIAT 500L Living 1.6 16v Mtijet II SS,8.900 €,2014,180.000 km,Diesel,105 cv,Sevilla,2026-05-06 13:53:40,B,https://www.coches.net/fiat-500l-living-16-16v-mtijet-ii-105cv-ss-5p-diesel-2013-en-sevilla-62549880-covo.aspx
RENAULT,RENAULT Mégane Sp. Tourer Zen En. TCe,12.490 €,2018,98.578 km,Gasolina,130 cv,Madrid,2026-05-06 13:53:40,C,https://www.coches.net/renault-megane-sp-tourer-zen-en-tce-97kw-130cv-5p-gasolina-2017-en-madrid-70422104-covo.aspx
VOLKSWAGEN,VOLKSWAGEN T-Roc Advance 2.0 TDI,19.900 €,2021,108.000 km,Diesel,115 cv,Pontevedra,2026-05-06 13:53:40,C,https://www.coches.net/volkswagen-t-roc-advance-20-tdi-85kw-115cv-5p-diesel-2021-en-pontevedra-70504130-covo.aspx
SEAT,SEAT León SP 1.0 TSI SS Style XL,17.499 €,2022,44.924 km,Gasolina,110 cv,Zaragoza,2026-05-06 13:53:40,C,https://www.coches.net/seat-leon-sp-10-tsi-81kw-ss-style-xl-5p-gasolina-2023-en-zaragoza-62139318-covo.aspx
OPEL,OPEL Corsa 1.2T XHL Elegance,12.100 €,2022,60.600 km,Gasolina,100 cv,Barcelona,2026-05-06 13:53:40,C,https://www.coches.net/opel-corsa-12t-xhl-74kw-100cv-elegance-5p-gasolina-2022-en-barcelona-70395598-covo.aspx
OPEL,OPEL Corsa 1.2 XEL Edition,10.490 €,2021,41.376 km,Gasolina,75 cv,Madrid,2026-05-06 13:53:40,C,https://www.coches.net/opel-corsa-12-xel-55kw-75cv-edition-5p-gasolina-2022-en-madrid-70395741-covo.aspx
FORD,FORD Focus 1.0 Ecoboost MHEV STLine Auto SB,14.990 €,2023,97.891 km,Híbrido,155 cv,Valencia,2026-05-06 13:53:40,ECO,https://www.coches.net/ford-focus-10-ecoboost-mhev-114kw-stline-auto-sb-5p-electrico-hibrido-2022-en-valencia-70427557-covo.aspx
VOLKSWAGEN,VOLKSWAGEN Touran Advance 1.6 TDI DSG,13.985 €,2019,205.999 km,Diesel,115 cv,Sta. C. Tenerife,2026-05-06 13:53:40,C,https://www.coches.net/volkswagen-touran-advance-16-tdi-85kw-115cv-dsg-5p-diesel-2019-en-sta-c-tenerife-70273578-covo.aspx
DS,DS DS 7 Crossback 1.6 ETense 225 Ligne Noire Auto,21.500 €,2022,62.083 km,Híbrido enchufable,225 cv,Pontevedra,2026-05-06 13:53:40,B,https://www.coches.net/ds-ds-7-crossback-16-etense-225-ligne-noire-auto-5p-electrico-hibrido-2021-en-pontevedra-70358495-covo.aspx
SEAT,SEAT Arona 1.0 TSI FR Edition Eco,9.999 €,2018,170.000 km,Gasolina,115 cv,Madrid,2026-05-06 13:53:40,C,https://www.coches.net/seat-arona-10-tsi-85kw-115cv-fr-edition-eco-5p-gasolina-2019-en-madrid-70527873-covo.aspx
OPEL,OPEL Mokka-e BEV 50kWh Editione,24.990 €,2023,7 km,Eléctrico,136 cv,Madrid,2026-05-06 13:53:40,CERO,https://www.coches.net/opel-mokka-e-bev-50kwh-editione-5p-electrico-hibrido-2023-en-madrid-70532886-covo.aspx
ALFA,ALFA ROMEO Tonale 1.5 MHEV GASOLINA 130 CV SPRINT FWD,20.990 €,2022,71.217 km,Híbrido,130 cv,Madrid,2026-05-06 13:53:40,ECO,https://www.coches.net/alfa-romeo-tonale-15-mhev-gasolina-130-cv-sprint-fwd-5p-electrico-hibrido-2022-en-madrid-70534236-covo.aspx
KIA,KIA Carens 1.6 GDi Concept,8.200 €,2018,191.826 km,Gasolina,135 cv,Barcelona,2026-05-06 13:53:40,C,https://www.coches.net/kia-carens-16-gdi-99kw-135cv-concept-5p-gasolina-2017-en-barcelona-70535627-covo.aspx
DACIA,DACIA Lodgy Comfort Blue dCi 5Pl 18,13.990 €,2020,50.000 km,Diesel,95 cv,Barcelona,2026-05-06 13:53:40,C,https://www.coches.net/dacia-lodgy-comfort-blue-dci-70kw-95cv-5pl--18-5p-diesel-2018-en-barcelona-70536302-covo.aspx
TOYOTA,TOYOTA Proace City 1.5D GX L1,15.990 €,2021,77.000 km,Diesel,102 cv,A Coruña,2026-05-06 13:53:40,C,https://www.coches.net/toyota-proace-city-15d-75kw-100cv-gx-l1-4p-diesel-2020-en-a-coruna-70470639-covo.aspx
CUPRA,CUPRA León 1.5 eTSI DSG,28.303 €,2024,20.069 km,Híbrido,150 cv,Barcelona,2026-05-06 13:53:40,ECO,https://www.coches.net/cupra-leon-15-etsi-110kw-150cv-dsg-5p-electrico-hibrido-2024-en-barcelona-70220981-covo.aspx
CITROEN,CITROEN DS3 HDI 90 Airdream,6.499 €,2010,109.000 km,Diesel,92 cv,Madrid,2026-05-06 13:53:40,B,https://www.coches.net/citroen-ds3-hdi-90-airdream-3p-diesel-2010-en-madrid-70454190-covo.aspx
VOLKSWAGEN,VOLKSWAGEN Golf 2.0 T FSI GTI DSG,9.990 €,2008,250.000 km,Gasolina,200 cv,Granada,2026-05-06 13:53:40,C,https://www.coches.net/volkswagen-golf-20-t-fsi-gti-dsg-3p-gasolina-2008-en-granada-62219991-covo.aspx
CUPRA,CUPRA Formentor 1.5 eTSI 150 CV DSG,30.900 €,2025,15.367 km,Híbrido,150 cv,Gipuzkoa,2026-05-06 13:53:40,ECO,https://www.coches.net/cupra-formentor-15-etsi-110kw-150-cv-dsg-5p-electrico-hibrido-2025-en-guipuzcoa-70197389-covo.aspx
FORD,FORD Grand Tourneo Connect 1.5 TDCi Trend,16.999 €,2018,90.000 km,Diesel,120 cv,Bizkaia,2026-05-06 13:53:40,B,https://www.coches.net/ford-grand-tourneo-connect-15-tdci-88kw-120cv-trend-5p-diesel-2019-en-vizcaya-70513434-covo.aspx
VOLVO,VOLVO XC40 1.5 T4 Twin Recharge Inscription Auto,26.199 €,2021,34.815 km,Híbrido enchufable,211 cv,Madrid,2026-05-06 13:53:40,CERO,https://www.coches.net/volvo-xc40-15-t4-twin-recharge-inscription-auto-5p-electrico-hibrido-2022-en-madrid-70458938-covo.aspx
AUDI,AUDI Q3 Sportback 35 TFSI S tronic S Line,32.799 €,2021,67.709 km,Híbrido,150 cv,Madrid,2026-05-06 13:53:40,ECO,https://www.coches.net/audi-q3-sportback-35-tfsi-110kw-150cv-s-tronic-s-line-5p-electrico-hibrido-2021-en-madrid-70459038-covo.aspx
VOLKSWAGEN,VOLKSWAGEN Golf Life 1.0 eTSI DSG Variant,16.400 €,2021,109.785 km,Híbrido,110 cv,León,2026-05-06 13:53:40,ECO,https://www.coches.net/volkswagen-golf-life-10-etsi-81kw-110cv-dsg-variant-5p-electrico-hibrido-2022-en-leon-70461925-covo.aspx
SEAT,SEAT León SP 2.0 TDI Style XS,16.900 €,2022,139.000 km,Diesel,115 cv,A Coruña,2026-05-06 13:53:40,C,https://www.coches.net/seat-leon-sp-20-tdi-85kw-style-xs-5p-diesel-2023-en-a-coruna-70205783-covo.aspx
MAZDA,MAZDA Mazda3 2.0 eSKYACTIVX HOMURA AT,23.690 €,2023,81.930 km,Híbrido,186 cv,Madrid,2026-05-06 13:53:40,ECO,https://www.coches.net/mazda-mazda3-20-eskyactivx-homura-at-5p-electrico-hibrido-2022-en-madrid-70118598-covo.aspx
HYUNDAI,HYUNDAI i20 1.2 MPI Klass,12.990 €,2022,53.000 km,Gasolina,84 cv,Las Palmas,2026-05-06 13:53:40,C,https://www.coches.net/hyundai-i20-12-mpi-klass-5p-gasolina-2023-en-las-palmas-70422642-covo.aspx
CITROEN,CITROEN Xsara Picasso 1.6 HDi 92 X,3.500 €,2006,159.000 km,Diesel,92 cv,Alicante,2026-05-06 13:53:40,B,https://www.coches.net/citroen-xsara-picasso-16-hdi-92-x-5p-diesel-2005-en-alicante-70537141-covo.aspx
BMW,BMW Serie 1 116d,16.900 €,2017,107.200 km,Diesel,116 cv,Pontevedra,2026-05-06 13:53:40,B,https://www.coches.net/bmw-serie-1-116d-5p-diesel-2018-en-pontevedra-62494832-covo.aspx
PEUGEOT,PEUGEOT 2008 Active BlueHDI 100 SS BVM6,11.350 €,2020,148.230 km,Diesel,100 cv,Pontevedra,2026-05-06 13:53:40,B,https://www.coches.net/peugeot-2008-active-bluehdi-100-ss-bvm6-5p-diesel-2020-en-pontevedra-70128565-covo.aspx
NISSAN,NISSAN QASHQAI dCi 130 CV 4x4i VISIA,12.990 €,2017,140.000 km,Diesel,130 cv,Sevilla,2026-05-06 13:53:40,C,https://www.coches.net/nissan-qashqai-dci-96-kw-130-cv-4x4i-visia-5p-diesel-2017-en-sevilla-70503240-covo.aspx
VOLKSWAGEN,VOLKSWAGEN Golf GTI 2.0 TSI DSG,40.500 €,2023,17.723 km,Gasolina,245 cv,Lugo,2026-05-06 13:53:40,C,https://www.coches.net/volkswagen-golf-gti-2.0-tsi-180kw-245cv-dsg-5p-gasolina-2024-en-lugo-59795851-covo.aspx
VOLKSWAGEN,VOLKSWAGEN Golf GTI Performance 2.0 TSI DSG BMT,20.790 €,2017,174.600 km,Gasolina,230 cv,Barcelona,2026-05-06 13:53:40,C,https://www.coches.net/volkswagen-golf-gti-performance-20-tsi-230cv-dsg-bmt-3p-gasolina-2017-en-barcelona-70500714-covo.aspx
BMW,BMW Serie 2 Active Tourer 218i,28.490 €,2023,42.031 km,Gasolina,136 cv,Barcelona,2026-05-06 13:53:40,B,https://www.coches.net/bmw-serie-2-active-tourer-218i-5p-gasolina-2024-en-barcelona-70477120-covo.aspx
RENAULT,RENAULT Scénic CONFORT AUTHENTIQUE 1.5DCI80,4.500 €,2005,196.000 km,Diesel,80 cv,Asturias,2026-05-06 13:53:40,B,https://www.coches.net/renault-scenic-confort-authentique-15dci80-5p-diesel-2004-en-asturias-70482333-covo.aspx
KIA,KIA Carens 1.7 CRDi VGT UEFA Euro2016 EcoDyn,11.390 €,2016,105.273 km,Diesel,115 cv,Valencia,2026-05-06 13:53:40,B,https://www.coches.net/kia-carens-17-crdi-vgt-85kw-uefa-euro2016-ecodyn-5p-diesel-2016-en-valencia-70327491-covo.aspx
MERCEDES-BENZ,MERCEDES-BENZ GLC Coupé GLC 300 de 4MATIC,49.000 €,2021,70.000 km,Híbrido enchufable,306 cv,Madrid,2026-05-06 13:53:40,CERO,https://www.coches.net/mercedes-benz-glc-coupe-glc-300-de-4matic-5p-electrico-hibrido-2021-en-madrid-62563461-covo.aspx
BMW,BMW X6 M Competition,104.990 €,2022,41.009 km,Gasolina,625 cv,Sta. C. Tenerife,2026-05-06 13:53:40,C,https://www.coches.net/bmw-x6-m-competition-5p-gasolina-2023-en-sta-c-tenerife-70168521-covo.aspx
SEAT,SEAT Ibiza 1.0 MPI Style Plus,11.990 €,2019,90.000 km,Gasolina,80 cv,A Coruña,2026-05-06 13:53:40,C,https://www.coches.net/seat-ibiza-10-mpi-59kw-80cv-style-plus-5p-gasolina-2019-en-a-coruna-70397835-covo.aspx
VOLKSWAGEN,VOLKSWAGEN Sharan 2.0 TDI DSG Edition,14.990 €,2010,185.000 km,Diesel,140 cv,Pontevedra,2026-05-06 13:53:40,B,https://www.coches.net/volkswagen-sharan-20-tdi-140cv-dsg-edition-5p-diesel-2011-en-pontevedra-60796283-covo.aspx
VOLKSWAGEN,VOLKSWAGEN Tiguan 2.0 TDI 4x2 T1 BlueMotion Tech,12.000 €,2013,188.145 km,Diesel,140 cv,León,2026-05-06 13:53:40,B,https://www.coches.net/volkswagen-tiguan-20-tdi-140cv-4x2-t1-bluemotion-tech-5p-diesel-2013-en-leon-70461937-covo.aspx
MASERATI,MASERATI Ghibli 2.0 L4 HybridGasolina,49.990 €,2021,17.500 km,Híbrido,330 cv,Barcelona,2026-05-06 13:53:40,ECO,https://www.coches.net/maserati-ghibli-20-l4-hybridgasolina-243kw-330cv-4p-electrico-hibrido-2021-en-barcelona-70521608-covo.aspx
PEUGEOT,PEUGEOT e-208 Electrico Active,19.990 €,2023,22 km,Eléctrico,136 cv,Madrid,2026-05-06 13:53:40,CERO,https://www.coches.net/peugeot-e-208-electrico-active-5p-electrico-hibrido-2023-en-madrid-70522040-covo.aspx
BMW,BMW X1 sDrive18d,24.900 €,2021,58.116 km,Diesel,150 cv,Barcelona,2026-05-06 13:53:40,C,https://www.coches.net/bmw-x1-sdrive18d-5p-diesel-2021-en-barcelona-70502542-covo.aspx
SEAT,SEAT Mii Mii Electric Plus,13.900 €,2020,17.308 km,Eléctrico,83 cv,Málaga,2026-05-06 13:53:40,CERO,https://www.coches.net/seat-mii-mii-electric-plus-61kw-83cv-5p-electrico-/-hibrido-2020-en-malaga-61789905-covo.aspx
HYUNDAI,HYUNDAI i30 2.0 TGDI N Performance,29.990 €,2020,50.000 km,Gasolina,275 cv,Sta. C. Tenerife,2026-05-06 13:53:40,B,https://www.coches.net/hyundai-i30-20-tgdi-n-performance-5p-gasolina-2019-en-sta-c-tenerife-70139071-covo.aspx
AUDI,AUDI A5 S5 TDI quattro,39.999 €,2019,174.000 km,Híbrido,347 cv,Alicante,2026-05-06 13:53:40,ECO,https://www.coches.net/audi-a5-s5-tdi-quattro-5p-electrico-hibrido-2020-en-alicante-70295296-covo.aspx
VOLKSWAGEN,VOLKSWAGEN Touareg Premium 3.0 TDI 262 Tip Terrain Tech BMT,23.990 €,2016,149.700 km,Diesel,262 cv,Málaga,2026-05-06 13:53:40,C,https://www.coches.net/volkswagen-touareg-premium-30-tdi-262-tip-terrain-tech-bmt-5p-diesel-2017-en-malaga-70150389-covo.aspx
CITROEN,CITROEN C4 BlueHDi 130 SS EAT8 Plus,19.500 €,2024,44.173 km,Diesel,131 cv,Huelva,2026-05-06 13:53:40,C,https://www.coches.net/citroen-c4-bluehdi-130-ss-eat8-plus-5p-diesel-2024-en-huelva-70413428-covo.aspx
NISSAN,NISSAN QASHQAI DIGT NConnecta,25.900 €,2023,22.650 km,Híbrido,140 cv,Zaragoza,2026-05-06 13:53:40,ECO,https://www.coches.net/nissan-qashqai-digt-103kw-nconnecta-5p-electrico-hibrido-2023-en-zaragoza-70433376-covo.aspx
NISSAN,NISSAN QASHQAI DIGT mHEV Xtronic Tekna sin RUE,27.900 €,2021,74.200 km,Híbrido,158 cv,Zaragoza,2026-05-06 13:53:40,ECO,https://www.coches.net/nissan-qashqai-digt-116kw-mhev-xtronic-tekna-sin-rue-5p-electrico-hibrido-2021-en-zaragoza-70433378-covo.aspx
VOLKSWAGEN,VOLKSWAGEN Passat Business 1.6 TDI DSG,16.990 €,2020,126.000 km,Diesel,120 cv,Araba,2026-05-06 13:53:40,C,https://www.coches.net/volkswagen-passat-business-16-tdi-88kw-120cv-dsg-4p-diesel-2020-en-alava-62261769-covo.aspx
VOLKSWAGEN,VOLKSWAGEN Golf Life 2.0 TDI,18.990 €,2022,89.499 km,Diesel,115 cv,Barcelona,2026-05-06 13:53:40,C,https://www.coches.net/volkswagen-golf-life-20-tdi-85kw-115cv-5p-diesel-2022-en-barcelona-70399499-covo.aspx
AUDI,AUDI A1 Sportback Adrenalin 30 TFSI,22.900 €,2021,36.765 km,Gasolina,110 cv,Valencia,2026-05-06 13:53:40,C,https://www.coches.net/audi-a1-sportback-adrenalin-30-tfsi-81kw-110cv-5p-gasolina-2022-en-valencia-70361930-covo.aspx
PORSCHE,PORSCHE Cayenne S,9.999 €,2003,250.000 km,Gasolina,340 cv,Alicante,2026-05-06 13:53:40,B,https://www.coches.net/porsche-cayenne-s-5p-gasolina-2004-en-alicante-70560694-covo.aspx
BMW,BMW X2 sDrive18d,48.990 €,2025,30.000 km,Diesel,150 cv,Alicante,2026-05-06 13:53:40,C,https://www.coches.net/bmw-x2-sdrive18d-5p-diesel-2025-en-alicante-70450884-covo.aspx
KIA,KIA cee'd 1.6 CRDi Drive Plus,4.999 €,2012,255.563 km,Diesel,90 cv,Madrid,2026-05-06 13:53:40,B,https://www.coches.net/kia-ceed-16-crdi-90cv-drive-plus-5p-diesel-2011-en-madrid-70534870-covo.aspx
FORD,FORD Kuga STLine 1.5T EcoBoost,19.100 €,2022,95.820 km,Gasolina,150 cv,Madrid,2026-05-06 13:53:40,C,https://www.coches.net/ford-kuga-stline-15t-ecoboost-110kw-150cv-5p-gasolina-2022-en-madrid-70423989-covo.aspx
KIA,KIA Niro 1.6 GDi HEV Emotion,28.990 €,2025,10.044 km,Híbrido,138 cv,Madrid,2026-05-06 13:53:40,ECO,https://www.coches.net/kia-niro-16-gdi-hev-102kw-139cv-emotion-5p-electrico-hibrido-2026-en-madrid-70562752-covo.aspx
CUPRA,CUPRA León SP 1.4 eHybrid DSG,25.500 €,2021,75.805 km,Híbrido enchufable,245 cv,Pontevedra,2026-05-06 13:53:40,B,https://www.coches.net/cupra-leon-sp-14-ehybrid-180kw-245cv-dsg-5p-electrico-hibrido-2022-en-pontevedra-70409244-covo.aspx
MERCEDES-BENZ,MERCEDES-BENZ Citan 110 CDI Tourer Base Largo,21.900 €,2021,101.000 km,Diesel,95 cv,Valencia,2026-05-06 13:53:40,C,https://www.coches.net/mercedes-benz-citan-110-cdi-70kw-tourer-base-largo-5p-diesel-2021-en-valencia-70410207-covo.aspx
AUDI,AUDI Q2 Adrenalin Edition 35 TDI S tronic,34.900 €,2025,17.957 km,Diesel,150 cv,Murcia,2026-05-06 13:53:40,B,https://www.coches.net/audi-q2-adrenalin-edition-35-tdi-110kw-s-tronic-5p-diesel-2025-en-murcia-70424634-covo.aspx
BMW,BMW ix2 xDrive30,43.750 €,2024,16.000 km,Eléctrico,313 cv,Las Palmas,2026-05-06 13:53:40,CERO,https://www.coches.net/bmw-ix2-xdrive30-5p-electrico-hibrido-2024-en-las-palmas-70530566-covo.aspx
KIA,KIA Sportage 1.6 GDi Basic 4x2,14.900 €,2017,133.000 km,Gasolina,132 cv,Málaga,2026-05-06 13:53:40,B,https://www.coches.net/kia-sportage-16-gdi-97kw-132cv-basic-4x2-5p-gasolina-2017-en-malaga-70282903-covo.aspx
KIA,KIA cee'd 1.4 CVVT Concept,5.890 €,2009,87.575 km,Gasolina,109 cv,Madrid,2026-05-06 13:53:40,C,https://www.coches.net/kia-ceed-14-cvvt-concept-5p-gasolina-2009-en-madrid-70566859-covo.aspx
TOYOTA,TOYOTA Yaris 1.5 125 SEdition,17.290 €,2022,28.691 km,Gasolina,125 cv,Madrid,2026-05-06 13:53:40,C,https://www.coches.net/toyota-yaris-15-125-sedition-5p-gasolina-2020-en-madrid-70412586-covo.aspx
OPEL,OPEL Astra 1.7 CDTi Edition,5.499 €,2009,128.000 km,Diesel,110 cv,Toledo,2026-05-06 13:53:40,B,https://www.coches.net/opel-astra-17-cdti-edition-5p-diesel-2009-en-toledo-70438653-covo.aspx
KIA,KIA Sportage 1.6 GDi Concept 4x2,16.475 €,2020,69.000 km,Gasolina,132 cv,Barcelona,2026-05-06 13:53:40,C,https://www.coches.net/kia-sportage-16-gdi-97kw-132cv-concept-4x2-5p-gasolina-2021-en-barcelona-70418108-covo.aspx
VOLVO,VOLVO XC90 2.0 B5 Gasolina AWD Ultra Bright Auto,62.900 €,2024,30.029 km,Híbrido,250 cv,A Coruña,2026-05-06 13:53:40,ECO,https://www.coches.net/volvo-xc90-20-b5-gasolina-awd-ultra-bright-auto-5p-electrico-hibrido-2025-en-a-coruna-70354754-covo.aspx
RENAULT,RENAULT Clio Business SCe,8.990 €,2021,95.000 km,Gasolina,65 cv,Málaga,2026-05-06 13:53:40,C,https://www.coches.net/renault-clio-business-sce-49-kw-67cv-5p-gasolina-2021-en-malaga-70216918-covo.aspx
TOYOTA,TOYOTA Rav4 2.5l 220H Feel,28.490 €,2019,92.500 km,Híbrido,218 cv,Toledo,2026-05-06 13:53:40,ECO,https://www.coches.net/toyota-rav4-25l-220h-feel-5p-electrico-hibrido-2020-en-toledo-70387362-covo.aspx
AUDI,AUDI Q5 40 TDI quattro S tronic,29.700 €,2020,90.000 km,Diesel,190 cv,Las Palmas,2026-05-06 13:53:40,B,https://www.coches.net/audi-q5-40-tdi-140kw-190cv-quattro-s-tronic-5p-diesel-2020-en-las-palmas-70310429-covo.aspx
PEUGEOT,PEUGEOT 5008 1.5 BlueHDi SS Allure Pack,20.490 €,2021,63.800 km,Diesel,130 cv,Madrid,2026-05-06 13:53:40,C,https://www.coches.net/peugeot-5008-15-bluehdi-96kw-130cv-ss-allure-pack-5p-diesel-2020-en-madrid-70312700-covo.aspx
PEUGEOT,PEUGEOT 5008 1.5 BlueHDi SS Allure,22.590 €,2022,40.052 km,Diesel,130 cv,Gipuzkoa,2026-05-06 13:53:40,C,https://www.coches.net/peugeot-5008-15-bluehdi-96kw-130cv-ss-allure-5p-diesel-2022-en-guipuzcoa-70510928-covo.aspx
MERCEDES-BENZ,MERCEDES-BENZ Clase A A 200 d,35.400 €,2025,16.287 km,Diesel,150 cv,Sevilla,2026-05-06 13:53:40,C,https://www.coches.net/mercedes-benz-clase-a-a-200-d-5p-diesel-2025-en-sevilla-70283450-covo.aspx
PEUGEOT,PEUGEOT 3008 1.2 PURETECH ACTIVE SS,12.489 €,2018,60.528 km,Gasolina,130 cv,Málaga,2026-05-06 13:53:40,B,https://www.coches.net/peugeot-3008-12-puretech-96kw-130cv-active-ss-5p-gasolina-2018-en-malaga-62527013-covo.aspx
MERCEDES-BENZ,MERCEDES-BENZ EQA EQA 250,42.990 €,2025,9662 km,Eléctrico,190 cv,Madrid,2026-05-06 13:53:40,CERO,https://www.coches.net/km-0/mercedes-benz/eqa/madrid/eqa-250-electrico-hibrido-de-km0-70238916-kovn.aspx
MERCEDES-BENZ,MERCEDES-BENZ EQB EQB 300 4MATIC,44.990 €,2025,26.490 km,Eléctrico,228 cv,Madrid,2026-05-06 13:53:40,CERO,https://www.coches.net/mercedes-benz-eqb-eqb-300-4matic-5p-electrico-hibrido-2025-en-madrid-70238922-covo.aspx
MERCEDES-BENZ,MERCEDES-BENZ EQB EQB 300 4MATIC,44.990 €,2025,15.896 km,Eléctrico,228 cv,Madrid,2026-05-06 13:53:40,CERO,https://www.coches.net/mercedes-benz-eqb-eqb-300-4matic-5p-electrico-hibrido-2025-en-madrid-70238923-covo.aspx
MERCEDES-BENZ,MERCEDES-BENZ EQB EQB 300 4MATIC,44.990 €,2025,19.765 km,Eléctrico,228 cv,Madrid,2026-05-06 13:53:40,CERO,https://www.coches.net/mercedes-benz-eqb-eqb-300-4matic-5p-electrico-hibrido-2025-en-madrid-70238924-covo.aspx
BMW,BMW Serie 7 740d xDrive,99.990 €,2024,30.000 km,Híbrido,299 cv,Alicante,2026-05-06 13:53:40,ECO,https://www.coches.net/bmw-serie-7-740d-xdrive-4p-electrico-hibrido-2024-en-alicante-70447671-covo.aspx
MITSUBISHI,MITSUBISHI Montero 3.2 DID Kaiteki Auto,34.990 €,2016,112.505 km,Diesel,190 cv,Sta. C. Tenerife,2026-05-06 13:53:40,B,https://www.coches.net/mitsubishi-montero-32-did-kaiteki-auto-5p-diesel-2016-en-sta-c-tenerife-70188292-covo.aspx
VOLKSWAGEN,VOLKSWAGEN Polo Polo 1.0 TSI,15.900 €,2023,59.000 km,Gasolina,95 cv,Sta. C. Tenerife,2026-05-06 13:53:40,B,https://www.coches.net/volkswagen-polo-polo-10-tsi-70kw-95cv-5p-gasolina-2024-en-sta-c-tenerife-70263620-covo.aspx
MERCEDES-BENZ,MERCEDES-BENZ CLA CLA 180,30.990 €,2023,53.000 km,Gasolina,136 cv,Valencia,2026-05-06 13:53:40,C,https://www.coches.net/mercedes-benz-cla-cla-180-4p-gasolina-2023-en-valencia-70164384-covo.aspx
MERCEDES-BENZ,MERCEDES-BENZ Clase C C 200 Coupe,23.990 €,2016,110.000 km,Gasolina,184 cv,Madrid,2026-05-06 13:53:40,C,https://www.coches.net/mercedes-benz-clase-c-c-200-coupe-2p-gasolina-2014-en-madrid-70512092-covo.aspx
TOYOTA,TOYOTA Prius 1.8 HSD ADVANCE,10.990 €,2010,158.000 km,Híbrido,136 cv,Barcelona,2026-05-06 13:53:40,B,https://www.coches.net/toyota-prius-18-hsd-advance-5p-electrico-hibrido-2009-en-barcelona-70150962-covo.aspx
MERCEDES-BENZ,MERCEDES-BENZ Clase A A 200 d,32.900 €,2023,36.401 km,Diesel,150 cv,Ourense,2026-05-06 13:53:40,C,https://www.coches.net/mercedes-benz-clase-a-a-200-d-5p-diesel-2023-en-orense-70503695-covo.aspx
PEUGEOT,PEUGEOT 508 Active Pack BlueHDi 130 SS EAT8,14.900 €,2022,139.000 km,Diesel,130 cv,Salamanca,2026-05-06 13:53:40,C,https://www.coches.net/peugeot-508-5p-active-pack-bluehdi-130-ss-eat8-5p-diesel-2022-en-salamanca-70239638-covo.aspx
VOLKSWAGEN,VOLKSWAGEN Golf Last Edition 1.5 TSI 96kW130CV Variant,15.300 €,2020,104.000 km,Gasolina,130 cv,Navarra,2026-05-06 13:53:40,B,https://www.coches.net/volkswagen-golf-last-edition-15-tsi-96kw130cv-variant-5p-gasolina-2020-en-navarra-70519125-covo.aspx
LAND-ROVER,LAND-ROVER Discovery 2.0 I4 TD4 S Auto,21.990 €,2017,98.400 km,Diesel,180 cv,Madrid,2026-05-06 13:53:40,C,https://www.coches.net/land-rover-discovery-20-i4-td4-132kw-180cv-s-auto-5p-diesel-2017-en-madrid-70520302-covo.aspx
VOLKSWAGEN,VOLKSWAGEN Passat Sport 1.8 TSI DSG Variant,13.990 €,2018,180.000 km,Gasolina,180 cv,Bizkaia,2026-05-06 13:53:40,C,https://www.coches.net/volkswagen-passat-sport-18-tsi-132kw-180cv-dsg-variant-5p-gasolina-2018-en-vizcaya-70524331-covo.aspx
RENAULT,RENAULT Espace Limited Blue dCi 160 cv EDC 18,18.490 €,2019,174.449 km,Diesel,160 cv,Toledo,2026-05-06 13:53:40,B,https://www.coches.net/renault-espace-limited-blue-dci-118-kw-160-cv-edc-18-5p-diesel-2018-en-toledo-70489167-covo.aspx
BMW,BMW Serie 3 318d,12.499 €,2014,185.000 km,Diesel,143 cv,Alicante,2026-05-06 13:53:40,B,https://www.coches.net/bmw-serie-3-318d-4p-diesel-2014-en-alicante-70066479-covo.aspx
VOLKSWAGEN,VOLKSWAGEN Tiguan Life 1.5 TSI,39.890 €,2024,26.341 km,Gasolina,150 cv,Lleida,2026-05-06 13:53:40,B,https://www.coches.net/volkswagen-tiguan-life-15-tsi-110kw-150cv-5p-gasolina-2024-en-lleida-70511291-covo.aspx
NISSAN,NISSAN QASHQAI DIGT mHEV Xtronic Acenta,24.900 €,2024,30.520 km,Híbrido,158 cv,Lugo,2026-05-06 13:53:40,ECO,https://www.coches.net/nissan-qashqai-digt-116kw-158cv-mhev-xtronic-acenta-5p-electrico-hibrido-2024-en-lugo-61861987-covo.aspx
PORSCHE,PORSCHE Macan S Diesel,36.990 €,2017,172.000 km,Diesel,258 cv,Las Palmas,2026-05-06 13:53:40,B,https://www.coches.net/porsche-macan-s-diesel-5p-diesel-2018-en-las-palmas-70377420-covo.aspx
RENAULT,RENAULT Grand Scénic Dynamique 5 plazas 1.9dCi EU4,5.000 €,2008,180.000 km,Diesel,130 cv,Murcia,2026-05-06 13:53:40,B,https://www.coches.net/renault-grand-scenic-dynamique-5-plazas-19dci-eu4-5p-diesel-2008-en-murcia-70378277-covo.aspx
DACIA,DACIA Jogger Expression TCe 7 plazas,22.000 €,2025,23 km,Gasolina,110 cv,Badajoz,2026-05-06 13:53:40,ECO,https://www.coches.net/dacia-jogger-expression-tce-81kw-110cv-7-plazas-5p-gasolina-2025-en-badajoz-61898584-covo.aspx
CUPRA,CUPRA León 1.5 eTSI DSG Beyond MY26.6,33.900 €,2026,6 km,Híbrido,150 cv,Toledo,2026-05-06 13:53:40,ECO,https://www.coches.net/km-0/cupra/leon/toledo/15-etsi-110kw-150cv-dsg-beyond-my266-electrico-hibrido-de-km0-70551357-kovn.aspx
FORD,FORD Focus 1.0 Ecoboost ASS 125v Titanium,10.800 €,2016,123.500 km,Gasolina,125 cv,Tarragona,2026-05-06 13:53:40,C,https://www.coches.net/ford-focus-10-ecoboost-ass-125v-titanium-5p-gasolina-2015-en-tarragona-70264241-covo.aspx
LAND-ROVER,LAND-ROVER Range Rover Evoque 2.0 D163 S AUTO 4WD MHEV,31.490 €,2021,7000 km,Híbrido,163 cv,Barcelona,2026-05-06 13:53:40,ECO,https://www.coches.net/land-rover-range-rover-evoque-20-d163-s-auto-4wd-mhev-5p-electrico-hibrido-2023-en-barcelona-70204323-covo.aspx
MITSUBISHI,MITSUBISHI ASX 160 MPI Motion,14.325 €,2019,100.923 km,Gasolina,117 cv,Madrid,2026-05-06 13:53:40,C,https://www.coches.net/mitsubishi-asx-160-mpi-motion-5p-gasolina-2019-en-madrid-70207701-covo.aspx
SWM,SWM G05 1.5T MT,24.740 €,2026,1 km,Gasolina,139 cv,Madrid,2026-05-06 13:53:40,C,https://www.coches.net/swm-g05-15t-mt-5p-gasolina-2024-en-madrid-70461618-covo.aspx
SEAT,SEAT León SP 1.5 TSI SS Xcel Launch P L,19.990 €,2021,32.527 km,Gasolina,150 cv,Barcelona,2026-05-06 13:53:40,C,https://www.coches.net/seat-leon-sp-15-tsi-110kw-ss-xcel-launch-p-l-5p-gasolina-2020-en-barcelona-70417483-covo.aspx
SEAT,SEAT León SP 1.5 TSI SS FR XS,19.690 €,2023,43.274 km,Gasolina,130 cv,Madrid,2026-05-06 13:53:40,C,https://www.coches.net/seat-leon-sp-15-tsi-96kw-ss-fr-xs-5p-gasolina-2024-en-madrid-70422089-covo.aspx
HYUNDAI,HYUNDAI Kona 1.6 GDI HEV N Line DCT,25.500 €,2023,13.141 km,Híbrido,141 cv,Madrid,2026-05-06 13:53:40,ECO,https://www.coches.net/hyundai-kona-16-gdi-hev-n-line-dct-5p-electrico-hibrido-2023-en-madrid-70355619-covo.aspx
MERCEDES-BENZ,MERCEDES-BENZ GLA GLA 250 e,28.890 €,2022,128.187 km,Híbrido enchufable,218 cv,Madrid,2026-05-06 13:53:40,CERO,https://www.coches.net/mercedes-benz-gla-gla-250-e-5p-electrico-hibrido-2020-en-madrid-70357185-covo.aspx
NISSAN,NISSAN JUKE G E6DTemp 112 CV 5MT ACENTA,14.300 €,2019,28.785 km,Gasolina,112 cv,Barcelona,2026-05-06 13:53:40,C,https://www.coches.net/nissan-juke-g-e6dtemp-83-kw-112-cv-5mt-acenta-5p-gasolina-2018-en-barcelona-70359557-covo.aspx
MERCEDES-BENZ,MERCEDES-BENZ CLA CLA 200 D DCT,49.900 €,2025,1800 km,Diesel,150 cv,Salamanca,2026-05-06 13:53:40,B,https://www.coches.net/km-0/mercedes-benz/cla/salamanca/cla-200-d-dct-diesel-de-demostracion-60813100-devn.aspx
BMW,BMW Serie 4 M4 A,56.900 €,2016,14.500 km,Gasolina,431 cv,Madrid,2026-05-06 13:53:40,C,https://www.coches.net/bmw-serie-4-m4-a-2p-gasolina-2016-en-madrid-70457459-covo.aspx
SSANGYONG,SSANGYONG Tivoli G12T Urban Plus,15.500 €,2023,63.375 km,Gasolina,128 cv,Baleares,2026-05-06 13:53:40,C,https://www.coches.net/ssangyong-tivoli-g12t-urban-plus-5p-gasolina-2023-en-baleares-70528748-covo.aspx
RENAULT,RENAULT Mégane Coupecabrio Dynamique 1.9dCi,3.999 €,2007,268.400 km,Diesel,130 cv,Zaragoza,2026-05-06 13:53:40,B,https://www.coches.net/renault-megane-coupecabrio-dynamique-19dci-2p-diesel-2007-en-zaragoza-70533292-covo.aspx
TOYOTA,TOYOTA Verso 1.6D 115D Advance 5pl.,10.900 €,2016,112.000 km,Diesel,112 cv,Málaga,2026-05-06 13:53:40,B,https://www.coches.net/toyota-verso-16d-115d-advance-5pl-5p-diesel-2017-en-malaga-70535220-covo.aspx
CITROEN,CITROEN Berlingo Talla M BlueHDi 100 SS SHINE BUSINESS,14.900 €,2023,145.000 km,Diesel,102 cv,A Coruña,2026-05-06 13:53:40,C,https://www.coches.net/citroen-berlingo-talla-m-bluehdi-100-ss-shine-business-5p-diesel-2021-en-a-coruna-70406356-covo.aspx
JAGUAR,JAGUAR XJ 3.0 V6 Diesel SWB Premium Luxury,29.900 €,2018,146.000 km,Diesel,300 cv,Madrid,2026-05-06 13:53:40,C,https://www.coches.net/jaguar-xj-30-v6-diesel-swb-premium-luxury-4p-diesel-2019-en-madrid-70455352-covo.aspx
BMW,BMW X2 sDrive20i,41.700 €,2024,35.000 km,Híbrido,170 cv,Toledo,2026-05-06 13:53:40,ECO,https://www.coches.net/bmw-x2-sdrive20i-5p-electrico-hibrido-2025-en-toledo-62511746-covo.aspx
TOYOTA,TOYOTA Yaris Cross 1.5 120H Active Tech Pack Confort,23.990 €,2022,95.166 km,Híbrido,116 cv,Burgos,2026-05-06 13:53:40,ECO,https://www.coches.net/toyota-yaris-cross-15-120h-active-tech-pack-confort-5p-electrico-hibrido-2021-en-burgos-62511963-covo.aspx
MERCEDES-BENZ,MERCEDES-BENZ GLA GLA 200 D,41.990 €,2025,9442 km,Diesel,150 cv,Madrid,2026-05-06 13:53:40,C,https://www.coches.net/mercedes-benz-gla-gla-200-d-5p-diesel-2025-en-madrid-62514880-covo.aspx
MERCEDES-BENZ,MERCEDES-BENZ Clase C C 300 e Estate,51.900 €,2023,33.082 km,Híbrido enchufable,313 cv,Lugo,2026-05-06 13:53:40,CERO,https://www.coches.net/mercedes-benz-clase-c-c-300-e-estate-5p-electrico-hibrido-2024-en-lugo-70381377-covo.aspx
MITSUBISHI,MITSUBISHI Colt 1.5 DID Inform,4.990 €,2009,201.243 km,Diesel,95 cv,Barcelona,2026-05-06 13:53:40,B,https://www.coches.net/mitsubishi-colt-15-did-inform-5p-diesel-2008-en-barcelona-70466661-covo.aspx
RENAULT,RENAULT Clio Techno ETech Hibrido,19.500 €,2023,33.447 km,Híbrido,140 cv,Barcelona,2026-05-06 13:53:40,B,https://www.coches.net/renault-clio-techno-etech-hibrido-103-kw-145cv-5p-electrico-hibrido-2022-en-barcelona-70332798-covo.aspx
RENAULT,RENAULT Clio Exception 1.5dCi eco2,6.299 €,2009,88.220 km,Diesel,85 cv,Valencia,2026-05-06 13:53:40,B,https://www.coches.net/renault-clio-exception-15dci-85cv-5p-eco2-5p-diesel-2009-en-valencia-62413287-covo.aspx
HYUNDAI,HYUNDAI Staria 2.2 CRDI Tecno 9S,39.499 €,2024,63.514 km,Diesel,177 cv,Girona,2026-05-06 13:53:40,C,https://www.coches.net/hyundai-staria-22-crdi-tecno-9s-5p-diesel-2023-en-girona-70010327-covo.aspx
MERCEDES-BENZ,MERCEDES-BENZ Clase S S 430 L,24.990 €,2002,14.000 km,Gasolina,279 cv,Girona,2026-05-06 13:53:40,B,https://www.coches.net/mercedes-benz-clase-s-s-430-l-4p-gasolina-2002-en-girona-70568125-covo.aspx
NISSAN,NISSAN QASHQAI DIGT 140 CV E6D TEKNA,16.990 €,2019,65.000 km,Gasolina,140 cv,Las Palmas,2026-05-06 13:53:40,B,https://www.coches.net/nissan-qashqai-digt-103-kw-140-cv-e6d-tekna-5p-gasolina-2018-en-las-palmas-70275674-covo.aspx
SMART,SMART fortwo 60kW81CV EQ coupe,12.990 €,2021,29.000 km,Eléctrico,82 cv,Madrid,2026-05-06 13:53:40,CERO,https://www.coches.net/smart-fortwo-60kw81cv-eq-coupe-3p-electrico-hibrido-2021-en-madrid-70353493-covo.aspx
TOYOTA,TOYOTA Yaris 1.5 120H Active Plus,21.950 €,2025,35.685 km,Híbrido,116 cv,Madrid,2026-05-06 13:53:40,ECO,https://www.coches.net/toyota-yaris-15-120h-active-plus-5p-electrico-hibrido-2025-en-madrid-70500614-covo.aspx
MERCEDES-BENZ,MERCEDES-BENZ Clase CLA CLA 200 d,18.500 €,2017,236.000 km,Diesel,136 cv,Murcia,2026-05-06 13:53:40,B,https://www.coches.net/mercedes-benz-clase-cla-cla-200-d-4p-diesel-2018-en-murcia-70500749-covo.aspx
HYUNDAI,HYUNDAI i30 1.5 DPI Klass SLX,16.650 €,2024,49.000 km,Gasolina,110 cv,Málaga,2026-05-06 13:53:40,C,https://www.coches.net/hyundai-i30-15-dpi-klass-slx-5p-gasolina-2023-en-malaga-70500954-covo.aspx
JEEP,JEEP Renegade Trailhawk 4xe 1.3 PHEV 177kW240CV AT,16.890 €,2022,135.598 km,Híbrido enchufable,240 cv,Madrid,2026-05-06 13:53:40,CERO,https://www.coches.net/jeep-renegade-trailhawk-4xe-13-phev-177kw240cv-at-5p-electrico-hibrido-2022-en-madrid-70343381-covo.aspx
KIA,KIA Ceed 1.0 TGDi Drive,22.990 €,2025,17.160 km,Gasolina,100 cv,Valencia,2026-05-06 13:53:40,C,https://www.coches.net/kia-ceed-10-tgdi-74kw-100cv-drive-5p-gasolina-2025-en-valencia-70216943-covo.aspx
AUDI,AUDI Q3 2.0 TDI,18.499 €,2017,156.000 km,Diesel,150 cv,Alicante,2026-05-06 13:53:40,C,https://www.coches.net/audi-q3-20-tdi-110kw-150cv-5p-diesel-2018-en-alicante-70160952-covo.aspx
TOYOTA,TOYOTA Yaris 1.5 120H Business Plus,21.990 €,2026,12.000 km,Híbrido,116 cv,Barcelona,2026-05-06 13:53:40,ECO,https://www.coches.net/toyota-yaris-15-120h-business-plus-5p-electrico-hibrido-2025-en-barcelona-70522345-covo.aspx
AUDI,AUDI Q6 e-tron S Line Performance,54.990 €,2025,29.900 km,Eléctrico,326 cv,Barcelona,2026-05-06 13:53:40,CERO,https://www.coches.net/audi-q6-e-tron-s-line-performance-5p-electrico-hibrido-2025-en-barcelona-70522536-covo.aspx
LYNK,LYNK & CO 02 BEV 66kWh More,35.400 €,2025,37 km,Eléctrico,272 cv,Madrid,2026-05-06 13:53:40,CERO,https://www.coches.net/lynk--co-02-bev-66kwh-more-5p-electrico-hibrido-2025-en-madrid-70527508-covo.aspx
VOLKSWAGEN,VOLKSWAGEN T-Roc Life 2.0 TDI,22.500 €,2022,87.015 km,Diesel,115 cv,Pontevedra,2026-05-06 13:53:40,B,https://www.coches.net/volkswagen-t-roc-life-20-tdi-85kw-115cv-5p-diesel-2022-en-pontevedra-62201207-covo.aspx
VOLKSWAGEN,VOLKSWAGEN Polo 1.6 TDI Sport by RLine,8.495 €,2014,140.009 km,Diesel,105 cv,Barcelona,2026-05-06 13:53:40,B,https://www.coches.net/volkswagen-polo-16-tdi-105cv-sport-by-rline-5p-diesel-2014-en-barcelona-70509621-covo.aspx
BMW,BMW Serie 1 116d,19.999 €,2021,80.000 km,Diesel,116 cv,Málaga,2026-05-06 13:53:40,C,https://www.coches.net/bmw-serie-1-116d-5p-diesel-2021-en-malaga-70512776-covo.aspx
MERCEDES-BENZ,MERCEDES-BENZ Clase B B 250 e,35.900 €,2025,8900 km,Híbrido enchufable,218 cv,Salamanca,2026-05-06 13:53:40,CERO,https://www.coches.net/mercedes-benz-clase-b-b-250-e-5p-electrico-hibrido-2025-en-salamanca-70367853-covo.aspx
KIA,KIA Niro 1.6 GDi PHEV Drive,22.099 €,2023,51.777 km,Híbrido enchufable,183 cv,Barcelona,2026-05-06 13:53:40,CERO,https://www.coches.net/kia-niro-16-gdi-phev-135kw-183cv-drive-5p-electrico-hibrido-2023-en-barcelona-70231805-covo.aspx
MERCEDES-BENZ,MERCEDES-BENZ Clase E MercedesAMG E 63 S 4MATIC,74.990 €,2019,117.000 km,Gasolina,612 cv,Murcia,2026-05-06 13:53:40,C,https://www.coches.net/mercedes-benz-clase-e-mercedesamg-e-63-s-4matic-4p-gasolina-2019-en-murcia-61773807-covo.aspx
TOYOTA,TOYOTA C-HR 2.0 220PH Premiere Edition,41.300 €,2025,358 km,Híbrido enchufable,223 cv,Valencia,2026-05-06 13:53:40,CERO,https://www.coches.net/toyota-c-hr-20-220ph-premiere-edition-5p-electrico-hibrido-2024-en-valencia-62563497-covo.aspx
AUDI,AUDI Q2 Adrenalin Edition 30 TFSI,29.900 €,2025,22.301 km,Gasolina,116 cv,Jaén,2026-05-06 13:53:40,C,https://www.coches.net/audi-q2-adrenalin-edition-30-tfsi-85kw-116cv-5p-gasolina-2026-en-jaen-70202732-covo.aspx
PORSCHE,PORSCHE Macan Macan,56.990 €,2021,63.662 km,Gasolina,245 cv,Sevilla,2026-05-06 13:53:40,C,https://www.coches.net/porsche-macan-macan-5p-gasolina-2021-en-sevilla-70451822-covo.aspx
LAMBORGHINI,LAMBORGHINI Urus 4.0 V8 S,235.000 €,2022,40.000 km,Gasolina,666 cv,Murcia,2026-05-06 13:53:40,C,https://www.coches.net/lamborghini-urus-40-v8-s-5p-gasolina-2024-en-murcia-70474208-covo.aspx
VOLKSWAGEN,VOLKSWAGEN Polo Advance 1.2 TSI 66kW90CV BMT,9.900 €,2017,126.000 km,Gasolina,90 cv,Madrid,2026-05-06 13:53:40,C,https://www.coches.net/volkswagen-polo-advance-12-tsi-66kw90cv-bmt-5p-gasolina-2017-en-madrid-70257529-covo.aspx
CITROEN,CITROEN Xsara Picasso 2.0 HDI Exclusive,3.490 €,2004,149.276 km,Diesel,90 cv,Valencia,2026-05-06 13:53:40,B,https://www.coches.net/citroen-xsara-picasso-20-hdi-exclusive-5p-diesel-2004-en-valencia-70316713-covo.aspx
CITROEN,CITROEN C3 PureTech Feel,9.990 €,2022,78.000 km,Gasolina,83 cv,Las Palmas,2026-05-06 13:53:40,C,https://www.coches.net/citroen-c3-puretech-60kw-83cv-feel-5p-gasolina-2022-en-las-palmas-70057594-covo.aspx
OPEL,OPEL Corsa 1.2T XHL GS,15.700 €,2024,22.026 km,Gasolina,100 cv,Pontevedra,2026-05-06 13:53:40,C,https://www.coches.net/opel-corsa-12t-xhl-74kw-100cv-yes-5p-gasolina-2024-en-pontevedra-70236470-covo.aspx
BMW,BMW X1 sDrive18d,23.900 €,2021,99.800 km,Diesel,150 cv,Madrid,2026-05-06 13:53:40,C,https://www.coches.net/bmw-x1-sdrive18d-5p-diesel-2022-en-madrid-70449211-covo.aspx
MERCEDES-BENZ,MERCEDES-BENZ Clase GLC GLC 200 d 4MATIC,33.900 €,2020,134.000 km,Diesel,163 cv,Valencia,2026-05-06 13:53:40,C,https://www.coches.net/mercedes-benz-clase-glc-glc-200-d-4matic-5p-diesel-2020-en-valencia-70509249-covo.aspx
JEEP,JEEP Renegade Limited 1.3G DDCT6 4x2 DDCT,14.790 €,2020,143.964 km,Gasolina,150 cv,Madrid,2026-05-06 13:53:40,C,https://www.coches.net/jeep-renegade-limited-13g-ddct6-150cv-4x2-ddct-5p-gasolina-2020-en-madrid-70512756-covo.aspx
RENAULT,RENAULT ZOE Intens 40 Q90 Flexi,8.950 €,2018,72.214 km,Eléctrico,88 cv,Barcelona,2026-05-06 13:53:40,CERO,https://www.coches.net/renault-zoe-intens-40-q90-flexi-5p-electrico-hibrido-2017-en-barcelona-70223509-covo.aspx
AUDI,AUDI A4 Avant Black line 35 TDI S tronic,27.900 €,2021,119.000 km,Híbrido,163 cv,Navarra,2026-05-06 13:53:40,ECO,https://www.coches.net/audi-a4-avant-black-line-35-tdi-120kw-s-tronic-5p-electrico-hibrido-2022-en-navarra-70470805-covo.aspx
ISUZU,ISUZU D-Max Space Solar Plus 4X4 1.9 AC Auto,25.490 €,2018,147.800 km,Diesel,164 cv,Cádiz,2026-05-06 13:53:40,C,https://www.coches.net/isuzu-d-max-space-solar-plus-4x4-19-ac-auto-4p-diesel-2017-en-cadiz-70423459-covo.aspx
OPEL,OPEL Corsa 1.2 Expression Start Stop,5.500 €,2012,136.000 km,Gasolina,85 cv,Barcelona,2026-05-06 13:53:40,C,https://www.coches.net/opel-corsa-12-expression-start--stop-3p-gasolina-2013-en-barcelona-70533966-covo.aspx
BMW,BMW X5 xDrive25d,26.890 €,2016,113.932 km,Diesel,231 cv,Valencia,2026-05-06 13:53:40,B,https://www.coches.net/bmw-x5-xdrive25d-5p-diesel-2017-en-valencia-70316732-covo.aspx
VOLVO,VOLVO XC40 2.0 D3,18.500 €,2019,158.963 km,Diesel,150 cv,Jaén,2026-05-06 13:53:40,C,https://www.coches.net/volvo-xc40-20-d3-5p-diesel-2019-en-jaen-70518244-covo.aspx
BMW,BMW X2 sDrive18d,21.950 €,2018,75.033 km,Diesel,150 cv,Murcia,2026-05-06 13:53:40,C,https://www.coches.net/bmw-x2-sdrive18d-5p-diesel-2019-en-murcia-70520807-covo.aspx
OPEL,OPEL Corsa 1.4 Expression 75 CV,6.200 €,2016,156.000 km,Gasolina,75 cv,Bizkaia,2026-05-06 13:53:40,C,https://www.coches.net/opel-corsa-14-expression-75-cv-3p-gasolina-2016-en-vizcaya-70225787-covo.aspx
VOLKSWAGEN,VOLKSWAGEN Golf 2.0 TDI,19.990 €,2021,86.793 km,Diesel,115 cv,Ciudad Real,2026-05-06 13:53:40,C,https://www.coches.net/volkswagen-golf-20-tdi-85kw-115cv-5p-diesel-2022-en-ciudad-real-70150736-covo.aspx
MAZDA,MAZDA Mazda2 1.5 DE LuxuryNav,12.999 €,2018,134.000 km,Diesel,105 cv,Zaragoza,2026-05-06 13:53:40,C,https://www.coches.net/mazda-mazda2-15-de-77kw-105cv-luxurynav-5p-diesel-2017-en-zaragoza-70533482-covo.aspx
OPEL,OPEL Zafira 1.4 T SS Excellence,11.500 €,2017,78.000 km,Gasolina,140 cv,Málaga,2026-05-06 13:53:40,C,https://www.coches.net/opel-zafira-14-t-ss-103kw-140cv-excellence-5p-gasolina-2017-en-malaga-70105156-covo.aspx
RENAULT,RENAULT Captur Intens TCe GPF Micro Hibrido,17.950 €,2021,42.183 km,Híbrido,140 cv,Sevilla,2026-05-06 13:53:40,B,https://www.coches.net/renault-captur-intens-tce-140cv-gpf-micro-hibrido-5p-electrico-hibrido-2021-en-sevilla-62547883-covo.aspx
AUDI,AUDI Q3 Advanced 35 TDI S tronic,33.350 €,2023,45.000 km,Diesel,150 cv,Madrid,2026-05-06 13:53:40,C,https://www.coches.net/audi-q3-advanced-35-tdi-110kw-150cv-s-tronic-5p-diesel-2023-en-madrid-70230270-covo.aspx
RENAULT,RENAULT Captur techno Fast Track ETech hibrido,19.950 €,2022,97.000 km,Híbrido,145 cv,Madrid,2026-05-06 13:53:40,ECO,https://www.coches.net/renault-captur-techno-fast-track-etech-hibrido-105-kw-5p-electrico-hibrido-2022-en-madrid-70231908-covo.aspx
SEAT,SEAT Arona 1.0 TSI Style Special Edition,17.990 €,2025,22.258 km,Gasolina,115 cv,Toledo,2026-05-06 13:53:40,C,https://www.coches.net/seat-arona-10-tsi-85kw-style-special-edition-5p-gasolina-2025-en-toledo-70233671-covo.aspx
CITROEN,CITROEN C3 PureTech FEEL,8.990 €,2020,70.870 km,Gasolina,82 cv,Madrid,2026-05-06 13:53:40,C,https://www.coches.net/citroen-c3-puretech-60kw-83cv-feel-5p-gasolina-2020-en-madrid-70423709-covo.aspx
KIA,KIA Sportage 1.6 MHEV Drive 4x2,15.900 €,2019,156.861 km,Híbrido,115 cv,Alicante,2026-05-06 13:53:40,ECO,https://www.coches.net/kia-sportage-16-mhev-drive-85kw-115cv-4x2-5p-electrico-hibrido-2020-en-alicante-62562468-covo.aspx
MERCEDES-BENZ,MERCEDES-BENZ GLA GLA 200 D,35.990 €,2021,96.995 km,Diesel,150 cv,Albacete,2026-05-06 13:53:40,C,https://www.coches.net/mercedes-benz-gla-gla-200-d-5p-diesel-2020-en-albacete-61869078-covo.aspx
CHEVROLET,CHEVROLET Kalos 1.2 SE,3.490 €,2008,106.970 km,Gasolina,72 cv,Cantabria,2026-05-06 13:53:40,C,https://www.coches.net/chevrolet-kalos-12-se-3p-gasolina-2008-en-cantabria-70180170-covo.aspx
SEAT,SEAT Ibiza 1.4 TDI Style,8.900 €,2016,146.000 km,Diesel,90 cv,Asturias,2026-05-06 13:53:40,C,https://www.coches.net/seat-ibiza-1.4-tdi-66kw-90cv-style-5p-diesel-2016-en-asturias-60777961-covo.aspx
NISSAN,NISSAN NV200 1.5dCi COMFORT 7,19.990 €,2015,110.000 km,Diesel,90 cv,Sta. C. Tenerife,2026-05-06 13:53:40,B,https://www.coches.net/nissan-nv200-15dci-90cv-comfort-7-5p-diesel-2015-en-sta-c-tenerife-70360705-covo.aspx
NISSAN,NISSAN NV200 1.5dCi COMFORT 5,19.990 €,2015,110.000 km,Diesel,90 cv,Las Palmas,2026-05-06 13:53:40,B,https://www.coches.net/nissan-nv200-15dci-90cv-comfort-5-5p-diesel-2015-en-las-palmas-70360755-covo.aspx
FIAT,FIAT 500X Sport 1.0 Firefly T3 120 CV SS,15.900 €,2022,76.176 km,Gasolina,120 cv,Sevilla,2026-05-06 13:53:40,C,https://www.coches.net/fiat-500x-sport-10-firefly-t3-88kw-120-cv-ss-5p-gasolina-2022-en-sevilla-70237580-covo.aspx
VOLKSWAGEN,VOLKSWAGEN Polo Advance 1.0 TSI,16.990 €,2019,37.759 km,Gasolina,95 cv,Salamanca,2026-05-06 13:53:40,C,https://www.coches.net/volkswagen-polo-advance-10-tsi-70kw-95cv-5p-gasolina-2020-en-salamanca-70096738-covo.aspx
RENAULT,RENAULT Clio techno EcoG,19.500 €,2025,17.120 km,Gas licuado (GLP),100 cv,Barcelona,2026-05-06 13:53:40,ECO,https://www.coches.net/renault-clio-techno-ecog-100cv-74kw-5p-otros-2024-en-barcelona-70271417-covo.aspx
RENAULT,RENAULT Clio techno EcoG,19.510 €,2025,18.454 km,Gas licuado (GLP),100 cv,Barcelona,2026-05-06 13:53:40,ECO,https://www.coches.net/renault-clio-techno-ecog-100cv-74kw-5p-otros-2024-en-barcelona-70271463-covo.aspx
MERCEDES-BENZ,MERCEDES-BENZ GLE GLE 350 de 4MATIC Hibrido Enchufable,48.890 €,2020,130.000 km,Híbrido enchufable,320 cv,A Coruña,2026-05-06 13:53:40,CERO,https://www.coches.net/mercedes-benz-gle-gle-350-de-4matic-hibrido-enchufable-5p-electrico-hibrido-2020-en-a-coruna-70469983-covo.aspx
JAGUAR,JAGUAR F-Pace 2.0D I4 204PS AWD Auto MHEV Standard SE,52.600 €,2023,25.000 km,Híbrido,204 cv,Pontevedra,2026-05-06 13:53:40,ECO,https://www.coches.net/jaguar-f-pace-20d-i4-204ps-awd-auto-mhev-standard-se-5p-electrico-hibrido-2022-en-pontevedra-70470436-covo.aspx
LAND-ROVER,LAND-ROVER Range Rover Velar 2.0 I4 PHEV RDynamic S 4WD Auto,45.900 €,2022,51.938 km,Híbrido enchufable,404 cv,Pontevedra,2026-05-06 13:53:40,CERO,https://www.coches.net/land-rover-range-rover-velar-20-i4-phev-297kw-rdynamic-s-4wd-auto-5p-electrico-hibrido-2022-en-pontevedra-70472987-covo.aspx
NISSAN,NISSAN JUKE DIGT 114 CV 6MT NConnecta,18.900 €,2024,49.413 km,Gasolina,114 cv,Valencia,2026-05-06 13:53:40,B,https://www.coches.net/nissan-juke-digt-84-kw-114-cv-6mt-nconnecta-5p-gasolina-2024-en-valencia-70531042-covo.aspx
NISSAN,NISSAN JUKE 1.5 dCi SS NTEC 4X2,9.900 €,2013,175.000 km,Diesel,110 cv,Málaga,2026-05-06 13:53:40,B,https://www.coches.net/nissan-juke-15-dci-ss-ntec-4x2-5p-diesel-2011-en-malaga-70534025-covo.aspx
SEAT,SEAT León 2.0 TDI FR,6.500 €,2007,190.000 km,Diesel,170 cv,Madrid,2026-05-06 13:53:40,B,https://www.coches.net/seat-leon-20-tdi-170cv-fr-5p-diesel-2010-en-madrid-70237896-covo.aspx
BMW,BMW Serie 4 430d xDrive Gran Coupe,43.900 €,2022,106.456 km,Híbrido,286 cv,Cáceres,2026-05-06 13:53:40,ECO,https://www.coches.net/bmw-serie-4-430d-xdrive-gran-coupe-5p-electrico-hibrido-2023-en-caceres-62534464-covo.aspx
PEUGEOT,PEUGEOT Partner TEPEE Active 1.2 PureTech 110,8.950 €,2018,149.000 km,Gasolina,110 cv,Las Palmas,2026-05-06 13:53:40,B,https://www.coches.net/peugeot-partner-tepee-active-12-puretech-110-5p-gasolina-2015-en-las-palmas-70457200-covo.aspx
KIA,KIA cee'd 1.4 CRDi WGT Drive,9.990 €,2013,98.867 km,Diesel,90 cv,Albacete,2026-05-06 13:53:40,B,https://www.coches.net/kia-ceed-14-crdi-wgt-90cv-drive-5p-diesel-2013-en-albacete-70309626-covo.aspx
FIAT,FIAT 500X Urban 1.6 ETorq 110 CV 4x2 SS,9.490 €,2019,99.000 km,Gasolina,110 cv,Málaga,2026-05-06 13:53:40,C,https://www.coches.net/fiat-500x-urban-16-etorq-81kw-110-cv-4x2-ss-5p-gasolina-2019-en-malaga-70335770-covo.aspx
LAND-ROVER,LAND-ROVER Discovery Sport 2.0L TD4 4x4 HSE Luxury,20.990 €,2017,120.000 km,Diesel,180 cv,Alicante,2026-05-06 13:53:40,C,https://www.coches.net/land-rover-discovery-sport-20l-td4-132kw-180cv-4x4-hse-luxury-5p-diesel-2018-en-alicante-70457606-covo.aspx
KIA,KIA cee'd 1.4 CRDi WGT Drive,6.490 €,2015,236.000 km,Diesel,90 cv,Barcelona,2026-05-06 13:53:40,B,https://www.coches.net/kia-ceed-14-crdi-wgt-90cv-drive-5p-diesel-2015-en-barcelona-70511419-covo.aspx
CHEVROLET,CHEVROLET Lacetti 2.0 TCDI 16v SX,6.100 €,2011,72.000 km,Diesel,121 cv,Madrid,2026-05-06 13:53:40,B,https://www.coches.net/chevrolet-lacetti-20-tcdi-16v-sx-5p-diesel-2010-en-madrid-70512791-covo.aspx
MERCEDES-BENZ,MERCEDES-BENZ Clase A A 250 e con tecnologia hibrida EQ,36.990 €,2025,6262 km,Híbrido enchufable,218 cv,Madrid,2026-05-06 13:53:40,B,https://www.coches.net/mercedes-benz-clase-a-a-250-e-con-tecnologia-hibrida-eq-5p-electrico-hibrido-2025-en-madrid-70110824-covo.aspx
SEAT,SEAT Ateca 1.5 TSI StSp Style Go,20.610 €,2021,67.295 km,Gasolina,150 cv,Valencia,2026-05-06 13:53:40,B,https://www.coches.net/seat-ateca-15-tsi-110kw-stsp-style-go-5p-gasolina-2021-en-valencia-70327478-covo.aspx
MERCEDES-BENZ,MERCEDES-BENZ Clase GLC GLC 220 d 4MATIC Exclusive,26.490 €,2016,119.987 km,Diesel,170 cv,Málaga,2026-05-06 13:53:40,B,https://www.coches.net/mercedes-benz-clase-glc-glc-220-d-4matic-exclusive-5p-diesel-2017-en-malaga-70442367-covo.aspx
DACIA,DACIA Duster Expression TCE 96kW130CV 4X2,21.910 €,2024,33.355 km,Gasolina,130 cv,Barcelona,2026-05-06 13:53:40,C,https://www.coches.net/dacia-duster-expression-tce-96kw130cv-4x2-5p-gasolina-2023-en-barcelona-70222145-covo.aspx
CITROEN,CITROEN C-Elysée VTi EAT6 Feel,9.990 €,2017,108.000 km,Gasolina,115 cv,Las Palmas,2026-05-06 13:53:40,B,https://www.coches.net/citroen-c-elysee-vti-85kw-115cv-eat6-feel-4p-gasolina-2017-en-las-palmas-62447877-covo.aspx
VOLKSWAGEN,VOLKSWAGEN Golf Special Edition 1.2 TSI BMT,13.990 €,2015,68.888 km,Gasolina,110 cv,Valencia,2026-05-06 13:53:40,C,https://www.coches.net/volkswagen-golf-special-edition-12-tsi-110cv-bmt-5p-gasolina-2016-en-valencia-70400553-covo.aspx
VOLKSWAGEN,VOLKSWAGEN Golf Advance 1.4 TSI ACT Tech BMT,14.475 €,2014,101.000 km,Gasolina,140 cv,Barcelona,2026-05-06 13:53:40,C,https://www.coches.net/volkswagen-golf-advance-14-tsi-140cv-act-tech-bmt-5p-gasolina-2014-en-barcelona-70405813-covo.aspx
DACIA,DACIA Duster Expression Bl. dCi 85kW115CV 4X2,19.990 €,2024,150 km,Diesel,115 cv,Las Palmas,2026-05-06 13:53:40,C,https://www.coches.net/dacia-duster-expression-bl-dci-85kw115cv-4x2-5p-diesel-2023-en-las-palmas-70438114-covo.aspx
OPEL,OPEL Crossland 1.2 GS AT6,17.990 €,2023,4000 km,Gasolina,130 cv,Las Palmas,2026-05-06 13:53:40,B,https://www.coches.net/opel-crossland-12-96kw-130cv-gs-at6-5p-gasolina-2023-en-las-palmas-62567268-covo.aspx
OPEL,OPEL Corsa CMon 1.2,3.690 €,2009,125.868 km,Gasolina,80 cv,Madrid,2026-05-06 13:53:40,ECO,https://www.coches.net/opel-corsa-cmon-12-3p-gasolina-2009-en-madrid-70508884-covo.aspx
MERCEDES-BENZ,MERCEDES-BENZ Clase CLA CLA 250 Sport 4MATIC,19.500 €,2016,217.000 km,Gasolina,218 cv,Madrid,2026-05-06 13:53:40,C,https://www.coches.net/mercedes-benz-clase-cla-cla-250-sport-4matic-4p-gasolina-2016-en-madrid-70525548-covo.aspx
CITROEN,CITROEN C3 1.4 HDi Cool,4.990 €,2009,73.000 km,Diesel,70 cv,Badajoz,2026-05-06 13:53:40,B,https://www.coches.net/citroen-c3-14-hdi-cool-5p-diesel-2006-en-badajoz-70527600-covo.aspx
BMW,BMW Serie 3 318d Auto.Touring,22.900 €,2022,105.000 km,Híbrido,150 cv,Málaga,2026-05-06 13:53:40,ECO,https://www.coches.net/bmw-serie-3-318d-autotouring-5p-electrico-hibrido-2022-en-malaga-70461085-covo.aspx
CITROEN,CITROEN C5 Aircross BlueHdi SS EAT8 Feel Pack,18.490 €,2024,92.646 km,Diesel,131 cv,Zaragoza,2026-05-06 13:53:40,C,https://www.coches.net/citroen-c5-aircross-bluehdi-96kw-130cv-ss-eat8-feel-pack-5p-diesel-2022-en-zaragoza-70237430-covo.aspx
SEAT,SEAT Ibiza 1.0 TSI FR Salta,20.600 €,2026,50 km,Gasolina,115 cv,León,2026-05-06 13:53:40,C,https://www.coches.net/seat-ibiza-10-tsi-85kw-115cv-fr-salta-5p-gasolina-2026-en-leon-70240994-covo.aspx
TOYOTA,TOYOTA Land Cruiser 3.0 D4D VX,23.950 €,2007,214.568 km,Diesel,173 cv,Córdoba,2026-05-06 13:53:40,B,https://www.coches.net/toyota-land-cruiser-30-d4d-vx-5p-diesel-2007-en-cordoba-70540607-covo.aspx
KIA,KIA Sportage 1.6 TGDi MHEV Drive 17,29.899 €,2025,8000 km,Híbrido,160 cv,A Coruña,2026-05-06 13:53:40,ECO,https://www.coches.net/kia-sportage-16-tgdi-mhev-118kw-160cv-drive-17-5p-electrico-hibrido-2025-en-a-coruna-70316400-covo.aspx
DACIA,DACIA Sandero Essential ECOG,13.300 €,2026,10 km,Gas licuado (GLP),101 cv,Madrid,2026-05-06 13:53:40,ECO,https://www.coches.net/km-0/dacia/sandero/madrid/essential-74kw-100cv-ecog-otros-de-km0-62523389-kovn.aspx
VOLVO,VOLVO XC40 2.0 B3 G Plus Dark Auto,41.900 €,2026,1 km,Híbrido,163 cv,Madrid,2026-05-06 13:53:40,ECO,https://www.coches.net/km-0/volvo/xc40/madrid/20-b3-g-plus-dark-auto-electrico-hibrido-de-km0-70445338-kovn.aspx
VOLVO,VOLVO XC40 2.0 B3 G Core Auto,38.300 €,2026,4 km,Híbrido,163 cv,Madrid,2026-05-06 13:53:40,ECO,https://www.coches.net/km-0/volvo/xc40/madrid/20-b3-g-core-auto-electrico-hibrido-de-km0-70445339-kovn.aspx
MERCEDES-BENZ,MERCEDES-BENZ GLE GLE 350 de 4MATIC Hibrido Enchufable,62.900 €,2021,120.398 km,Híbrido enchufable,320 cv,Cádiz,2026-05-06 13:53:40,CERO,https://www.coches.net/mercedes-benz-gle-gle-350-de-4matic-hibrido-enchufable-5p-electrico-hibrido-2022-en-cadiz-70447237-covo.aspx
MAZDA,MAZDA CX-30 2.5L eSKYACTIV G MHEV CentreLine,28.900 €,2026,18 km,Híbrido,140 cv,Zaragoza,2026-05-06 13:53:40,ECO,https://www.coches.net/mazda-cx-30-25l-eskyactiv-g-mhev-103kw-centreline-5p-electrico-hibrido-2026-en-zaragoza-70470975-covo.aspx
VOLKSWAGEN,VOLKSWAGEN Golf 2.0 TDI,13.900 €,2022,88.158 km,Diesel,115 cv,Madrid,2026-05-06 13:53:40,C,https://www.coches.net/volkswagen-golf-20-tdi-85kw-115cv-5p-diesel-2023-en-madrid-62571188-covo.aspx
KIA,KIA XCeed 1.0 TGDi Drive,18.770 €,2025,23.000 km,Gasolina,100 cv,Madrid,2026-05-06 13:53:40,C,https://www.coches.net/kia-xceed-10-tgdi-drive-74kw-100cv-5p-gasolina-2025-en-madrid-70564606-covo.aspx
KIA,KIA XCeed 1.0 TGDi Drive,18.770 €,2025,19.141 km,Gasolina,100 cv,Madrid,2026-05-06 13:53:40,C,https://www.coches.net/kia-xceed-10-tgdi-drive-74kw-100cv-5p-gasolina-2025-en-madrid-70564792-covo.aspx
RENAULT,RENAULT Symbioz Techno ETech full hybr,29.500 €,2025,14.250 km,Híbrido,145 cv,Valladolid,2026-05-06 13:53:40,ECO,https://www.coches.net/renault-symbioz-techno-etech-full-hybr-105kw-145cv-5p-electrico-hibrido-2024-en-valladolid-70565041-covo.aspx
MINI,MINI CLUBMAN ONE,11.990 €,2016,130.000 km,Gasolina,102 cv,Las Palmas,2026-05-06 13:53:40,B,https://www.coches.net/mini-clubman-one-5p-gasolina-2016-en-las-palmas-70346152-covo.aspx
VOLKSWAGEN,VOLKSWAGEN Golf 1.9 TDI Highline,5.499 €,2007,247.000 km,Diesel,105 cv,Toledo,2026-05-06 13:53:40,B,https://www.coches.net/volkswagen-golf-19-tdi-105cv-highline-5p-diesel-2008-en-toledo-70230448-covo.aspx
ALFA,ALFA ROMEO MiTo 1.6 JTDm SS Distinctive,4.000 €,2010,249.120 km,Diesel,120 cv,Madrid,2026-05-06 13:53:40,B,https://www.coches.net/alfa-romeo-mito-16-jtdm-120cv-ss-distinctive-3p-diesel-2010-en-madrid-70483867-covo.aspx
FORD,FORD Ka Titanium 1.2 Duratec AutoStartStop,4.999 €,2014,156.000 km,Gasolina,69 cv,Murcia,2026-05-06 13:53:40,C,https://www.coches.net/ford-ka-titanium-12-duratec-autostartstop-3p-gasolina-2014-en-murcia-70484724-covo.aspx
CITROEN,CITROEN ë-C4 X eC4 X electrico 50KWh Shine,21.500 €,2023,21.500 km,Eléctrico,136 cv,Salamanca,2026-05-06 13:53:40,CERO,https://www.coches.net/citroen-e-c4-x-ec4-x-electrico-100kw-50kwh-shine-4p-electrico-hibrido-2022-en-salamanca-70378719-covo.aspx
CITROEN,CITROEN C3 PureTech Shine,12.900 €,2023,32.853 km,Gasolina,83 cv,Zaragoza,2026-05-06 13:53:40,B,https://www.coches.net/citroen-c3-puretech-60kw-83cv-shine-5p-gasolina-2023-en-zaragoza-70216861-covo.aspx
AUDI,AUDI Q5 S line 40 TDI quattro S tronic,28.999 €,2019,135.700 km,Diesel,190 cv,Gipuzkoa,2026-05-06 13:53:40,C,https://www.coches.net/audi-q5-s-line-40-tdi-140kw-quattro-s-tronic-5p-diesel-2019-en-guipuzcoa-70143734-covo.aspx
HYUNDAI,HYUNDAI i20 1.0 TGDI 48V Klass,20.490 €,2025,10 km,Híbrido,100 cv,Zaragoza,2026-05-06 13:53:40,B,https://www.coches.net/km-0/hyundai/i20/zaragoza/10-tgdi-48v-klass-electrico-hibrido-de-km0-70408266-kovn.aspx
KIA,KIA Sportage 1.6 GDI Drive 4x2,14.500 €,2016,68.000 km,Gasolina,135 cv,Navarra,2026-05-06 13:53:40,C,https://www.coches.net/kia-sportage-1.6-gdi-135cv-drive-4x2-5p-gasolina-2016-en-navarra-61769061-covo.aspx
NISSAN,NISSAN X-TRAIL 5pl 1.5 ePOWER 4x2 AT NConnecta,31.900 €,2024,43.120 km,Híbrido,204 cv,Bizkaia,2026-05-06 13:53:40,ECO,https://www.coches.net/nissan-x-trail-5pl-15-epower-152kw-4x2-at-nconnecta-5p-electrico-hibrido-2024-en-vizcaya-70450184-covo.aspx
PEUGEOT,PEUGEOT 508 SW GT Pack BlueHDi 130 SS EAT8,12.999 €,2021,140.000 km,Diesel,130 cv,Madrid,2026-05-06 13:53:40,C,https://www.coches.net/peugeot-508-sw-gt-pack-bluehdi-130-ss-eat8-5p-diesel-2021-en-madrid-70454719-covo.aspx
SEAT,SEAT León 1.6 TDI StSp Reference,8.990 €,2016,255.000 km,Diesel,110 cv,A Coruña,2026-05-06 13:53:40,B,https://www.coches.net/seat-leon-16-tdi-110cv-stsp-reference-5p-diesel-2016-en-a-coruna-70517616-covo.aspx
VOLVO,VOLVO XC40 2.0 B3 G Plus Dark Auto,38.500 €,2025,7 km,Híbrido,163 cv,Madrid,2026-05-06 13:53:40,ECO,https://www.coches.net/km-0/volvo/xc40/madrid/20-b3-g-plus-dark-auto-electrico-hibrido-de-km0-70200888-kovn.aspx
AUDI,AUDI A3 Sportback S line 35 TDI S tronic,37.900 €,2025,46 km,Diesel,150 cv,Jaén,2026-05-06 13:53:40,C,https://www.coches.net/audi-a3-sportback-s-line-35-tdi-110kw-s-tronic-5p-diesel-2025-en-jaen-61406058-covo.aspx
MERCEDES-BENZ,MERCEDES-BENZ Clase E E 200 CDI Blue Efficiency,16.890 €,2011,50.590 km,Diesel,136 cv,Valencia,2026-05-06 13:53:40,B,https://www.coches.net/mercedes-benz-clase-e-e-200-cdi-blue-efficiency-4p-diesel-2011-en-valencia-70101027-covo.aspx
AUDI,AUDI Q7 Design 3.0 TDI ultra quattro tiptr,29.499 €,2016,119.000 km,Diesel,218 cv,Zaragoza,2026-05-06 13:53:40,C,https://www.coches.net/audi-q7-design-30-tdi-160kw-ultra-quattro-tiptr-5p-diesel-2017-en-zaragoza-70156653-covo.aspx
BMW,BMW Serie 3 330i xDrive Touring,49.990 €,2025,6240 km,Gasolina,245 cv,Cádiz,2026-05-06 13:53:40,C,https://www.coches.net/bmw-serie-3-330i-xdrive-touring-5p-gasolina-2025-en-cadiz-70324792-covo.aspx
MITSUBISHI,MITSUBISHI Eclipse Cross 150T Spirit,16.900 €,2019,93.566 km,Gasolina,163 cv,Valencia,2026-05-06 13:53:40,C,https://www.coches.net/mitsubishi-eclipse-cross-150t-spirit-5p-gasolina-2018-en-valencia-62564840-covo.aspx
AUDI,AUDI Q4 Sportback e-tron Advanced 40 etron 63kWh,41.900 €,2026,1800 km,Eléctrico,204 cv,Alicante,2026-05-06 13:53:40,CERO,https://www.coches.net/km-0/audi/q4-sportback-e-tron/alicante/advanced-40-etron-150kw-63kwh-electrico-hibrido-de-km0-70550565-kovn.aspx
SKODA,SKODA Fabia 1.0 TSI Selection,18.600 €,2025,5900 km,Gasolina,95 cv,Badajoz,2026-05-06 13:53:40,C,https://www.coches.net/skoda-fabia-10-tsi-70kw-95cv-selection-5p-gasolina-2025-en-badajoz-62442989-covo.aspx
ALFA,ALFA ROMEO Giulietta 1.6 JTDm Progression,6.800 €,2014,181.327 km,Diesel,105 cv,Madrid,2026-05-06 13:53:40,B,https://www.coches.net/alfa-romeo-giulietta-16-jtdm-105cv-progression-5p-diesel-2013-en-madrid-70466938-covo.aspx
NISSAN,NISSAN X-TRAIL 1.6 dCi XTRONIC TEKNA,13.999 €,2017,180.000 km,Diesel,130 cv,Sevilla,2026-05-06 13:53:40,B,https://www.coches.net/nissan-x-trail-16-dci-xtronic-tekna-5p-diesel-2016-en-sevilla-70308156-covo.aspx
HYUNDAI,HYUNDAI IONIQ 1.6 GDI HEV Tecno DCT,18.690 €,2022,66.498 km,Híbrido,141 cv,Sevilla,2026-05-06 13:53:40,ECO,https://www.coches.net/hyundai-ioniq-16-gdi-hev-tecno-dct-5p-electrico-hibrido-2022-en-sevilla-70527920-covo.aspx
MERCEDES-BENZ,MERCEDES-BENZ Clase S S 350 BlueTEC L,29.990 €,2015,197.200 km,Diesel,258 cv,Baleares,2026-05-06 13:53:40,C,https://www.coches.net/mercedes-benz-clase-s-s-350-bluetec-l-4p-diesel-2015-en-baleares-70535346-covo.aspx
AUDI,AUDI A3 Sportback Advanced TFSI e S tronic,38.300 €,2026,100 km,Híbrido enchufable,204 cv,León,2026-05-06 13:53:40,CERO,https://www.coches.net/km-0/audi/a3/leon/sportback-advanced-tfsi-e-150kw-s-tronic-electrico-hibrido-de-km0-70461918-kovn.aspx
MERCEDES-BENZ,MERCEDES-BENZ Clase A A 180,18.490 €,2018,107.802 km,Gasolina,122 cv,Lleida,2026-05-06 13:53:40,B,https://www.coches.net/mercedes-benz-clase-a-a-180-5p-gasolina-2018-en-lleida-70508318-covo.aspx
OPEL,OPEL Grandland X 1.6 CDTi Selective,10.000 €,2017,140.000 km,Diesel,120 cv,Badajoz,2026-05-06 13:53:40,B,https://www.coches.net/opel-grandland-x-16-cdti-selective-5p-diesel-2018-en-badajoz-70422427-covo.aspx
SKODA,SKODA Octavia 2.0 TDI 115 CV Manual Ambition,16.900 €,2021,108.401 km,Diesel,115 cv,Sevilla,2026-05-06 13:53:40,B,https://www.coches.net/skoda-octavia-20-tdi-85kw-115-cv-manual-ambition-5p-diesel-2021-en-sevilla-70445365-covo.aspx
DACIA,DACIA Jogger S.L. Extreme ECOG 5 plazas,17.500 €,2022,87.000 km,Gas licuado (GLP),100 cv,Madrid,2026-05-06 13:53:40,ECO,https://www.coches.net/dacia-jogger-sl-extreme-74kw-100cv-ecog-5-plazas-5p-otros-2021-en-madrid-70451340-covo.aspx
SEAT,SEAT Tarraco 2.0 TDI SS Style DSG,27.990 €,2023,60.808 km,Diesel,150 cv,Madrid,2026-05-06 13:53:40,C,https://www.coches.net/seat-tarraco-20-tdi-110kw-150cv-ss-style-dsg-5p-diesel-2023-en-madrid-70452122-covo.aspx
FORD,FORD Puma 1.0 EcoBoost STLine MHEV,21.900 €,2024,15.479 km,Híbrido,125 cv,Barcelona,2026-05-06 13:53:40,ECO,https://www.coches.net/ford-puma-10-ecoboost-125cv-stline-mhev-5p-electrico-hibrido-2023-en-barcelona-62507319-covo.aspx
CUPRA,CUPRA Formentor 1.5 eTSI 150 CV DSG,31.900 €,2025,15.900 km,Híbrido,150 cv,Granada,2026-05-06 13:53:40,ECO,https://www.coches.net/cupra-formentor-15-etsi-110kw-150-cv-dsg-5p-electrico-hibrido-2025-en-granada-62270683-covo.aspx
JEEP,JEEP Grand Cherokee 3.1 TD Limited,6.900 €,2001,199.000 km,Diesel,140 cv,Madrid,2026-05-06 13:53:40,B,https://www.coches.net/jeep-grand-cherokee-31-td-limited-5p-diesel-2001-en-madrid-70555739-covo.aspx
VOLKSWAGEN,VOLKSWAGEN Golf RLine 2.0 TDI DSG,34.299 €,2025,16.840 km,Diesel,150 cv,Málaga,2026-05-06 13:53:40,C,https://www.coches.net/volkswagen-golf-rline-20-tdi-110kw-150cv-dsg-5p-diesel-2025-en-malaga-61750244-covo.aspx
TOYOTA,TOYOTA C-HR 2.0 220PH Advance,32.900 €,2025,10.866 km,Híbrido enchufable,223 cv,Murcia,2026-05-06 13:53:40,B,https://www.coches.net/toyota-c-hr-20-220ph-advance-5p-electrico-hibrido-2025-en-murcia-70399208-covo.aspx
RENAULT,RENAULT Captur techno Fast Track ETech hibrido,23.910 €,2023,58.709 km,Híbrido,145 cv,Barcelona,2026-05-06 13:53:40,ECO,https://www.coches.net/renault-captur-techno-fast-track-etech-hibrido-105-kw-5p-electrico-hibrido-2022-en-barcelona-70405825-covo.aspx
HYUNDAI,HYUNDAI Kona 1.0 TGDI Maxx 4X2,14.690 €,2022,114.572 km,Gasolina,120 cv,Zaragoza,2026-05-06 13:53:40,C,https://www.coches.net/hyundai-kona-10-tgdi-maxx-4x2-5p-gasolina-2020-en-zaragoza-70451117-covo.aspx
VOLKSWAGEN,VOLKSWAGEN Caddy Outdoor 2.0 TDI DSG,36.900 €,2025,19.121 km,Diesel,122 cv,Baleares,2026-05-06 13:53:40,C,https://www.coches.net/volkswagen-caddy-outdoor-20-tdi-90kw-122cv-dsg-5p-diesel-2026-en-baleares-70520252-covo.aspx
DACIA,DACIA Duster Comfort Bl. dCi 85kW115CV 4X2,14.390 €,2021,123.000 km,Diesel,115 cv,Madrid,2026-05-06 13:53:40,C,https://www.coches.net/dacia-duster-comfort-bl-dci-85kw115cv-4x2-5p-diesel-2021-en-madrid-70525410-covo.aspx
TOYOTA,TOYOTA Yaris Cross 1.5 120H Active Tech Pack Connect,20.990 €,2022,60.593 km,Híbrido,116 cv,Madrid,2026-05-06 13:53:40,ECO,https://www.coches.net/toyota-yaris-cross-15-120h-active-tech-pack-connect-5p-electrico-hibrido-2021-en-madrid-70526029-covo.aspx
JEEP,JEEP Renegade Trailhawk 4xe 1.3 PHEV 177kW240CV AT,21.490 €,2022,54.880 km,Híbrido enchufable,240 cv,Madrid,2026-05-06 13:53:40,CERO,https://www.coches.net/jeep-renegade-trailhawk-4xe-13-phev-177kw240cv-at-5p-electrico-hibrido-2022-en-madrid-70527459-covo.aspx
LEXUS,LEXUS LBX 1.5 HEV Emotion,34.990 €,2025,8820 km,Híbrido,136 cv,Madrid,2026-05-06 13:53:40,ECO,https://www.coches.net/lexus-lbx-1.5-136cv-hev-emotion-5p-electrico-/-hibrido-2025-en-madrid-61899703-covo.aspx
KIA,KIA Picanto 1.0 DPi Concept,12.950 €,2024,21.042 km,Gasolina,67 cv,Girona,2026-05-06 13:53:40,C,https://www.coches.net/kia-picanto-10-dpi-49kw-67cv-concept-5p-gasolina-2023-en-girona-70425649-covo.aspx
AUDI,AUDI A5 Black Line 40 TFSI S tronic Coupe,37.950 €,2020,44.000 km,Híbrido,204 cv,Madrid,2026-05-06 13:53:40,ECO,https://www.coches.net/audi-a5-black-line-40-tfsi-150kw-s-tronic-coupe-2p-electrico-hibrido-2021-en-madrid-70376022-covo.aspx
CITROEN,CITROEN Berlingo Talla M BlueHDi 130 SS EAT8 FEEL,13.990 €,2019,151.000 km,Diesel,130 cv,Bizkaia,2026-05-06 13:53:40,C,https://www.coches.net/citroen-berlingo-talla-m-bluehdi-130-ss-eat8-feel-5p-diesel-2018-en-vizcaya-70408600-covo.aspx
RENAULT,RENAULT Scénic Dynamique 1.6 16V EU4,4.500 €,2008,174.000 km,Gasolina,110 cv,Madrid,2026-05-06 13:53:40,C,https://www.coches.net/renault-scenic-dynamique-16-16v-eu4-5p-gasolina-2008-en-madrid-70530576-covo.aspx
BMW,BMW X5 xDrive30d xLine,65.990 €,2023,45.557 km,Híbrido,298 cv,Madrid,2026-05-06 13:53:40,ECO,https://www.coches.net/bmw-x5-xdrive30d-xline-5p-electrico-hibrido-2023-en-madrid-70307281-covo.aspx
MERCEDES-BENZ,MERCEDES-BENZ Viano 2.2 CDI Ambiente Extralarga,9.999 €,2009,280.000 km,Diesel,150 cv,Albacete,2026-05-06 13:53:40,B,https://www.coches.net/mercedes-benz-viano-22-cdi-ambiente-extralarga-4p-diesel-2009-en-albacete-70487174-covo.aspx
RENAULT,RENAULT Koleos Dynamique dCi 150 4x4,8.990 €,2012,163.000 km,Diesel,150 cv,Valencia,2026-05-06 13:53:40,B,https://www.coches.net/renault-koleos-dynamique-dci-150-4x4-5p-diesel-2011-en-valencia-70489376-covo.aspx
KIA,KIA Sportage 1.6 CRDi Concept 4x2,20.999 €,2021,136.000 km,Diesel,115 cv,Alicante,2026-05-06 13:53:40,C,https://www.coches.net/kia-sportage-16-crdi-concept-85kw-115cv-4x2-5p-diesel-2021-en-alicante-70107231-covo.aspx
NISSAN,NISSAN QASHQAI dCi 115 CV E6D ACENTA,17.900 €,2020,24.017 km,Diesel,115 cv,Madrid,2026-05-06 13:53:40,C,https://www.coches.net/nissan-qashqai-dci-85-kw-115-cv-e6d-acenta-5p-diesel-2020-en-madrid-70467083-covo.aspx
FERRARI,FERRARI 812 Superfast,340.000 €,2018,30.000 km,Gasolina,800 cv,Madrid,2026-05-06 13:53:40,C,https://www.coches.net/ferrari-812-superfast-3p-gasolina-2018-en-madrid-70498944-covo.aspx
CITROEN,CITROEN C4 Picasso PureTech SS 6v First,7.600 €,2017,113.646 km,Gasolina,110 cv,Barcelona,2026-05-06 13:53:40,C,https://www.coches.net/citroen-c4-picasso-puretech-81kw-110cv-ss-6v-first-5p-gasolina-2016-en-barcelona-70447639-covo.aspx
VOLKSWAGEN,VOLKSWAGEN Tiguan Offroad 2.0 TDI 4Motion,18.500 €,2019,188.000 km,Diesel,150 cv,Barcelona,2026-05-06 13:53:40,C,https://www.coches.net/volkswagen-tiguan-offroad-20-tdi-110kw-150cv-4motion-5p-diesel-2019-en-barcelona-70525355-covo.aspx
MAZDA,MAZDA CX-30 2.5L eSKYACT G MHEV PrimeLine MT,23.990 €,2025,26.736 km,Híbrido,140 cv,Girona,2026-05-06 13:53:40,ECO,https://www.coches.net/mazda-cx-30-25l-eskyact-g-mhev-103kw-primeline-mt-5p-electrico-hibrido-2025-en-girona-70359276-covo.aspx
FIAT,FIAT 500 TORINO 1.0 Hybrid,19.990 €,2026,1 km,Híbrido,65 cv,Girona,2026-05-06 13:53:40,ECO,https://www.coches.net/fiat-500-torino-10-hybrid-48kw-65cv-3p-electrico-hibrido-2026-en-girona-70202771-covo.aspx
RENAULT,RENAULT ZOE Business R110 Bateria 50kWh,11.700 €,2021,48.556 km,Eléctrico,108 cv,Pontevedra,2026-05-06 13:53:40,CERO,https://www.coches.net/renault-zoe-business-80-kw-r110-bateria-50kwh-5p-electrico-hibrido-2020-en-pontevedra-70310449-covo.aspx
AUDI,AUDI A3 Sportback S line 35 TFSI S tronic,21.990 €,2019,105.579 km,Gasolina,150 cv,Salamanca,2026-05-06 13:53:40,C,https://www.coches.net/audi-a3-sportback-s-line-35-tfsi-110kw-s-tronic-5p-gasolina-2019-en-salamanca-70097452-covo.aspx
AUDI,AUDI Q7 SQ7 TDI quattro tiptronic,73.500 €,2019,120.000 km,Híbrido,435 cv,Asturias,2026-05-06 13:53:40,ECO,https://www.coches.net/audi-q7-sq7-tdi-320kw-435cv-quattro-tiptronic-5p-electrico-hibrido-2020-en-asturias-62549389-covo.aspx
AUDI,AUDI Q5 SQ5 TDI Quattro,47.700 €,2021,102.990 km,Híbrido,341 cv,Madrid,2026-05-06 13:53:40,ECO,https://www.coches.net/audi-q5-sq5-tdi-quattro-5p-electrico-hibrido-2022-en-madrid-70225382-covo.aspx
TOYOTA,TOYOTA Yaris 1.5 120H Active Tech,12.900 €,2022,140.000 km,Híbrido,116 cv,Madrid,2026-05-06 13:53:40,ECO,https://www.coches.net/toyota-yaris-15-120h-active-tech-5p-electrico-hibrido-2022-en-madrid-70509704-covo.aspx
VOLVO,VOLVO XC70 D5 Momentum,14.500 €,2010,180.000 km,Diesel,185 cv,Navarra,2026-05-06 13:53:40,C,https://www.coches.net/volvo-xc70-d5-momentum-5p-diesel-2009-en-navarra-62509008-covo.aspx
BMW,BMW X3 xDrive30e xLine,44.900 €,2024,70.000 km,Híbrido enchufable,292 cv,Pontevedra,2026-05-06 13:53:40,CERO,https://www.coches.net/bmw-x3-xdrive30e-xline-5p-electrico-hibrido-2024-en-pontevedra-70532877-covo.aspx
LEXUS,LEXUS RX400h 3.3 Luxury Techo Solar Hibrido,8.990 €,2009,318.000 km,Híbrido,272 cv,Madrid,2026-05-06 13:53:40,ECO,https://www.coches.net/lexus-rx400h-33-luxury-techo-solar-hibrido-5p-electrico-hibrido-2007-en-madrid-70535203-covo.aspx
MINI,MINI MINI COOPER 5 PUERTAS,18.900 €,2021,60.000 km,Gasolina,136 cv,Asturias,2026-05-06 13:53:40,C,https://www.coches.net/mini-mini-cooper-5-puertas-5p-gasolina-2021-en-asturias-70438107-covo.aspx
DACIA,DACIA Sandero Expression TCe,12.500 €,2022,79.000 km,Gasolina,91 cv,Madrid,2026-05-06 13:53:40,C,https://www.coches.net/dacia-sandero-expression-tce-67kw-90cv-5p-gasolina-2022-en-madrid-70249069-covo.aspx
CITROEN,CITROEN C4 1.6 HDi Seduction,6.990 €,2011,110.000 km,Diesel,92 cv,A Coruña,2026-05-06 13:53:40,B,https://www.coches.net/citroen-c4-16-hdi-90cv-seduction-5p-diesel-2011-en-a-coruna-70413785-covo.aspx
TOYOTA,TOYOTA Yaris 90D Advance,9.990 €,2014,125.000 km,Diesel,90 cv,Córdoba,2026-05-06 13:53:40,B,https://www.coches.net/toyota-yaris-90d-advance-5p-diesel-2015-en-cordoba-70198749-covo.aspx
CITROEN,CITROEN C3 Aircross PureTech SS Feel,11.290 €,2022,72.000 km,Gasolina,110 cv,Las Palmas,2026-05-06 13:53:40,C,https://www.coches.net/citroen-c3-aircross-puretech-81kw-110cv-ss-feel-5p-gasolina-2022-en-las-palmas-62537297-covo.aspx
RENAULT,RENAULT Scénic Zen En. dCi Hybrid Assist,10.000 €,2018,172.024 km,Híbrido,110 cv,Madrid,2026-05-06 13:53:40,ECO,https://www.coches.net/renault-scenic-zen-en-dci-81kw-110cv-hybrid-assist-5p-electrico-hibrido-2018-en-madrid-70503321-covo.aspx
VOLVO,VOLVO XC60 2.0 D3 Momentum,16.999 €,2015,100.000 km,Diesel,150 cv,Sevilla,2026-05-06 13:53:40,B,https://www.coches.net/volvo-xc60-20-d3-momentum-5p-diesel-2016-en-sevilla-70316913-covo.aspx
MG,MG MG3 Hybrid+ Comfort,16.990 €,2025,13.515 km,Híbrido,195 cv,Madrid,2026-05-06 13:53:40,ECO,https://www.coches.net/mg-mg3-hybrid-comfort-5p-electrico-hibrido-2024-en-madrid-70525806-covo.aspx
BMW,BMW X6 xDrive30d M Sport,89.990 €,2024,27.000 km,Híbrido,286 cv,Sta. C. Tenerife,2026-05-06 13:53:40,C,https://www.coches.net/bmw-x6-xdrive30d-m-sport-5p-electrico-hibrido-2025-en-sta-c-tenerife-70177253-covo.aspx
FORD,FORD Focus 2.0 TDCi Ghia,4.999 €,2005,193.062 km,Diesel,136 cv,Valencia,2026-05-06 13:53:40,B,https://www.coches.net/ford-focus-2.0-tdci-ghia-5p-diesel-2005-en-valencia-61089613-covo.aspx
AUDI,AUDI A6 2.7 TDI QUATTRO TIPTRONIC,5.450 €,2005,283.000 km,Diesel,180 cv,Sevilla,2026-05-06 13:53:40,B,https://www.coches.net/audi-a6-27-tdi-quattro-tiptronic-4p-diesel-2006-en-sevilla-70336769-covo.aspx
MERCEDES-BENZ,MERCEDES-BENZ Clase A A 250 e con tecnologia hibrida EQ,36.900 €,2025,9000 km,Híbrido enchufable,218 cv,Valladolid,2026-05-06 13:53:40,CERO,https://www.coches.net/mercedes-benz-clase-a-a-250-e-con-tecnologia-hibrida-eq-5p-electrico-hibrido-2025-en-valladolid-70430053-covo.aspx
FORD,FORD Fiesta 1.4 TDCi Trend,4.990 €,2009,155.000 km,Diesel,68 cv,Barcelona,2026-05-06 13:53:40,B,https://www.coches.net/ford-fiesta-14-tdci-trend-3p-diesel-2009-en-barcelona-70283117-covo.aspx
MERCEDES-BENZ,MERCEDES-BENZ Clase A MercedesAMG A 35 4MATIC,59.900 €,2025,3033 km,Gasolina,306 cv,Barcelona,2026-05-06 13:53:40,ECO,https://www.coches.net/km-0/mercedes-benz/clase-a/barcelona/mercedesamg-a-35-4matic-gasolina-de-km0-70416974-kovn.aspx
MERCEDES-BENZ,MERCEDES-BENZ Clase A MercedesAMG A 35 4MATIC,59.900 €,2025,8548 km,Gasolina,306 cv,Barcelona,2026-05-06 13:53:40,ECO,https://www.coches.net/mercedes-benz-clase-a-mercedesamg-a-35-4matic-5p-gasolina-2025-en-barcelona-70416977-covo.aspx
CUPRA,CUPRA Formentor 2.5 TSI 390 CV VZ5 4Drive DSG,45.999 €,2022,22.000 km,Gasolina,390 cv,Alicante,2026-05-06 13:53:40,C,https://www.coches.net/cupra-formentor-25-tsi-287kw-390-cv-vz5-4drive-dsg-5p-gasolina-2023-en-alicante-70185941-covo.aspx
BMW,BMW X5 M50d,33.900 €,2015,124.301 km,Diesel,381 cv,Madrid,2026-05-06 13:53:40,C,https://www.coches.net/bmw-x5-m50d-5p-diesel-2016-en-madrid-70469142-covo.aspx
LEXUS,LEXUS CT 1.8 200h Business,16.500 €,2017,156.234 km,Híbrido,136 cv,Barcelona,2026-05-06 13:53:40,ECO,https://www.coches.net/lexus-ct-18-200h-business-5p-electrico-hibrido-2018-en-barcelona-62560639-covo.aspx
BMW,BMW X5 3.0sd,15.900 €,2008,217.255 km,Diesel,286 cv,Lugo,2026-05-06 13:53:40,B,https://www.coches.net/bmw-x5-30sd-5p-diesel-2008-en-lugo-70533638-covo.aspx
VOLKSWAGEN,VOLKSWAGEN Polo Life 1.0 TSI,12.950 €,2022,100.885 km,Gasolina,95 cv,Castellón,2026-05-06 13:53:40,C,https://www.coches.net/volkswagen-polo-life-10-tsi-70kw-95cv-5p-gasolina-2023-en-castellon-70074680-covo.aspx
SSANGYONG,SSANGYONG Rodius eXdi Premium Auto,10.990 €,2014,175.000 km,Diesel,155 cv,Madrid,2026-05-06 13:53:40,B,https://www.coches.net/ssangyong-rodius-exdi-premium-auto-5p-diesel-2013-en-madrid-70386559-covo.aspx
SKODA,SKODA Fabia 1.0 TSI Monte Carlo,24.990 €,2026,50 km,Gasolina,115 cv,Madrid,2026-05-06 13:53:40,C,https://www.coches.net/skoda-fabia-10-tsi-85kw-115cv-monte-carlo-5p-gasolina-2026-en-madrid-70467226-covo.aspx
CUPRA,CUPRA León SP 1.5 eTSI DSG,26.990 €,2024,23.483 km,Híbrido,150 cv,Madrid,2026-05-06 13:53:40,ECO,https://www.coches.net/cupra-leon-sp-15-etsi-110kw-150cv-dsg-5p-electrico-hibrido-2025-en-madrid-70525480-covo.aspx
BMW,BMW X6 xDrive30d,34.990 €,2017,179.000 km,Diesel,258 cv,A Coruña,2026-05-06 13:53:40,C,https://www.coches.net/bmw-x6-xdrive30d-5p-diesel-2018-en-a-coruna-62564948-covo.aspx
LAND-ROVER,LAND-ROVER Range Rover Velar 2.0D D180 RDynamic HSE 4WD Auto,33.990 €,2017,117.000 km,Diesel,180 cv,Las Palmas,2026-05-06 13:53:40,ECO,https://www.coches.net/land-rover-range-rover-velar-20d-d180-rdynamic-hse-4wd-auto-5p-diesel-2018-en-las-palmas-70216094-covo.aspx
CITROEN,CITROEN C5 Aircross Hybrid 225 eEAT8 On Design,19.400 €,2022,35.989 km,Híbrido enchufable,225 cv,Pontevedra,2026-05-06 13:53:40,B,https://www.coches.net/citroen-c5-aircross-hybrid-225-eeat8-on-design-5p-electrico-hibrido-2022-en-pontevedra-70216169-covo.aspx
MAZDA,MAZDA MX-5 1.5 SKYACTIVG ExclusiveLine,30.900 €,2025,2000 km,Gasolina,132 cv,Málaga,2026-05-06 13:53:40,C,https://www.coches.net/mazda-mx-5-15-skyactivg-97kw-exclusiveline-2p-gasolina-2024-en-malaga-70499105-covo.aspx
MERCEDES-BENZ,MERCEDES-BENZ Clase C C 200 CDI Blue Efficiency Executive,9.990 €,2011,189.000 km,Diesel,136 cv,Sevilla,2026-05-06 13:53:40,B,https://www.coches.net/mercedes-benz-clase-c-c-200-cdi-blue-efficiency-executive-4p-diesel-2012-en-sevilla-70517999-covo.aspx
TOYOTA,TOYOTA Aygo X Cross 1.0 VVTI Chic,17.900 €,2023,44.764 km,Gasolina,72 cv,Girona,2026-05-06 13:53:40,ECO,https://www.coches.net/toyota-aygo-x-cross-10-vvti-72cv-chic-5p-gasolina-2024-en-girona-70503060-covo.aspx
VOLKSWAGEN,VOLKSWAGEN Tiguan Urban Sport 1.5 TSI,24.490 €,2021,92.000 km,Gasolina,130 cv,Barcelona,2026-05-06 13:53:40,C,https://www.coches.net/volkswagen-tiguan-urban-sport-15-tsi-96kw-130cv-5p-gasolina-2022-en-barcelona-62527991-covo.aspx
FORD,FORD Mondeo 2.0 TDCi Titanium,14.890 €,2016,123.422 km,Diesel,180 cv,Alicante,2026-05-06 13:53:40,C,https://www.coches.net/ford-mondeo-20-tdci-132kw-180cv-titanium-5p-diesel-2017-en-alicante-70399675-covo.aspx
BMW,BMW X5 xDrive30d,19.300 €,2014,275.000 km,Diesel,258 cv,Murcia,2026-05-06 13:53:40,C,https://www.coches.net/bmw-x5-xdrive30d-5p-diesel-2015-en-murcia-70423918-covo.aspx
BMW,BMW Serie 1 118d,8.800 €,2007,209.000 km,Diesel,143 cv,Alicante,2026-05-06 13:53:40,B,https://www.coches.net/bmw-serie-1-118d-3p-diesel-2008-en-alicante-70237189-covo.aspx
CITROEN,CITROEN Berlingo Talla M BlueHDi 100 SHINE,11.975 €,2018,95.000 km,Diesel,100 cv,Barcelona,2026-05-06 13:53:40,B,https://www.coches.net/citroen-berlingo-talla-m-bluehdi-100-shine-5p-diesel-2018-en-barcelona-62519718-covo.aspx
MERCEDES-BENZ,MERCEDES-BENZ Clase V 220 d Avantgarde Largo,58.990 €,2022,53.000 km,Diesel,163 cv,Pontevedra,2026-05-06 13:53:40,B,https://www.coches.net/mercedes-benz-clase-v-220-d-avantgarde-largo-5p-diesel-2021-en-pontevedra-70186673-covo.aspx
BMW,BMW Serie 2 218iA Gran Coupe,27.990 €,2020,51.300 km,Gasolina,136 cv,Málaga,2026-05-06 13:53:40,C,https://www.coches.net/bmw-serie-2-218ia-gran-coupe-4p-gasolina-2021-en-malaga-70150222-covo.aspx
TOYOTA,TOYOTA Rav4 2.5l 220H Luxury,24.099 €,2019,150.370 km,Híbrido,218 cv,Sevilla,2026-05-06 13:53:40,ECO,https://www.coches.net/toyota-rav4-25l-220h-luxury-5p-electrico-hibrido-2019-en-sevilla-70215019-covo.aspx
VOLKSWAGEN,VOLKSWAGEN T-Roc Mas Dark 2.0 TDI,25.990 €,2024,66.154 km,Diesel,115 cv,Málaga,2026-05-06 13:53:40,C,https://www.coches.net/volkswagen-t-roc-mas-dark-20-tdi-85kw-115cv-5p-diesel-2024-en-malaga-70518947-covo.aspx
NISSAN,NISSAN X-TRAIL 5pl 1.5 ePOWER 4x2 AT NConnecta,27.900 €,2023,62.676 km,Híbrido,204 cv,Baleares,2026-05-06 13:53:40,ECO,https://www.coches.net/nissan-x-trail-5pl-15-epower-152kw-4x2-at-nconnecta-5p-electrico-hibrido-2023-en-baleares-70520446-covo.aspx
NISSAN,NISSAN X-TRAIL 5pl 1.5 ePOWER 4x2 AT NConnecta,27.950 €,2023,61.849 km,Híbrido,204 cv,Baleares,2026-05-06 13:53:40,ECO,https://www.coches.net/nissan-x-trail-5pl-15-epower-152kw-4x2-at-nconnecta-5p-electrico-hibrido-2023-en-baleares-70520449-covo.aspx
SEAT,SEAT Ibiza SC 1.4 TSI Cupra DSG,12.950 €,2014,120.000 km,Gasolina,180 cv,Barcelona,2026-05-06 13:53:40,C,https://www.coches.net/seat-ibiza-sc-14-tsi-180cv-cupra-dsg-3p-gasolina-2015-en-barcelona-70564491-covo.aspx
BMW,BMW Serie 2 Active Tourer 218i,17.490 €,2018,108.000 km,Gasolina,140 cv,Alicante,2026-05-06 13:53:40,C,https://www.coches.net/bmw-serie-2-active-tourer-218i-5p-gasolina-2019-en-alicante-70427336-covo.aspx
OPEL,OPEL Astra 1.6 CDTi 136 CV Elegance Auto,7.990 €,2015,200.000 km,Diesel,136 cv,A Coruña,2026-05-06 13:53:40,B,https://www.coches.net/opel-astra-16-cdti-136-cv-elegance-auto-4p-diesel-2016-en-a-coruna-70509200-covo.aspx
BMW,BMW X6 M Competition,129.999 €,2023,18.000 km,Gasolina,625 cv,Madrid,2026-05-06 13:53:40,C,https://www.coches.net/bmw-x6-m-competition-5p-gasolina-2023-en-madrid-62547665-covo.aspx
BMW,BMW X1 xDrive25e,20.350 €,2021,99.000 km,Híbrido enchufable,220 cv,Madrid,2026-05-06 13:53:40,CERO,https://www.coches.net/bmw-x1-xdrive25e-5p-electrico-hibrido-2021-en-madrid-70453303-covo.aspx
ALFA,ALFA ROMEO Giulietta 1.6 JTDm Progression,5.900 €,2011,140.000 km,Diesel,105 cv,Tarragona,2026-05-06 13:53:40,B,https://www.coches.net/alfa-romeo-giulietta-16-jtdm-105cv-progression-5p-diesel-2010-en-tarragona-70567747-covo.aspx
KIA,KIA cee'd 1.6 CRDi VGT Emotion EcoDynamics,8.790 €,2015,184.500 km,Diesel,128 cv,Barcelona,2026-05-06 13:53:40,B,https://www.coches.net/kia-ceed-16-crdi-vgt-128cv-emotion-ecodynamics-5p-diesel-2015-en-barcelona-70500475-covo.aspx
TOYOTA,TOYOTA Corolla 140H Active Plus,23.100 €,2024,44.747 km,Híbrido,140 cv,Barcelona,2026-05-06 13:53:40,ECO,https://www.coches.net/toyota-corolla-140h-active-plus-5p-electrico-hibrido-2024-en-barcelona-70507279-covo.aspx
RENAULT,RENAULT Kadjar Tech Road Energy dCi 4x4,9.990 €,2018,262.172 km,Diesel,130 cv,Barcelona,2026-05-06 13:53:40,C,https://www.coches.net/renault-kadjar-tech-road-energy-dci-96kw-130cv-4x4-5p-diesel-2016-en-barcelona-70371839-covo.aspx
MAZDA,MAZDA CX-30 eSKYACTIVX 2.0 Homura,25.850 €,2023,71.782 km,Híbrido,186 cv,Madrid,2026-05-06 13:53:40,ECO,https://www.coches.net/mazda-cx-30-eskyactivx-20-137kw-homura-5p-electrico-hibrido-2022-en-madrid-70434609-covo.aspx
TOYOTA,TOYOTA Corolla 1.8 125H STYLE ECVT,23.975 €,2022,41.603 km,Híbrido,122 cv,Girona,2026-05-06 13:53:40,ECO,https://www.coches.net/toyota-corolla-18-125h-style-ecvt-5p-electrico-hibrido-2022-en-girona-70448664-covo.aspx
MITSUBISHI,MITSUBISHI ASX 220 DID Kaiteki Auto 4WD,15.499 €,2017,126.760 km,Diesel,150 cv,Madrid,2026-05-06 13:53:40,C,https://www.coches.net/mitsubishi-asx-220-did-kaiteki-auto-4wd-5p-diesel-2017-en-madrid-70484036-covo.aspx
VOLKSWAGEN,VOLKSWAGEN T-Roc Style 1.5 TSI Cabrio,21.900 €,2021,85.000 km,Gasolina,150 cv,Tarragona,2026-05-06 13:53:40,C,https://www.coches.net/volkswagen-t-roc-style-15-tsi-110kw-150cv-cabrio-2p-gasolina-2021-en-tarragona-70489336-covo.aspx
AUDI,AUDI Q3 Sportback Advanced 35 TDI S tronic,31.000 €,2023,21.280 km,Diesel,150 cv,Pontevedra,2026-05-06 13:53:40,B,https://www.coches.net/audi-q3-sportback-advanced-35-tdi-110kw-150cv-s-tronic-5p-diesel-2023-en-pontevedra-70359623-covo.aspx
PEUGEOT,PEUGEOT 508 Hybrid GT Pack HYBRID 225 eEAT8,21.500 €,2022,93.063 km,Híbrido enchufable,225 cv,Pontevedra,2026-05-06 13:53:40,B,https://www.coches.net/peugeot-508-hybrid-5p-gt-pack-hybrid-225-eeat8-5p-electrico-hibrido-2022-en-pontevedra-70203266-covo.aspx
KIA,KIA Picanto 1.0 CVVT Concept,9.990 €,2018,61.080 km,Gasolina,67 cv,Ciudad Real,2026-05-06 13:53:40,C,https://www.coches.net/kia-picanto-10-cvvt-49kw-67cv-concept-5p-gasolina-2018-en-ciudad-real-70203511-covo.aspx
BMW,BMW Serie 3 320d,6.400 €,2009,342.000 km,Diesel,177 cv,Asturias,2026-05-06 13:53:40,B,https://www.coches.net/bmw-serie-3-320d-4p-diesel-2009-en-asturias-70534279-covo.aspx
PEUGEOT,PEUGEOT 208 BlueHDi Active Pack,8.990 €,2022,139.000 km,Diesel,100 cv,Barcelona,2026-05-06 13:53:40,C,https://www.coches.net/peugeot-208-bluehdi-73kw-100cv-active-pack-5p-diesel-2021-en-barcelona-70400319-covo.aspx
AUDI,AUDI A3 Sportback 30 TDI,17.900 €,2020,147.770 km,Diesel,116 cv,Sevilla,2026-05-06 13:53:40,B,https://www.coches.net/audi-a3-sportback-30-tdi-85kw-116cv-5p-diesel-2020-en-sevilla-70516527-covo.aspx
CITROEN,CITROEN C3 Turbo 100 Max,18.900 €,2025,10 km,Gasolina,100 cv,Barcelona,2026-05-06 13:53:40,C,https://www.coches.net/km-0/citroen/c3/barcelona/turbo-100-max-gasolina-de-km0-70517095-kovn.aspx
OPEL,OPEL Vivaro 1.6 CDTI SS L2 2.9t Combi Plus9,21.500 €,2019,109.190 km,Diesel,125 cv,Sevilla,2026-05-06 13:53:40,B,https://www.coches.net/opel-vivaro-16-cdti-ss-92kw-l2-29t-combi-plus9-4p-diesel-2018-en-sevilla-70235256-covo.aspx
MERCEDES-BENZ,MERCEDES-BENZ Clase A A 180 d,32.990 €,2025,13.666 km,Diesel,116 cv,Madrid,2026-05-06 13:53:40,C,https://www.coches.net/mercedes-benz-clase-a-a-180-d-5p-diesel-2025-en-madrid-70278685-covo.aspx
SEAT,SEAT Arona 1.0 TSI Style Ecomotive,12.900 €,2018,102.110 km,Gasolina,95 cv,Barcelona,2026-05-06 13:53:40,C,https://www.coches.net/seat-arona-10-tsi-70kw-95cv-style-ecomotive-5p-gasolina-2018-en-barcelona-70528667-covo.aspx
TOYOTA,TOYOTA Aygo X Cross 1.0 VVTI Play,16.500 €,2025,25.591 km,Gasolina,72 cv,Baleares,2026-05-06 13:53:40,C,https://www.coches.net/toyota-aygo-x-cross-10-vvti-72cv-play-5p-gasolina-2024-en-baleares-70528742-covo.aspx
VOLKSWAGEN,VOLKSWAGEN Multivan 2.0 TDI 4mot Highline Edition BMT,33.990 €,2014,122.900 km,Diesel,180 cv,Madrid,2026-05-06 13:53:40,B,https://www.coches.net/volkswagen-multivan-20-tdi-180cv-4mot-highline-edition-bmt-5p-diesel-2015-en-madrid-70534299-covo.aspx
HYUNDAI,HYUNDAI Tucson 1.6T Black Line,30.990 €,2026,50 km,Gasolina,150 cv,Gipuzkoa,2026-05-06 13:53:40,C,https://www.coches.net/hyundai-tucson-16t-110kw-150cv-black-line-5p-gasolina-2026-en-guipuzcoa-70517571-covo.aspx
MINI,MINI CLUBMAN ONE D,12.999 €,2016,90.135 km,Diesel,116 cv,Sevilla,2026-05-06 13:53:40,C,https://www.coches.net/mini-clubman-one-d-5p-diesel-2016-en-sevilla-70447987-covo.aspx
HYUNDAI,HYUNDAI Kona HEV 1.6GDI DT Tecno,31.900 €,2026,10 km,Híbrido,138 cv,Asturias,2026-05-06 13:53:40,ECO,https://www.coches.net/km-0/hyundai/kona/asturias/hev-16gdi-138cv-dt-tecno-electrico-hibrido-de-km0-70373653-kovn.aspx
TOYOTA,TOYOTA Rav4 2.5l PLUGIN 300PH eCVT Advance,32.990 €,2022,60.000 km,Híbrido enchufable,306 cv,Las Palmas,2026-05-06 13:53:40,CERO,https://www.coches.net/toyota-rav4-25l-plugin-300ph-ecvt-advance-5p-electrico-hibrido-2022-en-las-palmas-70375739-covo.aspx
VOLKSWAGEN,VOLKSWAGEN Golf RLine 1.5 eTSI DSG,24.980 €,2021,50.000 km,Híbrido,150 cv,Madrid,2026-05-06 13:53:40,ECO,https://www.coches.net/volkswagen-golf-rline-15-etsi-110kw-150cv-dsg-5p-electrico-hibrido-2021-en-madrid-70409794-covo.aspx
CITROEN,CITROEN C3 PureTech SHINE,8.990 €,2018,123.000 km,Gasolina,82 cv,Valencia,2026-05-06 13:53:40,C,https://www.coches.net/citroen-c3-puretech-60kw-82cv-shine-5p-gasolina-2018-en-valencia-70071573-covo.aspx
RENAULT,RENAULT Mégane Equilibre Blue dCi,15.850 €,2022,57.339 km,Diesel,115 cv,Sevilla,2026-05-06 13:53:40,C,https://www.coches.net/renault-megane-equilibre-blue-dci-85-kw-115cv-5p-diesel-2022-en-sevilla-70509444-covo.aspx
RENAULT,RENAULT Kadjar Zen Energy TCe,12.990 €,2017,112.628 km,Gasolina,130 cv,Asturias,2026-05-06 13:53:40,C,https://www.coches.net/renault-kadjar-zen-energy-tce-97kw-130cv-5p-gasolina-2016-en-asturias-70511364-covo.aspx
OPEL,OPEL Corsa 1.4 Business,7.999 €,2017,148.262 km,Gasolina,90 cv,Madrid,2026-05-06 13:53:40,C,https://www.coches.net/opel-corsa-14-business-66kw-90cv-5p-gasolina-2018-en-madrid-70515020-covo.aspx
BMW,BMW Serie 2 218d,20.499 €,2016,108.000 km,Diesel,150 cv,Alicante,2026-05-06 13:53:40,C,https://www.coches.net/bmw-serie-2-218d-2p-diesel-2017-en-alicante-62506746-covo.aspx
PEUGEOT,PEUGEOT 5008 1.2 PureTech SS Allure Pack,22.500 €,2022,49.225 km,Gasolina,130 cv,Murcia,2026-05-06 13:53:40,C,https://www.coches.net/peugeot-5008-12-puretech-96kw-ss-allure-pack-5p-gasolina-2021-en-murcia-70314149-covo.aspx
KIA,KIA Sportage 1.6 TGDi Drive 18 4x2,29.990 €,2025,3644 km,Gasolina,160 cv,Albacete,2026-05-06 13:53:40,ECO,https://www.coches.net/kia-sportage-16-tgdi-118kw-160cv-drive-18-4x2-5p-gasolina-2025-en-albacete-70317706-covo.aspx
MERCEDES-BENZ,MERCEDES-BENZ GLB 2.0 GLB 250 4MATIC DCT,33.900 €,2020,101.000 km,Gasolina,224 cv,Alicante,2026-05-06 13:53:40,C,https://www.coches.net/mercedes-benz-glb-20-glb-250-4matic-dct-165kw-224cv-5p-gasolina-2020-en-alicante-61537489-covo.aspx
KIA,KIA Niro 1.6 GDi PHEV Drive,28.490 €,2024,15.438 km,Híbrido enchufable,171 cv,Madrid,2026-05-06 13:53:40,CERO,https://www.coches.net/kia-niro-16-gdi-phev-126kw-171cv-drive-5p-electrico-hibrido-2025-en-madrid-70562783-covo.aspx
KIA,KIA Niro 1.6 GDi HEV Drive,25.581 €,2024,20.298 km,Híbrido,129 cv,Madrid,2026-05-06 13:53:40,ECO,https://www.coches.net/kia-niro-16-gdi-hev-95kw-129cv-drive-5p-electrico-hibrido-2025-en-madrid-70562920-covo.aspx
AUDI,AUDI A3 Cabrio 1.6 TDI Attraction,7.990 €,2011,266.000 km,Diesel,105 cv,Barcelona,2026-05-06 13:53:40,B,https://www.coches.net/audi-a3-cabrio-16-tdi-attraction-2p-diesel-2012-en-barcelona-70527615-covo.aspx
TOYOTA,TOYOTA Yaris 1.5 120H Active Plus,23.500 €,2025,5000 km,Híbrido,116 cv,Gipuzkoa,2026-05-06 13:53:40,ECO,https://www.coches.net/toyota-yaris-15-120h-active-plus-5p-electrico-hibrido-2025-en-guipuzcoa-70527650-covo.aspx
SEAT,SEAT Arona 1.0 TSI FR XM,19.899 €,2025,28.104 km,Gasolina,115 cv,Granada,2026-05-06 13:53:40,C,https://www.coches.net/seat-arona-10-tsi-85kw-115cv-fr-xm-5p-gasolina-2025-en-granada-62546662-covo.aspx
FORD,FORD Kuga STLine 2.0 EcoBlue 4x4 Auto,21.970 €,2021,154.000 km,Diesel,190 cv,Madrid,2026-05-06 13:53:40,C,https://www.coches.net/ford-kuga-stline-20-ecoblue-140kw-4x4-auto-5p-diesel-2021-en-madrid-62145478-covo.aspx
AUDI,AUDI Q2 Design 30 TFSI,20.500 €,2019,110.000 km,Gasolina,116 cv,Granada,2026-05-06 13:53:40,C,https://www.coches.net/audi-q2-design-30-tfsi-85kw-116cv-5p-gasolina-2020-en-granada-70427320-covo.aspx
MERCEDES-BENZ,MERCEDES-BENZ Clase A A 200 d,20.900 €,2018,44.568 km,Diesel,150 cv,Málaga,2026-05-06 13:53:40,B,https://www.coches.net/mercedes-benz-clase-a-a-200-d-5p-diesel-2018-en-malaga-70282776-covo.aspx
MERCEDES-BENZ,MERCEDES-BENZ Clase B B 250 e,22.500 €,2022,122.000 km,Híbrido enchufable,218 cv,Madrid,2026-05-06 13:53:40,ECO,https://www.coches.net/mercedes-benz-clase-b-b-250-e-5p-electrico-hibrido-2022-en-madrid-70567388-covo.aspx
AUDI,AUDI A5 Avant TDI 204 CV Black Line,53.500 €,2025,30.304 km,Híbrido,204 cv,Murcia,2026-05-06 13:53:40,B,https://www.coches.net/audi-a5-avant-tdi-150-kw-204-cv-black-line-5p-electrico-hibrido-2025-en-murcia-70374507-covo.aspx
FORD,FORD Kuga 2.0 TDCi 140 4x2 Titanium,11.980 €,2015,163.578 km,Diesel,140 cv,Barcelona,2026-05-06 13:53:40,C,https://www.coches.net/ford-kuga-20-tdci-140-4x2-titanium-5p-diesel-2014-en-barcelona-70500165-covo.aspx
CITROEN,CITROEN Berlingo Talla M BlueHDi 100 FEEL,13.490 €,2018,115.681 km,Diesel,100 cv,Cádiz,2026-05-06 13:53:40,B,https://www.coches.net/citroen-berlingo-talla-m-bluehdi-100-feel-5p-diesel-2018-en-cadiz-70504379-covo.aspx
MERCEDES-BENZ,MERCEDES-BENZ Clase A A 220,26.990 €,2019,106.582 km,Gasolina,190 cv,Barcelona,2026-05-06 13:53:40,C,https://www.coches.net/mercedes-benz-clase-a-a-220-5p-gasolina-2018-en-barcelona-70418389-covo.aspx
VOLKSWAGEN,VOLKSWAGEN Passat 1.6 TDI Edition BlueMotion Tech,9.190 €,2012,164.070 km,Diesel,105 cv,Cantabria,2026-05-06 13:53:40,B,https://www.coches.net/volkswagen-passat-1.6-tdi-105cv-edition-bluemotion-tech-4p-diesel-2012-en-cantabria-60719867-covo.aspx
AUDI,AUDI Q3 2.0 TDI S tronic,17.990 €,2016,109.000 km,Diesel,150 cv,Madrid,2026-05-06 13:53:40,C,https://www.coches.net/audi-q3-20-tdi-150cv-s-tronic-5p-diesel-2017-en-madrid-70481932-covo.aspx
MERCEDES-BENZ,MERCEDES-BENZ Clase E E 200 CDI Blue Efficiency Avantgarde,9.990 €,2011,169.000 km,Diesel,136 cv,Sevilla,2026-05-06 13:53:40,B,https://www.coches.net/mercedes-benz-clase-e-e-200-cdi-blue-efficiency-avantgarde-4p-diesel-2011-en-sevilla-70517723-covo.aspx
VOLKSWAGEN,VOLKSWAGEN Tiguan Life 2.0 TDI DSG,26.990 €,2023,66.417 km,Diesel,150 cv,Madrid,2026-05-06 13:53:40,C,https://www.coches.net/volkswagen-tiguan-life-20-tdi-110kw-150cv-dsg-5p-diesel-2023-en-madrid-70425909-covo.aspx
VOLKSWAGEN,VOLKSWAGEN Tiguan RLine 2.0 TDI,29.490 €,2022,63.675 km,Diesel,150 cv,Madrid,2026-05-06 13:53:40,C,https://www.coches.net/volkswagen-tiguan-rline-20-tdi-110kw-150cv-5p-diesel-2022-en-madrid-70425924-covo.aspx
VOLKSWAGEN,VOLKSWAGEN Tiguan Urban Sport 2.0 TDI,25.890 €,2023,132.870 km,Diesel,150 cv,Valencia,2026-05-06 13:53:40,C,https://www.coches.net/volkswagen-tiguan-urban-sport-20-tdi-110kw-150cv-5p-diesel-2023-en-valencia-70427559-covo.aspx
HYUNDAI,HYUNDAI i20 1.0 TGDI 48V N Line,22.500 €,2025,1 km,Híbrido,100 cv,Zaragoza,2026-05-06 13:53:40,B,https://www.coches.net/km-0/hyundai/i20/zaragoza/10-tgdi-48v-n-line-electrico-hibrido-de-km0-62272090-kovn.aspx
VOLKSWAGEN,VOLKSWAGEN Passat Passat 2.0 TDI DSG,21.490 €,2021,58.567 km,Diesel,122 cv,Madrid,2026-05-06 13:53:40,C,https://www.coches.net/volkswagen-passat-passat-20-tdi-90kw-122cv-dsg-5p-diesel-2025-en-madrid-70178907-covo.aspx
FORD,FORD Tourneo Connect 2.0 Ecoblue Active,27.900 €,2023,31.750 km,Diesel,102 cv,Navarra,2026-05-06 13:53:40,C,https://www.coches.net/ford-tourneo-connect-20-ecoblue-75kw-active-5p-diesel-2023-en-navarra-70448445-covo.aspx
SUBARU,SUBARU Outback 2.5i Field CVT Lineartronic AWD,24.890 €,2022,167.815 km,Gasolina,169 cv,Barcelona,2026-05-06 13:53:40,C,https://www.coches.net/subaru-outback-25i-field-cvt-lineartronic-awd-5p-gasolina-2021-en-barcelona-70450620-covo.aspx
AUDI,AUDI TT Coupe 3.2 quattro S tronic,11.950 €,2008,245.000 km,Gasolina,250 cv,Toledo,2026-05-06 13:53:40,C,https://www.coches.net/audi-tt-coupe-32-quattro-s-tronic-3p-gasolina-2009-en-toledo-62558517-covo.aspx
AUDI,AUDI A1 Sportback Adrenalin 30 TFSI,26.500 €,2025,14.298 km,Gasolina,116 cv,Sevilla,2026-05-06 13:53:40,C,https://www.coches.net/audi-a1-sportback-adrenalin-30-tfsi-85kw-116cv-5p-gasolina-2025-en-sevilla-70226714-covo.aspx
AUDI,AUDI A3 1.6 TDI S tronic Sportback,14.990 €,2017,133.642 km,Diesel,116 cv,Barcelona,2026-05-06 13:53:40,C,https://www.coches.net/audi-a3-16-tdi-s-tronic-sportback-5p-diesel-2017-en-barcelona-70228351-covo.aspx
PEUGEOT,PEUGEOT 5008 1.2 PureTech SS Allure Pack,20.890 €,2023,66.802 km,Gasolina,130 cv,A Coruña,2026-05-06 13:53:40,C,https://www.coches.net/peugeot-5008-12-puretech-96kw-ss-allure-pack-5p-gasolina-2023-en-a-coruna-70511521-covo.aspx
PEUGEOT,PEUGEOT 2008 Allure Puretech 130 SS EAT8,18.290 €,2024,13.762 km,Gasolina,130 cv,Bizkaia,2026-05-06 13:53:40,C,https://www.coches.net/peugeot-2008-allure-puretech-130-ss-eat8-5p-gasolina-2023-en-vizcaya-70516385-covo.aspx
MERCEDES-BENZ,MERCEDES-BENZ Clase CLA CLA 200 d Shooting Brake,16.500 €,2017,170.000 km,Diesel,136 cv,Valencia,2026-05-06 13:53:40,C,https://www.coches.net/mercedes-benz-clase-cla-cla-200-d-shooting-brake-5p-diesel-2018-en-valencia-70200483-covo.aspx
BMW,BMW Serie 4 M4 CSL,139.999 €,2022,16.000 km,Gasolina,550 cv,Valencia,2026-05-06 13:53:40,C,https://www.coches.net/bmw-serie-4-m4-csl-2p-gasolina-2023-en-valencia-70333032-covo.aspx
BMW,BMW Serie 4 420i,41.900 €,2023,30.000 km,Gasolina,184 cv,Alicante,2026-05-06 13:53:40,C,https://www.coches.net/bmw-serie-4-420i-2p-gasolina-2024-en-alicante-70336376-covo.aspx
CUPRA,CUPRA León 1.5 TSI,30.900 €,2025,100 km,Gasolina,150 cv,Gipuzkoa,2026-05-06 13:53:40,C,https://www.coches.net/km-0/cupra/leon/guipuzcoa/15-tsi-110kw-150cv-gasolina-de-km0-62239314-kovn.aspx
OPEL,OPEL Zafira 1.7 CDTi 125 CV Enjoy Plus,7.490 €,2011,139.000 km,Diesel,125 cv,Madrid,2026-05-06 13:53:40,B,https://www.coches.net/opel-zafira-17-cdti-125-cv-enjoy-plus-5p-diesel-2011-en-madrid-70346066-covo.aspx
LANCIA,LANCIA Delta 1.6 Multijet DPF Platino,6.500 €,2010,148.000 km,Diesel,120 cv,Sevilla,2026-05-06 13:53:40,B,https://www.coches.net/lancia-delta-16-multijet-dpf-120cv-platino-5p-diesel-2009-en-sevilla-70326272-covo.aspx
CITROEN,CITROEN C5 X Hybrid 225 eEAT8 Feel Pack,21.990 €,2022,22.100 km,Híbrido enchufable,225 cv,Madrid,2026-05-06 13:53:40,CERO,https://www.coches.net/citroen-c5-x-hybrid-225-eeat8-feel-pack-5p-electrico-hibrido-2022-en-madrid-70194132-covo.aspx
PEUGEOT,PEUGEOT 308 Allure BlueHDi 130 SS EAT8,15.600 €,2022,85.112 km,Diesel,130 cv,Madrid,2026-05-06 13:53:40,C,https://www.coches.net/peugeot-308-5p-allure-bluehdi-130-ss-eat8-5p-diesel-2021-en-madrid-70467211-covo.aspx
NISSAN,NISSAN QASHQAI dCi 115 CV E6D ACENTA,15.800 €,2021,101.034 km,Diesel,115 cv,Barcelona,2026-05-06 13:53:40,C,https://www.coches.net/nissan-qashqai-dci-85-kw-115-cv-e6d-acenta-5p-diesel-2020-en-barcelona-62401708-covo.aspx
NISSAN,NISSAN QASHQAI 2.0 dCi TEKNA PREMIUM 4x4 AT 17,8.900 €,2012,228.000 km,Diesel,150 cv,Málaga,2026-05-06 13:53:40,B,https://www.coches.net/nissan-qashqai-20-dci-tekna-premium-4x4-at-17-5p-diesel-2012-en-malaga-70082295-covo.aspx
AUDI,AUDI Q5 S line 40 TDI quattro S tronic,33.900 €,2020,111.000 km,Diesel,190 cv,Granada,2026-05-06 13:53:40,C,https://www.coches.net/audi-q5-s-line-40-tdi-140kw-quattro-s-tronic-5p-diesel-2020-en-granada-70463440-covo.aspx
SEAT,SEAT Ibiza 1.0 MPI Style,14.900 €,2022,14.000 km,Gasolina,80 cv,Alicante,2026-05-06 13:53:40,B,https://www.coches.net/seat-ibiza-10-mpi-59kw-80cv-style-5p-gasolina-2023-en-alicante-70117531-covo.aspx
FIAT,FIAT 500 Pop 1.2 8v 69 CV,8.650 €,2020,55.957 km,Gasolina,69 cv,Málaga,2026-05-06 13:53:40,ECO,https://www.coches.net/fiat-500-pop-12-8v-51kw-69-cv-3p-gasolina-2020-en-malaga-70527992-covo.aspx
NISSAN,NISSAN PULSAR 1.5dCi NCONNECTA,8.700 €,2015,144.000 km,Diesel,110 cv,Soria,2026-05-06 13:53:40,B,https://www.coches.net/nissan-pulsar-15dci-110cv-nconnecta-5p-diesel-2015-en-soria-70530273-covo.aspx
DACIA,DACIA Sandero Stepway TCE 90,6.500 €,2014,143.258 km,Gasolina,90 cv,Málaga,2026-05-06 13:53:40,C,https://www.coches.net/dacia-sandero-stepway-tce-90-5p-gasolina-2012-en-malaga-70532677-covo.aspx
CITROEN,CITROEN C5 BlueHDi SS EAT6 SHINE,11.900 €,2017,97.421 km,Diesel,180 cv,Málaga,2026-05-06 13:53:40,C,https://www.coches.net/citroen-c5-bluehdi-132kw-180cv-ss-eat6-shine-4p-diesel-2016-en-malaga-70532752-covo.aspx
HYUNDAI,HYUNDAI i20 i20 1.2 L PBT Classic AA Key,3.990 €,2011,282.000 km,Gasolina,78 cv,Madrid,2026-05-06 13:53:40,C,https://www.coches.net/hyundai-i20-i20-12-l-pbt-classic-aa-key-5p-gasolina-2011-en-madrid-70533466-covo.aspx
KIA,KIA Niro 1.6 GDi HEV Concept,16.600 €,2020,84.848 km,Híbrido,141 cv,Navarra,2026-05-06 13:53:40,ECO,https://www.coches.net/kia-niro-16-gdi-hev-104kw-141cv-concept-5p-electrico-hibrido-2020-en-navarra-70447952-covo.aspx
DS,DS DS 4 CROSS PureTech 130 auto RIVOLI,20.880 €,2022,59.401 km,Gasolina,130 cv,Madrid,2026-05-06 13:53:40,C,https://www.coches.net/ds-ds-4-cross-puretech-130-auto-rivoli-5p-gasolina-2022-en-madrid-70440602-covo.aspx
VOLKSWAGEN,VOLKSWAGEN Amarok Aventura Cab.doble V6 3.0 TDI 10AT,53.900 €,2025,650 km,Diesel,240 cv,Gipuzkoa,2026-05-06 13:53:40,C,https://www.coches.net/volkswagen-amarok-aventura-cabdoble-v6-30-tdi-177kw-10at-4p-diesel-2025-en-guipuzcoa-62569020-covo.aspx
PEUGEOT,PEUGEOT 3008 1.2 PureTech SS Style,14.990 €,2021,87.530 km,Gasolina,130 cv,Valencia,2026-05-06 13:53:40,C,https://www.coches.net/peugeot-3008-12-puretech-96kw-ss-style-5p-gasolina-2021-en-valencia-70412766-covo.aspx
MINI,MINI MINI COOPER CABRIO,14.999 €,2017,106.000 km,Gasolina,136 cv,Barcelona,2026-05-06 13:53:40,C,https://www.coches.net/mini-mini-cooper-cabrio-2p-gasolina-2017-en-barcelona-70239984-covo.aspx
RENAULT,RENAULT Captur Life Energy dCi 90 SS eco2,8.900 €,2014,131.767 km,Diesel,90 cv,Málaga,2026-05-06 13:53:40,B,https://www.coches.net/renault-captur-life-energy-dci-90-ss-eco2-5p-diesel-2013-en-malaga-70427479-covo.aspx
BMW,BMW X5 xDrive30d,33.900 €,2018,152.209 km,Diesel,258 cv,Badajoz,2026-05-06 13:53:40,C,https://www.coches.net/bmw-x5-xdrive30d-5p-diesel-2018-en-badajoz-70221431-covo.aspx
OPEL,OPEL Corsa 1.6 Turbo OPC,11.990 €,2010,69.000 km,Gasolina,192 cv,Madrid,2026-05-06 13:53:40,C,https://www.coches.net/opel-corsa-16-turbo-opc-3p-gasolina-2010-en-madrid-70336318-covo.aspx
HYUNDAI,HYUNDAI Tucson 2.0 Classic 4x2,2.790 €,2009,320.000 km,Gasolina,142 cv,Córdoba,2026-05-06 13:53:40,C,https://www.coches.net/hyundai-tucson-20-classic-4x2-5p-gasolina-2008-en-cordoba-70534894-covo.aspx
MERCEDES-BENZ,MERCEDES-BENZ Clase A A 250 e con tecnologia hibrida EQ,35.990 €,2025,11.720 km,Híbrido enchufable,218 cv,Jaén,2026-05-06 13:53:40,CERO,https://www.coches.net/mercedes-benz-clase-a-a-250-e-con-tecnologia-hibrida-eq-5p-electrico-hibrido-2025-en-jaen-70348968-covo.aspx
HYUNDAI,HYUNDAI i30 1.0 TGDI 48V Klass,15.640 €,2022,53.990 km,Híbrido,120 cv,Madrid,2026-05-06 13:53:40,ECO,https://www.coches.net/hyundai-i30-10-tgdi-48v-klass-5p-electrico-hibrido-2020-en-madrid-70414649-covo.aspx
MASERATI,MASERATI Levante V6 275 HP D AWD GranSport,40.000 €,2017,119.870 km,Diesel,275 cv,Madrid,2026-05-06 13:53:40,C,https://www.coches.net/maserati-levante-v6-275-hp-d-awd-gransport-5p-diesel-2018-en-madrid-70508107-covo.aspx
FORD,FORD Kuga 2.0 TDCi 2WD Trend,7.990 €,2009,194.600 km,Diesel,136 cv,Málaga,2026-05-06 13:53:40,B,https://www.coches.net/ford-kuga-20-tdci-2wd-trend-5p-diesel-2009-en-malaga-70523335-covo.aspx
VOLVO,VOLVO XC40 1.5 T3 Momentum Pro Auto,23.900 €,2022,68.900 km,Gasolina,163 cv,Sevilla,2026-05-06 13:53:40,C,https://www.coches.net/volvo-xc40-15-t3-momentum-pro-auto-5p-gasolina-2022-en-sevilla-70526715-covo.aspx
PEUGEOT,PEUGEOT 2008 Allure Gasolina 100 SS 6 Vel. MAN,19.490 €,2025,7293 km,Gasolina,100 cv,Zaragoza,2026-05-06 13:53:40,C,https://www.coches.net/peugeot-2008-allure-gasolina-100-ss-6-vel-man-5p-gasolina-2025-en-zaragoza-70511149-covo.aspx
MERCEDES-BENZ,MERCEDES-BENZ Clase E E 220 d,70.900 €,2026,14 km,Híbrido,197 cv,La Rioja,2026-05-06 13:53:40,ECO,https://www.coches.net/km-0/mercedes-benz/clase-e/la-rioja/e-220-d-electrico-hibrido-de-km0-70127009-kovn.aspx
MERCEDES-BENZ,MERCEDES-BENZ Clase E E 300 BlueTec HYBRID Avantgarde,17.900 €,2012,85.268 km,Híbrido,231 cv,Navarra,2026-05-06 13:53:40,B,https://www.coches.net/mercedes-benz-clase-e-e-300-bluetec-hybrid-avantgarde-4p-electrico-hibrido-2013-en-navarra-70129051-covo.aspx
SUBARU,SUBARU Outback 2.0 TD Executive CVT Lineartronic AWD,12.400 €,2016,198.000 km,Diesel,150 cv,Cuenca,2026-05-06 13:53:40,C,https://www.coches.net/subaru-outback-20-td-executive-cvt-lineartronic-awd-5p-diesel-2016-en-cuenca-70415012-covo.aspx
SEAT,SEAT Altea 1.9 TDI Arena,4.500 €,2007,260.000 km,Diesel,105 cv,Badajoz,2026-05-06 13:53:40,B,https://www.coches.net/seat-altea-19-tdi-105cv-arena-5p-diesel-2008-en-badajoz-70421301-covo.aspx
PEUGEOT,PEUGEOT 5008 Hybrid 1.2 GT eDCS6,36.200 €,2025,5000 km,Híbrido,145 cv,Salamanca,2026-05-06 13:53:40,B,https://www.coches.net/peugeot-5008-hybrid-12-107kw-gt-edcs6-5p-electrico-hibrido-2025-en-salamanca-70409085-covo.aspx
SKODA,SKODA Kodiaq 1.5 TSI 4x2 Ambition,21.390 €,2022,148.683 km,Gasolina,150 cv,Sevilla,2026-05-06 13:53:40,C,https://www.coches.net/skoda-kodiaq-15-tsi-110kw-150cv-4x2-ambition-5p-gasolina-2023-en-sevilla-70410174-covo.aspx
KIA,KIA Stonic 1.0 TGDi MHEV iMT Concept,14.690 €,2022,72.058 km,Híbrido,100 cv,Girona,2026-05-06 13:53:40,ECO,https://www.coches.net/kia-stonic-10-tgdi-74kw-100cv-mhev-imt-concept-5p-electrico-hibrido-2022-en-girona-70230502-covo.aspx
SEAT,SEAT Ibiza 1.6 TDI Reference Plus,11.290 €,2019,83.560 km,Diesel,80 cv,Barcelona,2026-05-06 13:53:40,C,https://www.coches.net/seat-ibiza-16-tdi-59kw-80cv-reference-plus-5p-diesel-2019-en-barcelona-70396602-covo.aspx
BMW,BMW X5 xDrive30d,46.800 €,2019,128.500 km,Diesel,265 cv,Alicante,2026-05-06 13:53:40,C,https://www.coches.net/bmw-x5-xdrive30d-5p-diesel-2019-en-alicante-70366010-covo.aspx
MAZDA,MAZDA Mazda3 2.0 SKYACTIVG EVOLUTION,17.199 €,2019,81.190 km,Híbrido,122 cv,Madrid,2026-05-06 13:53:40,ECO,https://www.coches.net/mazda-mazda3-20-skyactivg-88kw-evolution-5p-electrico-hibrido-2019-en-madrid-70207057-covo.aspx
RENAULT,RENAULT Captur Zen TCe GPF,11.975 €,2019,60.000 km,Gasolina,130 cv,Barcelona,2026-05-06 13:53:40,C,https://www.coches.net/renault-captur-zen-tce-gpf-96kw-130cv-5p-gasolina-2018-en-barcelona-70211547-covo.aspx
MERCEDES-BENZ,MERCEDES-BENZ Clase C C 220 CDI Avantgarde,2.995 €,2005,434.000 km,Diesel,150 cv,Madrid,2026-05-06 13:53:40,B,https://www.coches.net/mercedes-benz-clase-c-c-220-cdi-avantgarde-4p-diesel-2006-en-madrid-70519448-covo.aspx
HYUNDAI,HYUNDAI Kona 1.0 TGDI Maxx,19.990 €,2024,19.962 km,Gasolina,120 cv,Madrid,2026-05-06 13:53:40,C,https://www.coches.net/hyundai-kona-10-tgdi-maxx-5p-gasolina-2023-en-madrid-70401819-covo.aspx
DACIA,DACIA Sandero Stepway Essential 1.0 SS,9.290 €,2019,99.767 km,Gasolina,73 cv,Madrid,2026-05-06 13:53:40,C,https://www.coches.net/dacia-sandero-stepway-essential-10-55kw-75cv--ss-5p-gasolina-2019-en-madrid-70404651-covo.aspx
CITROEN,CITROEN C4 Picasso 1.8 16v SX,3.800 €,2008,290.000 km,Gasolina,127 cv,Madrid,2026-05-06 13:53:40,C,https://www.coches.net/citroen-c4-picasso-18-16v-sx-5p-gasolina-2006-en-madrid-70474200-covo.aspx
FORD,FORD Focus 1.0 Ecoboost MHEV STLine Auto,18.990 €,2024,61.275 km,Híbrido,155 cv,Madrid,2026-05-06 13:53:40,ECO,https://www.coches.net/ford-focus-10-ecoboost-mhev-114kw-stline-auto-5p-electrico-hibrido-2024-en-madrid-70330820-covo.aspx
FORD,FORD Focus 1.0 Ecoboost MHEV STLine Auto,19.390 €,2024,55.528 km,Híbrido,155 cv,Barcelona,2026-05-06 13:53:40,B,https://www.coches.net/ford-focus-10-ecoboost-mhev-114kw-stline-auto-5p-electrico-hibrido-2024-en-barcelona-70331923-covo.aspx
BMW,BMW X1 xDrive25d,13.700 €,2012,187.500 km,Diesel,218 cv,Murcia,2026-05-06 13:53:40,B,https://www.coches.net/bmw-x1-xdrive25d-5p-diesel-2013-en-murcia-70451967-covo.aspx
MINI,MINI MINI Cooper D Clubman,10.490 €,2011,146.000 km,Diesel,112 cv,Barcelona,2026-05-06 13:53:40,B,https://www.coches.net/mini-mini-cooper-d-clubman-5p-diesel-2011-en-barcelona-70520798-covo.aspx
NISSAN,NISSAN JUKE DIGT 114 CV DCT 7 V NConnecta,16.490 €,2021,59.754 km,Gasolina,114 cv,Toledo,2026-05-06 13:53:40,C,https://www.coches.net/nissan-juke-digt-84-kw-114-cv-dct-7-v-nconnecta-5p-gasolina-2021-en-toledo-70375187-covo.aspx
MERCEDES-BENZ,MERCEDES-BENZ Clase C C 220 d 4MATIC AllTerrain Estate,40.900 €,2022,84.799 km,Híbrido,200 cv,Barcelona,2026-05-06 13:53:40,ECO,https://www.coches.net/mercedes-benz-clase-c-c-220-d-4matic-allterrain-estate-5p-electrico-hibrido-2023-en-barcelona-70308149-covo.aspx
AUDI,AUDI A5 ehybrid quattro S Line,58.000 €,2025,626 km,Híbrido enchufable,299 cv,León,2026-05-06 13:53:40,CERO,https://www.coches.net/audi-a5-ehybrid-quattro-220kw-299cv-s-line-5p-electrico-hibrido-2025-en-leon-70461956-covo.aspx
HYUNDAI,HYUNDAI Kona 1.6 GDI HEV Maxx DCT,26.600 €,2024,7100 km,Híbrido,141 cv,Madrid,2026-05-06 13:53:40,ECO,https://www.coches.net/hyundai-kona-16-gdi-hev-maxx-dct-5p-electrico-hibrido-2023-en-madrid-70433944-covo.aspx
DACIA,DACIA Duster Journey Go TCE 96kW130CV 4X2,24.750 €,2025,8307 km,Gasolina,130 cv,Valencia,2026-05-06 13:53:40,B,https://www.coches.net/dacia-duster-journey-go-tce-96kw130cv-4x2-5p-gasolina-2023-en-valencia-70327492-covo.aspx
PEUGEOT,PEUGEOT 208 BlueHDi Active Pack,15.990 €,2022,63.500 km,Diesel,100 cv,Málaga,2026-05-06 13:53:40,C,https://www.coches.net/peugeot-208-bluehdi-73kw-100cv-active-pack-5p-diesel-2023-en-malaga-62225080-covo.aspx
CUPRA,CUPRA Formentor 1.5 eTSI 150 CV DSG,30.900 €,2025,15.437 km,Híbrido,150 cv,Gipuzkoa,2026-05-06 13:53:40,ECO,https://www.coches.net/cupra-formentor-15-etsi-110kw-150-cv-dsg-5p-electrico-hibrido-2025-en-guipuzcoa-70197423-covo.aspx
AUDI,AUDI SQ5 3.0 TDI quattro tiptro Competition,20.999 €,2016,163.000 km,Diesel,326 cv,Murcia,2026-05-06 13:53:40,C,https://www.coches.net/audi-sq5-30-tdi-326cv-quattro-tiptro-competition-5p-diesel-2016-en-murcia-70198060-covo.aspx
SEAT,SEAT Arona 1.0 TSI Style,15.990 €,2022,54.000 km,Gasolina,110 cv,Las Palmas,2026-05-06 13:53:40,C,https://www.coches.net/seat-arona-10-tsi-81kw-110cv-style-5p-gasolina-2022-en-las-palmas-62546988-covo.aspx
AUDI,AUDI Q2 Advanced 30 TFSI,27.690 €,2025,9999 km,Gasolina,116 cv,Barcelona,2026-05-06 13:53:40,C,https://www.coches.net/audi-q2-advanced-30-tfsi-85kw-116cv-5p-gasolina-2025-en-barcelona-70462426-covo.aspx
AUDI,AUDI A3 1.6 TDI Ambition,9.690 €,2009,128.630 km,Diesel,105 cv,Bizkaia,2026-05-06 13:53:40,B,https://www.coches.net/audi-a3-16-tdi-ambition-3p-diesel-2010-en-vizcaya-62400756-covo.aspx
NISSAN,NISSAN JUKE 1.6 ACENTA 4X2,9.499 €,2012,47.059 km,Gasolina,117 cv,Madrid,2026-05-06 13:53:40,C,https://www.coches.net/nissan-juke-16-acenta-4x2-5p-gasolina-2011-en-madrid-70534837-covo.aspx
SEAT,SEAT Alhambra 2.0 TDI 140 CV Ecomotive Style DSG,11.999 €,2012,231.708 km,Diesel,140 cv,Madrid,2026-05-06 13:53:40,B,https://www.coches.net/seat-alhambra-20-tdi-140-cv-ecomotive-style-dsg-5p-diesel-2012-en-madrid-70534874-covo.aspx
PEUGEOT,PEUGEOT 2008 Access 1.2 PureTech 82,5.990 €,2015,163.000 km,Gasolina,82 cv,Baleares,2026-05-06 13:53:40,C,https://www.coches.net/peugeot-2008-access-12-puretech-82-5p-gasolina-2015-en-baleares-70535139-covo.aspx
SEAT,SEAT Arona 1.0 TSI Style Special Edition,20.500 €,2025,500 km,Gasolina,115 cv,Málaga,2026-05-06 13:53:40,C,https://www.coches.net/seat-arona-10-tsi-85kw-style-special-edition-5p-gasolina-2026-en-malaga-62188236-covo.aspx
JEEP,JEEP Compass 1.3 Gse T4 Limited MT FWD,19.300 €,2021,38.200 km,Gasolina,130 cv,Madrid,2026-05-06 13:53:40,C,https://www.coches.net/jeep-compass-13-gse-t4-96kw-130cv-limited-mt-fwd-5p-gasolina-2021-en-madrid-62480537-covo.aspx
BMW,BMW Serie 1 120d,36.490 €,2025,20.500 km,Híbrido,163 cv,Bizkaia,2026-05-06 13:53:40,ECO,https://www.coches.net/bmw-serie-1-120d-5p-electrico-hibrido-2026-en-vizcaya-70182376-covo.aspx
VOLKSWAGEN,VOLKSWAGEN Touran Edition 1.2 TSI,14.799 €,2018,108.896 km,Gasolina,110 cv,Madrid,2026-05-06 13:53:40,C,https://www.coches.net/volkswagen-touran-edition-12-tsi-81kw-110cv-5p-gasolina-2018-en-madrid-70201973-covo.aspx
KIA,KIA Sportage 1.6 CRDi MHEV Drive 4x2,30.990 €,2024,10.809 km,Híbrido,136 cv,A Coruña,2026-05-06 13:53:40,ECO,https://www.coches.net/kia-sportage-16-crdi-mhev-100kw-136cv-drive-4x2-5p-electrico-hibrido-2024-en-a-coruna-70316420-covo.aspx
LAND-ROVER,LAND-ROVER Range Rover Evoque 1.5 P300e RDynamic S AUTO 4WD PHEV,44.950 €,2023,34.370 km,Híbrido enchufable,309 cv,Madrid,2026-05-06 13:53:40,CERO,https://www.coches.net/land-rover-range-rover-evoque-15-p300e-rdynamic-s-auto-4wd-phev-5p-electrico-hibrido-2023-en-madrid-70316676-covo.aspx
SEAT,SEAT Ibiza 1.4 TDI Style,9.499 €,2015,185.000 km,Diesel,90 cv,Zaragoza,2026-05-06 13:53:40,C,https://www.coches.net/seat-ibiza-14-tdi-90cv-style-5p-diesel-2016-en-zaragoza-62394687-covo.aspx
FORD,FORD Mondeo 2.0 TDCi 115 Ambiente Plus,2.699 €,2007,260.000 km,Diesel,115 cv,Albacete,2026-05-06 13:53:40,B,https://www.coches.net/ford-mondeo-20-tdci-115-ambiente-plus-5p-diesel-2005-en-albacete-70463046-covo.aspx
CITROEN,CITROEN C3 Aircross BlueHDi SS CSeries,15.500 €,2022,24.633 km,Diesel,110 cv,Pontevedra,2026-05-06 13:53:40,B,https://www.coches.net/citroen-c3-aircross-bluehdi-81kw-110cv-ss-cseries-5p-diesel-2021-en-pontevedra-62201203-covo.aspx
CITROEN,CITROEN C3 Aircross BlueHDi SS CSeries,15.500 €,2020,2116 km,Diesel,102 cv,Pontevedra,2026-05-06 13:53:40,B,https://www.coches.net/citroen-c3-aircross-bluehdi-73kw-100cv-ss-cseries-5p-diesel-2020-en-pontevedra-62201206-covo.aspx
RENAULT,RENAULT Clio Zen Energy TCe,10.490 €,2017,98.221 km,Gasolina,90 cv,Barcelona,2026-05-06 13:53:40,C,https://www.coches.net/renault-clio-zen-energy-tce-66kw-90cv-5p-gasolina-2016-en-barcelona-70399488-covo.aspx
SEAT,SEAT León 2.0 TDI DSG7 SS Xcellence Go L,19.100 €,2022,82.000 km,Diesel,150 cv,Toledo,2026-05-06 13:53:40,C,https://www.coches.net/seat-leon-20-tdi-110kw-dsg7-ss-xcellence-go-l-5p-diesel-2022-en-toledo-70401299-covo.aspx
MINI,MINI MINI ONE D,14.790 €,2018,97.165 km,Diesel,95 cv,Valencia,2026-05-06 13:53:40,C,https://www.coches.net/mini-mini-one-d-3p-diesel-2018-en-valencia-70069068-covo.aspx
VOLKSWAGEN,VOLKSWAGEN Tiguan Sport 1.5 TSI DSG,26.990 €,2020,70.000 km,Gasolina,150 cv,Bizkaia,2026-05-06 13:53:40,C,https://www.coches.net/volkswagen-tiguan-sport-15-tsi-110kw-150cv-dsg-5p-gasolina-2020-en-vizcaya-70197040-covo.aspx
BMW,BMW Serie 4 420d,20.980 €,2016,160.000 km,Diesel,190 cv,Madrid,2026-05-06 13:53:40,C,https://www.coches.net/bmw-serie-4-420d-2p-diesel-2016-en-madrid-70235717-covo.aspx
ABARTH,ABARTH 500C 1.4 16v TJet 595 E6,16.900 €,2018,72.122 km,Gasolina,145 cv,Ávila,2026-05-06 13:53:40,C,https://www.coches.net/abarth-500c-14-16v-tjet-595-107kw-145cv-e6-2p-gasolina-2017-en-avila-70526823-covo.aspx
BMW,BMW Serie 1 118i Auto.,25.900 €,2020,81.500 km,Gasolina,136 cv,Córdoba,2026-05-06 13:53:40,C,https://www.coches.net/bmw-serie-1-118i-auto-5p-gasolina-2021-en-cordoba-70293912-covo.aspx
VOLKSWAGEN,VOLKSWAGEN Polo Advance 1.6 TDI,11.990 €,2019,147.167 km,Diesel,95 cv,Madrid,2026-05-06 13:53:40,C,https://www.coches.net/volkswagen-polo-advance-16-tdi-70kw-95cv-5p-diesel-2019-en-madrid-70409899-covo.aspx
KIA,KIA Sportage 1.6 MHEV Business 4x4,15.500 €,2020,134.498 km,Híbrido,136 cv,Madrid,2026-05-06 13:53:40,ECO,https://www.coches.net/kia-sportage-16-mhev-business-100kw-136cv-4x4-5p-electrico-hibrido-2021-en-madrid-70503358-covo.aspx
CUPRA,CUPRA Born 231 CV 59kWh EBoost Pack,30.990 €,2025,5500 km,Eléctrico,231 cv,Barcelona,2026-05-06 13:53:40,CERO,https://www.coches.net/cupra-born-170kw-231-cv-59kwh-eboost-pack-5p-electrico-hibrido-2026-en-barcelona-70502716-covo.aspx
MERCEDES-BENZ,MERCEDES-BENZ Clase B B 250 e,27.900 €,2020,55.965 km,Híbrido enchufable,218 cv,Asturias,2026-05-06 13:53:40,B,https://www.coches.net/mercedes-benz-clase-b-b-250-e-5p-electrico-hibrido-2021-en-asturias-62184692-covo.aspx
KIA,KIA Sportage 1.6 TGDi Concept 4x2,26.890 €,2025,11.773 km,Gasolina,160 cv,Albacete,2026-05-06 13:53:40,C,https://www.coches.net/kia-sportage-16-tgdi-118kw-160cv-concept-4x2-5p-gasolina-2025-en-albacete-70144804-covo.aspx
RENAULT,RENAULT Clio Limited Energy dCi 2018,8.046 €,2018,119.000 km,Diesel,75 cv,Las Palmas,2026-05-06 13:53:40,B,https://www.coches.net/renault-clio-limited-energy-dci-55kw-75cv-2018-5p-diesel-2016-en-las-palmas-70512748-covo.aspx
NISSAN,NISSAN QASHQAI 1.5 dCi ACENTA,9.890 €,2017,235.700 km,Diesel,110 cv,Madrid,2026-05-06 13:53:40,C,https://www.coches.net/nissan-qashqai-15-dci-acenta-5p-diesel-2016-en-madrid-70434338-covo.aspx
PEUGEOT,PEUGEOT 5008 GT Line 1.5L BlueHDi SS,17.300 €,2019,178.000 km,Diesel,130 cv,Sevilla,2026-05-06 13:53:40,C,https://www.coches.net/peugeot-5008-gt-line-15l-bluehdi-96kw-130cv-ss-5p-diesel-2019-en-sevilla-70435849-covo.aspx
TOYOTA,TOYOTA Yaris Cross 1.5 120H Style,22.299 €,2022,49.022 km,Híbrido,116 cv,Sevilla,2026-05-06 13:53:40,ECO,https://www.coches.net/toyota-yaris-cross-15-120h-style-5p-electrico-hibrido-2023-en-sevilla-70449556-covo.aspx
TOYOTA,TOYOTA Yaris Cross 1.5 120H Style,22.999 €,2021,54.302 km,Híbrido,116 cv,Sevilla,2026-05-06 13:53:40,ECO,https://www.coches.net/toyota-yaris-cross-15-120h-style-5p-electrico-hibrido-2021-en-sevilla-70449584-covo.aspx
TOYOTA,TOYOTA Yaris Cross 1.5 120H Active Tech,23.990 €,2022,78.380 km,Híbrido,116 cv,Madrid,2026-05-06 13:53:40,ECO,https://www.coches.net/toyota-yaris-cross-15-120h-active-tech-5p-electrico-hibrido-2021-en-madrid-70452398-covo.aspx
CITROEN,CITROEN Grand C4 Picasso PureTech 130 SS 6v Intensive,7.700 €,2015,129.120 km,Gasolina,130 cv,Valencia,2026-05-06 13:53:40,C,https://www.coches.net/citroen-grand-c4-picasso-puretech-130-ss-6v-intensive-5p-gasolina-2015-en-valencia-70457314-covo.aspx
TOYOTA,TOYOTA Yaris 1.5 130H Premiere Edition,23.790 €,2024,44.316 km,Híbrido,130 cv,Barcelona,2026-05-06 13:53:40,ECO,https://www.coches.net/toyota-yaris-15-130h-premiere-edition-5p-electrico-hibrido-2024-en-barcelona-70241263-covo.aspx
OPEL,OPEL Corsa Enjoy 1.4,4.499 €,2008,148.332 km,Gasolina,90 cv,Madrid,2026-05-06 13:53:40,C,https://www.coches.net/opel-corsa-enjoy-14-5p-gasolina-2008-en-madrid-70521271-covo.aspx
FORD,FORD Focus 1.6 TDCi Trend,5.690 €,2011,253.705 km,Diesel,115 cv,Bizkaia,2026-05-06 13:53:40,B,https://www.coches.net/ford-focus-16-tdci-115cv-trend-5p-diesel-2011-en-vizcaya-61730231-covo.aspx
MITSUBISHI,MITSUBISHI Eclipse Cross PHEV Kaiteki 4WD,29.900 €,2025,15.000 km,Híbrido enchufable,188 cv,Murcia,2026-05-06 13:53:40,CERO,https://www.coches.net/mitsubishi-eclipse-cross-phev-kaiteki-4wd-5p-electrico-hibrido-2023-en-murcia-62515912-covo.aspx
MITSUBISHI,MITSUBISHI Eclipse Cross PHEV Kaiteki 4WD,30.900 €,2025,15.000 km,Híbrido enchufable,188 cv,Murcia,2026-05-06 13:53:40,CERO,https://www.coches.net/mitsubishi-eclipse-cross-phev-kaiteki-4wd-5p-electrico-hibrido-2023-en-murcia-62515913-covo.aspx
CITROEN,CITROEN C8 2.0 HDi 16v 138 Premier II,5.500 €,2007,194.000 km,Diesel,138 cv,Alicante,2026-05-06 13:53:40,B,https://www.coches.net/citroen-c8-20-hdi-16v-138-premier-ii-5p-diesel-2005-en-alicante-70537375-covo.aspx
CITROEN,CITROEN C4 Spacetourer PureTech SS 6v Feel,10.890 €,2019,66.750 km,Gasolina,130 cv,Madrid,2026-05-06 13:53:40,C,https://www.coches.net/citroen-c4-spacetourer-puretech-96kw-130cv-ss-6v-feel-5p-gasolina-2018-en-madrid-70539387-covo.aspx
KIA,KIA Sportage 1.6 MHEV Drive 4x2,20.990 €,2021,61.715 km,Híbrido,136 cv,Albacete,2026-05-06 13:53:40,ECO,https://www.coches.net/kia-sportage-16-mhev-drive-100kw-136cv-4x2-5p-electrico-hibrido-2021-en-albacete-62452596-covo.aspx
BMW,BMW X5 xDrive30d,29.999 €,2017,130.000 km,Diesel,258 cv,Salamanca,2026-05-06 13:53:40,C,https://www.coches.net/bmw-x5-xdrive30d-5p-diesel-2017-en-salamanca-70534360-covo.aspx
CITROEN,CITROEN Berlingo Talla M BlueHDi 100 SS LIVE PACK BUSINE,14.394 €,2023,139.000 km,Diesel,102 cv,A Coruña,2026-05-06 13:53:40,C,https://www.coches.net/citroen-berlingo-talla-m-bluehdi-100-ss-live-pack-busine-4p-diesel-2021-en-a-coruna-70414244-covo.aspx
OPEL,OPEL Astra 1.2T XHT GS Auto,17.490 €,2023,37.303 km,Gasolina,130 cv,Alicante,2026-05-06 13:53:40,C,https://www.coches.net/opel-astra-12t-xht-96kw-130cv-gs-auto-5p-gasolina-2023-en-alicante-70405424-covo.aspx
MERCEDES-BENZ,MERCEDES-BENZ Clase E Cabrio E 350 CDI BE Avantgarde,14.990 €,2010,254.000 km,Diesel,231 cv,Málaga,2026-05-06 13:53:40,B,https://www.coches.net/mercedes-benz-clase-e-cabrio-e-350-cdi-be-avantgarde-2p-diesel-2010-en-malaga-61406647-covo.aspx
AUDI,AUDI A4 2.0 TDI e DPF,12.499 €,2010,156.082 km,Diesel,136 cv,Gipuzkoa,2026-05-06 13:53:40,B,https://www.coches.net/audi-a4-20-tdi-e-136cv-dpf-4p-diesel-2011-en-guipuzcoa-70270409-covo.aspx
VOLKSWAGEN,VOLKSWAGEN Touareg RLine 3.0 TDI Tip 4Motion,27.999 €,2019,296.109 km,Diesel,286 cv,Badajoz,2026-05-06 13:53:40,C,https://www.coches.net/volkswagen-touareg-rline-30-tdi-210kw-286cv-tip-4motion-5p-diesel-2019-en-badajoz-70217502-covo.aspx
SUZUKI,SUZUKI Ignis 1.3 Diesel,4.490 €,2004,100.000 km,Diesel,69 cv,Alicante,2026-05-06 13:53:40,B,https://www.coches.net/suzuki-ignis-13-diesel-5p-diesel-2004-en-alicante-70531047-covo.aspx
MERCEDES-BENZ,MERCEDES-BENZ Clase S S 400 d 4MATIC L,42.490 €,2018,195.315 km,Diesel,340 cv,Madrid,2026-05-06 13:53:40,C,https://www.coches.net/mercedes-benz-clase-s-s-400-d-4matic-l-4p-diesel-2019-en-madrid-70533403-covo.aspx
MINI,MINI MINI COOPER 5 PUERTAS,21.290 €,2024,63.040 km,Gasolina,136 cv,Barcelona,2026-05-06 13:53:40,B,https://www.coches.net/mini-mini-cooper-5-puertas-5p-gasolina-2024-en-barcelona-70334914-covo.aspx
JEEP,JEEP Renegade Night Eagle II 1.0G 4x2,16.990 €,2022,81.000 km,Gasolina,120 cv,Las Palmas,2026-05-06 13:53:40,C,https://www.coches.net/jeep-renegade-night-eagle-ii-10g-88kw-120cv-4x2-5p-gasolina-2022-en-las-palmas-62564309-covo.aspx
OPEL,OPEL Mokka 1.2 T 100 CV Edition,17.000 €,2023,32.405 km,Gasolina,100 cv,Albacete,2026-05-06 13:53:40,C,https://www.coches.net/opel-mokka-12-t-74kw-100-cv-edition-5p-gasolina-2023-en-albacete-62569700-covo.aspx
SKODA,SKODA Kamiq 1.0 TSI DSG Style,16.990 €,2021,54.000 km,Gasolina,110 cv,Sta. C. Tenerife,2026-05-06 13:53:40,C,https://www.coches.net/skoda-kamiq-10-tsi-81kw-110cv-dsg-style-5p-gasolina-2022-en-sta-c-tenerife-62571260-covo.aspx
CITROEN,CITROEN C-Elysée HDi Seduction,6.990 €,2015,136.000 km,Diesel,92 cv,Madrid,2026-05-06 13:53:40,C,https://www.coches.net/citroen-c-elysee-hdi-90cv-seduction-4p-diesel-2014-en-madrid-62144678-covo.aspx
VOLKSWAGEN,VOLKSWAGEN T-Roc Cabrio RLine 1.5 TSI,33.050 €,2022,58.203 km,Gasolina,150 cv,Baleares,2026-05-06 13:53:40,C,https://www.coches.net/volkswagen-t-roc-cabrio-rline-15-tsi-110kw-150cv-2p-gasolina-2023-en-baleares-70520452-covo.aspx
VOLKSWAGEN,VOLKSWAGEN T-Roc Cabrio RLine 1.5 TSI,32.600 €,2022,65.230 km,Gasolina,150 cv,Baleares,2026-05-06 13:53:40,C,https://www.coches.net/volkswagen-t-roc-cabrio-rline-15-tsi-110kw-150cv-2p-gasolina-2023-en-baleares-70520963-covo.aspx
DACIA,DACIA Sandero Stepway Expression ECOG 120,15.900 €,2026,10 km,Gas licuado (GLP),122 cv,Madrid,2026-05-06 13:53:40,ECO,https://www.coches.net/km-0/dacia/sandero/madrid/stepway-expression-ecog-120-otros-de-km0-62524517-kovn.aspx
MERCEDES-BENZ,MERCEDES-BENZ Clase A MercedesAMG A 45 S 4MATIC,50.900 €,2021,67.000 km,Gasolina,421 cv,Almería,2026-05-06 13:53:40,C,https://www.coches.net/mercedes-benz-clase-a-mercedesamg-a-45-s-4matic-5p-gasolina-2020-en-almeria-70109109-covo.aspx
FORD,FORD C-Max 1.6 TDCi 109 Trend,6.500 €,2010,144.500 km,Diesel,109 cv,Sevilla,2026-05-06 13:53:40,B,https://www.coches.net/ford-c-max-16-tdci-109-trend-5p-diesel-2009-en-sevilla-70132994-covo.aspx
VOLKSWAGEN,VOLKSWAGEN Golf Business 1.6 TDI BMT,14.950 €,2015,101.550 km,Diesel,110 cv,Madrid,2026-05-06 13:53:40,C,https://www.coches.net/volkswagen-golf-business-16-tdi-110cv-bmt-5p-diesel-2016-en-madrid-70304103-covo.aspx
VOLKSWAGEN,VOLKSWAGEN Beetle 2.0 TDI Connection,10.990 €,2014,192.647 km,Diesel,140 cv,Madrid,2026-05-06 13:53:40,B,https://www.coches.net/volkswagen-beetle-20-tdi-140cv-connection-3p-diesel-2015-en-madrid-70305339-covo.aspx
KIA,KIA Ceed 1.0 TGDi Drive,20.990 €,2025,12.663 km,Gasolina,100 cv,Valencia,2026-05-06 13:53:40,C,https://www.coches.net/kia-ceed-10-tgdi-74kw-100cv-drive-5p-gasolina-2025-en-valencia-70216899-covo.aspx
VOLKSWAGEN,VOLKSWAGEN Passat CC 2.0 TDI DSG RLine BMotion Techn,14.500 €,2012,170.000 km,Diesel,170 cv,Madrid,2026-05-06 13:53:40,B,https://www.coches.net/volkswagen-passat-cc-20-tdi-170cv-dsg-rline-bmotion-techn-4p-diesel-2012-en-madrid-70512801-covo.aspx
KIA,KIA XCeed 1.0 TGDi Drive,17.800 €,2024,44.700 km,Gasolina,100 cv,Málaga,2026-05-06 13:53:40,C,https://www.coches.net/kia-xceed-10-tgdi-drive-74kw-100cv-5p-gasolina-2025-en-malaga-70404500-covo.aspx
FORD,FORD Kuga 2.0 TDCi 120 4x2 Trend,10.999 €,2014,250.000 km,Diesel,120 cv,Madrid,2026-05-06 13:53:40,B,https://www.coches.net/ford-kuga-20-tdci-120-4x2-trend-5p-diesel-2015-en-madrid-70242432-covo.aspx
HYUNDAI,HYUNDAI i30 2.0 TGDI N Performance,33.900 €,2021,37.500 km,Gasolina,280 cv,Tarragona,2026-05-06 13:53:40,C,https://www.coches.net/hyundai-i30-20-tgdi-206kw-280cv-n-performance-5p-gasolina-2021-en-tarragona-70371123-covo.aspx
VOLVO,VOLVO V60 Cross Country 2.0 D4 AUTO AWD,24.200 €,2019,151.121 km,Diesel,190 cv,León,2026-05-06 13:53:40,ECO,https://www.coches.net/volvo-v60-cross-country-20-d4-auto-awd-5p-diesel-2020-en-leon-62553781-covo.aspx
OMODA,OMODA 9 SHS Premium 1.5 TGDI AWD,46.200 €,2025,23.732 km,Híbrido enchufable,537 cv,Toledo,2026-05-06 13:53:40,CERO,https://www.coches.net/omoda-9-shs-premium-15-tgdi-395kw-awd-5p-electrico-hibrido-2025-en-toledo-70238426-covo.aspx
FORD,FORD Kuga STLine X 2.5 Duratec PHEV Auto,32.490 €,2024,19.500 km,Híbrido enchufable,243 cv,Madrid,2026-05-06 13:53:40,CERO,https://www.coches.net/ford-kuga-stline-x-25-duratec-phev-178kw-auto-5p-electrico-hibrido-2024-en-madrid-70378122-covo.aspx
CITROEN,CITROEN C3 1.4 HDi Exclusive,1.490 €,2003,293.000 km,Diesel,70 cv,Madrid,2026-05-06 13:53:40,B,https://www.coches.net/citroen-c3-14-hdi-exclusive-5p-diesel-2002-en-madrid-70547747-covo.aspx
SEAT,SEAT Arona 1.0 TSI Xperience Plus,16.400 €,2022,77.800 km,Gasolina,110 cv,Madrid,2026-05-06 13:53:40,C,https://www.coches.net/seat-arona-10-tsi-81kw-110cv-xperience-plus-5p-gasolina-2022-en-madrid-70326261-covo.aspx
SEAT,SEAT Toledo O1.9TDI MAGNUS,3.975 €,1999,256.000 km,Diesel,90 cv,Madrid,2026-05-06 13:53:40,B,https://www.coches.net/seat-toledo-o19tdi-magnus-5p-diesel-1998-en-madrid-70540892-covo.aspx
MERCEDES-BENZ,MERCEDES-BENZ Clase E Cabrio E 220 d,38.990 €,2018,77.700 km,Diesel,194 cv,Málaga,2026-05-06 13:53:40,B,https://www.coches.net/mercedes-benz-clase-e-cabrio-e-220-d-2p-diesel-2019-en-malaga-70150215-covo.aspx
AUDI,AUDI A6 4.2 FSI V8 quattro tiptronic,9.700 €,2006,246.000 km,Gasolina,350 cv,Madrid,2026-05-06 13:53:40,C,https://www.coches.net/audi-a6-42-fsi-v8-quattro-tiptronic-4p-gasolina-2007-en-madrid-70232139-covo.aspx
HYUNDAI,HYUNDAI Bayon 1.2 MPI Essence,15.950 €,2021,15.000 km,Gasolina,84 cv,Las Palmas,2026-05-06 13:53:40,B,https://www.coches.net/hyundai-bayon-12-mpi-essence-5p-gasolina-2021-en-las-palmas-62231621-covo.aspx
MERCEDES-BENZ,MERCEDES-BENZ Clase A A 250 e,22.950 €,2022,95.000 km,Híbrido enchufable,218 cv,Valencia,2026-05-06 13:53:40,CERO,https://www.coches.net/mercedes-benz-clase-a-a-250-e-5p-electrico-hibrido-2022-en-valencia-70333290-covo.aspx
BMW,BMW X3 sDrive18d,27.880 €,2020,108.311 km,Diesel,150 cv,Barcelona,2026-05-06 13:53:40,C,https://www.coches.net/bmw-x3-sdrive18d-5p-diesel-2020-en-barcelona-70425315-covo.aspx
MG,MG ZS 1.5 Comfort,15.490 €,2025,15.582 km,Gasolina,106 cv,Madrid,2026-05-06 13:53:40,C,https://www.coches.net/mg-zs-15-comfort-5p-gasolina-2022-en-madrid-70446566-covo.aspx
PEUGEOT,PEUGEOT 3008 Hybrid 225 eEAT8 Allure Pack,16.200 €,2021,92.450 km,Híbrido enchufable,225 cv,Madrid,2026-05-06 13:53:40,CERO,https://www.coches.net/peugeot-3008-hybrid-225-eeat8-allure-pack-5p-electrico-hibrido-2020-en-madrid-70489008-covo.aspx
AUDI,AUDI Q5 2.0 TFSI quattro S tronic,11.999 €,2008,171.535 km,Gasolina,211 cv,Zaragoza,2026-05-06 13:53:40,C,https://www.coches.net/audi-q5-20-tfsi-211cv-quattro-s-tronic-5p-gasolina-2009-en-zaragoza-70127155-covo.aspx
PEUGEOT,PEUGEOT 308 SW Allure PureTech 130 SS MAN,16.890 €,2023,76.004 km,Gasolina,130 cv,Barcelona,2026-05-06 13:53:40,C,https://www.coches.net/peugeot-308-sw-allure-puretech-130-ss-man-5p-gasolina-2023-en-barcelona-70416341-covo.aspx
PEUGEOT,PEUGEOT 2008 Allure BlueHDi 100 SS,12.900 €,2019,115.000 km,Diesel,100 cv,Valencia,2026-05-06 13:53:40,C,https://www.coches.net/peugeot-2008-allure-bluehdi-100-ss-5p-diesel-2019-en-valencia-70458424-covo.aspx
BMW,BMW Serie 2 Gran Tourer 216d Business,17.900 €,2020,99.000 km,Diesel,116 cv,Sevilla,2026-05-06 13:53:40,C,https://www.coches.net/bmw-serie-2-gran-tourer-216d-business-5p-diesel-2020-en-sevilla-70230168-covo.aspx
SKODA,SKODA Kodiaq 1.5 TSI DSG 4x2 Sportline,32.500 €,2023,48.000 km,Gasolina,150 cv,Navarra,2026-05-06 13:53:40,B,https://www.coches.net/skoda-kodiaq-15-tsi-110kw-150cv-dsg-4x2-sportline-5p-gasolina-2023-en-navarra-70433903-covo.aspx
MERCEDES-BENZ,MERCEDES-BENZ GLA GLA 200,33.990 €,2023,38.000 km,Gasolina,163 cv,Las Palmas,2026-05-06 13:53:40,C,https://www.coches.net/mercedes-benz-gla-gla-200-5p-gasolina-2023-en-las-palmas-70434010-covo.aspx
BMW,BMW X3 sDrive18d xLine,44.900 €,2024,25.642 km,Híbrido,150 cv,Madrid,2026-05-06 13:53:40,ECO,https://www.coches.net/bmw-x3-sdrive18d-xline-5p-electrico-hibrido-2024-en-madrid-70471526-covo.aspx
LAND-ROVER,LAND-ROVER Range Rover Evoque 2.0L TD4 4x4 HSE Dynamic Auto Conv,31.990 €,2017,86.400 km,Diesel,150 cv,Málaga,2026-05-06 13:53:40,C,https://www.coches.net/land-rover-range-rover-evoque-20l-td4-110kw-4x4-hse-dynamic-auto-conv-2p-diesel-2018-en-malaga-70150402-covo.aspx
BMW,BMW X6 M Competition,84.999 €,2022,63.000 km,Gasolina,625 cv,Sevilla,2026-05-06 13:53:40,C,https://www.coches.net/bmw-x6-m-competition-5p-gasolina-2022-en-sevilla-70527895-covo.aspx
MERCEDES-BENZ,MERCEDES-BENZ Clase GLC GLC 300 de 4MATIC,27.900 €,2021,225.000 km,Híbrido enchufable,306 cv,Madrid,2026-05-06 13:53:40,CERO,https://www.coches.net/mercedes-benz-clase-glc-glc-300-de-4matic-5p-electrico-hibrido-2022-en-madrid-70531190-covo.aspx
FORD,FORD S-MAX 2.0 TDCi Titanium,8.990 €,2015,202.816 km,Diesel,140 cv,Madrid,2026-05-06 13:53:40,B,https://www.coches.net/ford-s-max-20-tdci-140cv-titanium-5p-diesel-2014-en-madrid-70533206-covo.aspx
VOLVO,VOLVO XC60 2.0 B4 D AWD Momentum Pro Auto,32.490 €,2020,113.000 km,Híbrido,197 cv,Madrid,2026-05-06 13:53:40,ECO,https://www.coches.net/volvo-xc60-20-b4-d-awd-momentum-pro-auto-5p-electrico-hibrido-2021-en-madrid-70534947-covo.aspx
TOYOTA,TOYOTA C-HR 1.8 125H Active,22.990 €,2022,75.000 km,Híbrido,122 cv,Asturias,2026-05-06 13:53:40,ECO,https://www.coches.net/toyota-c-hr-18-125h-active-5p-electrico-hibrido-2022-en-asturias-70137241-covo.aspx
PEUGEOT,PEUGEOT 3008 1.5 BlueHDi SS GT EAT8,16.390 €,2020,118.856 km,Diesel,130 cv,Madrid,2026-05-06 13:53:40,C,https://www.coches.net/peugeot-3008-15-bluehdi-96kw-ss-gt-eat8-5p-diesel-2020-en-madrid-70503374-covo.aspx
SKODA,SKODA Fabia 1.0 TSI DSG Monte Carlo,18.990 €,2022,49.500 km,Gasolina,110 cv,Tarragona,2026-05-06 13:53:40,C,https://www.coches.net/skoda-fabia-10-tsi-81kw-110cv-dsg-monte-carlo-5p-gasolina-2023-en-tarragona-62504863-covo.aspx
AUDI,AUDI A4 2.0 TDI DPF,8.900 €,2009,167.890 km,Diesel,143 cv,Barcelona,2026-05-06 13:53:40,B,https://www.coches.net/audi-a4-20-tdi-143cv-dpf-4p-diesel-2010-en-barcelona-70320914-covo.aspx
TOYOTA,TOYOTA Corolla 140H Active Plus,26.900 €,2025,1527 km,Híbrido,140 cv,Málaga,2026-05-06 13:53:40,ECO,https://www.coches.net/toyota-corolla-140h-active-plus-5p-electrico-hibrido-2025-en-malaga-70520663-covo.aspx
CITROEN,CITROEN C3 1.1i Furio,3.990 €,2007,107.000 km,Gasolina,61 cv,Sevilla,2026-05-06 13:53:40,C,https://www.coches.net/citroen-c3-11i-furio-5p-gasolina-2005-en-sevilla-70521292-covo.aspx
VOLKSWAGEN,VOLKSWAGEN Tiguan R 2.0 TSI 320 CV DSG 4Motion,48.990 €,2023,44.500 km,Gasolina,320 cv,Barcelona,2026-05-06 13:53:40,C,https://www.coches.net/volkswagen-tiguan-r-20-tsi-235-kw-320-cv-dsg-4motion-5p-gasolina-2024-en-barcelona-70462313-covo.aspx
SEAT,SEAT Arona 1.0 TSI DSG Style Plus,14.790 €,2023,83.000 km,Gasolina,110 cv,Madrid,2026-05-06 13:53:40,C,https://www.coches.net/seat-arona-10-tsi-81kw-110cv-dsg-style-plus-5p-gasolina-2022-en-madrid-70496217-covo.aspx
NISSAN,NISSAN QASHQAI dCi ACENTA,19.790 €,2020,97.069 km,Diesel,150 cv,Madrid,2026-05-06 13:53:40,B,https://www.coches.net/nissan-qashqai-dci-150cv-110kw-acenta-5p-diesel-2020-en-madrid-70070089-covo.aspx
HYUNDAI,HYUNDAI Tucson 1.7CRDi BD Klass SkyNav 4x2,11.900 €,2016,188.000 km,Diesel,115 cv,Araba,2026-05-06 13:53:40,C,https://www.coches.net/hyundai-tucson-17crdi-85kw-115cv-bd-klass-skynav-4x2-5p-diesel-2015-en-alava-70527869-covo.aspx
AUDI,AUDI Q5 SPORTBACK Advanced 50 TFSI e quattroultra,44.390 €,2024,16.245 km,Híbrido enchufable,299 cv,Barcelona,2026-05-06 13:53:40,CERO,https://www.coches.net/audi-q5-sportback-advanced-50-tfsi-e-quattroultra-5p-electrico-hibrido-2024-en-barcelona-70487434-covo.aspx
FORD,FORD Fiesta 1.0 EcoBoost Trend,6.556 €,2014,169.000 km,Gasolina,100 cv,Navarra,2026-05-06 13:53:40,C,https://www.coches.net/ford-fiesta-10-ecoboost-100cv-trend-3p-3p-gasolina-2014-en-navarra-70257647-covo.aspx
PORSCHE,PORSCHE Cayenne 3.0 TD Tiptronic,10.999 €,2010,356.989 km,Diesel,240 cv,Sevilla,2026-05-06 13:53:40,B,https://www.coches.net/porsche-cayenne-30-td-tiptronic-5p-diesel-2011-en-sevilla-70431471-covo.aspx
SKODA,SKODA Octavia Combi 2.0 TDI 110kW150CV DSG Selection,22.900 €,2023,52.878 km,Diesel,150 cv,Madrid,2026-05-06 13:53:40,C,https://www.coches.net/skoda-octavia-combi-20-tdi-110kw150cv-dsg-selection-5p-diesel-2023-en-madrid-70437401-covo.aspx
NISSAN,NISSAN JUKE DIGT 114 CV 6MT Acenta,18.950 €,2025,37.105 km,Gasolina,114 cv,Madrid,2026-05-06 13:53:40,C,https://www.coches.net/nissan-juke-digt-84-kw-114-cv-6mt-acenta-5p-gasolina-2025-en-madrid-70509687-covo.aspx
MITSUBISHI,MITSUBISHI Eclipse Cross 2.4 PHEV Kaiteki Auto 4WD,19.990 €,2022,77.000 km,Híbrido enchufable,188 cv,Sta. C. Tenerife,2026-05-06 13:53:40,CERO,https://www.coches.net/mitsubishi-eclipse-cross-24-phev-kaiteki-auto-4wd-5p-electrico-hibrido-2021-en-sta-c-tenerife-70183092-covo.aspx
VOLKSWAGEN,VOLKSWAGEN T-Cross TCross 1.0 TSI,17.995 €,2023,44.000 km,Gasolina,95 cv,Las Palmas,2026-05-06 13:53:40,C,https://www.coches.net/volkswagen-t-cross-tcross-10-tsi-70kw-95cv-5p-gasolina-2024-en-las-palmas-70450434-covo.aspx
VOLKSWAGEN,VOLKSWAGEN T-Cross TCross 1.0 TSI,16.990 €,2022,45.000 km,Gasolina,95 cv,Las Palmas,2026-05-06 13:53:40,B,https://www.coches.net/volkswagen-t-cross-tcross-10-tsi-70kw-95cv-5p-gasolina-2024-en-las-palmas-70454158-covo.aspx
MINI,MINI MINI Cooper S Auto,9.500 €,2008,161.180 km,Gasolina,175 cv,Madrid,2026-05-06 13:53:40,B,https://www.coches.net/mini-mini-cooper-s-auto-3p-gasolina-2008-en-madrid-62545617-covo.aspx
MERCEDES-BENZ,MERCEDES-BENZ CLA CLA 200 D DCT,26.999 €,2021,66.999 km,Diesel,150 cv,Alicante,2026-05-06 13:53:40,C,https://www.coches.net/mercedes-benz-cla-cla-200-d-dct-4p-diesel-2021-en-alicante-70333275-covo.aspx
VOLKSWAGEN,VOLKSWAGEN Polo 1.6 Edition,3.400 €,2008,260.000 km,Gasolina,105 cv,Madrid,2026-05-06 13:53:40,C,https://www.coches.net/volkswagen-polo-16-edition-105cv-5p-gasolina-2008-en-madrid-70524950-covo.aspx
SEAT,SEAT Arona 1.0 TSI Style Special Edition,18.900 €,2025,14.700 km,Gasolina,115 cv,Bizkaia,2026-05-06 13:53:40,C,https://www.coches.net/seat-arona-10-tsi-85kw-style-special-edition-5p-gasolina-2025-en-vizcaya-70479015-covo.aspx
MERCEDES-BENZ,MERCEDES-BENZ Clase GLC GLC 220 d 4MATIC,32.900 €,2021,129.000 km,Diesel,194 cv,Navarra,2026-05-06 13:53:40,C,https://www.coches.net/mercedes-benz-clase-glc-glc-220-d-4matic-5p-diesel-2022-en-navarra-70480298-covo.aspx
MITSUBISHI,MITSUBISHI Outlander 200 MPI Motion CVT 2WD 5 Plazas,14.900 €,2016,88.000 km,Gasolina,150 cv,Tarragona,2026-05-06 13:53:40,C,https://www.coches.net/mitsubishi-outlander-200-mpi-motion-cvt-2wd-5-plazas-5p-gasolina-2016-en-tarragona-70482447-covo.aspx
PEUGEOT,PEUGEOT 2008 Active BlueHDI,17.500 €,2021,71.104 km,Diesel,110 cv,Málaga,2026-05-06 13:53:40,C,https://www.coches.net/peugeot-2008-active-bluehdi-81kw-110cv-5p-diesel-2021-en-malaga-70135140-covo.aspx
AUDI,AUDI Q2 Design 30 TFSI,20.990 €,2019,99.995 km,Gasolina,116 cv,Granada,2026-05-06 13:53:40,C,https://www.coches.net/audi-q2-design-30-tfsi-85kw-116cv-5p-gasolina-2019-en-granada-70360297-covo.aspx
CITROEN,CITROEN C4 Aircross 1.6 HDi Seduction,9.499 €,2014,143.000 km,Diesel,114 cv,Córdoba,2026-05-06 13:53:40,B,https://www.coches.net/citroen-c4-aircross-16-hdi-115cv-seduction-5p-diesel-2014-en-cordoba-70201536-covo.aspx
MINI,MINI MINI COOPER,23.498 €,2023,27.690 km,Gasolina,136 cv,Gipuzkoa,2026-05-06 13:53:40,C,https://www.coches.net/mini-mini-cooper-3p-gasolina-2023-en-guipuzcoa-62116544-covo.aspx
TESLA,TESLA Model 3 Gran Autonomia AWD,27.990 €,2022,120.000 km,Eléctrico,498 cv,Madrid,2026-05-06 13:53:40,CERO,https://www.coches.net/tesla-model-3-gran-autonomia-awd-4p-electrico-hibrido-2022-en-madrid-70447677-covo.aspx
BYD,BYD Seal Excellence AWD,38.490 €,2024,38.699 km,Eléctrico,530 cv,Madrid,2026-05-06 13:53:40,CERO,https://www.coches.net/byd-seal-excellence-awd-4p-electrico-hibrido-2023-en-madrid-70473341-covo.aspx
TOYOTA,TOYOTA Auris 1.2 120T Active Business Plus,14.490 €,2018,75.417 km,Gasolina,116 cv,Gipuzkoa,2026-05-06 13:53:40,C,https://www.coches.net/toyota-auris-12-120t-active-business-plus-5p-gasolina-2018-en-guipuzcoa-70502495-covo.aspx
VOLKSWAGEN,VOLKSWAGEN Golf Advance 1.6 TDI DSG,12.990 €,2017,161.755 km,Diesel,115 cv,Barcelona,2026-05-06 13:53:40,C,https://www.coches.net/volkswagen-golf-advance-16-tdi-85kw-115cv-dsg-5p-diesel-2018-en-barcelona-70499059-covo.aspx
DACIA,DACIA Sandero Essential TCe,13.500 €,2022,36.000 km,Gasolina,91 cv,Cádiz,2026-05-06 13:53:40,B,https://www.coches.net/dacia-sandero-essential-tce-67kw-90cv-5p-gasolina-2022-en-cadiz-70404607-covo.aspx
SEAT,SEAT Ibiza SC 1.6 16v Sport DSG,6.900 €,2010,159.000 km,Gasolina,105 cv,Madrid,2026-05-06 13:53:40,C,https://www.coches.net/seat-ibiza-sc-16-16v-105cv-sport-dsg-3p-gasolina-2010-en-madrid-70512036-covo.aspx
SEAT,SEAT Ibiza SC 1.2 12v Emocion,5.900 €,2011,156.000 km,Gasolina,60 cv,Alicante,2026-05-06 13:53:40,C,https://www.coches.net/seat-ibiza-sc-12-12v-60cv-emocion-3p-gasolina-2012-en-alicante-70514683-covo.aspx
KIA,KIA Picanto 1.0 TGDi xLine,13.490 €,2021,44.000 km,Gasolina,100 cv,Barcelona,2026-05-06 13:53:40,C,https://www.coches.net/kia-picanto-10-tgdi-74kw-100cv-xline-5p-gasolina-2022-en-barcelona-70105576-covo.aspx
MINI,MINI MINI Cooper R56,7.500 €,2007,130.000 km,Gasolina,120 cv,Tarragona,2026-05-06 13:53:40,C,https://www.coches.net/mini-mini-cooper-r56-3p-gasolina-2007-en-tarragona-70283791-covo.aspx
AUDI,AUDI A3 RS 3 2.5 TFSI quattro S tronic Sportback,50.890 €,2018,49.900 km,Gasolina,400 cv,Madrid,2026-05-06 13:53:40,C,https://www.coches.net/audi-a3-rs-3-2.5-tfsi-quattro-s-tronic-sportback-5p-gasolina-2018-en-madrid-61923456-covo.aspx
KIA,KIA Niro 1.6 GDi HEV Drive,26.065 €,2025,21.853 km,Híbrido,129 cv,Madrid,2026-05-06 13:53:40,ECO,https://www.coches.net/kia-niro-16-gdi-hev-95kw-129cv-drive-5p-electrico-hibrido-2025-en-madrid-70562876-covo.aspx
VOLKSWAGEN,VOLKSWAGEN Tiguan Allspace Life 2.0 TDI DSG,28.900 €,2022,66.000 km,Diesel,150 cv,Madrid,2026-05-06 13:53:40,C,https://www.coches.net/volkswagen-tiguan-allspace-life-20-tdi-110kw-150cv-dsg-5p-diesel-2022-en-madrid-70523770-covo.aspx
AUDI,AUDI A4 Avant 2.0 TDI,14.450 €,2016,170.215 km,Diesel,150 cv,Gipuzkoa,2026-05-06 13:53:40,C,https://www.coches.net/audi-a4-avant-20-tdi-150cv-5p-diesel-2016-en-guipuzcoa-70502479-covo.aspx
VOLKSWAGEN,VOLKSWAGEN Tayron RLine 1.5 eTSI DSG,48.990 €,2025,33.458 km,Híbrido,150 cv,Ávila,2026-05-06 13:53:40,ECO,https://www.coches.net/volkswagen-tayron-rline-1.5-etsi-110kw-150cv-dsg-5p-electrico-/-hibrido-2025-en-avila-61916610-covo.aspx
FORD,FORD Explorer EV CX740S Premium R. Ext. RWD 77kWh,35.750 €,2025,5850 km,Eléctrico,286 cv,León,2026-05-06 13:53:40,CERO,https://www.coches.net/km-0/ford/explorer-ev/leon/cx740s-premium-r.-ext.-rwd-77kwh-286cv-electrico-/-hibrido-de-km0-61923033-kovn.aspx
AUDI,AUDI Q2 Advanced 35 TFSI S tronic,20.900 €,2021,117.278 km,Gasolina,150 cv,Valencia,2026-05-06 13:53:40,C,https://www.coches.net/audi-q2-advanced-35-tfsi-110kw-150cv-s-tronic-5p-gasolina-2021-en-valencia-62564842-covo.aspx
BMW,BMW ix2 xDrive30,39.985 €,2025,6733 km,Eléctrico,313 cv,Las Palmas,2026-05-06 13:53:40,CERO,https://www.coches.net/bmw-ix2-xdrive30-5p-electrico-hibrido-2025-en-las-palmas-62570966-covo.aspx
MINI,MINI MINI COOPER CABRIO,25.990 €,2023,32.000 km,Gasolina,136 cv,Madrid,2026-05-06 13:53:40,C,https://www.coches.net/mini-mini-cooper-cabrio-2p-gasolina-2023-en-madrid-70462449-covo.aspx
SMART,SMART forfour 60kW81CV EQ,13.000 €,2021,17.891 km,Eléctrico,82 cv,Navarra,2026-05-06 13:53:40,CERO,https://www.coches.net/smart-forfour-60kw81cv-eq-5p-electrico-hibrido-2021-en-navarra-70434659-covo.aspx
MERCEDES-BENZ,MERCEDES-BENZ Clase B B 200 d,32.900 €,2025,11.308 km,Diesel,150 cv,Barcelona,2026-05-06 13:53:40,C,https://www.coches.net/mercedes-benz-clase-b-b-200-d-5p-diesel-2025-en-barcelona-62258138-covo.aspx
AUDI,AUDI Q7 Black line Ed. TDI quattro,76.390 €,2025,23.639 km,Híbrido,286 cv,Madrid,2026-05-06 13:53:40,ECO,https://www.coches.net/audi-q7-black-line-ed-tdi-quattro-210kw-286cv-5p-electrico-hibrido-2026-en-madrid-70224908-covo.aspx
PEUGEOT,PEUGEOT 3008 Allure 1.6 BlueHDI 120 FAP,10.900 €,2016,88.437 km,Diesel,120 cv,Araba,2026-05-06 13:53:40,B,https://www.coches.net/peugeot-3008-allure-16-bluehdi-120-fap-5p-diesel-2015-en-alava-70202025-covo.aspx
AUDI,AUDI A3 1.6 TDI Sportback,17.990 €,2018,116.500 km,Diesel,116 cv,Barcelona,2026-05-06 13:53:40,C,https://www.coches.net/audi-a3-16-tdi-85kw-116cv-sportback-5p-diesel-2018-en-barcelona-70408839-covo.aspx
MG,MG ZS 1.0T Luxury Auto,18.500 €,2025,14.527 km,Gasolina,111 cv,Lugo,2026-05-06 13:53:40,C,https://www.coches.net/mg-zs-10t-luxury-auto-5p-gasolina-2023-en-lugo-70410663-covo.aspx
TOYOTA,TOYOTA C-HR Advance Plugin Hybrid 220,33.500 €,2025,7680 km,Híbrido enchufable,223 cv,Gipuzkoa,2026-05-06 13:53:40,CERO,https://www.coches.net/km-0/toyota/c-hr/guipuzcoa/advance-plugin-hybrid-220-electrico-hibrido-de-km0-70414350-kovn.aspx
KIA,KIA Stonic 1.0 TGDi MHEV MT Drive,20.990 €,2025,15.213 km,Híbrido,100 cv,A Coruña,2026-05-06 13:53:40,ECO,https://www.coches.net/kia-stonic-10-tgdi-74kw-100cv-mhev-mt-drive-5p-electrico-hibrido-2025-en-a-coruna-70502792-covo.aspx
CITROEN,CITROEN C5 Aircross PureTech SS Feel,15.900 €,2023,85.570 km,Gasolina,131 cv,Bizkaia,2026-05-06 13:53:40,C,https://www.coches.net/citroen-c5-aircross-puretech-96kw-130cv-ss-feel-5p-gasolina-2022-en-vizcaya-62561654-covo.aspx
BMW,BMW X4 xDrive20d xLine,46.990 €,2022,85.000 km,Híbrido,190 cv,Sevilla,2026-05-06 13:53:40,ECO,https://www.coches.net/bmw-x4-xdrive20d-xline-5p-electrico-hibrido-2023-en-sevilla-70415593-covo.aspx
TOYOTA,TOYOTA Yaris 1.5 120H Active Plus,22.600 €,2025,12.796 km,Híbrido,116 cv,Girona,2026-05-06 13:53:40,ECO,https://www.coches.net/toyota-yaris-15-120h-active-plus-5p-electrico-hibrido-2025-en-girona-70448380-covo.aspx
MERCEDES-BENZ,MERCEDES-BENZ Clase C C 220 d Estate,48.900 €,2025,12.637 km,Híbrido,200 cv,Barcelona,2026-05-06 13:53:40,ECO,https://www.coches.net/mercedes-benz-clase-c-c-220-d-estate-5p-electrico-hibrido-2024-en-barcelona-70436431-covo.aspx
SEAT,SEAT Ateca 1.5 TSI StSp FR,22.990 €,2020,24.870 km,Gasolina,150 cv,Bizkaia,2026-05-06 13:53:40,C,https://www.coches.net/seat-ateca-15-tsi-110kw-150cv-stsp-fr-5p-gasolina-2020-en-vizcaya-70328460-covo.aspx
SUZUKI,SUZUKI Swift 1.2 GLX Mild Hybrid,15.900 €,2022,59.000 km,Híbrido,83 cv,Bizkaia,2026-05-06 13:53:40,ECO,https://www.coches.net/suzuki-swift-12-glx-mild-hybrid-5p-electrico-hibrido-2021-en-vizcaya-70364935-covo.aspx
BYD,BYD Dolphin Comfort,27.500 €,2025,6252 km,Eléctrico,204 cv,Madrid,2026-05-06 13:53:40,CERO,https://www.coches.net/byd-dolphin-comfort-5p-electrico-hibrido-2025-en-madrid-70367730-covo.aspx
BYD,BYD Dolphin Comfort,27.500 €,2025,5331 km,Eléctrico,204 cv,Madrid,2026-05-06 13:53:40,CERO,https://www.coches.net/byd-dolphin-comfort-5p-electrico-hibrido-2025-en-madrid-70367732-covo.aspx
BYD,BYD Dolphin Comfort,27.500 €,2025,1692 km,Eléctrico,204 cv,Madrid,2026-05-06 13:53:40,CERO,https://www.coches.net/byd-dolphin-comfort-5p-electrico-hibrido-2025-en-madrid-70367734-covo.aspx
VOLKSWAGEN,VOLKSWAGEN T-Roc RLine 2.0 TDI DSG,29.990 €,2023,57.000 km,Diesel,150 cv,Sevilla,2026-05-06 13:53:40,C,https://www.coches.net/volkswagen-t-roc-rline-20-tdi-110kw-150cv-dsg-5p-diesel-2024-en-sevilla-70398012-covo.aspx
FORD,FORD EcoSport 1.5 TiVCT EcoSport,10.999 €,2015,119.702 km,Gasolina,112 cv,Madrid,2026-05-06 13:53:40,C,https://www.coches.net/ford-ecosport-15-tivct-110cv-ecosport-5p-gasolina-2014-en-madrid-70405694-covo.aspx
PEUGEOT,PEUGEOT E-3008 GT Electrico,38.990 €,2025,10 km,Eléctrico,214 cv,Toledo,2026-05-06 13:53:40,B,https://www.coches.net/peugeot-e-3008-gt-electrico-157kw-5p-electrico-hibrido-2025-en-toledo-70526530-covo.aspx
OPEL,OPEL Astra 1.5D DVH Elegance ST,9.800 €,2019,148.977 km,Diesel,122 cv,Sevilla,2026-05-06 13:53:40,B,https://www.coches.net/opel-astra-15d-dvh-90kw-122cv-elegance-st-5p-diesel-2020-en-sevilla-70530654-covo.aspx
RENAULT,RENAULT Clio Business Blue dCi,10.990 €,2021,120.446 km,Diesel,100 cv,Madrid,2026-05-06 13:53:40,C,https://www.coches.net/renault-clio-business-blue-dci-74kw-100cv-5p-diesel-2021-en-madrid-62497973-covo.aspx
FORD,FORD Kuga Titanium 1.5T EcoBoost,20.400 €,2023,73.798 km,Gasolina,150 cv,Sevilla,2026-05-06 13:53:40,C,https://www.coches.net/ford-kuga-titanium-15t-ecoboost-110kw-150cv-5p-gasolina-2023-en-sevilla-70356722-covo.aspx
AUDI,AUDI A5 B.Line 45 TFSI quattroultra Sportback,43.500 €,2022,90.280 km,Híbrido,265 cv,Madrid,2026-05-06 13:53:40,ECO,https://www.coches.net/audi-a5-bline-45-tfsi-quattroultra-sportback-5p-electrico-hibrido-2022-en-madrid-70508260-covo.aspx
PEUGEOT,PEUGEOT Rifter Active Pack Standard BlueHDi,16.799 €,2021,101.092 km,Diesel,100 cv,Gipuzkoa,2026-05-06 13:53:40,C,https://www.coches.net/peugeot-rifter-active-pack-standard-bluehdi-73kw-5p-diesel-2021-en-guipuzcoa-62183748-covo.aspx
VOLKSWAGEN,VOLKSWAGEN Polo 1.2 TDI BlueMotion,7.490 €,2013,189.000 km,Diesel,75 cv,Murcia,2026-05-06 13:53:40,B,https://www.coches.net/volkswagen-polo-12-tdi-75cv-bluemotion-5p-diesel-2014-en-murcia-70510520-covo.aspx
BMW,BMW Serie 3 325i,9.990 €,2009,141.400 km,Gasolina,218 cv,Málaga,2026-05-06 13:53:40,C,https://www.coches.net/bmw-serie-3-325i-4p-gasolina-2009-en-malaga-70515632-covo.aspx
SEAT,SEAT Ateca 1.5 TSI DSG FR Special Edition,29.500 €,2024,23.357 km,Gasolina,150 cv,Zaragoza,2026-05-06 13:53:40,B,https://www.coches.net/seat-ateca-15-tsi-110kw-dsg-fr-special-edition-5p-gasolina-2024-en-zaragoza-62272078-covo.aspx
SEAT,SEAT Ateca 1.5 TSI DSG FR Special Edition,29.700 €,2024,7365 km,Gasolina,150 cv,Zaragoza,2026-05-06 13:53:40,B,https://www.coches.net/seat-ateca-15-tsi-110kw-dsg-fr-special-edition-5p-gasolina-2024-en-zaragoza-62272093-covo.aspx
MERCEDES-BENZ,MERCEDES-BENZ Clase A MercedesAMG A 45 4MATIC,35.500 €,2017,119.500 km,Gasolina,381 cv,Madrid,2026-05-06 13:53:40,C,https://www.coches.net/mercedes-benz-clase-a-mercedesamg-a-45-4matic-5p-gasolina-2018-en-madrid-70423878-covo.aspx
BMW,BMW X3 XDRIVE20D,10.290 €,2010,165.313 km,Diesel,177 cv,Barcelona,2026-05-06 13:53:40,B,https://www.coches.net/bmw-x3-xdrive20d-5p-diesel-2010-en-barcelona-70500706-covo.aspx
VOLVO,VOLVO V60 2.0 B4 D Plus Dark Auto,29.490 €,2023,92.397 km,Híbrido,197 cv,Madrid,2026-05-06 13:53:40,ECO,https://www.coches.net/volvo-v60-20-b4-d-plus-dark-auto-5p-electrico-hibrido-2024-en-madrid-70459921-covo.aspx
JEEP,JEEP Renegade 1.4 MAIR 140 HP DDCT Limited FWD,11.990 €,2015,177.000 km,Gasolina,140 cv,Madrid,2026-05-06 13:53:40,C,https://www.coches.net/jeep-renegade-14-mair-140-hp-ddct-limited-fwd-5p-gasolina-2016-en-madrid-70395214-covo.aspx
NISSAN,NISSAN QASHQAI DIGT mHEV Xtronic 4x4 NConnecta,23.500 €,2022,66.777 km,Híbrido,158 cv,Madrid,2026-05-06 13:53:40,ECO,https://www.coches.net/nissan-qashqai-digt-116kw-mhev-xtronic-4x4-nconnecta-5p-electrico-hibrido-2023-en-madrid-70520832-covo.aspx
NISSAN,NISSAN QASHQAI EPOWER 190 CV NConnecta,22.990 €,2023,83.000 km,Híbrido,190 cv,Barcelona,2026-05-06 13:53:40,ECO,https://www.coches.net/nissan-qashqai-epower-140-kw-190-cv-nconnecta-5p-electrico-hibrido-2023-en-barcelona-70522814-covo.aspx
FORD,FORD Fiesta 1.5 TDCi Trend,9.900 €,2018,105.860 km,Diesel,85 cv,Madrid,2026-05-06 13:53:40,C,https://www.coches.net/ford-fiesta-15-tdci-63kw-trend-5p-5p-diesel-2018-en-madrid-70498633-covo.aspx
PORSCHE,PORSCHE Cayenne 3.0 TD Tiptronic,19.990 €,2011,216.000 km,Diesel,245 cv,Barcelona,2026-05-06 13:53:40,B,https://www.coches.net/porsche-cayenne-30-td-tiptronic-5p-diesel-2012-en-barcelona-70527905-covo.aspx
SSANGYONG,SSANGYONG Tivoli G15T LP Urban Plus,17.950 €,2024,46.293 km,Gasolina,135 cv,Baleares,2026-05-06 13:53:40,C,https://www.coches.net/ssangyong-tivoli-g15t-lp-urban-plus-5p-gasolina-2024-en-baleares-70528503-covo.aspx
NISSAN,NISSAN X-TRAIL dCi 150 CV E6D CVT NCONNE.,18.200 €,2020,149.000 km,Diesel,150 cv,La Rioja,2026-05-06 13:53:40,C,https://www.coches.net/nissan-x-trail-5p-dci-110-kw-150-cv-e6d-cvt-nconne-5p-diesel-2019-en-la-rioja-70531555-covo.aspx
VOLVO,VOLVO XC60 2.0 B4 D RDesign Auto,35.500 €,2021,86.121 km,Híbrido,197 cv,León,2026-05-06 13:53:40,ECO,https://www.coches.net/volvo-xc60-20-b4-d-rdesign-auto-5p-electrico-hibrido-2022-en-leon-61822566-covo.aspx
TOYOTA,TOYOTA C-HR 2.0 180H Advance,19.990 €,2021,199.736 km,Híbrido,184 cv,Burgos,2026-05-06 13:53:40,ECO,https://www.coches.net/toyota-c-hr-20-180h-advance-5p-electrico-hibrido-2021-en-burgos-70125844-covo.aspx
VOLKSWAGEN,VOLKSWAGEN Golf 1.9 TDi iGolf,7.500 €,2007,144.000 km,Diesel,90 cv,Barcelona,2026-05-06 13:53:40,B,https://www.coches.net/volkswagen-golf-19-tdi-90cv-igolf-5p-diesel-2008-en-barcelona-70519623-covo.aspx
AUDI,AUDI A5 RS 5 Competition Plus Sportback,76.990 €,2022,73.000 km,Gasolina,450 cv,Pontevedra,2026-05-06 13:53:40,C,https://www.coches.net/audi-a5-rs-5-competition-plus-sportback-5p-gasolina-2023-en-pontevedra-62495002-covo.aspx
AUDI,AUDI Q5 S Line 50 TFSI e quattroultra,30.399 €,2021,109.100 km,Híbrido enchufable,299 cv,Madrid,2026-05-06 13:53:40,CERO,https://www.coches.net/audi-q5-s-line-50-tfsi-e-quattroultra-5p-electrico-hibrido-2022-en-madrid-70215331-covo.aspx
KIA,KIA Sorento 1.6 TGDi HEV Emotion 4x2 7pl,30.890 €,2021,111.191 km,Híbrido,230 cv,Madrid,2026-05-06 13:53:40,ECO,https://www.coches.net/kia-sorento-16-tgdi-hev-emotion-4x2-7pl-5p-electrico-hibrido-2021-en-madrid-70347901-covo.aspx
VOLKSWAGEN,VOLKSWAGEN Tiguan Life 1.5 TSI DSG,21.500 €,2022,188.612 km,Gasolina,150 cv,León,2026-05-06 13:53:40,C,https://www.coches.net/volkswagen-tiguan-life-15-tsi-110kw-150cv-dsg-5p-gasolina-2022-en-leon-70461917-covo.aspx
BMW,BMW X4 xDrive30d,29.990 €,2019,184.000 km,Diesel,265 cv,Asturias,2026-05-06 13:53:40,C,https://www.coches.net/bmw-x4-xdrive30d-5p-diesel-2020-en-asturias-70490365-covo.aspx
MG,MG ZS 1.5 Comfort,14.990 €,2024,19.221 km,Gasolina,106 cv,Madrid,2026-05-06 13:53:40,C,https://www.coches.net/mg-zs-15-comfort-5p-gasolina-2024-en-madrid-70509725-covo.aspx
PORSCHE,PORSCHE Cayenne,8.499 €,2006,215.000 km,Gasolina,250 cv,Sevilla,2026-05-06 13:53:40,B,https://www.coches.net/porsche-cayenne--5p-gasolina-2006-en-sevilla-70513845-covo.aspx
CITROEN,CITROEN C3 Aircross PureTech SS CSeries,14.500 €,2024,22.861 km,Gasolina,110 cv,Barcelona,2026-05-06 13:53:40,C,https://www.coches.net/citroen-c3-aircross-puretech-81kw-110cv-ss-cseries-5p-gasolina-2023-en-barcelona-70515703-covo.aspx
MG,MG HS 1.5 Turbo GDI Luxury Auto,21.490 €,2024,39.578 km,Gasolina,162 cv,Asturias,2026-05-06 13:53:40,C,https://www.coches.net/mg-hs-15-turbo-gdi-luxury-auto-5p-gasolina-2023-en-asturias-70531616-covo.aspx
BMW,BMW Serie 3 M3,52.800 €,2015,89.000 km,Gasolina,431 cv,Murcia,2026-05-06 13:53:40,C,https://www.coches.net/bmw-serie-3-m3-4p-gasolina-2016-en-murcia-70192074-covo.aspx
MAZDA,MAZDA CX-7 Sportive 2.3,9.500 €,2008,139.000 km,Gasolina,260 cv,Sevilla,2026-05-06 13:53:40,C,https://www.coches.net/mazda-cx-7-sportive-23-5p-gasolina-2007-en-sevilla-70182424-covo.aspx
SSANGYONG,SSANGYONG Tivoli D16T Limited 4x2,10.599 €,2019,107.726 km,Diesel,115 cv,Sevilla,2026-05-06 13:53:40,C,https://www.coches.net/ssangyong-tivoli-d16t-limited-4x2-5p-diesel-2018-en-sevilla-70448903-covo.aspx
LAND-ROVER,LAND-ROVER Range Rover Sport 3.0 SDV6 HSE Dynamic,44.990 €,2018,90.000 km,Diesel,306 cv,Alicante,2026-05-06 13:53:40,C,https://www.coches.net/land-rover-range-rover-sport-30-sdv6-225kw-306cv-hse-dynamic-5p-diesel-2018-en-alicante-70450436-covo.aspx
VOLKSWAGEN,VOLKSWAGEN T-Roc Sport 2.0 TSI 4 Motion DSG,23.599 €,2018,53.143 km,Gasolina,190 cv,Barcelona,2026-05-06 13:53:40,C,https://www.coches.net/volkswagen-t-roc-sport-20-tsi-140kw-190cv-4-motion-dsg-5p-gasolina-2018-en-barcelona-70450479-covo.aspx
VOLKSWAGEN,VOLKSWAGEN Golf Life 1.0 TSI,17.890 €,2022,103.270 km,Gasolina,110 cv,Toledo,2026-05-06 13:53:40,C,https://www.coches.net/volkswagen-golf-life-10-tsi-81kw-110cv-5p-gasolina-2022-en-toledo-70283982-covo.aspx
MERCEDES-BENZ,MERCEDES-BENZ Clase E E 220 d,25.990 €,2018,115.000 km,Diesel,194 cv,Valencia,2026-05-06 13:53:40,C,https://www.coches.net/mercedes-benz-clase-e-e-220-d-4p-diesel-2018-en-valencia-70111771-covo.aspx
BMW,BMW X3 xDrive20d xLine,39.900 €,2022,96.000 km,Híbrido,190 cv,Málaga,2026-05-06 13:53:40,ECO,https://www.coches.net/bmw-x3-xdrive20d-xline-5p-electrico-hibrido-2022-en-malaga-70367797-covo.aspx
CITROEN,CITROEN C3 BlueHDi SS Shine,9.500 €,2022,70.000 km,Diesel,102 cv,Madrid,2026-05-06 13:53:40,C,https://www.coches.net/citroen-c3-bluehdi-75kw-100cv-ss-shine-5p-diesel-2022-en-madrid-70429242-covo.aspx
TOYOTA,TOYOTA C-HR 2.0 180H Advance,28.990 €,2023,18.540 km,Híbrido,184 cv,Valencia,2026-05-06 13:53:40,ECO,https://www.coches.net/toyota-c-hr-20-180h-advance-5p-electrico-hibrido-2023-en-valencia-70503220-covo.aspx
CUPRA,CUPRA León 1.5 eTSI DSG,29.990 €,2026,5000 km,Híbrido,150 cv,Madrid,2026-05-06 13:53:40,ECO,https://www.coches.net/cupra-leon-15-etsi-110kw-150cv-dsg-5p-electrico-hibrido-2026-en-madrid-70505232-covo.aspx
BMW,BMW Serie 5 530d,5.590 €,2003,299.000 km,Diesel,218 cv,Madrid,2026-05-06 13:53:40,B,https://www.coches.net/bmw-serie-5-530d-4p-diesel-2004-en-madrid-70476551-covo.aspx
SKODA,SKODA Elroq CV 82kWh 77kwh neta Sportli,39.900 €,2025,9000 km,Eléctrico,286 cv,Granada,2026-05-06 13:53:40,CERO,https://www.coches.net/skoda-elroq-210-kw-cv-82-kwh-77-kwh-neta-sportli-5p-electrico-hibrido-2025-en-granada-70404977-covo.aspx
VOLKSWAGEN,VOLKSWAGEN Tiguan RLine 2.0 TDI DSG 4Motion,33.900 €,2023,135.000 km,Diesel,150 cv,A Coruña,2026-05-06 13:53:40,C,https://www.coches.net/volkswagen-tiguan-rline-20-tdi-110kw-150cv-dsg-4motion-5p-diesel-2023-en-a-coruna-70214208-covo.aspx
CHRYSLER,CHRYSLER Sebring 200C 2.0 CRD,2.190 €,2007,270.000 km,Diesel,140 cv,Málaga,2026-05-06 13:53:40,B,https://www.coches.net/chrysler-sebring-200c-20-crd-4p-diesel-2007-en-malaga-70542920-covo.aspx
SEAT,SEAT León SP 1.5 TSI Style 25 Aniversario,20.650 €,2025,20.341 km,Gasolina,116 cv,Madrid,2026-05-06 13:53:40,C,https://www.coches.net/seat-leon-sp-15-tsi-85kw-style-25-aniversario-5p-gasolina-2025-en-madrid-62527103-covo.aspx
TOYOTA,TOYOTA Corolla 1.8 125H ACTIVE TECH ECVT,18.990 €,2021,102.226 km,Híbrido,122 cv,Madrid,2026-05-06 13:53:40,ECO,https://www.coches.net/toyota-corolla-18-125h-active-tech-ecvt-5p-electrico-hibrido-2022-en-madrid-70158854-covo.aspx
TOYOTA,TOYOTA Yaris 1.5 120H Active Tech,19.200 €,2022,58.783 km,Híbrido,116 cv,Madrid,2026-05-06 13:53:40,ECO,https://www.coches.net/toyota-yaris-15-120h-active-tech-5p-electrico-hibrido-2022-en-madrid-70158859-covo.aspx
TOYOTA,TOYOTA C-HR 1.8 125H Advance,17.390 €,2017,123.000 km,Híbrido,122 cv,Lugo,2026-05-06 13:53:40,ECO,https://www.coches.net/toyota-c-hr-18-125h-advance-5p-electrico-hibrido-2017-en-lugo-70567561-covo.aspx
PEUGEOT,PEUGEOT 308 Envy 1.6 HDI 92 FAP,4.999 €,2011,140.000 km,Diesel,92 cv,Zaragoza,2026-05-06 13:53:40,B,https://www.coches.net/peugeot-308-envy-16-hdi-92-fap-5p-diesel-2009-en-zaragoza-70522198-covo.aspx
MERCEDES-BENZ,MERCEDES-BENZ CLA CLA 180,24.990 €,2021,99.600 km,Gasolina,136 cv,Málaga,2026-05-06 13:53:40,C,https://www.coches.net/mercedes-benz-cla-cla-180-4p-gasolina-2021-en-malaga-70150429-covo.aspx
VOLKSWAGEN,VOLKSWAGEN Touran Advance 2.0 TDI DSG,24.990 €,2023,132.028 km,Diesel,150 cv,Alicante,2026-05-06 13:53:40,B,https://www.coches.net/volkswagen-touran-advance-20-tdi-110kw-150cv-dsg-5p-diesel-2023-en-alicante-70416432-covo.aspx
KIA,KIA Picanto 1.0 DPi Concept,13.900 €,2024,32.324 km,Gasolina,63 cv,Barcelona,2026-05-06 13:53:40,C,https://www.coches.net/kia-picanto-10-dpi-46kw-63cv-concept-5p-gasolina-2025-en-barcelona-70507153-covo.aspx
PEUGEOT,PEUGEOT 208 GT HYBRID 100 eDCS6,18.600 €,2024,40.361 km,Híbrido,100 cv,Barcelona,2026-05-06 13:53:40,C,https://www.coches.net/peugeot-208-gt-hybrid-100-edcs6-5p-electrico-hibrido-2023-en-barcelona-70507283-covo.aspx
PEUGEOT,PEUGEOT 208 GTLine 1.2L PureTech 110CVSS,8.985 €,2017,87.190 km,Gasolina,110 cv,Las Palmas,2026-05-06 13:53:40,B,https://www.coches.net/peugeot-208-3p-gtline-12l-puretech-81kw-110cvss-3p-gasolina-2017-en-las-palmas-70099367-covo.aspx
TOYOTA,TOYOTA C-HR 2.0 180H Dynamic,23.490 €,2020,92.000 km,Híbrido,184 cv,Barcelona,2026-05-06 13:53:40,ECO,https://www.coches.net/toyota-c-hr-20-180h-dynamic-5p-electrico-hibrido-2020-en-barcelona-70461624-covo.aspx
TOYOTA,TOYOTA C-HR 1.8 125H Advance,23.490 €,2022,29.998 km,Híbrido,122 cv,Barcelona,2026-05-06 13:53:40,B,https://www.coches.net/toyota-c-hr-18-125h-advance-5p-electrico-hibrido-2022-en-barcelona-70465184-covo.aspx
TOYOTA,TOYOTA C-HR 1.8 125H Advance,20.900 €,2021,114.399 km,Híbrido,122 cv,Barcelona,2026-05-06 13:53:40,B,https://www.coches.net/toyota-c-hr-18-125h-advance-5p-electrico-hibrido-2021-en-barcelona-70465185-covo.aspx
TOYOTA,TOYOTA C-HR 1.8 125H Advance,23.490 €,2022,39.908 km,Híbrido,122 cv,Barcelona,2026-05-06 13:53:40,B,https://www.coches.net/toyota-c-hr-18-125h-advance-5p-electrico-hibrido-2022-en-barcelona-70465191-covo.aspx
AUDI,AUDI Q8 RS Q8 TFSI quattro tipt,76.990 €,2020,198.000 km,Gasolina,600 cv,Asturias,2026-05-06 13:53:40,C,https://www.coches.net/audi-q8-rs-q8-tfsi-441kw-600cv-quattro-tipt-5p-gasolina-2020-en-asturias-70493866-covo.aspx
AUDI,AUDI A6 2.0 TDI multitronic,5.490 €,2011,356.700 km,Diesel,177 cv,Málaga,2026-05-06 13:53:40,B,https://www.coches.net/audi-a6-20-tdi-177cv-multitronic-4p-diesel-2012-en-malaga-70511056-covo.aspx
FORD,FORD Ranger 3.2 TDCi 4x4 Dob Cab Wildtrack AT,20.000 €,2014,189.000 km,Diesel,200 cv,Alicante,2026-05-06 13:53:40,B,https://www.coches.net/ford-ranger-32-tdci-200cv-4x4-dob-cab-wildtrack-at-4p-diesel-2012-en-alicante-70540384-covo.aspx
BMW,BMW Serie 3 318d Auto.,39.990 €,2025,29.413 km,Híbrido,150 cv,Sevilla,2026-05-06 13:53:40,ECO,https://www.coches.net/bmw-serie-3-318d-auto-4p-electrico-hibrido-2025-en-sevilla-70416523-covo.aspx
KIA,KIA Optima 1.6 TGDi 132W GT Line DCT Pack Luxury,20.000 €,2018,98.000 km,Gasolina,180 cv,Madrid,2026-05-06 13:53:40,C,https://www.coches.net/kia-optima-16-tgdi-132w-gt-line-dct-pack-luxury-4p-gasolina-2019-en-madrid-70485438-covo.aspx
MERCEDES-BENZ,MERCEDES-BENZ Clase GLC GLC 200 4MATIC,39.950 €,2022,77.000 km,Híbrido,197 cv,Málaga,2026-05-06 13:53:40,ECO,https://www.coches.net/mercedes-benz-clase-glc-glc-200-4matic-5p-electrico-hibrido-2022-en-malaga-70233577-covo.aspx
TOYOTA,TOYOTA Yaris 1.5 120H GR Sport,23.950 €,2024,28.730 km,Híbrido,116 cv,Madrid,2026-05-06 13:53:40,ECO,https://www.coches.net/toyota-yaris-15-120h-gr-sport-5p-electrico-hibrido-2022-en-madrid-70177155-covo.aspx
RENAULT,RENAULT Kadjar Tech Road Energy dCi EDC,14.950 €,2018,88.000 km,Diesel,110 cv,Girona,2026-05-06 13:53:40,B,https://www.coches.net/renault-kadjar-tech-road-energy-dci-81kw-110cv-edc-5p-diesel-2016-en-girona-70560984-covo.aspx
HYUNDAI,HYUNDAI IONIQ 1.6 GDI HEV Tecno DCT,17.990 €,2021,47.000 km,Híbrido,141 cv,Sevilla,2026-05-06 13:53:40,ECO,https://www.coches.net/hyundai-ioniq-16-gdi-hev-tecno-dct-5p-electrico-hibrido-2021-en-sevilla-70535772-covo.aspx
BMW,BMW Serie 1 116d EfficientDynamics,16.000 €,2016,120.000 km,Diesel,116 cv,Valencia,2026-05-06 13:53:40,C,https://www.coches.net/bmw-serie-1-116d-efficientdynamics-5p-diesel-2017-en-valencia-62478630-covo.aspx
MINI,MINI MINI COOPER SD,7.500 €,2015,315.878 km,Diesel,170 cv,Madrid,2026-05-06 13:53:40,C,https://www.coches.net/mini-mini-cooper-sd-3p-diesel-2016-en-madrid-70498130-covo.aspx
KIA,KIA Sportage 1.6 TGDi Concept 4x2,23.999 €,2024,36.000 km,Gasolina,150 cv,Sevilla,2026-05-06 13:53:40,C,https://www.coches.net/kia-sportage-16-tgdi-110kw-150cv-concept-4x2-5p-gasolina-2024-en-sevilla-70522145-covo.aspx
PEUGEOT,PEUGEOT 2008 Allure Pack BlueHDI,10.650 €,2022,120.000 km,Diesel,110 cv,Barcelona,2026-05-06 13:53:40,C,https://www.coches.net/peugeot-2008-allure-pack-bluehdi-81kw-110cv-5p-diesel-2022-en-barcelona-70526289-covo.aspx
MINI,MINI COOPER C,26.500 €,2025,16.431 km,Gasolina,156 cv,Sevilla,2026-05-06 13:53:40,C,https://www.coches.net/mini-cooper-c-5p-gasolina-2025-en-sevilla-70432849-covo.aspx
MINI,MINI COOPER C,25.500 €,2025,27.028 km,Gasolina,156 cv,Sevilla,2026-05-06 13:53:40,C,https://www.coches.net/mini-cooper-c-5p-gasolina-2025-en-sevilla-70432855-covo.aspx
MINI,MINI COOPER C,26.500 €,2025,25.979 km,Gasolina,156 cv,Sevilla,2026-05-06 13:53:40,C,https://www.coches.net/mini-cooper-c-5p-gasolina-2025-en-sevilla-70432856-covo.aspx
MINI,MINI COOPER C,28.900 €,2025,12.456 km,Gasolina,156 cv,Sevilla,2026-05-06 13:53:40,C,https://www.coches.net/mini-cooper-c-5p-gasolina-2025-en-sevilla-70432870-covo.aspx
BMW,BMW Serie 1 118i,17.900 €,2020,96.500 km,Gasolina,136 cv,Lugo,2026-05-06 13:53:40,C,https://www.coches.net/bmw-serie-1-118i-5p-gasolina-2021-en-lugo-61810324-covo.aspx
AUDI,AUDI A3 2.0 TDI Sportback,16.500 €,2018,170.000 km,Diesel,150 cv,Sevilla,2026-05-06 13:53:40,C,https://www.coches.net/audi-a3-20-tdi-110kw-150cv-sportback-5p-diesel-2018-en-sevilla-70265992-covo.aspx
AUDI,AUDI A4 2.0 TDI DPF,5.990 €,2006,260.000 km,Diesel,140 cv,Valencia,2026-05-06 13:53:40,B,https://www.coches.net/audi-a4-20-tdi-140cv-dpf-4p-diesel-2007-en-valencia-62546775-covo.aspx
SKODA,SKODA Fabia 1.0 TSI DSG Selection,20.050 €,2026,12.824 km,Gasolina,115 cv,Las Palmas,2026-05-06 13:53:40,C,https://www.coches.net/skoda-fabia-10-tsi-85kw-115cv-dsg-selection-5p-gasolina-2026-en-las-palmas-70512449-covo.aspx
RENAULT,RENAULT Mégane Dynamique dCi 110,5.995 €,2012,195.000 km,Diesel,110 cv,Madrid,2026-05-06 13:53:40,B,https://www.coches.net/renault-megane-dynamique-dci-110-5p-diesel-2012-en-madrid-62457245-covo.aspx
MERCEDES-BENZ,MERCEDES-BENZ Clase A A 180 d,19.990 €,2019,158.000 km,Diesel,116 cv,Toledo,2026-05-06 13:53:40,C,https://www.coches.net/mercedes-benz-clase-a-a-180-d-5p-diesel-2020-en-toledo-62514850-covo.aspx
RENAULT,RENAULT Clio Equilibre TCe,15.900 €,2023,36.000 km,Gasolina,90 cv,Málaga,2026-05-06 13:53:40,C,https://www.coches.net/renault-clio-equilibre-tce-67-kw-91cv-5p-gasolina-2022-en-malaga-70404753-covo.aspx
TOYOTA,TOYOTA Corolla 140H Active Plus,25.990 €,2025,9084 km,Híbrido,140 cv,Barcelona,2026-05-06 13:53:40,ECO,https://www.coches.net/toyota-corolla-140h-active-plus-5p-electrico-hibrido-2024-en-barcelona-70456086-covo.aspx
BMW,BMW Serie 1 118d,13.500 €,2015,156.010 km,Diesel,150 cv,Madrid,2026-05-06 13:53:40,C,https://www.coches.net/bmw-serie-1-118d-3p-diesel-2015-en-madrid-70310069-covo.aspx
KIA,KIA Ceed 1.0 TGDi Concept,15.490 €,2022,69.276 km,Gasolina,120 cv,Las Palmas,2026-05-06 13:53:40,B,https://www.coches.net/kia-ceed-10-tgdi-88kw-120cv-concept-5p-gasolina-2023-en-las-palmas-70303978-covo.aspx
BMW,BMW Serie 3 320d Automatico xDrive Gran Turismo,19.900 €,2020,170.000 km,Diesel,190 cv,Girona,2026-05-06 13:53:40,C,https://www.coches.net/bmw-serie-3-320d-automatico-xdrive-gran-turismo-5p-diesel-2020-en-girona-70517192-covo.aspx
OPEL,OPEL Crossland 1.2 Edition,12.890 €,2023,109.030 km,Gasolina,110 cv,Sevilla,2026-05-06 13:53:40,C,https://www.coches.net/opel-crossland-12-81kw-110cv-edition-5p-gasolina-2023-en-sevilla-70373863-covo.aspx
SEAT,SEAT Ateca 2.0 TDI SS Style Edition,18.900 €,2020,118.000 km,Diesel,150 cv,Pontevedra,2026-05-06 13:53:40,B,https://www.coches.net/seat-ateca-20-tdi-110kw-150cv-ss-style-edition-5p-diesel-2020-en-pontevedra-70317076-covo.aspx
KIA,KIA Sportage 1.6 GDI Drive 4x2,12.990 €,2016,62.000 km,Gasolina,135 cv,Madrid,2026-05-06 13:53:40,C,https://www.coches.net/kia-sportage-16-gdi-135cv-drive-4x2-5p-gasolina-2015-en-madrid-70442702-covo.aspx
MERCEDES-BENZ,MERCEDES-BENZ Clase GLE Coupé GLE 350 d 4MATIC,34.900 €,2016,119.800 km,Diesel,258 cv,Málaga,2026-05-06 13:53:40,C,https://www.coches.net/mercedes-benz-clase-gle-coupe-gle-350-d-4matic-5p-diesel-2017-en-malaga-70505077-covo.aspx
MERCEDES-BENZ,MERCEDES-BENZ Clase GLC GLC 200 4MATIC,36.990 €,2020,88.000 km,Híbrido,197 cv,Sta. C. Tenerife,2026-05-06 13:53:40,B,https://www.coches.net/mercedes-benz-clase-glc-glc-200-4matic-5p-electrico-hibrido-2020-en-sta-c-tenerife-59091148-covo.aspx
RENAULT,RENAULT Symbioz Techno ETech full hybr,28.000 €,2025,28.224 km,Híbrido,145 cv,Badajoz,2026-05-06 13:53:40,ECO,https://www.coches.net/renault-symbioz-techno-etech-full-hybr-105kw-145cv-5p-electrico-hibrido-2024-en-badajoz-61900116-covo.aspx
NISSAN,NISSAN QASHQAI DIGT mHEV 4x2 NDesign,29.900 €,2025,11.000 km,Híbrido,140 cv,Barcelona,2026-05-06 13:53:40,B,https://www.coches.net/nissan-qashqai-digt-103kw-140cv-mhev-4x2-ndesign-5p-electrico-hibrido-2025-en-barcelona-70132359-covo.aspx
AUDI,AUDI Q7 3.0 TDI quattro tiptronic,17.990 €,2017,385.000 km,Diesel,272 cv,Sevilla,2026-05-06 13:53:40,B,https://www.coches.net/audi-q7-30-tdi-quattro-tiptronic-5p-diesel-2018-en-sevilla-62216134-covo.aspx
CUPRA,CUPRA Formentor 1.4 eHybrid 204 CV DSG,36.500 €,2025,50 km,Híbrido enchufable,204 cv,Gipuzkoa,2026-05-06 13:53:40,CERO,https://www.coches.net/cupra-formentor-14-ehybrid-150kw-204-cv-dsg-5p-electrico-hibrido-2024-en-guipuzcoa-70197382-covo.aspx
BMW,BMW X1 sDrive18i,13.999 €,2016,135.000 km,Gasolina,136 cv,Almería,2026-05-06 13:53:40,C,https://www.coches.net/bmw-x1-sdrive18i-5p-gasolina-2016-en-almeria-70505033-covo.aspx
RENAULT,RENAULT Clio Evolution dCi 100,19.290 €,2025,5637 km,Diesel,100 cv,Madrid,2026-05-06 13:53:40,B,https://www.coches.net/renault-clio-evolution-dci-100-74kw-5p-diesel-2025-en-madrid-70070064-covo.aspx
BMW,BMW X3 xDrive20d xLine,34.300 €,2022,109.563 km,Híbrido,190 cv,Barcelona,2026-05-06 13:53:40,ECO,https://www.coches.net/bmw-x3-xdrive20d-xline-5p-electrico-hibrido-2022-en-barcelona-70464850-covo.aspx
VOLKSWAGEN,VOLKSWAGEN Tiguan RLine 1.5 TSI DSG,28.990 €,2021,100.000 km,Gasolina,150 cv,Alicante,2026-05-06 13:53:40,C,https://www.coches.net/volkswagen-tiguan-rline-15-tsi-110kw-150cv-dsg-5p-gasolina-2022-en-alicante-70425057-covo.aspx
MERCEDES-BENZ,MERCEDES-BENZ Clase B B 180 CDI,8.999 €,2007,159.500 km,Diesel,109 cv,Alicante,2026-05-06 13:53:40,B,https://www.coches.net/mercedes-benz-clase-b-b-180-cdi-5p-diesel-2006-en-alicante-62461189-covo.aspx
RENAULT,RENAULT Clio Equilibre TCe,14.400 €,2022,43.037 km,Gasolina,90 cv,Pontevedra,2026-05-06 13:53:40,C,https://www.coches.net/renault-clio-equilibre-tce-67-kw-91cv-5p-gasolina-2022-en-pontevedra-70219248-covo.aspx
TOYOTA,TOYOTA C-HR 1.8 125H Advance,21.300 €,2018,59.000 km,Híbrido,122 cv,Málaga,2026-05-06 13:53:40,ECO,https://www.coches.net/toyota-c-hr-18-125h-advance-5p-electrico-hibrido-2018-en-malaga-70383853-covo.aspx
MINI,MINI COUNTRYMAN Cooper S E ALL4,20.950 €,2019,99.000 km,Híbrido enchufable,224 cv,Toledo,2026-05-06 13:53:40,CERO,https://www.coches.net/mini-countryman-cooper-s-e-all4-5p-electrico-/-hibrido-2019-en-toledo-60510887-covo.aspx
VOLKSWAGEN,VOLKSWAGEN T-Cross Advance 1.0 TSI DSG,18.200 €,2023,29.800 km,Gasolina,110 cv,Sevilla,2026-05-06 13:53:40,B,https://www.coches.net/volkswagen-t-cross-advance-10-tsi-81kw-110cv-dsg-5p-gasolina-2023-en-sevilla-70484275-covo.aspx
FORD,FORD B-MAX 1.0 EcoBoost 125 AutoStartStop Trend,6.950 €,2014,94.000 km,Gasolina,125 cv,Navarra,2026-05-06 13:53:40,C,https://www.coches.net/ford-b-max-10-ecoboost-125-autostartstop-trend-5p-gasolina-2014-en-navarra-70539488-covo.aspx
RENAULT,RENAULT Mégane Life Blue dCi,13.900 €,2021,137.614 km,Diesel,115 cv,Murcia,2026-05-06 13:53:40,B,https://www.coches.net/renault-megane-life-blue-dci-85-kw-115cv-5p-diesel-2020-en-murcia-70047309-covo.aspx
BMW,BMW Serie 1 120d,37.900 €,2024,18.500 km,Híbrido,163 cv,Toledo,2026-05-06 13:53:40,ECO,https://www.coches.net/bmw-serie-1-120d-5p-electrico-/-hibrido-2025-en-toledo-61399036-covo.aspx
BMW,BMW Serie 1 120d,37.900 €,2024,29.130 km,Híbrido,163 cv,Toledo,2026-05-06 13:53:40,ECO,https://www.coches.net/bmw-serie-1-120d-5p-electrico-/-hibrido-2025-en-toledo-61399040-covo.aspx
MERCEDES-BENZ,MERCEDES-BENZ Clase B B 200 CDI,14.800 €,2013,144.000 km,Diesel,136 cv,Murcia,2026-05-06 13:53:40,C,https://www.coches.net/mercedes-benz-clase-b-b-200-cdi-5p-diesel-2014-en-murcia-70307583-covo.aspx
SKODA,SKODA Octavia Combi 2.0 TDI 85kW115CV Man Ambition,12.990 €,2021,230.000 km,Diesel,115 cv,Araba,2026-05-06 13:53:40,C,https://www.coches.net/skoda-octavia-combi-20-tdi-85kw115cv-man-ambition-5p-diesel-2022-en-alava-70244625-covo.aspx
VOLKSWAGEN,VOLKSWAGEN Taigo RLine 1.0 TSI,21.300 €,2024,42.608 km,Gasolina,115 cv,Alicante,2026-05-06 13:53:40,C,https://www.coches.net/volkswagen-taigo-rline-10-tsi-85kw-115cv-5p-gasolina-2024-en-alicante-70528917-covo.aspx
VOLKSWAGEN,VOLKSWAGEN Taigo RLine 1.0 TSI,21.300 €,2024,42.259 km,Gasolina,115 cv,Barcelona,2026-05-06 13:53:40,C,https://www.coches.net/volkswagen-taigo-rline-10-tsi-85kw-115cv-5p-gasolina-2024-en-barcelona-70529033-covo.aspx
VOLKSWAGEN,VOLKSWAGEN Taigo RLine 1.0 TSI,21.550 €,2024,38.653 km,Gasolina,115 cv,Barcelona,2026-05-06 13:53:40,C,https://www.coches.net/volkswagen-taigo-rline-10-tsi-85kw-115cv-5p-gasolina-2024-en-barcelona-70529045-covo.aspx
AUDI,AUDI Q5 SQ5 TDI Quattro,44.500 €,2021,120.000 km,Híbrido,341 cv,Segovia,2026-05-06 13:53:40,ECO,https://www.coches.net/audi-q5-sq5-tdi-quattro-5p-electrico-hibrido-2022-en-segovia-70531096-covo.aspx
LIVAN,LIVAN X3 Pro X3 Pro,17.995 €,2026,1 km,Gasolina,103 cv,Murcia,2026-05-06 13:53:40,B,https://www.coches.net/livan-x3-pro-x3-pro-5p-gasolina-2025-en-murcia-70522172-covo.aspx
HYUNDAI,HYUNDAI Tucson 1.6 TGDI PHEV Maxx Auto 4X4,23.990 €,2023,58.000 km,Híbrido enchufable,265 cv,Las Palmas,2026-05-06 13:53:40,B,https://www.coches.net/hyundai-tucson-16-tgdi-phev-195kw-maxx-auto-4x4-5p-electrico-hibrido-2022-en-las-palmas-61414479-covo.aspx
CITROEN,CITROEN Grand C4 Picasso 1.6 HDi Exclusive,4.890 €,2009,199.429 km,Diesel,110 cv,Sevilla,2026-05-06 13:53:40,B,https://www.coches.net/citroen-grand-c4-picasso-16-hdi-exclusive-5p-diesel-2010-en-sevilla-70434953-covo.aspx
VOLKSWAGEN,VOLKSWAGEN Touran 1.6 TDI DSG Edition,11.490 €,2014,151.120 km,Diesel,105 cv,Bizkaia,2026-05-06 13:53:40,B,https://www.coches.net/volkswagen-touran-16-tdi-105cv-dsg-edition-5p-diesel-2015-en-vizcaya-62123764-covo.aspx
AUDI,AUDI Q5 S Line 50 TFSI e quattroultra,52.900 €,2025,7964 km,Híbrido enchufable,299 cv,Girona,2026-05-06 13:53:40,ECO,https://www.coches.net/audi-q5-s-line-50-tfsi-e-quattroultra-5p-electrico-hibrido-2025-en-girona-70511589-covo.aspx
VOLKSWAGEN,VOLKSWAGEN Caddy Kombi 2.0 TDI SCR BMT,8.500 €,2016,250.000 km,Diesel,75 cv,Cádiz,2026-05-06 13:53:40,C,https://www.coches.net/volkswagen-caddy-kombi-20-tdi-scr-bmt-75cv-4p-diesel-2016-en-cadiz-70514313-covo.aspx
HYUNDAI,HYUNDAI i30 1.0 TGDI N Line SE Fastback,25.490 €,2025,10 km,Gasolina,100 cv,Asturias,2026-05-06 13:53:40,B,https://www.coches.net/km-0/hyundai/i30/asturias/10-tgdi-n-line-se-fastback-gasolina-de-km0-70128162-kovn.aspx
LAND-ROVER,LAND-ROVER Range Rover Evoque 2.0 D150 S AUTO 4WD MHEV,21.890 €,2020,113.825 km,Híbrido,150 cv,Salamanca,2026-05-06 13:53:40,ECO,https://www.coches.net/land-rover-range-rover-evoque-20-d150-s-auto-4wd-mhev-5p-electrico-hibrido-2020-en-salamanca-62450995-covo.aspx
MINI,MINI MINI COOPER,21.500 €,2022,50.100 km,Gasolina,136 cv,Barcelona,2026-05-06 13:53:40,C,https://www.coches.net/mini-mini-cooper-3p-gasolina-2022-en-barcelona-70236622-covo.aspx
MERCEDES-BENZ,MERCEDES-BENZ Clase GLC GLC 350 e 4MATIC,34.990 €,2018,65.000 km,Híbrido enchufable,320 cv,Sta. C. Tenerife,2026-05-06 13:53:40,B,https://www.coches.net/mercedes-benz-clase-glc-glc-350-e-4matic-5p-electrico-hibrido-2017-en-sta-c-tenerife-70183010-covo.aspx
KIA,KIA Ceed 1.0 TGDi Drive,17.453 €,2022,44.372 km,Gasolina,100 cv,Girona,2026-05-06 13:53:40,C,https://www.coches.net/kia-ceed-10-tgdi-74kw-100cv-drive-5p-gasolina-2023-en-girona-70425456-covo.aspx
KIA,KIA Ceed 1.0 TGDi Tech,16.966 €,2021,80.242 km,Gasolina,100 cv,Girona,2026-05-06 13:53:40,C,https://www.coches.net/kia-ceed-10-tgdi-74kw-100cv-tech-5p-gasolina-2022-en-girona-70425473-covo.aspx
KIA,KIA Ceed 1.0 TGDi Tech,15.400 €,2020,91.461 km,Gasolina,120 cv,Navarra,2026-05-06 13:53:40,C,https://www.coches.net/kia-ceed-10-tgdi-88kw-120cv-tech-5p-gasolina-2020-en-navarra-70427122-covo.aspx
NISSAN,NISSAN QASHQAI DIGT CVT NConnecta,27.990 €,2025,36.706 km,Híbrido,158 cv,Madrid,2026-05-06 13:53:40,ECO,https://www.coches.net/nissan-qashqai-digt-116kw-cvt-nconnecta-5p-electrico-hibrido-2024-en-madrid-70358092-covo.aspx
FORD,FORD Tourneo Courier 1.0 Ecoboost Titanium Auto,22.990 €,2024,22.736 km,Gasolina,125 cv,Madrid,2026-05-06 13:53:40,C,https://www.coches.net/ford-tourneo-courier-10-ecoboost-92kw-125cv-titanium-auto-5p-gasolina-2024-en-madrid-70450744-covo.aspx
AUDI,AUDI Q3 Advanced 35 TDI S tronic,31.975 €,2022,76.990 km,Diesel,150 cv,Barcelona,2026-05-06 13:53:40,C,https://www.coches.net/audi-q3-advanced-35-tdi-110kw-150cv-s-tronic-5p-diesel-2023-en-barcelona-70225024-covo.aspx
LAND-ROVER,LAND-ROVER Range Rover Evoque 2.0 D163 RDynamic SE AUTO 4WD MHEV,23.990 €,2021,91.300 km,Híbrido,163 cv,Madrid,2026-05-06 13:53:40,B,https://www.coches.net/land-rover-range-rover-evoque-20-d163-rdynamic-se-auto-4wd-mhev-5p-electrico-hibrido-2022-en-madrid-62570727-covo.aspx
VOLKSWAGEN,VOLKSWAGEN Golf 1.6 TDI DPF Sport,7.999 €,2010,183.000 km,Diesel,105 cv,Sevilla,2026-05-06 13:53:40,B,https://www.coches.net/volkswagen-golf-16-tdi-105cv-dpf-sport-5p-diesel-2011-en-sevilla-70404493-covo.aspx
VOLKSWAGEN,VOLKSWAGEN Golf 1.6 TDI DPF Sport,6.999 €,2010,245.000 km,Diesel,105 cv,Sevilla,2026-05-06 13:53:40,B,https://www.coches.net/volkswagen-golf-16-tdi-105cv-dpf-sport-5p-diesel-2011-en-sevilla-70404527-covo.aspx
VOLVO,VOLVO XC40 2.0 B3 G Core Auto,33.500 €,2025,26.144 km,Híbrido,163 cv,A Coruña,2026-05-06 13:53:40,ECO,https://www.coches.net/volvo-xc40-20-b3-g-core-auto-5p-electrico-hibrido-2025-en-a-coruna-70364074-covo.aspx
VOLVO,VOLVO XC40 2.0 B3 G Core Auto,33.500 €,2025,29.078 km,Híbrido,163 cv,A Coruña,2026-05-06 13:53:40,ECO,https://www.coches.net/volvo-xc40-20-b3-g-core-auto-5p-electrico-hibrido-2025-en-a-coruna-70364538-covo.aspx
CITROEN,CITROEN C5 Aircross HYBRID eDCS6 Max,33.900 €,2025,8183 km,Híbrido,145 cv,Salamanca,2026-05-06 13:53:40,ECO,https://www.coches.net/citroen-c5-aircross-hybrid-107kw-145cv-edcs6-max-5p-electrico-hibrido-2025-en-salamanca-70364737-covo.aspx
HYUNDAI,HYUNDAI Bayon 1.0 TGDI 48V Maxx,17.900 €,2022,23.329 km,Híbrido,100 cv,Madrid,2026-05-06 13:53:40,ECO,https://www.coches.net/hyundai-bayon-10-tgdi-74kw-100cv-48v-maxx-5p-electrico-hibrido-2021-en-madrid-70367758-covo.aspx
VOLKSWAGEN,VOLKSWAGEN Polo 1.2 TDI Advance,6.700 €,2011,157.000 km,Diesel,75 cv,Madrid,2026-05-06 13:53:40,B,https://www.coches.net/volkswagen-polo-1.2-tdi-75cv-advance-3p-diesel-2012-en-madrid-59148221-covo.aspx
KIA,KIA Ceed 1.0 TGDi Drive,13.490 €,2019,93.937 km,Gasolina,100 cv,Gipuzkoa,2026-05-06 13:53:40,C,https://www.coches.net/kia-ceed-10-tgdi-74kw-100cv-drive-5p-gasolina-2020-en-guipuzcoa-70502492-covo.aspx
BMW,BMW Serie 5 M5 Competition,72.800 €,2019,100.000 km,Gasolina,625 cv,Madrid,2026-05-06 13:53:40,C,https://www.coches.net/bmw-serie-5-m5-competition-4p-gasolina-2020-en-madrid-70508355-covo.aspx
ABARTH,ABARTH 500C 1.4 16v TJet 595 E6D,18.990 €,2021,71.000 km,Gasolina,165 cv,Sta. C. Tenerife,2026-05-06 13:53:40,C,https://www.coches.net/abarth-500c-14-16v-tjet-595-121kw-165cv-e6d-2p-gasolina-2021-en-sta-c-tenerife-70409027-covo.aspx
MERCEDES-BENZ,MERCEDES-BENZ CLA CLA 250 e,39.990 €,2025,16.960 km,Híbrido enchufable,218 cv,Jaén,2026-05-06 13:53:40,CERO,https://www.coches.net/mercedes-benz-cla-cla-250-e-4p-electrico-hibrido-2025-en-jaen-70415208-covo.aspx
MERCEDES-BENZ,MERCEDES-BENZ CLA CLA 200,40.990 €,2025,15.440 km,Híbrido,163 cv,Jaén,2026-05-06 13:53:40,ECO,https://www.coches.net/mercedes-benz-cla-cla-200-4p-electrico-hibrido-2025-en-jaen-70415209-covo.aspx
MERCEDES-BENZ,MERCEDES-BENZ CLA CLA 200,40.990 €,2025,19.175 km,Híbrido,163 cv,Jaén,2026-05-06 13:53:40,ECO,https://www.coches.net/mercedes-benz-cla-cla-200-4p-electrico-hibrido-2025-en-jaen-70415210-covo.aspx
MERCEDES-BENZ,MERCEDES-BENZ CLA CLA 200,40.990 €,2025,19.510 km,Híbrido,163 cv,Jaén,2026-05-06 13:53:40,ECO,https://www.coches.net/mercedes-benz-cla-cla-200-4p-electrico-hibrido-2025-en-jaen-70415211-covo.aspx
MERCEDES-BENZ,MERCEDES-BENZ CLA CLA 200,38.990 €,2025,13.510 km,Híbrido,163 cv,Jaén,2026-05-06 13:53:40,ECO,https://www.coches.net/mercedes-benz-cla-cla-200-4p-electrico-hibrido-2025-en-jaen-70415212-covo.aspx
MERCEDES-BENZ,MERCEDES-BENZ CLA CLA 200,40.990 €,2025,14.980 km,Híbrido,163 cv,Jaén,2026-05-06 13:53:40,ECO,https://www.coches.net/mercedes-benz-cla-cla-200-4p-electrico-hibrido-2025-en-jaen-70415213-covo.aspx
MERCEDES-BENZ,MERCEDES-BENZ CLA CLA 200,38.990 €,2025,15.480 km,Híbrido,163 cv,Jaén,2026-05-06 13:53:40,ECO,https://www.coches.net/mercedes-benz-cla-cla-200-4p-electrico-hibrido-2025-en-jaen-70415214-covo.aspx
MERCEDES-BENZ,MERCEDES-BENZ CLA CLA 200,38.990 €,2025,27.735 km,Híbrido,163 cv,Jaén,2026-05-06 13:53:40,ECO,https://www.coches.net/mercedes-benz-cla-cla-200-4p-electrico-hibrido-2025-en-jaen-70416892-covo.aspx
MERCEDES-BENZ,MERCEDES-BENZ CLA CLA 200,39.990 €,2025,8000 km,Híbrido,163 cv,Jaén,2026-05-06 13:53:40,ECO,https://www.coches.net/mercedes-benz-cla-cla-200-4p-electrico-hibrido-2025-en-jaen-70416893-covo.aspx
MERCEDES-BENZ,MERCEDES-BENZ CLA CLA 200,38.990 €,2025,18.965 km,Híbrido,163 cv,Jaén,2026-05-06 13:53:40,ECO,https://www.coches.net/mercedes-benz-cla-cla-200-4p-electrico-hibrido-2025-en-jaen-70416894-covo.aspx
MERCEDES-BENZ,MERCEDES-BENZ CLA CLA 200,38.990 €,2025,11.855 km,Híbrido,163 cv,Jaén,2026-05-06 13:53:40,ECO,https://www.coches.net/mercedes-benz-cla-cla-200-4p-electrico-hibrido-2025-en-jaen-70416895-covo.aspx
JAGUAR,JAGUAR Serie XK XK8 4.2 Coupe,17.790 €,2006,175.000 km,Gasolina,298 cv,Alicante,2026-05-06 13:53:40,B,https://www.coches.net/jaguar-serie-xk-xk8-42-coupe-3p-gasolina-2008-en-alicante-70421898-covo.aspx
RENAULT,RENAULT Laguna Pack Authentique 1.9dCi E4,5.500 €,2006,49.000 km,Diesel,110 cv,Madrid,2026-05-06 13:53:40,B,https://www.coches.net/renault-laguna-pack-authentique-19dci-110cv-e4-5p-diesel-2006-en-madrid-70411444-covo.aspx
CITROEN,CITROEN C4 Picasso 1.8 16v SX,6.990 €,2008,152.000 km,Gasolina,127 cv,Barcelona,2026-05-06 13:53:40,C,https://www.coches.net/citroen-c4-picasso-18-16v-sx-5p-gasolina-2006-en-barcelona-70523107-covo.aspx
MERCEDES-BENZ,MERCEDES-BENZ EQA EQA 250,29.900 €,2021,98.000 km,Eléctrico,190 cv,Barcelona,2026-05-06 13:53:40,CERO,https://www.coches.net/mercedes-benz-eqa-eqa-250-5p-electrico-hibrido-2022-en-barcelona-70482554-covo.aspx
BMW,BMW Serie 4 420d Gran Coupe,23.899 €,2019,114.602 km,Diesel,190 cv,Madrid,2026-05-06 13:53:40,C,https://www.coches.net/bmw-serie-4-420d-gran-coupe-5p-diesel-2020-en-madrid-70207024-covo.aspx
KIA,KIA Niro 1.6 GDi PHEV Drive,29.740 €,2023,3 km,Híbrido enchufable,183 cv,Sevilla,2026-05-06 13:53:40,CERO,https://www.coches.net/kia-niro-16-gdi-phev-135kw-183cv-drive-5p-electrico-hibrido-2023-en-sevilla-61136265-covo.aspx
VOLKSWAGEN,VOLKSWAGEN Golf GTI Clubsport 2.0 TSI DSG,39.900 €,2023,22.300 km,Gasolina,301 cv,Madrid,2026-05-06 13:53:40,C,https://www.coches.net/volkswagen-golf-gti-clubsport-20-tsi-221kw-300cv-dsg-5p-gasolina-2024-en-madrid-70163072-covo.aspx
CITROEN,CITROEN Spacetourer Plus Talla XL BlueHDi 180 SS EAT8,37.990 €,2024,34.300 km,Diesel,180 cv,Valladolid,2026-05-06 13:53:40,C,https://www.coches.net/citroen-spacetourer-max-talla-m-bluehdi-180-ss-eat8-5p-diesel-2025-en-valladolid-62230139-covo.aspx
MINI,MINI MINI Cooper,5.000 €,2005,180.000 km,Gasolina,116 cv,Murcia,2026-05-06 13:53:40,B,https://www.coches.net/mini-mini-cooper-3p-gasolina-2006-en-murcia-70336547-covo.aspx
OPEL,OPEL Astra 1.5D DVC GS Line ST,11.990 €,2020,101.000 km,Diesel,105 cv,Barcelona,2026-05-06 13:53:40,C,https://www.coches.net/opel-astra-15d-dvc-77kw-105cv-gs-line-st-5p-diesel-2021-en-barcelona-70224300-covo.aspx
KIA,KIA Sportage 1.6 TGDi GT Line 4x4,17.490 €,2016,117.000 km,Gasolina,177 cv,Madrid,2026-05-06 13:53:40,C,https://www.coches.net/kia-sportage-16-tgdi-gt-line-4x4-5p-gasolina-2016-en-madrid-70353505-covo.aspx
FORD,FORD Focus 1.5 Ecoblue Trend Auto SB,12.000 €,2021,126.270 km,Diesel,120 cv,Navarra,2026-05-06 13:53:40,C,https://www.coches.net/ford-focus-15-ecoblue-88kw-trend-auto-sb-5p-diesel-2021-en-navarra-70410250-covo.aspx
NISSAN,NISSAN QASHQAI DIGT mHEV 4x2 NDesign,27.490 €,2024,11.500 km,Híbrido,140 cv,Madrid,2026-05-06 13:53:40,ECO,https://www.coches.net/nissan-qashqai-digt-103kw-140cv-mhev-4x2-ndesign-5p-electrico-hibrido-2025-en-madrid-70220097-covo.aspx
FORD,FORD Focus 1.0 Ecoboost SS STLine,12.990 €,2018,106.000 km,Gasolina,125 cv,Barcelona,2026-05-06 13:53:40,C,https://www.coches.net/ford-focus-10-ecoboost-ss-92kw-125cv-stline-5p-gasolina-2017-en-barcelona-70225830-covo.aspx
MINI,MINI COUNTRYMAN One,21.000 €,2021,18.889 km,Gasolina,102 cv,Madrid,2026-05-06 13:53:40,C,https://www.coches.net/mini-countryman-one-5p-gasolina-2022-en-madrid-70467018-covo.aspx
VOLKSWAGEN,VOLKSWAGEN Golf GTE 1.5 PHEV DSG,37.600 €,2025,18.500 km,Híbrido enchufable,272 cv,Madrid,2026-05-06 13:53:40,CERO,https://www.coches.net/volkswagen-golf-gte-15-phev-130kw--85kw-dsg-5p-electrico-hibrido-2025-en-madrid-62201307-covo.aspx
MERCEDES-BENZ,MERCEDES-BENZ Clase B B 200 d,20.900 €,2019,147.371 km,Diesel,136 cv,Lugo,2026-05-06 13:53:40,B,https://www.coches.net/mercedes-benz-clase-b-b-200-d-5p-diesel-2018-en-lugo-70381382-covo.aspx
MINI,MINI MINI COOPER SE,20.890 €,2021,58.850 km,Eléctrico,184 cv,Valencia,2026-05-06 13:53:40,CERO,https://www.coches.net/mini-mini-cooper-se-3p-electrico-hibrido-2022-en-valencia-70160249-covo.aspx
MERCEDES-BENZ,MERCEDES-BENZ Clase A A 250 e,25.900 €,2020,74.762 km,Híbrido enchufable,218 cv,Valladolid,2026-05-06 13:53:40,CERO,https://www.coches.net/mercedes-benz-clase-a-a-250-e-5p-electrico-hibrido-2020-en-valladolid-70353819-covo.aspx
PEUGEOT,PEUGEOT 5008 Style 1.6 BlueHDi 120 FAP,6.990 €,2015,228.000 km,Diesel,120 cv,Sevilla,2026-05-06 13:53:40,C,https://www.coches.net/peugeot-5008-style-16-bluehdi-120-fap-5p-diesel-2015-en-sevilla-70521293-covo.aspx
RENAULT,RENAULT Talisman Intens Energy dCi ECO2,12.500 €,2017,120.000 km,Diesel,110 cv,Madrid,2026-05-06 13:53:40,C,https://www.coches.net/renault-talisman-intens-energy-dci-81kw-110cv-eco2-4p-diesel-2015-en-madrid-70530948-covo.aspx
MERCEDES-BENZ,MERCEDES-BENZ Clase E E 220 d,28.900 €,2020,220.000 km,Diesel,194 cv,Alicante,2026-05-06 13:53:40,B,https://www.coches.net/mercedes-benz-clase-e-e-220-d-4p-diesel-2019-en-alicante-70333756-covo.aspx
AUDI,AUDI Q5 Advanced 50 TFSI e quattroultra,45.500 €,2024,18.077 km,Híbrido enchufable,299 cv,Madrid,2026-05-06 13:53:40,CERO,https://www.coches.net/audi-q5-advanced-50-tfsi-e-quattroultra-5p-electrico-hibrido-2024-en-madrid-61887353-covo.aspx
MERCEDES-BENZ,MERCEDES-BENZ Clase E E 350 d,33.990 €,2017,64.596 km,Diesel,258 cv,Girona,2026-05-06 13:53:40,C,https://www.coches.net/mercedes-benz-clase-e-e-350-d-4p-diesel-2017-en-girona-70430580-covo.aspx
AUDI,AUDI A5 B.Line 45 TFSI quattroultra Sportback,41.990 €,2021,99.800 km,Híbrido,265 cv,Barcelona,2026-05-06 13:53:40,ECO,https://www.coches.net/audi-a5-bline-45-tfsi-quattroultra-sportback-5p-electrico-hibrido-2021-en-barcelona-70239745-covo.aspx
HONDA,HONDA CR-V 1.6 iDTEC 4x2 Elegance,9.300 €,2014,225.000 km,Diesel,120 cv,Zaragoza,2026-05-06 13:53:40,B,https://www.coches.net/honda-cr-v-16-idtec-4x2-elegance-5p-diesel-2014-en-zaragoza-70368474-covo.aspx
MERCEDES-BENZ,MERCEDES-BENZ GLC Coupé GLC 300 de 4MATIC,39.990 €,2022,124.098 km,Híbrido enchufable,306 cv,Ciudad Real,2026-05-06 13:53:40,CERO,https://www.coches.net/mercedes-benz-glc-coupe-glc-300-de-4matic-5p-electrico-hibrido-2022-en-ciudad-real-70460705-covo.aspx
BMW,BMW Serie 2 Active Tourer 218i,25.990 €,2024,34.808 km,Gasolina,136 cv,Madrid,2026-05-06 13:53:40,C,https://www.coches.net/bmw-serie-2-active-tourer-218i-5p-gasolina-2024-en-madrid-70465511-covo.aspx
VOLKSWAGEN,VOLKSWAGEN Beetle Cabrio Design 1.2 TSI BMT,16.990 €,2015,70.810 km,Gasolina,105 cv,Tarragona,2026-05-06 13:53:40,C,https://www.coches.net/volkswagen-beetle-cabrio-design-12-tsi-105cv-bmt-2p-gasolina-2016-en-tarragona-70437775-covo.aspx
AUDI,AUDI A4 Avant Black limited 35 TDI S tron,38.490 €,2024,46.000 km,Híbrido,163 cv,Madrid,2026-05-06 13:53:40,ECO,https://www.coches.net/audi-a4-avant-black-limited-35-tdi-120kw-s-tron-5p-electrico-hibrido-2024-en-madrid-70431510-covo.aspx
PEUGEOT,PEUGEOT 3008 1.5 BlueHDi SS Allure,16.650 €,2020,68.928 km,Diesel,130 cv,Barcelona,2026-05-06 13:53:40,C,https://www.coches.net/peugeot-3008-15-bluehdi-96kw-130cv-ss-allure-5p-diesel-2020-en-barcelona-70420889-covo.aspx
AUDI,AUDI A4 1.8 TFSI,8.650 €,2009,220.000 km,Gasolina,160 cv,Madrid,2026-05-06 13:53:40,C,https://www.coches.net/audi-a4-18-tfsi-160cv-4p-gasolina-2010-en-madrid-70228182-covo.aspx
TOYOTA,TOYOTA Land Cruiser 2.8 D4D GX 7 Plazas,31.990 €,2020,207.347 km,Diesel,204 cv,Lugo,2026-05-06 13:53:40,C,https://www.coches.net/toyota-land-cruiser-28-d4d-gx-7-plazas-5p-diesel-2020-en-lugo-70327745-covo.aspx
MINI,MINI MINI One D,11.990 €,2013,50.000 km,Diesel,90 cv,A Coruña,2026-05-06 13:53:40,B,https://www.coches.net/mini-mini-one-d-3p-diesel-2013-en-a-coruna-70413890-covo.aspx
AUDI,AUDI A3 Sportb 2.0 TDI 150 clean Str S line edit,15.900 €,2014,127.000 km,Diesel,150 cv,Málaga,2026-05-06 13:53:40,C,https://www.coches.net/audi-a3-sportb-20-tdi-150-clean-str-s-line-edit-5p-diesel-2015-en-malaga-70237370-covo.aspx
AUDI,AUDI A3 Sportback Advanced 35 TDI,24.900 €,2023,109.000 km,Diesel,150 cv,Ciudad Real,2026-05-06 13:53:40,C,https://www.coches.net/audi-a3-sportback-advanced-35-tdi-110kw-150cv-5p-diesel-2023-en-ciudad-real-70243074-covo.aspx
HYUNDAI,HYUNDAI i20 1.2 MPI Essence,8.490 €,2014,136.000 km,Gasolina,84 cv,Valencia,2026-05-06 13:53:40,C,https://www.coches.net/hyundai-i20-12-mpi-essence-5p-gasolina-2015-en-valencia-70451826-covo.aspx
CUPRA,CUPRA Formentor 1.4 eHybrid 204 CV DSG,25.900 €,2022,66.900 km,Híbrido enchufable,204 cv,Granada,2026-05-06 13:53:40,CERO,https://www.coches.net/cupra-formentor-14-ehybrid-150kw-204-cv-dsg-5p-electrico-hibrido-2022-en-granada-70452140-covo.aspx
SEAT,SEAT León SP 1.5 eTSI DSG SS FR Spec Ed Vis,25.500 €,2024,15.556 km,Híbrido,150 cv,Zaragoza,2026-05-06 13:53:40,ECO,https://www.coches.net/seat-leon-sp-15-etsi-110kw-dsg-ss-fr-spec-ed-vis-5p-electrico-hibrido-2024-en-zaragoza-70437541-covo.aspx
SKODA,SKODA Karoq 1.5 TSI DSG ACT Design,25.790 €,2024,30.075 km,Gasolina,150 cv,Barcelona,2026-05-06 13:53:40,C,https://www.coches.net/skoda-karoq-15-tsi-110kw-150cv-dsg-act-design-5p-gasolina-2024-en-barcelona-70362713-covo.aspx
CITROEN,CITROEN C3 Aircross PureTech Max,15.995 €,2024,32.677 km,Gasolina,110 cv,Madrid,2026-05-06 13:53:40,C,https://www.coches.net/citroen-c3-aircross-puretech-81kw-110cv-max-5p-gasolina-2023-en-madrid-70446169-covo.aspx
BMW,BMW X2 sDrive18i,24.900 €,2021,58.517 km,Gasolina,136 cv,Barcelona,2026-05-06 13:53:40,C,https://www.coches.net/bmw-x2-sdrive18i-5p-gasolina-2021-en-barcelona-70446194-covo.aspx
AUDI,AUDI Q5 S Line 50 TFSI e quattroultra,31.800 €,2021,137.422 km,Híbrido enchufable,299 cv,Barcelona,2026-05-06 13:53:40,CERO,https://www.coches.net/audi-q5-s-line-50-tfsi-e-quattroultra-5p-electrico-hibrido-2021-en-barcelona-70464849-covo.aspx
CITROEN,CITROEN C4 C4 PureTech 130 SS EAT6 Feel Edition,7.500 €,2016,152.851 km,Gasolina,130 cv,Madrid,2026-05-06 13:53:40,C,https://www.coches.net/citroen-c4-c4-puretech-130-ss-eat6-feel-edition-5p-gasolina-2015-en-madrid-70498606-covo.aspx
VOLKSWAGEN,VOLKSWAGEN T-Roc Advance 1.0 TSI,18.950 €,2021,123.044 km,Gasolina,110 cv,Zaragoza,2026-05-06 13:53:40,C,https://www.coches.net/volkswagen-t-roc-advance-10-tsi-81kw-110cv-5p-gasolina-2022-en-zaragoza-70457604-covo.aspx
SWM,SWM G01F 1.5T Premium DCT,20.900 €,2025,10.895 km,Gasolina,139 cv,Murcia,2026-05-06 13:53:40,C,https://www.coches.net/swm-g01f-15t-premium-dct-5p-gasolina-2024-en-murcia-70500041-covo.aspx
MERCEDES-BENZ,MERCEDES-BENZ Clase G MercedesAMG G 63,110.000 €,2017,39.833 km,Gasolina,571 cv,Madrid,2026-05-06 13:53:40,C,https://www.coches.net/mercedes-benz-clase-g-mercedesamg-g-63-5p-gasolina-2017-en-madrid-70508152-covo.aspx
AUDI,AUDI A5 Avant TDI 204 CV Black Line,53.690 €,2025,25.964 km,Híbrido,204 cv,Sevilla,2026-05-06 13:53:40,ECO,https://www.coches.net/audi-a5-avant-tdi-150-kw-204-cv-black-line-5p-electrico-hibrido-2025-en-sevilla-70226683-covo.aspx
RENAULT,RENAULT Clio Business 1.2 16v 75,7.860 €,2013,93.500 km,Gasolina,75 cv,Madrid,2026-05-06 13:53:40,C,https://www.coches.net/renault-clio-business-12-16v-75-5p-gasolina-2012-en-madrid-70511012-covo.aspx
LAND-ROVER,LAND-ROVER Range Rover Evoque 2.0L eD4 Diesel 4x2 SE,16.500 €,2017,134.488 km,Diesel,150 cv,Pontevedra,2026-05-06 13:53:40,B,https://www.coches.net/land-rover-range-rover-evoque-20l-ed4-diesel-110kw-150cv-4x2-se-3p-diesel-2017-en-pontevedra-70310383-covo.aspx
PEUGEOT,PEUGEOT 3008 1.5L BlueHDi SS GT Line,16.990 €,2018,73.630 km,Diesel,130 cv,Gipuzkoa,2026-05-06 13:53:40,B,https://www.coches.net/peugeot-3008-15l-bluehdi-96kw-130cv-ss-gt-line-5p-diesel-2018-en-guipuzcoa-70313840-covo.aspx
HYUNDAI,HYUNDAI Kona 1.0 TGDI N Line,19.450 €,2023,27.260 km,Gasolina,120 cv,Pontevedra,2026-05-06 13:53:40,B,https://www.coches.net/hyundai-kona-10-tgdi-n-line-5p-gasolina-2023-en-pontevedra-62198398-covo.aspx
DS,DS DS 7 Crossback PureTech Auto. PERF.LINE,19.500 €,2021,64.970 km,Gasolina,131 cv,Pontevedra,2026-05-06 13:53:40,B,https://www.coches.net/ds-ds-7-crossback-puretech-96kw-130cv-auto-perfline-5p-gasolina-2021-en-pontevedra-62201192-covo.aspx
OPEL,OPEL Mokka 1.2 T 130 CV GS,17.985 €,2023,40.018 km,Gasolina,130 cv,Sta. C. Tenerife,2026-05-06 13:53:40,C,https://www.coches.net/opel-mokka-12-t-96kw-130-cv-gs-5p-gasolina-2023-en-sta-c-tenerife-62489133-covo.aspx
FORD,FORD EcoSport 1.0T EcoBoost SS ST Line,15.485 €,2022,41.600 km,Gasolina,125 cv,Las Palmas,2026-05-06 13:53:40,C,https://www.coches.net/ford-ecosport-10t-ecoboost-92kw-125cv-ss-st-line-5p-gasolina-2022-en-las-palmas-62489180-covo.aspx
OPEL,OPEL Mokka 1.2 T 130 CV GS,17.985 €,2023,41.748 km,Gasolina,130 cv,Sta. C. Tenerife,2026-05-06 13:53:40,C,https://www.coches.net/opel-mokka-12-t-96kw-130-cv-gs-5p-gasolina-2023-en-sta-c-tenerife-62489214-covo.aspx
MERCEDES-BENZ,MERCEDES-BENZ Clase CLA CLA 200 d Shooting Brake,18.800 €,2016,169.000 km,Diesel,136 cv,Asturias,2026-05-06 13:53:40,B,https://www.coches.net/mercedes-benz-clase-cla-cla-200-d-shooting-brake-5p-diesel-2017-en-asturias-70321627-covo.aspx
MITSUBISHI,MITSUBISHI ASX 160 DID Motion,8.000 €,2017,218.000 km,Diesel,114 cv,Madrid,2026-05-06 13:53:40,C,https://www.coches.net/mitsubishi-asx-160-did-motion-5p-diesel-2017-en-madrid-70472315-covo.aspx
PORSCHE,PORSCHE Panamera 4 EHybrid Executive,46.990 €,2018,200.000 km,Híbrido enchufable,462 cv,Las Palmas,2026-05-06 13:53:40,B,https://www.coches.net/porsche-panamera-4-ehybrid-executive-5p-electrico-hibrido-2018-en-las-palmas-70192017-covo.aspx
SEAT,SEAT León ST 1.2 TSI StSp Reference Plus,8.990 €,2016,145.000 km,Gasolina,110 cv,Las Palmas,2026-05-06 13:53:40,C,https://www.coches.net/seat-leon-st-12-tsi-110cv-stsp-reference-plus-5p-gasolina-2016-en-las-palmas-70419590-covo.aspx
MG,MG ZS Hybrid Luxury,17.800 €,2025,43.980 km,Híbrido,197 cv,Madrid,2026-05-06 13:53:40,ECO,https://www.coches.net/mg-zs-hybrid-luxury-5p-electrico-hibrido-2024-en-madrid-70485231-covo.aspx
RENAULT,RENAULT Arkana Intens TCe 103kW140CV EDC Microhibrido,18.900 €,2021,41.400 km,Híbrido,140 cv,Barcelona,2026-05-06 13:53:40,ECO,https://www.coches.net/renault-arkana-intens-tce-103kw140cv-edc-microhibrido-5p-electrico-hibrido-2021-en-barcelona-70523326-covo.aspx
VOLVO,VOLVO V60 Cross Country 2.0 D3 Momentum,16.490 €,2018,140.579 km,Diesel,150 cv,Madrid,2026-05-06 13:53:40,C,https://www.coches.net/volvo-v60-cross-country-20-d3-momentum-5p-diesel-2017-en-madrid-70532801-covo.aspx
CITROEN,CITROEN C4 BlueHDi 130 SS EAT8 Feel Pack,15.990 €,2022,85.000 km,Diesel,130 cv,Madrid,2026-05-06 13:53:40,C,https://www.coches.net/citroen-c4-bluehdi-130-ss-eat8-feel-pack-5p-diesel-2021-en-madrid-70315969-covo.aspx
FORD,FORD Fusion 1.4 16v Futura,3.999 €,2008,145.000 km,Gasolina,80 cv,Madrid,2026-05-06 13:53:40,C,https://www.coches.net/ford-fusion-14-16v-futura-5p-gasolina-2009-en-madrid-70540430-covo.aspx
HYUNDAI,HYUNDAI Tucson 1.6 TGDI HEV Style Aut 4x4,28.000 €,2021,75.619 km,Híbrido,230 cv,Valladolid,2026-05-06 13:53:40,ECO,https://www.coches.net/hyundai-tucson-16-tgdi-169kw-230cv-hev-style-aut-4x4-5p-electrico-hibrido-2021-en-valladolid-70229041-covo.aspx
BMW,BMW Serie 3 330e xDrive Touring,51.990 €,2024,33.365 km,Híbrido enchufable,292 cv,Madrid,2026-05-06 13:53:40,CERO,https://www.coches.net/bmw-serie-3-330e-xdrive-touring-5p-electrico-hibrido-2025-en-madrid-70304395-covo.aspx
MERCEDES-BENZ,MERCEDES-BENZ Clase A A 180 d,17.650 €,2019,124.340 km,Diesel,116 cv,Málaga,2026-05-06 13:53:40,C,https://www.coches.net/mercedes-benz-clase-a-a-180-d-5p-diesel-2018-en-malaga-70512989-covo.aspx
FORD,FORD Focus 1.0 Ecoboost MHEV STLine,22.490 €,2023,22.068 km,Híbrido,155 cv,Madrid,2026-05-06 13:53:40,ECO,https://www.coches.net/ford-focus-10-ecoboost-mhev-114kw-stline-5p-electrico-hibrido-2024-en-madrid-70229318-covo.aspx
CUPRA,CUPRA Formentor 1.5 TSI 150 CV,24.800 €,2021,21.000 km,Gasolina,150 cv,Asturias,2026-05-06 13:53:40,B,https://www.coches.net/cupra-formentor-1.5-tsi-110kw-150-cv-5p-gasolina-2021-en-asturias-61461021-covo.aspx
PORSCHE,PORSCHE Macan S Diesel,41.900 €,2017,91.500 km,Diesel,258 cv,Asturias,2026-05-06 13:53:40,C,https://www.coches.net/porsche-macan-s-diesel-5p-diesel-2018-en-asturias-70502474-covo.aspx
TOYOTA,TOYOTA Corolla 1.8 125H ACTIVE TECH ECVT,22.500 €,2022,70.081 km,Híbrido,122 cv,Madrid,2026-05-06 13:53:40,ECO,https://www.coches.net/toyota-corolla-18-125h-active-tech-ecvt-5p-electrico-hibrido-2022-en-madrid-70236930-covo.aspx
VOLVO,VOLVO XC40 2.0 B3 G Core Auto,27.990 €,2023,59.637 km,Híbrido,163 cv,Sevilla,2026-05-06 13:53:40,ECO,https://www.coches.net/volvo-xc40-20-b3-g-core-auto-5p-electrico-hibrido-2024-en-sevilla-70435544-covo.aspx
BMW,BMW Serie 3 M3 Comp. Touring M xDrive,119.900 €,2025,2200 km,Gasolina,530 cv,Murcia,2026-05-06 13:53:40,B,https://www.coches.net/bmw-serie-3-m3-comp.-touring-m-xdrive-5p-gasolina-2025-en-murcia-60164344-covo.aspx
AUDI,AUDI Q3 Sportback S line 35 TDI S tronic,30.490 €,2021,90.000 km,Diesel,150 cv,Madrid,2026-05-06 13:53:40,C,https://www.coches.net/audi-q3-sportback-s-line-35-tdi-110kw-150cv-s-tronic-5p-diesel-2022-en-madrid-70448475-covo.aspx
SEAT,SEAT Tarraco 2.0 TDI StSp FR,32.799 €,2022,50.920 km,Diesel,150 cv,Barcelona,2026-05-06 13:53:40,C,https://www.coches.net/seat-tarraco-20-tdi-110kw-150cv-stsp-fr-5p-diesel-2022-en-barcelona-70449697-covo.aspx
MERCEDES-BENZ,MERCEDES-BENZ GLA GLA 200 D,29.599 €,2020,87.397 km,Diesel,150 cv,Barcelona,2026-05-06 13:53:40,C,https://www.coches.net/mercedes-benz-gla-gla-200-d-5p-diesel-2020-en-barcelona-70450510-covo.aspx
VOLKSWAGEN,VOLKSWAGEN Tiguan Allspace Advance 2.0 TDI,27.599 €,2021,74.471 km,Diesel,150 cv,Barcelona,2026-05-06 13:53:40,C,https://www.coches.net/volkswagen-tiguan-allspace-advance-20-tdi-110kw-150cv-5p-diesel-2021-en-barcelona-70450534-covo.aspx
MERCEDES-BENZ,MERCEDES-BENZ GLA GLA 220 D 4MATIC,32.900 €,2022,165.967 km,Diesel,190 cv,Madrid,2026-05-06 13:53:40,C,https://www.coches.net/mercedes-benz-gla-gla-220-d-4matic-5p-diesel-2020-en-madrid-70452600-covo.aspx
JAGUAR,JAGUAR E-Pace 2.0D 163PS SE,25.990 €,2021,99.000 km,Diesel,163 cv,Alicante,2026-05-06 13:53:40,ECO,https://www.coches.net/jaguar-e-pace-20d-163ps-se-5p-diesel-2022-en-alicante-70457138-covo.aspx
KIA,KIA Sportage 1.7 CRDI VGT Drive 4x2,11.990 €,2012,118.000 km,Diesel,115 cv,Valencia,2026-05-06 13:53:40,B,https://www.coches.net/kia-sportage-17-crdi-vgt-drive-4x2-5p-diesel-2012-en-valencia-70109969-covo.aspx
AUDI,AUDI A4 Avant 3.0 TDI 245 quat Stron S line edit,14.890 €,2014,230.000 km,Diesel,245 cv,A Coruña,2026-05-06 13:53:40,B,https://www.coches.net/audi-a4-avant-30-tdi-245-quat-stron-s-line-edit-5p-diesel-2014-en-a-coruna-70417953-covo.aspx
HYUNDAI,HYUNDAI Tucson 1.6 CRDI 48V Maxx DCT,18.990 €,2022,118.000 km,Híbrido,136 cv,Alicante,2026-05-06 13:53:40,CERO,https://www.coches.net/hyundai-tucson-16-crdi-100kw-136cv-48v-maxx-dct-5p-electrico-hibrido-2022-en-alicante-70422533-covo.aspx
PEUGEOT,PEUGEOT 308 GTi,19.999 €,2017,119.999 km,Gasolina,270 cv,Almería,2026-05-06 13:53:40,C,https://www.coches.net/peugeot-308-gti-200kw-270cv-5p-gasolina-2015-en-almeria-70102012-covo.aspx
VOLKSWAGEN,VOLKSWAGEN Jetta 1.6 TDI Advance Bluemotion Tech,10.500 €,2011,160.000 km,Diesel,105 cv,Sevilla,2026-05-06 13:53:40,B,https://www.coches.net/volkswagen-jetta-16-tdi-105cv-advance-bluemotion-tech-4p-diesel-2012-en-sevilla-70318118-covo.aspx
OPEL,OPEL Grandland PHEV 1.6 Turbo PHEV GSe Auto 221kW300CV,22.900 €,2023,35.323 km,Híbrido enchufable,300 cv,Sta. C. Tenerife,2026-05-06 13:53:40,CERO,https://www.coches.net/opel-grandland-phev-1.6-turbo-phev-gse-auto-221kw300cv-5p-electrico-/-hibrido-2023-en-sta.-c.-tenerife-61887529-covo.aspx
VOLKSWAGEN,VOLKSWAGEN Polo Life 1.0 TSI,12.990 €,2022,112.352 km,Gasolina,95 cv,Las Palmas,2026-05-06 13:53:40,C,https://www.coches.net/volkswagen-polo-life-10-tsi-70kw-95cv-5p-gasolina-2022-en-las-palmas-70495124-covo.aspx
SEAT,SEAT Ibiza ST 1.2 TSI Reference Plus,10.900 €,2016,149.000 km,Gasolina,90 cv,Cantabria,2026-05-06 13:53:40,C,https://www.coches.net/seat-ibiza-st-12-tsi-90cv-reference-plus-5p-gasolina-2017-en-cantabria-70527648-covo.aspx
VOLKSWAGEN,VOLKSWAGEN Tiguan Life 2.0 TDI,26.490 €,2020,89.900 km,Diesel,150 cv,Málaga,2026-05-06 13:53:40,B,https://www.coches.net/volkswagen-tiguan-life-20-tdi-110kw-150cv-5p-diesel-2021-en-malaga-62562883-covo.aspx
TOYOTA,TOYOTA Yaris Cross 1.5 130H GR Sport,29.990 €,2025,8963 km,Híbrido,130 cv,Burgos,2026-05-06 13:53:40,ECO,https://www.coches.net/toyota-yaris-cross-15-130h-gr-sport-5p-electrico-hibrido-2025-en-burgos-70202309-covo.aspx
HYUNDAI,HYUNDAI Bayon 1.0 TGDI 48V Maxx,16.490 €,2023,63.654 km,Híbrido,100 cv,Madrid,2026-05-06 13:53:40,ECO,https://www.coches.net/hyundai-bayon-10-tgdi-74kw-100cv-48v-maxx-5p-electrico-hibrido-2023-en-madrid-70202579-covo.aspx
NISSAN,NISSAN JUKE 1.2 DIGT ACENTA 4X2,11.255 €,2015,82.243 km,Gasolina,115 cv,Madrid,2026-05-06 13:53:40,C,https://www.coches.net/nissan-juke-12-digt-acenta-4x2-5p-gasolina-2014-en-madrid-70202926-covo.aspx
PEUGEOT,PEUGEOT 3008 1.2 PureTech SS Allure,14.501 €,2021,75.940 km,Gasolina,130 cv,Pontevedra,2026-05-06 13:53:40,B,https://www.coches.net/peugeot-3008-12-puretech-96kw-130cv-ss-allure-5p-gasolina-2021-en-pontevedra-62420481-covo.aspx
MERCEDES-BENZ,MERCEDES-BENZ Clase GLC GLC 220 d 4MATIC,38.900 €,2022,110.000 km,Diesel,194 cv,Araba,2026-05-06 13:53:40,C,https://www.coches.net/mercedes-benz-clase-glc-glc-220-d-4matic-5p-diesel-2022-en-alava-70477394-covo.aspx
BMW,BMW X2 sDrive16d,18.990 €,2021,157.149 km,Diesel,116 cv,Cádiz,2026-05-06 13:53:40,C,https://www.coches.net/bmw-x2-sdrive16d-5p-diesel-2021-en-cadiz-70482224-covo.aspx
RENAULT,RENAULT Austral Evolution ETech Full Hybrid,27.800 €,2024,37.322 km,Híbrido,200 cv,Madrid,2026-05-06 13:53:40,ECO,https://www.coches.net/renault-austral-evolution-etech-full-hybrid-147kw-5p-electrico-hibrido-2024-en-madrid-70498260-covo.aspx
TOYOTA,TOYOTA C-HR 1.8 125H Advance,20.950 €,2021,84.255 km,Híbrido,122 cv,Madrid,2026-05-06 13:53:40,ECO,https://www.coches.net/toyota-c-hr-18-125h-advance-5p-electrico-hibrido-2021-en-madrid-61854790-covo.aspx
TOYOTA,TOYOTA C-HR 1.8 125H Advance,21.800 €,2021,99.979 km,Híbrido,122 cv,Madrid,2026-05-06 13:53:40,ECO,https://www.coches.net/toyota-c-hr-18-125h-advance-5p-electrico-hibrido-2021-en-madrid-61854800-covo.aspx
OPEL,OPEL Insignia ST GS Line Plus 2.0D DVH AT8,18.990 €,2021,87.943 km,Diesel,174 cv,Zaragoza,2026-05-06 13:53:40,C,https://www.coches.net/opel-insignia-st-gs-line-plus-20d-dvh-130kw-at8-5p-diesel-2021-en-zaragoza-70502682-covo.aspx
BMW,BMW X2 sDrive18d,42.990 €,2025,23.000 km,Diesel,150 cv,Asturias,2026-05-06 13:53:40,C,https://www.coches.net/bmw-x2-sdrive18d-5p-diesel-2025-en-asturias-70452452-covo.aspx
VOLVO,VOLVO V40 Cross Country 2.0 D2 Cross Country,12.490 €,2017,170.000 km,Diesel,120 cv,Bizkaia,2026-05-06 13:53:40,C,https://www.coches.net/volvo-v40-cross-country-20-d2-cross-country-5p-diesel-2018-en-vizcaya-70437740-covo.aspx
KIA,KIA Picanto 1.0 CVVT Drive,7.590 €,2015,72.100 km,Gasolina,66 cv,Barcelona,2026-05-06 13:53:40,C,https://www.coches.net/kia-picanto-10-cvvt-66cv-drive-5p-gasolina-2016-en-barcelona-62563621-covo.aspx
AUDI,AUDI Q2 Advanced 30 TFSI,24.800 €,2023,64.536 km,Gasolina,110 cv,Baleares,2026-05-06 13:53:40,C,https://www.coches.net/audi-q2-advanced-30-tfsi-81kw-110cv-5p-gasolina-2024-en-baleares-70519686-covo.aspx
VOLKSWAGEN,VOLKSWAGEN T-Cross Sport 1.0 TSI DSG,21.900 €,2023,76.342 km,Gasolina,110 cv,Baleares,2026-05-06 13:53:40,C,https://www.coches.net/volkswagen-t-cross-sport-10-tsi-81kw-110cv-dsg-5p-gasolina-2023-en-baleares-70520428-covo.aspx
AUDI,AUDI Q2 Advanced 30 TFSI,24.850 €,2023,64.117 km,Gasolina,110 cv,Baleares,2026-05-06 13:53:40,C,https://www.coches.net/audi-q2-advanced-30-tfsi-81kw-110cv-5p-gasolina-2023-en-baleares-70520436-covo.aspx
MAZDA,MAZDA Mazda2 Hybrid 1.5 116 CV CVT Agile,15.440 €,2023,86.484 km,Híbrido,116 cv,Bizkaia,2026-05-06 13:53:40,ECO,https://www.coches.net/mazda-mazda2-hybrid-15-85-kw-116-cv-cvt-agile-5p-electrico-hibrido-2022-en-vizcaya-70510969-covo.aspx
VOLKSWAGEN,VOLKSWAGEN Tiguan RLine 2.0 TDI DSG,31.990 €,2022,144.000 km,Diesel,150 cv,Pontevedra,2026-05-06 13:53:40,B,https://www.coches.net/volkswagen-tiguan-rline-20-tdi-110kw-150cv-dsg-5p-diesel-2022-en-pontevedra-70130539-covo.aspx
MERCEDES-BENZ,MERCEDES-BENZ Clase B B 250 e,24.990 €,2022,52.500 km,Híbrido enchufable,218 cv,Las Palmas,2026-05-06 13:53:40,CERO,https://www.coches.net/mercedes-benz-clase-b-b-250-e-5p-electrico-hibrido-2022-en-las-palmas-70215464-covo.aspx
SEAT,SEAT Exeo 2.0 TDI CR 143 CV DPF Style Multitronic,6.990 €,2012,198.000 km,Diesel,143 cv,Bizkaia,2026-05-06 13:53:40,B,https://www.coches.net/seat-exeo-20-tdi-cr-143-cv-dpf-style-multitronic-4p-diesel-2012-en-vizcaya-70533896-covo.aspx
ALFA,ALFA ROMEO 147 1.6 TS Distinctive,3.290 €,2005,179.000 km,Gasolina,105 cv,Madrid,2026-05-06 13:53:40,B,https://www.coches.net/alfa-romeo-147-16-ts-105cv-distinctive-3p-gasolina-2004-en-madrid-70535447-covo.aspx
PEUGEOT,PEUGEOT 3008 Active 1.6 VTi 120,8.999 €,2011,39.000 km,Gasolina,120 cv,Madrid,2026-05-06 13:53:40,C,https://www.coches.net/peugeot-3008-active-16-vti-120-5p-gasolina-2011-en-madrid-70243407-covo.aspx
PEUGEOT,PEUGEOT 208 ACTIVE 1.6 BlueHDi 100,7.900 €,2016,144.000 km,Diesel,100 cv,A Coruña,2026-05-06 13:53:40,B,https://www.coches.net/peugeot-208-5p-active-16-bluehdi-100-5p-diesel-2015-en-a-coruna-70523429-covo.aspx
AUDI,AUDI A5 B.Line 40 TDI S tronic Sportback,31.990 €,2020,120.000 km,Diesel,190 cv,Madrid,2026-05-06 13:53:40,ECO,https://www.coches.net/audi-a5-bline-40-tdi-140kw-s-tronic-sportback-5p-diesel-2021-en-madrid-70445622-covo.aspx
HYUNDAI,HYUNDAI i20 1.0 TGDI Klass,18.250 €,2024,20.641 km,Gasolina,100 cv,Zaragoza,2026-05-06 13:53:40,B,https://www.coches.net/hyundai-i20-10-tgdi-74kw-100cv-klass-5p-gasolina-2024-en-zaragoza-62511198-covo.aspx
TOYOTA,TOYOTA Land Cruiser 3.0 D4D VX,29.990 €,2007,200.000 km,Diesel,173 cv,Asturias,2026-05-06 13:53:40,B,https://www.coches.net/toyota-land-cruiser-30-d4d-vx-3p-diesel-2008-en-asturias-70189888-covo.aspx
SEAT,SEAT Ibiza 1.5 TSI DSG FR XL,21.290 €,2024,21.400 km,Gasolina,150 cv,Barcelona,2026-05-06 13:53:40,C,https://www.coches.net/seat-ibiza-15-tsi-110kw-150cv-dsg-fr-xl-5p-gasolina-2024-en-barcelona-70233030-covo.aspx
SWM,SWM G03 1.5T EDI 7STR,24.990 €,2026,1 km,Híbrido enchufable,110 cv,Madrid,2026-05-06 13:53:40,CERO,https://www.coches.net/swm-g03-15t-edi-7str-5p-electrico-hibrido-2025-en-madrid-70460656-covo.aspx
BMW,BMW X1 xDrive25e,22.990 €,2022,41.000 km,Híbrido enchufable,220 cv,Las Palmas,2026-05-06 13:53:40,CERO,https://www.coches.net/bmw-x1-xdrive25e-5p-electrico-hibrido-2022-en-las-palmas-70460697-covo.aspx
VOLKSWAGEN,VOLKSWAGEN Touran Sport 2.0 TDI DSG,33.499 €,2021,85.300 km,Diesel,150 cv,Navarra,2026-05-06 13:53:40,C,https://www.coches.net/volkswagen-touran-sport-20-tdi-110kw-150cv-dsg-5p-diesel-2022-en-navarra-62570994-covo.aspx
VOLVO,VOLVO V60 2.0 B4 D Plus Dark Auto,46.900 €,2026,1 km,Híbrido,197 cv,Madrid,2026-05-06 13:53:40,ECO,https://www.coches.net/volvo-v60-20-b4-d-plus-dark-auto-5p-electrico-hibrido-2024-en-madrid-70445332-covo.aspx
PEUGEOT,PEUGEOT 2008 GT Puretech 130 SS 6 Vel. MAN,16.900 €,2023,12.000 km,Gasolina,130 cv,Alicante,2026-05-06 13:53:40,C,https://www.coches.net/peugeot-2008-gt-puretech-130-ss-6-vel-man-5p-gasolina-2023-en-alicante-70376430-covo.aspx
MASERATI,MASERATI Levante S,37.990 €,2016,138.000 km,Gasolina,430 cv,Madrid,2026-05-06 13:53:40,C,https://www.coches.net/maserati-levante-s-5p-gasolina-2017-en-madrid-70376882-covo.aspx
MERCEDES-BENZ,MERCEDES-BENZ CLA CLA 200 D DCT,29.900 €,2020,100.000 km,Diesel,150 cv,Sevilla,2026-05-06 13:53:40,C,https://www.coches.net/mercedes-benz-cla-cla-200-d-dct-4p-diesel-2021-en-sevilla-70479707-covo.aspx
SKODA,SKODA Kamiq 1.0 TSI AMBITION,18.990 €,2024,19.546 km,Gasolina,110 cv,Córdoba,2026-05-06 13:53:40,C,https://www.coches.net/skoda-kamiq-10-tsi-81kw-110cv-ambition-5p-gasolina-2023-en-cordoba-70406394-covo.aspx
BMW,BMW Serie 3 318d Auto.,26.500 €,2021,153.500 km,Híbrido,150 cv,León,2026-05-06 13:53:40,ECO,https://www.coches.net/bmw-serie-3-318d-auto-4p-electrico-hibrido-2022-en-leon-70452302-covo.aspx
TOYOTA,TOYOTA BZ4X 200E 4x2 Advance,32.950 €,2024,19.000 km,Eléctrico,204 cv,A Coruña,2026-05-06 13:53:40,CERO,https://www.coches.net/toyota-bz4x-200e-4x2-advance-5p-electrico-hibrido-2023-en-a-coruna-70400082-covo.aspx
BMW,BMW X2 sDrive18i,24.990 €,2021,18.000 km,Gasolina,136 cv,Las Palmas,2026-05-06 13:53:40,C,https://www.coches.net/bmw-x2-sdrive18i-5p-gasolina-2021-en-las-palmas-70400820-covo.aspx
MG,MG ZS 1.0T Luxury Auto,16.578 €,2024,44.763 km,Gasolina,111 cv,Madrid,2026-05-06 13:53:40,C,https://www.coches.net/mg-zs-10t-luxury-auto-5p-gasolina-2022-en-madrid-70401517-covo.aspx
PEUGEOT,PEUGEOT 207 Confort 1.4 HDI 70,5.900 €,2007,180.000 km,Diesel,70 cv,Málaga,2026-05-06 13:53:40,B,https://www.coches.net/peugeot-207-confort-14-hdi-70-5p-diesel-2008-en-malaga-62108504-covo.aspx
VOLKSWAGEN,VOLKSWAGEN Taigo Life 1.0 TSI,18.709 €,2023,64.305 km,Gasolina,110 cv,Madrid,2026-05-06 13:53:40,C,https://www.coches.net/volkswagen-taigo-life-10-tsi-81kw-110cv-5p-gasolina-2024-en-madrid-70462325-covo.aspx
VOLKSWAGEN,VOLKSWAGEN Taigo Life 1.0 TSI,18.910 €,2023,64.252 km,Gasolina,95 cv,Madrid,2026-05-06 13:53:40,C,https://www.coches.net/volkswagen-taigo-life-10-tsi-70kw-95cv-5p-gasolina-2023-en-madrid-70462329-covo.aspx
VOLKSWAGEN,VOLKSWAGEN Taigo Life 1.0 TSI,18.809 €,2023,59.116 km,Gasolina,95 cv,Madrid,2026-05-06 13:53:40,C,https://www.coches.net/volkswagen-taigo-life-10-tsi-70kw-95cv-5p-gasolina-2023-en-madrid-70462333-covo.aspx
LAND-ROVER,LAND-ROVER Defender 3.0D I6 250 XDyn SE 110 Auto 4WD MHEV,83.900 €,2025,9888 km,Híbrido,249 cv,Pontevedra,2026-05-06 13:53:40,ECO,https://www.coches.net/land-rover-defender-30d-i6-250-xdyn-se-110-auto-4wd-mhev-5p-electrico-hibrido-2025-en-pontevedra-70470523-covo.aspx
KIA,KIA Ceed 1.6 MHEV iMT Drive,17.999 €,2023,64.100 km,Híbrido,136 cv,Barcelona,2026-05-06 13:53:40,ECO,https://www.coches.net/kia-ceed-16-mhev-imt-100kw-136cv-drive-5p-electrico-hibrido-2024-en-barcelona-70521224-covo.aspx
SMART,SMART fortwo 60kW81CV electric drive coupe,10.990 €,2019,34.000 km,Eléctrico,82 cv,Barcelona,2026-05-06 13:53:40,CERO,https://www.coches.net/smart-fortwo-60kw81cv-electric-drive-coupe-3p-electrico-hibrido-2019-en-barcelona-70522161-covo.aspx
FIAT,FIAT 500 Icon Hb 320km,15.500 €,2023,47.382 km,Eléctrico,118 cv,Tarragona,2026-05-06 13:53:40,CERO,https://www.coches.net/fiat-500-icon-hb-320km-85kw-118cv-3p-electrico-hibrido-2022-en-tarragona-70522916-covo.aspx
KIA,KIA cee'd 1.4 CRDi WGT Tech,12.890 €,2018,84.471 km,Diesel,90 cv,Sevilla,2026-05-06 13:53:40,C,https://www.coches.net/kia-ceed-14-crdi-wgt-66kw-90cv-tech-5p-diesel-2017-en-sevilla-70416524-covo.aspx
AUDI,AUDI A1 Sportback 1.6 TDI Active Kit,12.990 €,2017,100.000 km,Diesel,116 cv,Alicante,2026-05-06 13:53:40,C,https://www.coches.net/audi-a1-sportback-16-tdi-active-kit-5p-diesel-2017-en-alicante-70422514-covo.aspx
PEUGEOT,PEUGEOT 3008 1.5L BlueHDi SS GT Line,15.999 €,2018,75.000 km,Diesel,130 cv,Almería,2026-05-06 13:53:40,C,https://www.coches.net/peugeot-3008-15l-bluehdi-96kw-130cv-ss-gt-line-5p-diesel-2018-en-almeria-70136590-covo.aspx
MERCEDES-BENZ,MERCEDES-BENZ Clase A A 200 d,34.800 €,2024,29.200 km,Diesel,150 cv,Lugo,2026-05-06 13:53:40,C,https://www.coches.net/mercedes-benz-clase-a-a-200-d-5p-diesel-2025-en-lugo-62490576-covo.aspx
VOLKSWAGEN,VOLKSWAGEN Taigo Life 1.0 TSI DSG,21.990 €,2022,21.000 km,Gasolina,110 cv,Valencia,2026-05-06 13:53:40,C,https://www.coches.net/volkswagen-taigo-life-10-tsi-81kw-110cv-dsg-5p-gasolina-2022-en-valencia-70503214-covo.aspx
CITROEN,CITROEN C4 Spacetourer PureTech SS 6v Feel,9.500 €,2019,124.800 km,Gasolina,130 cv,Albacete,2026-05-06 13:53:40,C,https://www.coches.net/citroen-c4-spacetourer-puretech-96kw-130cv-ss-6v-feel-5p-gasolina-2018-en-albacete-70431041-covo.aspx
SEAT,SEAT León 1.5 TSI DSG7 SS FR Ed Pl,11.900 €,2019,187.000 km,Gasolina,150 cv,Salamanca,2026-05-06 13:53:40,C,https://www.coches.net/seat-leon-15-tsi-110kw-150cv-dsg7-ss-fr-ed-pl-5p-gasolina-2020-en-salamanca-70191758-covo.aspx
VOLKSWAGEN,VOLKSWAGEN Taigo Taigo 1.0 TSI,21.150 €,2025,33.788 km,Gasolina,95 cv,Baleares,2026-05-06 13:53:40,C,https://www.coches.net/volkswagen-taigo-taigo-10-tsi-70kw-95cv-5p-gasolina-2025-en-baleares-70528757-covo.aspx
VOLKSWAGEN,VOLKSWAGEN Taigo Taigo 1.0 TSI,20.500 €,2025,40.535 km,Gasolina,95 cv,Sta. C. Tenerife,2026-05-06 13:53:40,C,https://www.coches.net/volkswagen-taigo-taigo-10-tsi-70kw-95cv-5p-gasolina-2025-en-sta-c-tenerife-70530007-covo.aspx
VOLKSWAGEN,VOLKSWAGEN T-Cross Advance 1.0 TSI DSG,16.900 €,2022,65.000 km,Gasolina,110 cv,Madrid,2026-05-06 13:53:40,C,https://www.coches.net/volkswagen-t-cross-advance-10-tsi-81kw-110cv-dsg-5p-gasolina-2023-en-madrid-70232940-covo.aspx
MERCEDES-BENZ,MERCEDES-BENZ GLA GLA 200 D,45.900 €,2025,8000 km,Diesel,150 cv,Asturias,2026-05-06 13:53:40,B,https://www.coches.net/km-0/mercedes-benz/gla/asturias/gla-200-d-diesel-de-km0-61477785-kovn.aspx
OPEL,OPEL Corsa 1.2T XHL GS,12.200 €,2023,76.845 km,Gasolina,100 cv,Alicante,2026-05-06 13:53:40,C,https://www.coches.net/opel-corsa-12t-xhl-74kw-100cv-gs-5p-gasolina-2023-en-alicante-70180447-covo.aspx
BMW,BMW Serie 3 320d Auto.Touring,27.500 €,2022,108.963 km,Híbrido,190 cv,Pontevedra,2026-05-06 13:53:40,ECO,https://www.coches.net/bmw-serie-3-320d-autotouring-5p-electrico-hibrido-2021-en-pontevedra-70310663-covo.aspx
FORD,FORD Mondeo 2.0 Hibrido 138kW187CV Titanium HEV AT,17.900 €,2021,101.119 km,Híbrido,187 cv,Madrid,2026-05-06 13:53:40,B,https://www.coches.net/ford-mondeo-20-hibrido-138kw187cv-titanium-hev-at-4p-electrico-hibrido-2021-en-madrid-70517238-covo.aspx
FORD,FORD Mondeo 2.0 Hibrido STLine HEV AT,17.490 €,2021,118.199 km,Híbrido,187 cv,Madrid,2026-05-06 13:53:40,ECO,https://www.coches.net/ford-mondeo-20-hibrido-138kw-187cv-stline-hev-at-4p-electrico-hibrido-2021-en-madrid-70517721-covo.aspx
AUDI,AUDI A3 Sportback S line 40 TFSI e S tron,39.490 €,2025,19.148 km,Híbrido enchufable,204 cv,Bizkaia,2026-05-06 13:53:40,CERO,https://www.coches.net/audi-a3-sportback-s-line-40-tfsi-e-150kw-s-tron-5p-electrico-hibrido-2025-en-vizcaya-70507768-covo.aspx
BMW,BMW Serie 2 M2,81.990 €,2023,4800 km,Gasolina,460 cv,Bizkaia,2026-05-06 13:53:40,B,https://www.coches.net/bmw-serie-2-m2-2p-gasolina-2024-en-vizcaya-70537590-covo.aspx
DACIA,DACIA Sandero Stepway Extreme ECOG 120,17.500 €,2026,10 km,Gas licuado (GLP),122 cv,Madrid,2026-05-06 13:53:40,ECO,https://www.coches.net/km-0/dacia/sandero/madrid/stepway-extreme-ecog-120-otros-de-km0-62524726-kovn.aspx
VOLKSWAGEN,VOLKSWAGEN T-Roc Dark 2.0 TDI,28.200 €,2024,29.900 km,Diesel,115 cv,Gipuzkoa,2026-05-06 14:19:19,C,https://www.coches.net/volkswagen-t-roc-dark-20-tdi-85kw-115cv-5p-diesel-2024-en-guipuzcoa-58389554-covo.aspx
AUDI,AUDI Q3 45 TFSI e S tronic Advanced,37.700 €,2023,19.541 km,Híbrido enchufable,245 cv,Gipuzkoa,2026-05-06 14:19:19,CERO,https://www.coches.net/audi-q3-45-tfsi-e-180kw-s-tronic-advanced-5p-electrico-hibrido-2024-en-guipuzcoa-59042800-covo.aspx
AUDI,AUDI A1 Sportback Adrenal Black 30TFSI S tr,26.600 €,2024,22.400 km,Gasolina,110 cv,Gipuzkoa,2026-05-06 14:19:19,C,https://www.coches.net/audi-a1-sportback-adrenal-black-30tfsi-81kw-s-tr-5p-gasolina-2024-en-guipuzcoa-59078357-covo.aspx
BMW,BMW Serie 1 120,34.900 €,2024,10 km,Híbrido,170 cv,Toledo,2026-05-06 14:19:19,ECO,https://www.coches.net/bmw-serie-1-120-5p-electrico-hibrido-2025-en-toledo-59087552-covo.aspx
BMW,BMW Serie 1 118d Business Auto.,18.990 €,2020,171.000 km,Diesel,150 cv,Gipuzkoa,2026-05-06 14:19:19,C,https://www.coches.net/bmw-serie-1-118d-business-auto-5p-diesel-2021-en-guipuzcoa-59120928-covo.aspx
AUDI,AUDI Q2 Adrenalin 30 TDI S tronic,32.500 €,2024,24.609 km,Diesel,116 cv,Gipuzkoa,2026-05-06 14:19:19,C,https://www.coches.net/audi-q2-adrenalin-30-tdi-85kw-116cv-s-tronic-5p-diesel-2024-en-guipuzcoa-59594832-covo.aspx
FIAT,FIAT 500C Dolcevita 1.0 Hybrid 70 CV,10.990 €,2021,94.019 km,Híbrido,70 cv,Las Palmas,2026-05-06 14:19:19,ECO,https://www.coches.net/fiat-500c-dolcevita-10-hybrid-51kw-70-cv-2p-electrico-hibrido-2021-en-las-palmas-59722587-covo.aspx
SKODA,SKODA Karoq 2.0 TSI DSG 4X4 Sportline,39.900 €,2024,9100 km,Gasolina,190 cv,Gipuzkoa,2026-05-06 14:19:19,C,https://www.coches.net/skoda-karoq-20-tsi-140kw-190cv-dsg-4x4-sportline-5p-gasolina-2024-en-guipuzcoa-59854818-covo.aspx
MERCEDES-BENZ,MERCEDES-BENZ Clase G G 350 BlueTEC Largo,56.900 €,2013,179.000 km,Diesel,211 cv,Sevilla,2026-05-06 14:19:19,C,https://www.coches.net/mercedes-benz-clase-g-g-350-bluetec-largo-5p-diesel-2013-en-sevilla-59894103-covo.aspx
PEUGEOT,PEUGEOT 208 PureTech Active,13.150 €,2020,58.964 km,Gasolina,100 cv,Valencia,2026-05-06 14:19:19,C,https://www.coches.net/peugeot-208-puretech-73kw-100cv-active-5p-gasolina-2020-en-valencia-60046024-covo.aspx
PEUGEOT,PEUGEOT 208 BlueHDi GT,17.950 €,2022,22.047 km,Diesel,100 cv,Valencia,2026-05-06 14:19:19,C,https://www.coches.net/peugeot-208-bluehdi-73kw-100cv-gt-5p-diesel-2021-en-valencia-60046045-covo.aspx
PEUGEOT,PEUGEOT E-3008 GT Electrico,37.900 €,2024,20.590 km,Eléctrico,214 cv,Valencia,2026-05-06 14:19:19,CERO,https://www.coches.net/peugeot-e-3008-gt-electrico-157kw-5p-electrico-hibrido-2024-en-valencia-60148519-covo.aspx
OPEL,OPEL Astra Electric 54kWh GS Auto,26.850 €,2023,13.349 km,Eléctrico,156 cv,Valencia,2026-05-06 14:19:19,CERO,https://www.coches.net/opel-astra-electric-54kwh-gs-auto-5p-electrico-hibrido-2024-en-valencia-60148526-covo.aspx
FIAT,FIAT 600 600e RED 54kwh,21.950 €,2023,14.975 km,Eléctrico,156 cv,Valencia,2026-05-06 14:19:19,CERO,https://www.coches.net/fiat-600-600e-red-54kwh-115kw-156cv-5p-electrico-hibrido-2023-en-valencia-60148530-covo.aspx
CITROEN,CITROEN C3 Aircross BlueHDi SS CSeries,16.050 €,2023,55.423 km,Diesel,110 cv,Valencia,2026-05-06 14:19:19,C,https://www.coches.net/citroen-c3-aircross-bluehdi-81kw-110cv-ss-cseries-5p-diesel-2023-en-valencia-60148539-covo.aspx
VOLKSWAGEN,VOLKSWAGEN T-Roc RLine 1.0 TSI,31.300 €,2025,50 km,Gasolina,115 cv,Gipuzkoa,2026-05-06 14:19:19,C,https://www.coches.net/volkswagen-t-roc-rline-10-tsi-85kw-115cv-5p-gasolina-2025-en-guipuzcoa-60238570-covo.aspx
OPEL,OPEL Crossland 1.5D GS Line,16.350 €,2022,27.645 km,Diesel,110 cv,Valencia,2026-05-06 14:19:19,C,https://www.coches.net/opel-crossland-15d-81kw-110cv-gs-line-5p-diesel-2023-en-valencia-60296085-covo.aspx
OPEL,OPEL Corsa 1.5D DT GS,15.850 €,2022,41.263 km,Diesel,102 cv,Valencia,2026-05-06 14:19:19,C,https://www.coches.net/opel-corsa-15d-dt-74kw-100cv-gs-5p-diesel-2023-en-valencia-60354502-covo.aspx
MERCEDES-BENZ,MERCEDES-BENZ GLB 2.0 GLB 220 D 4MATIC DCT,39.900 €,2022,94.000 km,Diesel,190 cv,Asturias,2026-05-06 14:19:19,C,https://www.coches.net/mercedes-benz-glb-20-glb-220-d-4matic-dct-140kw-190cv-5p-diesel-2022-en-asturias-60437212-covo.aspx
CUPRA,CUPRA Formentor 1.5 TSI eHybrid 204 CV DSG,33.900 €,2025,2900 km,Híbrido enchufable,204 cv,Córdoba,2026-05-06 14:19:19,CERO,https://www.coches.net/cupra-formentor-15-tsi-ehybrid-150kw-204-cv-dsg-5p-electrico-hibrido-2025-en-cordoba-60600174-covo.aspx
MERCEDES-BENZ,MERCEDES-BENZ Clase C C Cabrio 220 d,30.590 €,2017,56.000 km,Diesel,170 cv,Granada,2026-05-06 14:19:19,C,https://www.coches.net/mercedes-benz-clase-c-c-cabrio-220-d-2p-diesel-2017-en-granada-60654728-covo.aspx
MERCEDES-BENZ,MERCEDES-BENZ Mercedes-AMG SL MercedesAMG SL 43,109.800 €,2022,25.500 km,Gasolina,381 cv,Alicante,2026-05-06 14:19:19,ECO,https://www.coches.net/mercedes-benz-mercedes-amg-sl-mercedesamg-sl-43-2p-gasolina-2022-en-alicante-60705857-covo.aspx
KIA,KIA Sportage 1.6 TGDi MHEV Tech 4x2,28.500 €,2024,10.493 km,Híbrido,150 cv,Sevilla,2026-05-06 14:19:19,ECO,https://www.coches.net/kia-sportage-16-tgdi-110kw-150cv-mhev-tech-4x2-5p-electrico-hibrido-2024-en-sevilla-60714313-covo.aspx
LAND-ROVER,LAND-ROVER Range Rover Sport 4.4 V8 635PS AWD Auto MHEV SV EDIT.TWO,233.900 €,2025,7500 km,Híbrido,635 cv,Madrid,2026-05-06 14:19:19,ECO,https://www.coches.net/land-rover-range-rover-sport-44-v8-635ps-awd-auto-mhev-sv-edittwo-5p-electrico-hibrido-2025-en-madrid-60728960-covo.aspx
AUDI,AUDI SQ7 4.0 TDI quattro tiptronic,46.900 €,2017,165.000 km,Diesel,435 cv,Asturias,2026-05-06 14:19:19,C,https://www.coches.net/audi-sq7-40-tdi-quattro-tiptronic-5p-diesel-2017-en-asturias-60746178-covo.aspx
TOYOTA,TOYOTA Yaris Cross 1.5 130H GR Sport,29.990 €,2025,1 km,Híbrido,130 cv,Las Palmas,2026-05-06 14:19:19,CERO,https://www.coches.net/toyota-yaris-cross-15-130h-gr-sport-5p-electrico-hibrido-2024-en-las-palmas-60895313-covo.aspx
AUDI,AUDI A1 citycarver 30 TFSI S tronic,24.200 €,2021,21.700 km,Gasolina,110 cv,Gipuzkoa,2026-05-06 14:19:19,C,https://www.coches.net/audi-a1-citycarver-30-tfsi-81kw-110cv-s-tronic-5p-gasolina-2021-en-guipuzcoa-60993628-covo.aspx
HYUNDAI,HYUNDAI Kona 1.6 GDI HEV Flexx DCT,28.500 €,2023,36.000 km,Híbrido,141 cv,Girona,2026-05-06 14:19:19,ECO,https://www.coches.net/hyundai-kona-16-gdi-hev-flexx-dct-5p-electrico-hibrido-2023-en-girona-61009177-covo.aspx
LAND-ROVER,LAND-ROVER Defender 3.0D I6 250 XDynamic SE 90 AT 4WD MHEV,94.900 €,2025,13.400 km,Híbrido,249 cv,Madrid,2026-05-06 14:19:19,ECO,https://www.coches.net/land-rover-defender-30d-i6-250-xdynamic-se-90-at-4wd-mhev-3p-electrico-hibrido-2025-en-madrid-61142124-covo.aspx
VOLKSWAGEN,VOLKSWAGEN Caravelle Origin Corta 2.0 TDI BMT DSG,38.000 €,2024,12.499 km,Diesel,150 cv,Gipuzkoa,2026-05-06 14:19:19,C,https://www.coches.net/volkswagen-caravelle-origin-corta-20-tdi-110kw-bmt-dsg-4p-diesel-2024-en-guipuzcoa-61150265-covo.aspx
RENAULT,RENAULT Clio Dynamique Energy dCi 90 EDC Euro 6,7.650 €,2015,200.218 km,Diesel,90 cv,Alicante,2026-05-06 14:19:19,B,https://www.coches.net/renault-clio-dynamique-energy-dci-90-edc-euro-6-5p-diesel-2015-en-alicante-61186055-covo.aspx
NISSAN,NISSAN QASHQAI DIGT mHEV CVT 4x4 NConnecta,30.890 €,2025,6747 km,Híbrido,158 cv,Sevilla,2026-05-06 14:19:19,ECO,https://www.coches.net/nissan-qashqai-digt-116kw-mhev-cvt-4x4-nconnecta-5p-electrico-hibrido-2024-en-sevilla-61253188-covo.aspx
HONDA,HONDA ZR-V 2.0 iMMD 4x2 Advance CVT,33.900 €,2024,21.800 km,Híbrido,184 cv,Girona,2026-05-06 14:19:19,ECO,https://www.coches.net/honda-zr-v-20-immd-4x2-advance-cvt-5p-electrico-hibrido-2023-en-girona-61272146-covo.aspx
CITROEN,CITROEN C5 Aircross BlueHdi SS Feel,16.550 €,2019,74.743 km,Diesel,131 cv,Valencia,2026-05-06 14:19:19,C,https://www.coches.net/citroen-c5-aircross-bluehdi-96kw-130cv-ss-feel-5p-diesel-2019-en-valencia-61280641-covo.aspx
HYUNDAI,HYUNDAI i20 1.0 TGDI 48V Tecno DCT,17.900 €,2023,22.000 km,Híbrido,100 cv,Girona,2026-05-06 14:19:19,ECO,https://www.coches.net/hyundai-i20-10-tgdi-74kw-100cv-48v-tecno-dct-5p-electrico-hibrido-2023-en-girona-61292248-covo.aspx
TOYOTA,TOYOTA Yaris 1.5 100H Active Tech,16.990 €,2020,25.225 km,Híbrido,100 cv,Murcia,2026-05-06 14:19:19,B,https://www.coches.net/toyota-yaris-15-100h-active-tech-5p-electrico-hibrido-2019-en-murcia-61299561-covo.aspx
MERCEDES-BENZ,MERCEDES-BENZ CLA CLA 200 D DCT 4MATIC Shooting Brake,21.500 €,2020,76.018 km,Diesel,150 cv,Cádiz,2026-05-06 14:19:19,B,https://www.coches.net/mercedes-benz-cla-cla-200-d-dct-4matic-shooting-brake-5p-diesel-2019-en-cadiz-61389886-covo.aspx
VOLVO,VOLVO XC90 2.0 B5 Gasolina AWD Ultra Bright Auto,62.900 €,2024,30.029 km,Híbrido,250 cv,A Coruña,2026-05-06 14:19:19,ECO,https://www.coches.net/volvo-xc90-20-b5-gasolina-awd-ultra-bright-auto-5p-electrico-hibrido-2025-en-a-coruna-61448665-covo.aspx
VOLVO,VOLVO S60 B4G FWD Inscriptionaut,26.900 €,2022,127.000 km,Híbrido,197 cv,Sevilla,2026-05-06 14:19:19,ECO,https://www.coches.net/volvo-s60-b4g-fwd-inscriptionaut-4p-electrico-hibrido-2022-en-sevilla-61457812-covo.aspx
AUDI,AUDI A1 Sportback Adrenalin 25 TFSI,21.200 €,2020,16.620 km,Gasolina,95 cv,Gipuzkoa,2026-05-06 14:19:19,C,https://www.coches.net/audi-a1-sportback-adrenalin-25-tfsi-70kw-95cv-5p-gasolina-2021-en-guipuzcoa-61484536-covo.aspx
PEUGEOT,PEUGEOT E-408 E408 GT Electrico 210,34.900 €,2025,1 km,Eléctrico,210 cv,Asturias,2026-05-06 14:19:19,CERO,https://www.coches.net/km-0/peugeot/e-408/asturias/e408-gt-electrico-210-157kw-electrico-hibrido-de-km0-61537261-kovn.aspx
CITROEN,CITROEN ë-C4 eC4 electrico 50kWh Shine,21.900 €,2023,25.117 km,Eléctrico,136 cv,Valencia,2026-05-06 14:19:19,CERO,https://www.coches.net/citroen-e-c4-ec4-electrico-100kw-50kwh-shine-5p-electrico-hibrido-2023-en-valencia-61618934-covo.aspx
OPEL,OPEL Crossland X 1.2 Innovation SS Auto,12.950 €,2018,76.635 km,Gasolina,110 cv,Valencia,2026-05-06 14:19:19,C,https://www.coches.net/opel-crossland-x-12-81kw-110cv-innovation-ss-auto-5p-gasolina-2019-en-valencia-61618941-covo.aspx
VOLVO,VOLVO XC60 2.0 T6 AWD Recharge Plus Dark Auto,52.500 €,2025,17.894 km,Híbrido enchufable,350 cv,A Coruña,2026-05-06 14:19:19,CERO,https://www.coches.net/volvo-xc60-20-t6-awd-recharge-plus-dark-auto-5p-electrico-hibrido-2025-en-a-coruna-61629350-covo.aspx
OPEL,OPEL Zafira 1.6 CDTi SS 134 CV Excellence llanta 17,10.990 €,2016,162.000 km,Diesel,134 cv,Bizkaia,2026-05-06 14:19:19,C,https://www.coches.net/opel-zafira-16-cdti-ss-134-cv-excellence-llanta-17-5p-diesel-2017-en-vizcaya-61665881-covo.aspx
RENAULT,RENAULT Trafic SL LIMITED Largo En. dCi 88kW120CV 18,25.490 €,2018,48.000 km,Diesel,120 cv,Bizkaia,2026-05-06 14:19:19,C,https://www.coches.net/renault-trafic-sl-limited-largo-en-dci-88kw120cv-18-4p-diesel-2018-en-vizcaya-61665886-covo.aspx
MERCEDES-BENZ,MERCEDES-BENZ Clase E Coupe E 250 BlueTEC,21.490 €,2015,123.000 km,Diesel,204 cv,Bizkaia,2026-05-06 14:19:19,C,https://www.coches.net/mercedes-benz-clase-e-coupe-e-250-bluetec-2p-diesel-2016-en-vizcaya-61666609-covo.aspx
VOLKSWAGEN,VOLKSWAGEN Taigo Life 1.0 TSI DSG,17.990 €,2023,75.715 km,Gasolina,110 cv,Valencia,2026-05-06 14:19:19,C,https://www.coches.net/volkswagen-taigo-life-10-tsi-81kw-110cv-dsg-5p-gasolina-2023-en-valencia-61672254-covo.aspx
VOLKSWAGEN,VOLKSWAGEN Touareg Prem Eleg 3.0 V6 TDI Tip 4M,36.990 €,2021,82.063 km,Diesel,231 cv,Valencia,2026-05-06 14:19:19,C,https://www.coches.net/volkswagen-touareg-prem-eleg-30-v6-tdi-170kw-tip-4m-5p-diesel-2021-en-valencia-61674841-covo.aspx
CUPRA,CUPRA Formentor 1.5 eTSI 150 CV DSG,33.800 €,2025,99 km,Híbrido,150 cv,Córdoba,2026-05-06 14:19:19,ECO,https://www.coches.net/cupra-formentor-15-etsi-110kw-150-cv-dsg-5p-electrico-hibrido-2025-en-cordoba-61685179-covo.aspx
BMW,BMW X3 xDrive20d,35.490 €,2020,141.000 km,Diesel,190 cv,Bizkaia,2026-05-06 14:19:19,C,https://www.coches.net/bmw-x3-xdrive20d-5p-diesel-2020-en-vizcaya-61695397-covo.aspx
MERCEDES-BENZ,MERCEDES-BENZ Clase CLA CLA 200 d Shooting Brake,19.990 €,2018,145.000 km,Diesel,136 cv,Bizkaia,2026-05-06 14:19:19,C,https://www.coches.net/mercedes-benz-clase-cla-cla-200-d-shooting-brake-5p-diesel-2018-en-vizcaya-61695398-covo.aspx
HYUNDAI,HYUNDAI i10 1.0 Klass,12.500 €,2021,62.300 km,Gasolina,67 cv,Girona,2026-05-06 14:19:19,C,https://www.coches.net/hyundai-i10-10-klass-5p-gasolina-2021-en-girona-61721581-covo.aspx
SEAT,SEAT Arona 1.0 TSI StartStop Style,18.800 €,2025,5027 km,Gasolina,115 cv,Valencia,2026-05-06 14:19:19,C,https://www.coches.net/seat-arona-10-tsi-85kw-115cv-startstop-style-5p-gasolina-2026-en-valencia-61735008-covo.aspx
LAND-ROVER,LAND-ROVER Range Rover Sport 5.0 V8 SC SVR,67.900 €,2018,98.100 km,Gasolina,575 cv,Madrid,2026-05-06 14:19:19,C,https://www.coches.net/land-rover-range-rover-sport-50-v8-sc-423kw-575cv-svr-5p-gasolina-2018-en-madrid-61746675-covo.aspx
BMW,BMW Serie 3 330e,14.499 €,2016,230.000 km,Híbrido enchufable,252 cv,Alicante,2026-05-06 14:19:19,ECO,https://www.coches.net/bmw-serie-3-330e-4p-electrico-hibrido-2017-en-alicante-61751166-covo.aspx
OPEL,OPEL Insignia ST 1.6 CDTi ecoTEC D Selective,12.990 €,2020,119.731 km,Diesel,110 cv,Bizkaia,2026-05-06 14:19:19,C,https://www.coches.net/opel-insignia-st-16-cdti-81kw-ecotec-d-selective-5p-diesel-2020-en-vizcaya-61753912-covo.aspx
SKODA,SKODA Kodiaq 1.5 TSI 4x2 Active,22.990 €,2020,114.988 km,Gasolina,150 cv,Bizkaia,2026-05-06 14:19:19,C,https://www.coches.net/skoda-kodiaq-15-tsi-110kw-150cv-4x2-active-5p-gasolina-2020-en-vizcaya-61753950-covo.aspx
AUDI,AUDI A3 30 TFSI S tronic Sportback,17.990 €,2021,172.000 km,Gasolina,116 cv,Bizkaia,2026-05-06 14:19:19,C,https://www.coches.net/audi-a3-30-tfsi-85kw-116cv-s-tronic-sportback-5p-gasolina-2019-en-vizcaya-61753951-covo.aspx
VOLKSWAGEN,VOLKSWAGEN T-Roc Advance Style 2.0 TDI DSG,19.990 €,2021,142.000 km,Diesel,150 cv,Bizkaia,2026-05-06 14:19:19,C,https://www.coches.net/volkswagen-t-roc-advance-style-20-tdi-110kw-dsg-5p-diesel-2021-en-vizcaya-61753968-covo.aspx
PEUGEOT,PEUGEOT 208 PureTech Active Pack,12.150 €,2021,88.090 km,Gasolina,100 cv,Valencia,2026-05-06 14:19:19,C,https://www.coches.net/peugeot-208-puretech-73kw-100cv-active-pack-5p-gasolina-2021-en-valencia-61803466-covo.aspx
CITROEN,CITROEN C5 Aircross BlueHdi SS EAT8 Shine,13.990 €,2019,169.000 km,Diesel,177 cv,León,2026-05-06 14:19:19,C,https://www.coches.net/citroen-c5-aircross-bluehdi-132kw-180cv-ss-eat8-shine-5p-diesel-2018-en-leon-61809444-covo.aspx
NISSAN,NISSAN QASHQAI DIGT mHEV 4x2 Acenta,22.990 €,2022,21.918 km,Híbrido,140 cv,Sevilla,2026-05-06 14:19:19,ECO,https://www.coches.net/nissan-qashqai-digt-103kw-140cv-mhev-4x2-acenta-5p-electrico-hibrido-2021-en-sevilla-61837339-covo.aspx
BMW,BMW X3 20d xDrive,59.990 €,2025,29.444 km,Híbrido,197 cv,Toledo,2026-05-06 14:19:19,ECO,https://www.coches.net/bmw-x3-20d-xdrive-5p-electrico-hibrido-2026-en-toledo-61841543-covo.aspx
VOLVO,VOLVO XC40 2.0 B3 G Core Auto,33.500 €,2025,29.078 km,Híbrido,163 cv,A Coruña,2026-05-06 14:19:19,ECO,https://www.coches.net/volvo-xc40-20-b3-g-core-auto-5p-electrico-hibrido-2025-en-a-coruna-61848369-covo.aspx
VOLVO,VOLVO XC40 2.0 B3 G Core Auto,33.500 €,2025,26.144 km,Híbrido,163 cv,A Coruña,2026-05-06 14:19:19,ECO,https://www.coches.net/volvo-xc40-20-b3-g-core-auto-5p-electrico-hibrido-2025-en-a-coruna-61848904-covo.aspx
MERCEDES-BENZ,MERCEDES-BENZ Clase GLC GLC 220 d 4MATIC,29.800 €,2019,203.351 km,Diesel,194 cv,Alicante,2026-05-06 14:19:19,C,https://www.coches.net/mercedes-benz-clase-glc-glc-220-d-4matic-5p-diesel-2020-en-alicante-61882897-covo.aspx
SKODA,SKODA Scala 1.0 TSI 95 CV Ambition,11.990 €,2023,97.000 km,Gasolina,95 cv,Barcelona,2026-05-06 14:19:19,C,https://www.coches.net/skoda-scala-10-tsi-70-kw-95-cv-ambition-5p-gasolina-2023-en-barcelona-61885087-covo.aspx
BMW,BMW X2 sDrive18d,43.900 €,2025,21.466 km,Diesel,150 cv,Toledo,2026-05-06 14:19:19,C,https://www.coches.net/bmw-x2-sdrive18d-5p-diesel-2026-en-toledo-61902298-covo.aspx
BMW,BMW Serie 4 420d Gran Coupe,45.900 €,2025,26.784 km,Híbrido,190 cv,Toledo,2026-05-06 14:19:19,ECO,https://www.coches.net/bmw-serie-4-420d-gran-coupe-5p-electrico-hibrido-2025-en-toledo-61902304-covo.aspx
MERCEDES-BENZ,MERCEDES-BENZ Mercedes-AMG GT MercedesAMG GT R,139.000 €,2018,25.000 km,Gasolina,585 cv,Sevilla,2026-05-06 14:19:19,C,https://www.coches.net/mercedes-benz-mercedes-amg-gt-mercedesamg-gt-r-3p-gasolina-2018-en-sevilla-61931432-covo.aspx
HYUNDAI,HYUNDAI i20 1.0 TGDI Klass,16.800 €,2024,28.359 km,Gasolina,100 cv,Girona,2026-05-06 14:19:19,C,https://www.coches.net/hyundai-i20-10-tgdi-74kw-100cv-klass-5p-gasolina-2024-en-girona-61969500-covo.aspx
AUDI,AUDI A3 Sportback Advanced 30 TFSI,22.200 €,2021,74.532 km,Gasolina,110 cv,Gipuzkoa,2026-05-06 14:19:19,C,https://www.coches.net/audi-a3-sportback-advanced-30-tfsi-81kw-110cv-5p-gasolina-2021-en-guipuzcoa-61977298-covo.aspx
SMART,SMART Fortwo Coupe 62 Ushuaia,7.500 €,2013,80.000 km,Gasolina,84 cv,Murcia,2026-05-06 14:19:19,C,https://www.coches.net/smart-fortwo-coupe-62-ushuaia-3p-gasolina-2012-en-murcia-61987616-covo.aspx
PEUGEOT,PEUGEOT 208 PureTech GT,14.750 €,2022,37.893 km,Gasolina,100 cv,Valencia,2026-05-06 14:19:19,C,https://www.coches.net/peugeot-208-puretech-73kw-100cv-gt-5p-gasolina-2021-en-valencia-61998106-covo.aspx
PEUGEOT,PEUGEOT 2008 Allure BlueHDI 130 SS EAT8,15.950 €,2020,99.530 km,Diesel,130 cv,Valencia,2026-05-06 14:19:19,C,https://www.coches.net/peugeot-2008-allure-bluehdi-130-ss-eat8-5p-diesel-2020-en-valencia-61998123-covo.aspx
VOLVO,VOLVO S90 2.0 D3 Momentum Auto,22.900 €,2018,120.000 km,Diesel,150 cv,Sevilla,2026-05-06 14:19:19,C,https://www.coches.net/volvo-s90-20-d3-momentum-auto-4p-diesel-2018-en-sevilla-61998602-covo.aspx
MERCEDES-BENZ,MERCEDES-BENZ Clase A A 180 d,19.990 €,2020,108.000 km,Diesel,116 cv,Valencia,2026-05-06 14:19:19,B,https://www.coches.net/mercedes-benz-clase-a-a-180-d-5p-diesel-2020-en-valencia-62009285-covo.aspx
NISSAN,NISSAN QASHQAI DIGT NConnecta,23.690 €,2022,55.927 km,Híbrido,140 cv,Sevilla,2026-05-06 14:19:19,ECO,https://www.coches.net/nissan-qashqai-digt-103kw-nconnecta-5p-electrico-hibrido-2023-en-sevilla-62017263-covo.aspx
MASERATI,MASERATI Ghibli 3.0 V6 DS RWD,23.900 €,2015,173.000 km,Diesel,275 cv,Sevilla,2026-05-06 14:19:19,C,https://www.coches.net/maserati-ghibli-30-v6-ds-275cv-rwd-4p-diesel-2016-en-sevilla-62019930-covo.aspx
OPEL,OPEL Corsa 1.2T XHL GS,14.500 €,2023,1700 km,Gasolina,100 cv,Navarra,2026-05-06 14:19:19,C,https://www.coches.net/opel-corsa-12t-xhl-74kw-100cv-gs-5p-gasolina-2023-en-navarra-62045129-covo.aspx
AUDI,AUDI Q8 Black line TDI quattro tiptronic,84.900 €,2025,28.518 km,Híbrido,286 cv,Jaén,2026-05-06 14:19:19,ECO,https://www.coches.net/audi-q8-black-line-tdi-quattro-210kw-tiptronic-5p-electrico-hibrido-2026-en-jaen-62064442-covo.aspx
HYUNDAI,HYUNDAI Kona 1.6T Maxx,27.000 €,2025,500 km,Gasolina,138 cv,Girona,2026-05-06 14:19:19,C,https://www.coches.net/hyundai-kona-16t-138cv-maxx-5p-gasolina-2025-en-girona-62089341-covo.aspx
BMW,BMW Serie 3 330d,11.500 €,2008,270.000 km,Diesel,231 cv,Madrid,2026-05-06 14:19:19,B,https://www.coches.net/bmw-serie-3-330d-2p-diesel-2008-en-madrid-62093580-covo.aspx
LAND-ROVER,LAND-ROVER Discovery Sport 2.0L TD4 4x4 Pure,15.000 €,2016,147.000 km,Diesel,180 cv,Navarra,2026-05-06 14:19:19,C,https://www.coches.net/land-rover-discovery-sport-20l-td4-132kw-180cv-4x4-pure-5p-diesel-2017-en-navarra-62100569-covo.aspx
BMW,BMW Serie 4 440i,33.900 €,2017,156.000 km,Gasolina,326 cv,Asturias,2026-05-06 14:19:19,C,https://www.coches.net/bmw-serie-4-440i-2p-gasolina-2018-en-asturias-62101630-covo.aspx
HYUNDAI,HYUNDAI i10 1.0 Klass,11.900 €,2022,88.000 km,Gasolina,67 cv,Girona,2026-05-06 14:19:19,C,https://www.coches.net/hyundai-i10-10-klass-5p-gasolina-2021-en-girona-62102426-covo.aspx
VOLVO,VOLVO V60 2.0 B4 G Plus Dark Auto,40.500 €,2025,10.582 km,Híbrido,197 cv,A Coruña,2026-05-06 14:19:19,ECO,https://www.coches.net/volvo-v60-20-b4-g-plus-dark-auto-5p-electrico-hibrido-2025-en-a-coruna-62133605-covo.aspx
VOLVO,VOLVO V60 2.0 B4 D Core Auto,37.500 €,2022,34.572 km,Híbrido,197 cv,A Coruña,2026-05-06 14:19:19,ECO,https://www.coches.net/volvo-v60-20-b4-d-core-auto-5p-electrico-hibrido-2023-en-a-coruna-62143455-covo.aspx
PEUGEOT,PEUGEOT 3008 1.2 PureTech SS Allure Pack,18.300 €,2024,26.967 km,Gasolina,130 cv,Valencia,2026-05-06 14:19:19,C,https://www.coches.net/peugeot-3008-12-puretech-96kw-ss-allure-pack-5p-gasolina-2023-en-valencia-62145339-covo.aspx
JEEP,JEEP Renegade Night Eagle eHybrid 1.5 96kW130CV ATX,19.990 €,2022,53.797 km,Híbrido,130 cv,Alicante,2026-05-06 14:19:19,ECO,https://www.coches.net/jeep-renegade-night-eagle-ehybrid-15-96kw130cv-atx-5p-electrico-hibrido-2022-en-alicante-62161625-covo.aspx
SEAT,SEAT Alhambra 2.0 TDI 177 CV StartStop Style 4Kids,15.600 €,2014,189.000 km,Diesel,177 cv,Navarra,2026-05-06 14:19:19,B,https://www.coches.net/seat-alhambra-20-tdi-177-cv-startstop-style-4kids-5p-diesel-2014-en-navarra-62172865-covo.aspx
CITROEN,CITROEN C4 BlueHDi 130 SS EAT8 Max,21.550 €,2024,35.099 km,Diesel,131 cv,Valencia,2026-05-06 14:19:19,C,https://www.coches.net/citroen-c4-bluehdi-130-ss-eat8-max-5p-diesel-2024-en-valencia-62174185-covo.aspx
MINI,MINI COUNTRYMAN Cooper S E ALL4,23.500 €,2018,74.500 km,Híbrido enchufable,224 cv,Toledo,2026-05-06 14:19:19,CERO,https://www.coches.net/mini-countryman-cooper-s-e-all4-5p-electrico-hibrido-2019-en-toledo-62186670-covo.aspx
MERCEDES-BENZ,MERCEDES-BENZ CLA CLA 180,21.990 €,2020,89.000 km,Gasolina,136 cv,Valencia,2026-05-06 14:19:19,C,https://www.coches.net/mercedes-benz-cla-cla-180-4p-gasolina-2019-en-valencia-62206980-covo.aspx
BMW,BMW X1 sDrive18i,33.900 €,2022,46.000 km,Gasolina,136 cv,Asturias,2026-05-06 14:19:19,C,https://www.coches.net/bmw-x1-sdrive18i-5p-gasolina-2023-en-asturias-62208938-covo.aspx
VOLVO,VOLVO XC60 2.0 B5 G AWD Plus Dark Auto,47.500 €,2025,25.785 km,Híbrido,250 cv,A Coruña,2026-05-06 14:19:19,ECO,https://www.coches.net/volvo-xc60-20-b5-g-awd-plus-dark-auto-5p-electrico-hibrido-2025-en-a-coruna-62216801-covo.aspx
MERCEDES-BENZ,MERCEDES-BENZ CLA CLA 200 D DCT Shooting Brake,23.900 €,2022,95.000 km,Diesel,150 cv,Sevilla,2026-05-06 14:19:19,C,https://www.coches.net/mercedes-benz-cla-cla-200-d-dct-shooting-brake-5p-diesel-2021-en-sevilla-62224631-covo.aspx
AUDI,AUDI Q5 SPORTBACK Black line 40 TDI quattroultra,29.990 €,2021,169.000 km,Híbrido,204 cv,Barcelona,2026-05-06 14:19:19,ECO,https://www.coches.net/audi-q5-sportback-black-line-40-tdi-150kw-quattroultra-5p-electrico-hibrido-2022-en-barcelona-62226076-covo.aspx
SUZUKI,SUZUKI SX4 S-Cross 1.4 DITC GLX 4WD,12.950 €,2017,109.500 km,Gasolina,140 cv,Alicante,2026-05-06 14:19:19,C,https://www.coches.net/suzuki-sx4-s-cross-14-ditc-glx-4wd-5p-gasolina-2016-en-alicante-62228929-covo.aspx
NISSAN,NISSAN QASHQAI 1.2 DIGT ACENTA,8.888 €,2016,146.000 km,Gasolina,115 cv,Navarra,2026-05-06 14:19:19,C,https://www.coches.net/nissan-qashqai-12-digt-acenta-5p-gasolina-2016-en-navarra-62231546-covo.aspx
CUPRA,CUPRA Terramar 2.0 TSI 265 CV VZ DSG 4 Drive,47.900 €,2025,99 km,Gasolina,265 cv,Córdoba,2026-05-06 14:19:19,C,https://www.coches.net/cupra-terramar-20-tsi-195kw-265-cv-vz-dsg-4-drive-5p-gasolina-2025-en-cordoba-62235794-covo.aspx
FORD,FORD Ranger 2.0 Ecobl eAWD D Cab Raptor AT,67.900 €,2026,30 km,Diesel,210 cv,Barcelona,2026-05-06 14:19:19,C,https://www.coches.net/ford-ranger-20-ecobl-154kw-eawd-d-cab-raptor-at-4p-diesel-2025-en-barcelona-62243822-covo.aspx
MERCEDES-BENZ,MERCEDES-BENZ Clase A A 180 d,30.700 €,2024,28.526 km,Diesel,116 cv,Barcelona,2026-05-06 14:19:19,C,https://www.coches.net/mercedes-benz-clase-a-a-180-d-5p-diesel-2023-en-barcelona-62249670-covo.aspx
KIA,KIA XCeed 1.6 GDi PHEV eDrive,19.480 €,2022,27.754 km,Híbrido enchufable,141 cv,Sevilla,2026-05-06 14:19:19,CERO,https://www.coches.net/kia-xceed-16-gdi-phev-104kw-141cv-edrive-5p-electrico-hibrido-2022-en-sevilla-62250544-covo.aspx
CITROEN,CITROEN ë-C3 eC3 Electrico Max,24.600 €,2025,5455 km,Eléctrico,113 cv,Valencia,2026-05-06 14:19:19,CERO,https://www.coches.net/citroen-e-c3-ec3-electrico-max-5p-electrico-hibrido-2024-en-valencia-62257270-covo.aspx
MAZDA,MAZDA CX-30 eSKYACTIVG 2.0 2WD Evolution,19.990 €,2021,69.765 km,Híbrido,122 cv,Madrid,2026-05-06 14:19:19,ECO,https://www.coches.net/mazda-cx-30-eskyactivg-20-90-kw-2wd-evolution-5p-electrico-hibrido-2022-en-madrid-62262228-covo.aspx
NISSAN,NISSAN JUKE 1.6 Hybrid NConnecta,25.890 €,2025,10.330 km,Híbrido,143 cv,Sevilla,2026-05-06 14:19:19,ECO,https://www.coches.net/nissan-juke-16-hybrid-105kw-145cv-nconnecta-5p-electrico-hibrido-2025-en-sevilla-62279408-covo.aspx
AUDI,AUDI Q2 Design 30 TFSI,19.990 €,2019,58.000 km,Gasolina,116 cv,Valencia,2026-05-06 14:19:19,B,https://www.coches.net/audi-q2-design-30-tfsi-85kw-116cv-5p-gasolina-2020-en-valencia-62285187-covo.aspx
AUDI,AUDI Q8 Black line 55 TFSIe quattro tiptro,91.900 €,2025,50 km,Híbrido enchufable,394 cv,Jaén,2026-05-06 14:19:19,CERO,https://www.coches.net/audi-q8-black-line-55-tfsie-290kw-quattro-tiptro-5p-electrico-hibrido-2025-en-jaen-62294026-covo.aspx
MERCEDES-BENZ,MERCEDES-BENZ Clase A A 200 Sedan,34.900 €,2024,11.700 km,Híbrido,163 cv,Valencia,2026-05-06 14:19:19,ECO,https://www.coches.net/mercedes-benz-clase-a-a-200-sedan-4p-electrico-hibrido-2025-en-valencia-62298738-covo.aspx
AUDI,AUDI Q2 Adrenalin Black Edi 30 TFSI,30.400 €,2025,22.000 km,Gasolina,116 cv,Valencia,2026-05-06 14:19:19,C,https://www.coches.net/audi-q2-adrenalin-black-edi-30-tfsi-85kw-116cv-5p-gasolina-2025-en-valencia-62301093-covo.aspx
KIA,KIA Sportage 1.6 GDi Concept 4x2,11.910 €,2017,141.230 km,Gasolina,132 cv,Sevilla,2026-05-06 14:19:19,C,https://www.coches.net/kia-sportage-16-gdi-97kw-132cv-concept-4x2-5p-gasolina-2017-en-sevilla-62314608-covo.aspx
FORD,FORD Kuga Vignale 2.5 Duratec FHEV Auto,25.900 €,2023,49.523 km,Híbrido,190 cv,Barcelona,2026-05-06 14:19:19,ECO,https://www.coches.net/ford-kuga-vignale-25-duratec-fhev-140kw-auto-5p-electrico-hibrido-2023-en-barcelona-62316973-covo.aspx
FORD,FORD Ranger 3.0 Ecob eAWD Dob Cab Raptor AT,71.995 €,2026,25 km,Gasolina,292 cv,Barcelona,2026-05-06 14:19:19,C,https://www.coches.net/ford-ranger-30-ecob-215kw-eawd-dob-cab-raptor-at-4p-gasolina-2026-en-barcelona-62320355-covo.aspx
AUDI,AUDI A3 Sportback S line 35 TDI S tronic,37.300 €,2025,16.711 km,Diesel,150 cv,Gipuzkoa,2026-05-06 14:19:19,B,https://www.coches.net/audi-a3-sportback-s-line-35-tdi-110kw-s-tronic-5p-diesel-2025-en-guipuzcoa-62328373-covo.aspx
TOYOTA,TOYOTA Auris 1.2 120T Active,11.490 €,2017,128.000 km,Gasolina,116 cv,Barcelona,2026-05-06 14:19:19,C,https://www.coches.net/toyota-auris-12-120t-active-5p-gasolina-2017-en-barcelona-62339404-covo.aspx
NISSAN,NISSAN JUKE 1.5 dCi TEKNA 4X2 Ext2 Negro,9.999 €,2014,152.000 km,Diesel,110 cv,Alicante,2026-05-06 14:19:19,B,https://www.coches.net/nissan-juke-15-dci-tekna-4x2-ext2-negro-5p-diesel-2014-en-alicante-62346673-covo.aspx
BMW,BMW Serie 4 420i Gran Coupe,19.900 €,2019,118.000 km,Gasolina,184 cv,Sevilla,2026-05-06 14:19:19,C,https://www.coches.net/bmw-serie-4-420i-gran-coupe-5p-gasolina-2019-en-sevilla-62352420-covo.aspx
FIAT,FIAT 500 Dolcevita 1.0 Hybrid 70 CV,10.990 €,2021,95.948 km,Híbrido,70 cv,Las Palmas,2026-05-06 14:19:19,ECO,https://www.coches.net/fiat-500-dolcevita-10-hybrid-51kw-70-cv-3p-electrico-hibrido-2021-en-las-palmas-62362117-covo.aspx
JAGUAR,JAGUAR XE 2.0 AJ200D Diesel RWD XEPure,12.390 €,2015,112.000 km,Diesel,180 cv,Barcelona,2026-05-06 14:19:19,C,https://www.coches.net/jaguar-xe-20-aj200d-diesel-rwd-180cv-xepure-4p-diesel-2017-en-barcelona-62363389-covo.aspx
FORD,FORD Fiesta 1.0 EcoBoost Powersh. Titanium,9.990 €,2016,87.000 km,Gasolina,100 cv,Barcelona,2026-05-06 14:19:19,C,https://www.coches.net/ford-fiesta-10-ecoboost-74kw-powersh-titanium-5p-5p-gasolina-2017-en-barcelona-62363400-covo.aspx
VOLKSWAGEN,VOLKSWAGEN Golf Advance 1.6 TDI,14.990 €,2019,65.000 km,Diesel,115 cv,Barcelona,2026-05-06 14:19:19,C,https://www.coches.net/volkswagen-golf-advance-16-tdi-85kw-115cv-5p-diesel-2020-en-barcelona-62363405-covo.aspx
AUDI,AUDI A3 Sportback S line 35 TFSI S tronic,37.300 €,2025,15.084 km,Híbrido,150 cv,Gipuzkoa,2026-05-06 14:19:19,ECO,https://www.coches.net/audi-a3-sportback-s-line-35-tfsi-110kw-s-tronic-5p-electrico-hibrido-2025-en-guipuzcoa-62364796-covo.aspx
HONDA,HONDA HR-V 1.5 iMMD Advance 4x2,33.990 €,2025,4500 km,Híbrido,131 cv,Gipuzkoa,2026-05-06 14:19:19,ECO,https://www.coches.net/honda-hr-v-15-immd-advance-4x2-5p-electrico-hibrido-2025-en-guipuzcoa-62367315-covo.aspx
HONDA,HONDA CR-V 2.0 iMMD HEV 4X2 Elegance,47.490 €,2025,5000 km,Híbrido,184 cv,Gipuzkoa,2026-05-06 14:19:19,ECO,https://www.coches.net/honda-cr-v-20-immd-hev-4x2-elegance-5p-electrico-hibrido-2024-en-guipuzcoa-62367740-covo.aspx
CUPRA,CUPRA León SP 1.5 TSI,27.990 €,2024,20.719 km,Gasolina,150 cv,Córdoba,2026-05-06 14:19:19,C,https://www.coches.net/cupra-leon-sp-15-tsi-110kw-150cv-5p-gasolina-2025-en-cordoba-62370048-covo.aspx
SKODA,SKODA Scala SCALA 1.6 TDI 115 CV Ambition,16.900 €,2020,74.000 km,Diesel,115 cv,Guadalajara,2026-05-06 14:19:19,C,https://www.coches.net/skoda-scala-scala-16-tdi-85-kw-115-cv-ambition-5p-diesel-2020-en-guadalajara-62370336-covo.aspx
SKODA,SKODA Octavia 1.0 TSI Ambition,14.500 €,2020,126.500 km,Gasolina,110 cv,Valencia,2026-05-06 14:19:19,C,https://www.coches.net/skoda-octavia-10-tsi-81kw-110cv-ambition-5p-gasolina-2021-en-valencia-62373194-covo.aspx
LAND-ROVER,LAND-ROVER Range Rover Velar 2.0D I4 4WD Auto,30.990 €,2021,59.558 km,Híbrido,204 cv,Valencia,2026-05-06 14:19:19,ECO,https://www.coches.net/land-rover-range-rover-velar-20d-i4-150kw-204cv-4wd-auto-5p-electrico-hibrido-2021-en-valencia-62373413-covo.aspx
BMW,BMW Serie 1 116i,13.990 €,2017,74.000 km,Gasolina,109 cv,Valencia,2026-05-06 14:19:19,C,https://www.coches.net/bmw-serie-1-116i-3p-gasolina-2017-en-valencia-62375523-covo.aspx
PORSCHE,PORSCHE Macan Macan,62.999 €,2021,41.500 km,Gasolina,265 cv,Alicante,2026-05-06 14:19:19,C,https://www.coches.net/porsche-macan-macan-5p-gasolina-2022-en-alicante-62388866-covo.aspx
HYUNDAI,HYUNDAI i30 1.0 TGDI N Line DCT,24.900 €,2024,17.500 km,Gasolina,100 cv,Girona,2026-05-06 14:19:19,C,https://www.coches.net/hyundai-i30-10-tgdi-n-line-dct-5p-gasolina-2025-en-girona-62389834-covo.aspx
BMW,BMW X5 M50d,39.999 €,2015,199.500 km,Diesel,381 cv,Alicante,2026-05-06 14:19:19,B,https://www.coches.net/bmw-x5-m50d-5p-diesel-2016-en-alicante-62391168-covo.aspx
PORSCHE,PORSCHE Macan Macan,64.999 €,2021,79.500 km,Gasolina,265 cv,Alicante,2026-05-06 14:19:19,C,https://www.coches.net/porsche-macan-macan-5p-gasolina-2022-en-alicante-62391628-covo.aspx
KIA,KIA Sportage 1.6 TGDi PHEV Tech 4x4,32.590 €,2023,14.533 km,Híbrido enchufable,265 cv,Sevilla,2026-05-06 14:19:19,CERO,https://www.coches.net/kia-sportage-16-tgdi-phev-198kw-265cv-tech-4x4-5p-electrico-hibrido-2023-en-sevilla-62393448-covo.aspx
AUDI,AUDI A6 Competition 3.0 TDI quattro tiptro Avant,34.900 €,2017,198.000 km,Diesel,326 cv,Burgos,2026-05-06 14:19:19,C,https://www.coches.net/audi-a6-competition-30-tdi-quattro-tiptro-avant-5p-diesel-2018-en-burgos-62393583-covo.aspx
AUDI,AUDI Q2 Advanced 35 TDI S tronic,34.900 €,2025,14.007 km,Diesel,150 cv,Jaén,2026-05-06 14:19:19,C,https://www.coches.net/audi-q2-advanced-35-tdi-110kw-150cv-s-tronic-5p-diesel-2025-en-jaen-62395581-covo.aspx
MASERATI,MASERATI Levante V6 350 HP AWD GranLusso,44.990 €,2018,36.900 km,Gasolina,350 cv,Gipuzkoa,2026-05-06 14:19:19,C,https://www.coches.net/maserati-levante-v6-350-hp-awd-granlusso-5p-gasolina-2018-en-guipuzcoa-62398964-covo.aspx
HYUNDAI,HYUNDAI i20 1.2 MPI N Line 30 Aniversario,17.900 €,2023,17.000 km,Gasolina,84 cv,Girona,2026-05-06 14:19:19,C,https://www.coches.net/hyundai-i20-12-mpi-n-line-30-aniversario-5p-gasolina-2023-en-girona-62400284-covo.aspx
VOLKSWAGEN,VOLKSWAGEN T-Roc Advance 2.0 TDI DSG,21.990 €,2021,65.818 km,Diesel,150 cv,Alicante,2026-05-06 14:19:19,C,https://www.coches.net/volkswagen-t-roc-advance-20-tdi-110kw-150cv-dsg-5p-diesel-2022-en-alicante-62400476-covo.aspx
HYUNDAI,HYUNDAI i20 1.0 TGDI Klass,16.800 €,2024,25.970 km,Gasolina,100 cv,Girona,2026-05-06 14:19:19,C,https://www.coches.net/hyundai-i20-10-tgdi-74kw-100cv-klass-5p-gasolina-2024-en-girona-62413761-covo.aspx
HYUNDAI,HYUNDAI Bayon 1.0 TGDI 48V Tecno,22.900 €,2025,10.000 km,Híbrido,100 cv,Girona,2026-05-06 14:19:19,ECO,https://www.coches.net/hyundai-bayon-10-tgdi-74kw-100cv-48v-tecno-5p-electrico-hibrido-2025-en-girona-62413763-covo.aspx
HYUNDAI,HYUNDAI Kona 1.6 GDI HEV Maxx DCT,22.900 €,2022,33.500 km,Híbrido,141 cv,Girona,2026-05-06 14:19:19,ECO,https://www.coches.net/hyundai-kona-16-gdi-hev-maxx-dct-5p-electrico-hibrido-2020-en-girona-62414095-covo.aspx
FIAT,FIAT 500 Dolcevita 1.0 Hybrid 70 CV,9.990 €,2021,104.058 km,Híbrido,70 cv,Las Palmas,2026-05-06 14:19:19,ECO,https://www.coches.net/fiat-500-dolcevita-10-hybrid-51kw-70-cv-3p-electrico-hibrido-2021-en-las-palmas-62414735-covo.aspx
KIA,KIA XCeed 1.0 TGDi Drive,17.900 €,2021,63.462 km,Gasolina,120 cv,Guadalajara,2026-05-06 14:19:19,C,https://www.coches.net/kia-xceed-10-tgdi-drive-88kw-120cv-5p-gasolina-2022-en-guadalajara-62415797-covo.aspx
MINI,MINI MINI COOPER S,20.900 €,2018,106.784 km,Gasolina,192 cv,Guadalajara,2026-05-06 14:19:19,C,https://www.coches.net/mini-mini-cooper-s-3p-gasolina-2018-en-guadalajara-62415815-covo.aspx
BMW,BMW Serie 1 116d,15.900 €,2017,112.150 km,Diesel,116 cv,Guadalajara,2026-05-06 14:19:19,C,https://www.coches.net/bmw-serie-1-116d-5p-diesel-2017-en-guadalajara-62416130-covo.aspx
SKODA,SKODA Fabia 1.2 Urban,5.990 €,2010,175.000 km,Gasolina,60 cv,Asturias,2026-05-06 14:19:19,C,https://www.coches.net/skoda-fabia-12-60cv-urban-5p-gasolina-2010-en-asturias-62422443-covo.aspx
SEAT,SEAT Arona 1.0 TSI DSG Style Special Edition,22.700 €,2025,99 km,Gasolina,115 cv,Córdoba,2026-05-06 14:19:19,C,https://www.coches.net/seat-arona-10-tsi-85kw-dsg-style-special-edition-5p-gasolina-2026-en-cordoba-62423659-covo.aspx
MERCEDES-BENZ,MERCEDES-BENZ Clase SL SL 350,17.990 €,2004,99.000 km,Gasolina,245 cv,Valencia,2026-05-06 14:19:19,B,https://www.coches.net/mercedes-benz-clase-sl-sl-350-2p-gasolina-2005-en-valencia-62425675-covo.aspx
PEUGEOT,PEUGEOT 3008 1.5 BlueHDi SS Active Pack,16.495 €,2021,67.374 km,Diesel,130 cv,Badajoz,2026-05-06 14:19:19,B,https://www.coches.net/peugeot-3008-15-bluehdi-96kw-130cv-ss-active-pack-5p-diesel-2021-en-badajoz-62425683-covo.aspx
AUDI,AUDI Q2 design ed 1.6 TDI S tronic,14.900 €,2017,219.137 km,Diesel,116 cv,Badajoz,2026-05-06 14:19:19,B,https://www.coches.net/audi-q2-design-ed-16-tdi-85kw-116cv-s-tronic-5p-diesel-2018-en-badajoz-62425746-covo.aspx
MERCEDES-BENZ,MERCEDES-BENZ Clase A A 180 d,21.990 €,2018,138.000 km,Diesel,109 cv,Cádiz,2026-05-06 14:19:19,C,https://www.coches.net/mercedes-benz-clase-a-a-180-d-5p-diesel-2018-en-cadiz-62426746-covo.aspx
HYUNDAI,HYUNDAI Kona 1.6 GDI HEV N Line Style DCT,36.500 €,2025,729 km,Híbrido,141 cv,Girona,2026-05-06 14:19:19,ECO,https://www.coches.net/hyundai-kona-16-gdi-hev-n-line-style-dct-5p-electrico-hibrido-2023-en-girona-62427267-covo.aspx
PORSCHE,PORSCHE Cayenne 3.0 TD Tiptronic,20.999 €,2012,230.885 km,Diesel,245 cv,Asturias,2026-05-06 14:19:19,B,https://www.coches.net/porsche-cayenne-30-td-tiptronic-5p-diesel-2013-en-asturias-62434672-covo.aspx
NISSAN,NISSAN QASHQAI DIGT mHEV Xtronic Acenta,19.990 €,2021,72.146 km,Híbrido,158 cv,Valencia,2026-05-06 14:19:19,ECO,https://www.coches.net/nissan-qashqai-digt-116kw-158cv-mhev-xtronic-acenta-5p-electrico-hibrido-2021-en-valencia-62438926-covo.aspx
HYUNDAI,HYUNDAI Staria 2.2 CRDI Maxx 9S,34.900 €,2022,82.000 km,Diesel,177 cv,Girona,2026-05-06 14:19:19,C,https://www.coches.net/hyundai-staria-22-crdi-maxx-9s-5p-diesel-2022-en-girona-62442601-covo.aspx
HONDA,HONDA ZR-V 2.0 iMMD 4x2 Advance CVT,41.990 €,2025,4000 km,Híbrido,184 cv,Gipuzkoa,2026-05-06 14:19:19,ECO,https://www.coches.net/honda-zr-v-20-immd-4x2-advance-cvt-5p-electrico-hibrido-2023-en-guipuzcoa-62446377-covo.aspx
AUDI,AUDI A4 2.0 TDI e DPF,7.990 €,2010,298.000 km,Diesel,136 cv,Jaén,2026-05-06 14:19:19,B,https://www.coches.net/audi-a4-20-tdi-e-136cv-dpf-4p-diesel-2011-en-jaen-62450478-covo.aspx
RENAULT,RENAULT Mégane Limited Energy TCe,8.990 €,2018,278.000 km,Gasolina,100 cv,Jaén,2026-05-06 14:19:19,B,https://www.coches.net/renault-megane-limited-energy-tce-74kw-100cv-5p-gasolina-2017-en-jaen-62450759-covo.aspx
RENAULT,RENAULT Scénic Family Edition 1.5dCi eco2,5.490 €,2010,227.000 km,Diesel,105 cv,Jaén,2026-05-06 14:19:19,B,https://www.coches.net/renault-scenic-family-edition-15dci-105cv-eco2-5p-diesel-2010-en-jaen-62451347-covo.aspx
FORD,FORD C-Max 1.5 TDCi Titanium,6.980 €,2015,189.000 km,Diesel,120 cv,Jaén,2026-05-06 14:19:19,B,https://www.coches.net/ford-c-max-15-tdci-120cv-titanium-5p-diesel-2016-en-jaen-62451425-covo.aspx
SEAT,SEAT Arona 1.0 TSI Style Special Edition,17.950 €,2025,15.309 km,Gasolina,115 cv,Córdoba,2026-05-06 14:19:19,C,https://www.coches.net/seat-arona-10-tsi-85kw-style-special-edition-5p-gasolina-2025-en-cordoba-62452586-covo.aspx
FORD,FORD Puma 1.0 EcoBoost STLine X MHEV Auto,19.000 €,2023,82.500 km,Híbrido,155 cv,A Coruña,2026-05-06 14:19:19,ECO,https://www.coches.net/ford-puma-10-ecoboost-155cv-stline-x-mhev-auto-5p-electrico-hibrido-2023-en-a-coruna-62454906-covo.aspx
MERCEDES-BENZ,MERCEDES-BENZ GLA GLA 250 e con tecnologia hibrida EQ,45.900 €,2025,11.748 km,Híbrido enchufable,218 cv,Barcelona,2026-05-06 14:19:19,CERO,https://www.coches.net/mercedes-benz-gla-gla-250-e-con-tecnologia-hibrida-eq-5p-electrico-hibrido-2025-en-barcelona-62456224-covo.aspx
LAND-ROVER,LAND-ROVER Range Rover Velar 2.0 P300 HSE 4WD Auto,31.990 €,2019,96.652 km,Gasolina,300 cv,Alicante,2026-05-06 14:19:19,C,https://www.coches.net/land-rover-range-rover-velar-20-p300-221kw-300cv-hse-4wd-auto-5p-gasolina-2019-en-alicante-62457238-covo.aspx
PORSCHE,PORSCHE Macan GTS,40.999 €,2017,174.500 km,Gasolina,360 cv,Alicante,2026-05-06 14:19:19,C,https://www.coches.net/porsche-macan-gts-5p-gasolina-2018-en-alicante-62464597-covo.aspx
MERCEDES-BENZ,MERCEDES-BENZ Clase A Sedan A 200,29.999 €,2020,54.500 km,Gasolina,163 cv,Alicante,2026-05-06 14:19:19,C,https://www.coches.net/mercedes-benz-clase-a-sedan-a-200-4p-gasolina-2020-en-alicante-62464636-covo.aspx
MERCEDES-BENZ,MERCEDES-BENZ Clase GLC GLC 220 d 4MATIC AMG Line,23.990 €,2016,139.000 km,Diesel,170 cv,Valencia,2026-05-06 14:19:19,C,https://www.coches.net/mercedes-benz-clase-glc-glc-220-d-4matic-amg-line-5p-diesel-2016-en-valencia-62469524-covo.aspx
CITROEN,CITROEN C4 PureTech 130 SS 6v Feel Pack,14.990 €,2022,32.424 km,Gasolina,130 cv,Valencia,2026-05-06 14:19:19,C,https://www.coches.net/citroen-c4-puretech-130-ss-6v-feel-pack-5p-gasolina-2021-en-valencia-62471556-covo.aspx
CITROEN,CITROEN C4 BlueHDi 130 SS EAT8 Shine,15.990 €,2022,62.389 km,Diesel,130 cv,Valencia,2026-05-06 14:19:19,C,https://www.coches.net/citroen-c4-bluehdi-130-ss-eat8-shine-5p-diesel-2021-en-valencia-62471606-covo.aspx
HYUNDAI,HYUNDAI Bayon 1.2 MPI Maxx,16.900 €,2023,18.300 km,Gasolina,84 cv,Girona,2026-05-06 14:19:19,C,https://www.coches.net/hyundai-bayon-12-mpi-maxx-5p-gasolina-2023-en-girona-62471680-covo.aspx
LAND-ROVER,LAND-ROVER Range Rover Sport 2.0 Si4 PHEV HSE,52.900 €,2021,71.203 km,Híbrido enchufable,404 cv,Madrid,2026-05-06 14:19:19,CERO,https://www.coches.net/land-rover-range-rover-sport-20-si4-phev-297kw-404cv-hse-5p-electrico-hibrido-2022-en-madrid-62473513-covo.aspx
CUPRA,CUPRA León 1.5 eTSI DSG,28.600 €,2025,30.500 km,Híbrido,150 cv,A Coruña,2026-05-06 14:19:19,ECO,https://www.coches.net/cupra-leon-15-etsi-110kw-150cv-dsg-5p-electrico-hibrido-2025-en-a-coruna-62473903-covo.aspx
SKODA,SKODA Scala 1.0 TSI 110 CV Emotion,16.900 €,2022,57.617 km,Gasolina,110 cv,Guadalajara,2026-05-06 14:19:19,C,https://www.coches.net/skoda-scala-10-tsi-81kw-110-cv-emotion-5p-gasolina-2022-en-guadalajara-62485732-covo.aspx
VOLVO,VOLVO XC60 2.0 T6 AWD Recharge Plus Bright Auto,47.500 €,2023,42.199 km,Híbrido enchufable,350 cv,A Coruña,2026-05-06 14:19:19,CERO,https://www.coches.net/volvo-xc60-20-t6-awd-recharge-plus-bright-auto-5p-electrico-hibrido-2023-en-a-coruna-62488823-covo.aspx
MERCEDES-BENZ,MERCEDES-BENZ Clase A A 180 d,30.700 €,2024,27.054 km,Diesel,116 cv,Barcelona,2026-05-06 14:19:19,C,https://www.coches.net/mercedes-benz-clase-a-a-180-d-5p-diesel-2023-en-barcelona-62494032-covo.aspx
MERCEDES-BENZ,MERCEDES-BENZ Clase C C 300 d e Berlina,46.900 €,2025,28.877 km,Híbrido enchufable,313 cv,Barcelona,2026-05-06 14:19:19,CERO,https://www.coches.net/mercedes-benz-clase-c-c-300-d-e-berlina-4p-electrico-hibrido-2024-en-barcelona-62494033-covo.aspx
MERCEDES-BENZ,MERCEDES-BENZ Clase C C 300 d e,46.900 €,2025,35.578 km,Híbrido enchufable,313 cv,Barcelona,2026-05-06 14:19:19,CERO,https://www.coches.net/mercedes-benz-clase-c-c-300-d-e-4p-electrico-hibrido-2024-en-barcelona-62494035-covo.aspx
PEUGEOT,PEUGEOT 3008 HYbrid4,9.499 €,2014,179.000 km,Híbrido,200 cv,Alicante,2026-05-06 14:19:19,ECO,https://www.coches.net/peugeot-3008-hybrid4-5p-electrico-hibrido-2014-en-alicante-62494093-covo.aspx
FORD,FORD Kuga STLine X 2.5 Duratec PHEV Auto,21.990 €,2022,84.500 km,Híbrido enchufable,225 cv,Barcelona,2026-05-06 14:19:19,CERO,https://www.coches.net/ford-kuga-stline-x-25-duratec-phev-165kw-auto-5p-electrico-hibrido-2022-en-barcelona-62498276-covo.aspx
NISSAN,NISSAN X-TRAIL dCi TEKNA LIMITED EDITION,11.999 €,2015,180.000 km,Diesel,130 cv,Alicante,2026-05-06 14:19:19,B,https://www.coches.net/nissan-x-trail-dci-130cv-96kw-tekna-limited-edition-5p-diesel-2014-en-alicante-62499404-covo.aspx
BENTLEY,BENTLEY Continental Flying Spur 6.0,26.990 €,2008,129.000 km,Gasolina,552 cv,Valencia,2026-05-06 14:19:19,C,https://www.coches.net/bentley-continental-flying-spur-60-4p-gasolina-2008-en-valencia-62500146-covo.aspx
TOYOTA,TOYOTA Land Cruiser 2.8 D4D GX,49.900 €,2022,123.511 km,Diesel,204 cv,Guadalajara,2026-05-06 14:19:19,C,https://www.coches.net/toyota-land-cruiser-28-d4d-gx-5p-diesel-2022-en-guadalajara-62500757-covo.aspx
MINI,MINI ACEMAN JCW E,36.900 €,2025,5292 km,Eléctrico,258 cv,Toledo,2026-05-06 14:19:19,CERO,https://www.coches.net/mini-aceman-jcw-e-5p-electrico-hibrido-2026-en-toledo-62501727-covo.aspx
VOLKSWAGEN,VOLKSWAGEN Touran Sport 2.0 TDI,17.500 €,2018,169.000 km,Diesel,150 cv,Cádiz,2026-05-06 14:19:19,C,https://www.coches.net/volkswagen-touran-sport-20-tdi-110kw-150cv-5p-diesel-2018-en-cadiz-62503354-covo.aspx
HYUNDAI,HYUNDAI Bayon 1.0 TGDI 48V Maxx,15.290 €,2021,60.914 km,Híbrido,100 cv,Sevilla,2026-05-06 14:19:19,ECO,https://www.coches.net/hyundai-bayon-10-tgdi-74kw-100cv-48v-maxx-5p-electrico-hibrido-2021-en-sevilla-62505387-covo.aspx
NISSAN,NISSAN NOTE 1.2G Tekna Sport,6.990 €,2014,156.000 km,Gasolina,80 cv,Castellón,2026-05-06 14:19:19,C,https://www.coches.net/nissan-note-5p-12g-80cv-tekna-sport-5p-gasolina-2013-en-castellon-62511469-covo.aspx
MERCEDES-BENZ,MERCEDES-BENZ Clase C C 220 CDI BE Avant. Blue Efficiency Ed.,7.500 €,2011,400.000 km,Diesel,170 cv,Castellón,2026-05-06 14:19:19,B,https://www.coches.net/mercedes-benz-clase-c-c-220-cdi-be-avant-blue-efficiency-ed-4p-diesel-2011-en-castellon-62511597-covo.aspx
TOYOTA,TOYOTA Corolla 1.8 125H ACTIVE TECH ECVT,14.990 €,2019,146.000 km,Híbrido,122 cv,Barcelona,2026-05-06 14:19:19,ECO,https://www.coches.net/toyota-corolla-18-125h-active-tech-ecvt-5p-electrico-hibrido-2019-en-barcelona-62511627-covo.aspx
DS,DS DS 3 Crossback PureTech Manual CHIC,15.850 €,2021,47.713 km,Gasolina,100 cv,Valencia,2026-05-06 14:19:19,C,https://www.coches.net/ds-ds-3-crossback-puretech-73-kw-manual-chic-5p-gasolina-2021-en-valencia-62514331-covo.aspx
PEUGEOT,PEUGEOT 207 1.4 75 Urban,5.900 €,2007,30.000 km,Gasolina,75 cv,Barcelona,2026-05-06 14:19:19,C,https://www.coches.net/peugeot-207-14-75-urban-5p-gasolina-2006-en-barcelona-62517742-covo.aspx
VOLKSWAGEN,VOLKSWAGEN Passat Advance 2.0 TDI 110kW150CV BMT DSG,12.999 €,2017,202.962 km,Diesel,150 cv,Badajoz,2026-05-06 14:19:19,B,https://www.coches.net/volkswagen-passat-advance-20-tdi-110kw150cv-bmt-dsg-4p-diesel-2017-en-badajoz-62521248-covo.aspx
JEEP,JEEP Compass 4Xe 1.3 PHEV Trailhawk AT AWD,22.990 €,2022,36.297 km,Híbrido enchufable,240 cv,Valencia,2026-05-06 14:19:19,CERO,https://www.coches.net/jeep-compass-4xe-13-phev-177kw-trailhawk-at-awd-5p-electrico-hibrido-2022-en-valencia-62521899-covo.aspx
RENAULT,RENAULT Twingo Authentique3 1.2 16v eco2,3.450 €,2009,120.000 km,Gasolina,75 cv,Badajoz,2026-05-06 14:19:19,C,https://www.coches.net/renault-twingo-authentique3-12-16v-eco2-3p-gasolina-2008-en-badajoz-62524970-covo.aspx
MERCEDES-BENZ,MERCEDES-BENZ Clase GLC GLC 200 4MATIC,41.900 €,2021,39.962 km,Híbrido,197 cv,Alicante,2026-05-06 14:19:19,ECO,https://www.coches.net/mercedes-benz-clase-glc-glc-200-4matic-5p-electrico-hibrido-2022-en-alicante-62526290-covo.aspx
BMW,BMW X5 xDrive30d,39.999 €,2019,99.500 km,Diesel,265 cv,Alicante,2026-05-06 14:19:19,C,https://www.coches.net/bmw-x5-xdrive30d-5p-diesel-2020-en-alicante-62529380-covo.aspx
MERCEDES-BENZ,MERCEDES-BENZ Clase GLC MercedesAMG GLC 63 S 4MATIC,74.999 €,2019,32.500 km,Gasolina,510 cv,Alicante,2026-05-06 14:19:19,C,https://www.coches.net/mercedes-benz-clase-glc-mercedesamg-glc-63-s-4matic-5p-gasolina-2020-en-alicante-62544540-covo.aspx
MERCEDES-BENZ,MERCEDES-BENZ Clase A Sedan A 200 d,29.800 €,2021,35.200 km,Diesel,150 cv,Alicante,2026-05-06 14:19:19,C,https://www.coches.net/mercedes-benz-clase-a-sedan-a-200-d-4p-diesel-2022-en-alicante-62545324-covo.aspx
SEAT,SEAT Arona 1.0 TSI DSG Xcellence Eco,14.990 €,2018,79.996 km,Gasolina,115 cv,Alicante,2026-05-06 14:19:19,C,https://www.coches.net/seat-arona-10-tsi-85kw-115cv-dsg-xcellence-eco-5p-gasolina-2018-en-alicante-62547730-covo.aspx
CUPRA,CUPRA León SP 1.5 eTSI DSG,29.800 €,2025,16.106 km,Híbrido,150 cv,Córdoba,2026-05-06 14:19:19,ECO,https://www.coches.net/cupra-leon-sp-15-etsi-110kw-150cv-dsg-5p-electrico-hibrido-2025-en-cordoba-62552491-covo.aspx
CUPRA,CUPRA León SP 1.5 eTSI DSG,28.900 €,2025,21.243 km,Híbrido,150 cv,Córdoba,2026-05-06 14:19:19,ECO,https://www.coches.net/cupra-leon-sp-15-etsi-110kw-150cv-dsg-5p-electrico-hibrido-2025-en-cordoba-62552661-covo.aspx
VOLKSWAGEN,VOLKSWAGEN T-Roc Life 1.5 TSI DSG,27.900 €,2024,41.100 km,Gasolina,150 cv,Gipuzkoa,2026-05-06 14:19:19,C,https://www.coches.net/volkswagen-t-roc-life-15-tsi-110kw-150cv-dsg-5p-gasolina-2024-en-guipuzcoa-62562788-covo.aspx
AUDI,AUDI A3 RS3 Sportback TFSI quattro S tron,62.900 €,2022,41.000 km,Gasolina,400 cv,Asturias,2026-05-06 14:19:19,C,https://www.coches.net/audi-a3-rs3-sportback-tfsi-294kw-quattro-s-tron-5p-gasolina-2023-en-asturias-62566471-covo.aspx
MERCEDES-BENZ,MERCEDES-BENZ GLA GLA 250 e con tecnologia hibrida EQ,45.500 €,2025,11.500 km,Híbrido enchufable,218 cv,Gipuzkoa,2026-05-06 14:19:19,CERO,https://www.coches.net/mercedes-benz-gla-gla-250-e-con-tecnologia-hibrida-eq-5p-electrico-hibrido-2025-en-guipuzcoa-62571891-covo.aspx
VOLKSWAGEN,VOLKSWAGEN Touran Business 2.0 TDI DSG,25.900 €,2020,62.767 km,Diesel,115 cv,Guadalajara,2026-05-06 14:19:19,C,https://www.coches.net/volkswagen-touran-business-20-tdi-85kw-115cv-dsg-5p-diesel-2021-en-guadalajara-62573327-covo.aspx
SEAT,SEAT Ateca 1.5 TSI StSp Style XL,20.990 €,2022,44.700 km,Gasolina,150 cv,Castellón,2026-05-06 14:19:19,C,https://www.coches.net/seat-ateca-15-tsi-110kw-stsp-style-xl-5p-gasolina-2023-en-castellon-62585233-covo.aspx
MERCEDES-BENZ,MERCEDES-BENZ Clase E E 200 CDI Blue Efficiency Avantgarde,13.499 €,2009,137.000 km,Diesel,136 cv,Alicante,2026-05-06 14:19:19,B,https://www.coches.net/mercedes-benz-clase-e-e-200-cdi-blue-efficiency-avantgarde-4p-diesel-2009-en-alicante-62587231-covo.aspx
VOLVO,VOLVO XC60 2.0 T6 AWD Recharge Plus Dark Auto,51.900 €,2025,21.250 km,Híbrido enchufable,350 cv,A Coruña,2026-05-06 14:19:19,CERO,https://www.coches.net/volvo-xc60-20-t6-awd-recharge-plus-dark-auto-5p-electrico-hibrido-2025-en-a-coruna-62587502-covo.aspx
SEAT,SEAT León ST 2.0 TDI StSp FR,13.490 €,2015,133.000 km,Diesel,150 cv,Barcelona,2026-05-06 14:19:19,B,https://www.coches.net/seat-leon-st-20-tdi-150cv-stsp-fr-5p-diesel-2015-en-barcelona-62600462-covo.aspx
MERCEDES-BENZ,MERCEDES-BENZ Clase A A 180 BlueEFFICIENCY Style,13.990 €,2013,105.000 km,Gasolina,122 cv,Barcelona,2026-05-06 14:19:19,C,https://www.coches.net/mercedes-benz-clase-a-a-180-blueefficiency-style-5p-gasolina-2013-en-barcelona-62600800-covo.aspx
HYUNDAI,HYUNDAI i10 1.2 Tecno AT 2C,13.900 €,2021,65.000 km,Gasolina,84 cv,Girona,2026-05-06 14:19:19,C,https://www.coches.net/hyundai-i10-12-tecno-at-2c-5p-gasolina-2021-en-girona-62610889-covo.aspx
AUDI,AUDI A7 Sportback S7 TDI quattro triptron.,44.900 €,2019,159.237 km,Híbrido,350 cv,Murcia,2026-05-06 14:19:19,B,https://www.coches.net/audi-a7-sportback-s7-tdi-257kw-quattro-triptron-5p-electrico-hibrido-2019-en-murcia-62611977-covo.aspx
NISSAN,NISSAN QASHQAI EPOWER 190 CV NConnecta,34.790 €,2025,9443 km,Híbrido,190 cv,Sevilla,2026-05-06 14:19:19,ECO,https://www.coches.net/nissan-qashqai-epower-140-kw-190-cv-nconnecta-5p-electrico-hibrido-2025-en-sevilla-62612875-covo.aspx
SKODA,SKODA Fabia 1.0 TSI Ambition,14.500 €,2021,80.230 km,Gasolina,95 cv,Guadalajara,2026-05-06 14:19:19,C,https://www.coches.net/skoda-fabia-10-tsi-70kw-95cv-ambition-5p-gasolina-2022-en-guadalajara-62616864-covo.aspx
HYUNDAI,HYUNDAI i10 1.0 Klass AT,15.900 €,2025,10.800 km,Gasolina,63 cv,Girona,2026-05-06 14:19:19,C,https://www.coches.net/hyundai-i10-10-klass-at-5p-gasolina-2025-en-girona-62620764-covo.aspx
VOLKSWAGEN,VOLKSWAGEN Golf 1.0 TSI,20.900 €,2021,50.400 km,Gasolina,110 cv,Sta. C. Tenerife,2026-05-06 14:19:19,B,https://www.coches.net/volkswagen-golf-10-tsi-81kw-110cv-5p-gasolina-2022-en-sta-c-tenerife-62623432-covo.aspx
ABARTH,ABARTH 500 595 1.4 16v TJet 165 CV,22.650 €,2023,21.733 km,Gasolina,165 cv,Valencia,2026-05-06 14:19:19,C,https://www.coches.net/abarth-500-595-14-16v-tjet-121kw-165-cv-3p-gasolina-2023-en-valencia-62629522-covo.aspx
HYUNDAI,HYUNDAI i10 1.0 Klass AT,15.900 €,2025,13.200 km,Gasolina,63 cv,Girona,2026-05-06 14:19:19,C,https://www.coches.net/hyundai-i10-10-klass-at-5p-gasolina-2025-en-girona-62631738-covo.aspx
SEAT,SEAT Ateca 2.0 TDI SS Style Go,21.699 €,2021,93.000 km,Diesel,116 cv,Murcia,2026-05-06 14:19:19,C,https://www.coches.net/seat-ateca-20-tdi-85kw-115cv-ss-style-go-5p-diesel-2021-en-murcia-62632848-covo.aspx
NISSAN,NISSAN QASHQAI EPOWER 190 CV Tekna Premium,38.990 €,2025,5106 km,Híbrido,190 cv,Sevilla,2026-05-06 14:19:19,ECO,https://www.coches.net/nissan-qashqai-epower-140-kw-190-cv-tekna-premium-5p-electrico-hibrido-2025-en-sevilla-62634117-covo.aspx
BMW,BMW iX1 eDrive20,45.900 €,2025,8061 km,Eléctrico,204 cv,Toledo,2026-05-06 14:19:19,CERO,https://www.coches.net/bmw-ix1-edrive20-5p-electrico-hibrido-2026-en-toledo-62637165-covo.aspx
FIAT,FIAT 500 Monotrim 1.0 Hybrid 70 CV,11.390 €,2023,85.788 km,Híbrido,70 cv,A Coruña,2026-05-06 14:19:19,ECO,https://www.coches.net/fiat-500-monotrim-10-hybrid-51kw-70-cv-3p-electrico-hibrido-2023-en-a-coruna-62639988-covo.aspx
MERCEDES-BENZ,MERCEDES-BENZ Clase S S 350 d,41.900 €,2017,115.000 km,Diesel,258 cv,Barcelona,2026-05-06 14:19:19,C,https://www.coches.net/mercedes-benz-clase-s-s-350-d-4p-diesel-2017-en-barcelona-62641207-covo.aspx
NISSAN,NISSAN Micra 1.0G ACENTA,9.990 €,2017,63.000 km,Gasolina,71 cv,Alicante,2026-05-06 14:19:19,C,https://www.coches.net/nissan-micra-5p-10g-acenta-5p-gasolina-2017-en-alicante-62641993-covo.aspx
MERCEDES-BENZ,MERCEDES-BENZ Clase SL SL 500,51.900 €,2014,83.000 km,Gasolina,435 cv,Asturias,2026-05-06 14:19:19,C,https://www.coches.net/mercedes-benz-clase-sl-sl-500-2p-gasolina-2014-en-asturias-62643148-covo.aspx
VOLVO,VOLVO XC90 2.0 T8 AWD Recharge RDesign Auto,49.500 €,2021,82.571 km,Híbrido enchufable,390 cv,A Coruña,2026-05-06 14:19:19,CERO,https://www.coches.net/volvo-xc90-20-t8-awd-recharge-rdesign-auto-5p-electrico-hibrido-2022-en-a-coruna-62652041-covo.aspx
PEUGEOT,PEUGEOT 2008 GT Line Puretech 130 SS BVM6,12.490 €,2020,96.980 km,Gasolina,130 cv,Castellón,2026-05-06 14:19:19,C,https://www.coches.net/peugeot-2008-gt-line-puretech-130-ss-bvm6-5p-gasolina-2020-en-castellon-62657753-covo.aspx
MERCEDES-BENZ,MERCEDES-BENZ GLA GLA 220 D 4MATIC,47.900 €,2025,27.282 km,Diesel,190 cv,Barcelona,2026-05-06 14:19:19,C,https://www.coches.net/mercedes-benz-gla-gla-220-d-4matic-5p-diesel-2024-en-barcelona-62660000-covo.aspx
MINI,MINI MINI COOPER CABRIO,17.600 €,2017,49.000 km,Gasolina,136 cv,Castellón,2026-05-06 14:19:19,C,https://www.coches.net/mini-mini-cooper-cabrio-2p-gasolina-2017-en-castellon-62661500-covo.aspx
HYUNDAI,HYUNDAI i10 1.0 Klass AT,15.900 €,2025,14.100 km,Gasolina,63 cv,Girona,2026-05-06 14:19:19,C,https://www.coches.net/hyundai-i10-10-klass-at-5p-gasolina-2025-en-girona-62662217-covo.aspx
HYUNDAI,HYUNDAI i10 1.0 Klass AT,15.900 €,2025,16.600 km,Gasolina,63 cv,Girona,2026-05-06 14:19:19,C,https://www.coches.net/hyundai-i10-10-klass-at-5p-gasolina-2025-en-girona-62662242-covo.aspx
HYUNDAI,HYUNDAI IONIQ 5 84KWH N Line RWD,43.900 €,2025,10.000 km,Eléctrico,228 cv,Girona,2026-05-06 14:19:19,CERO,https://www.coches.net/hyundai-ioniq-5-84kwh-168kw-228cv-n-line-rwd-5p-electrico-hibrido-2024-en-girona-62662657-covo.aspx
HYUNDAI,HYUNDAI i10 1.0 Klass AT,17.500 €,2025,18.700 km,Gasolina,63 cv,Girona,2026-05-06 14:19:19,C,https://www.coches.net/hyundai-i10-10-klass-at-5p-gasolina-2025-en-girona-62662673-covo.aspx
FORD,FORD Fiesta 1.5 TDCi Trend,7.790 €,2016,168.000 km,Diesel,75 cv,Alicante,2026-05-06 14:19:19,C,https://www.coches.net/ford-fiesta-15-tdci-75cv-trend-5p-5p-diesel-2016-en-alicante-62664045-covo.aspx
BMW,BMW iX1 eDrive20,42.900 €,2025,9751 km,Eléctrico,204 cv,Toledo,2026-05-06 14:19:19,CERO,https://www.coches.net/bmw-ix1-edrive20-5p-electrico-hibrido-2026-en-toledo-62664720-covo.aspx
MERCEDES-BENZ,MERCEDES-BENZ Clase A A 180 d,33.900 €,2025,15.000 km,Diesel,116 cv,Gipuzkoa,2026-05-06 14:19:19,C,https://www.coches.net/mercedes-benz-clase-a-a-180-d-5p-diesel-2025-en-guipuzcoa-62666687-covo.aspx
VOLVO,VOLVO XC60 2.0 B5 G AWD Ultra Dark Auto,56.500 €,2024,4 km,Híbrido,250 cv,A Coruña,2026-05-06 14:19:19,ECO,https://www.coches.net/volvo-xc60-20-b5-g-awd-ultra-dark-auto-5p-electrico-hibrido-2025-en-a-coruna-62669574-covo.aspx
SEAT,SEAT Arona 1.0 TSI Style,16.990 €,2021,27.473 km,Gasolina,110 cv,Valencia,2026-05-06 14:19:19,C,https://www.coches.net/seat-arona-10-tsi-81kw-110cv-style-5p-gasolina-2021-en-valencia-62671303-covo.aspx
OPEL,OPEL Combo Life 1.5 TD Business Edition L1 N1,17.990 €,2023,38.391 km,Diesel,102 cv,Valencia,2026-05-06 14:19:19,C,https://www.coches.net/opel-combo-life-15-td-75kw-business-edition-l1-n1-4p-diesel-2022-en-valencia-62671343-covo.aspx
CITROEN,CITROEN Berlingo Talla M BlueHDi 100 SS PLUS,18.990 €,2024,14.997 km,Diesel,102 cv,Valencia,2026-05-06 14:19:19,C,https://www.coches.net/citroen-berlingo-talla-m-bluehdi-100-ss-plus-4p-diesel-2024-en-valencia-62671379-covo.aspx
SUBARU,SUBARU Impreza 1.6iS CVT Lineartronic Executive AWD,16.900 €,2018,93.967 km,Gasolina,114 cv,Guadalajara,2026-05-06 14:19:19,C,https://www.coches.net/subaru-impreza-16is-cvt-lineartronic-executive-awd-5p-gasolina-2018-en-guadalajara-70005420-covo.aspx
AUDI,AUDI Q3 Sport edition 2.0 TDI S tronic,18.000 €,2016,214.000 km,Diesel,150 cv,A Coruña,2026-05-06 14:19:19,C,https://www.coches.net/audi-q3-sport-edition-20-tdi-150cv-s-tronic-5p-diesel-2017-en-a-coruna-70006207-covo.aspx
MERCEDES-BENZ,MERCEDES-BENZ Clase GLA GLA 200 AMG Line,16.990 €,2015,105.000 km,Gasolina,156 cv,Valencia,2026-05-06 14:19:19,C,https://www.coches.net/mercedes-benz-clase-gla-gla-200-amg-line-5p-gasolina-2015-en-valencia-70007468-covo.aspx
PEUGEOT,PEUGEOT 308 Allure PureTech 130 SS MAN,18.500 €,2025,21.953 km,Gasolina,130 cv,Valencia,2026-05-06 14:19:19,C,https://www.coches.net/peugeot-308-5p-allure-puretech-130-ss-man-5p-gasolina-2024-en-valencia-70009351-covo.aspx
VOLVO,VOLVO XC60 2.0 B4 D Momentum Pro Auto,33.500 €,2022,95.680 km,Híbrido,197 cv,A Coruña,2026-05-06 14:19:19,ECO,https://www.coches.net/volvo-xc60-20-b4-d-momentum-pro-auto-5p-electrico-hibrido-2022-en-a-coruna-70009921-covo.aspx
BMW,BMW X3 xDrive20d xLine,39.500 €,2024,121.000 km,Híbrido,190 cv,Ciudad Real,2026-05-06 14:19:19,ECO,https://www.coches.net/bmw-x3-xdrive20d-xline-5p-electrico-hibrido-2024-en-ciudad-real-70011377-covo.aspx
VOLKSWAGEN,VOLKSWAGEN Scirocco RLine 1.4 TSI BMT,13.990 €,2016,108.000 km,Gasolina,125 cv,Gipuzkoa,2026-05-06 14:19:19,C,https://www.coches.net/volkswagen-scirocco-rline-14-tsi-125cv-bmt-3p-gasolina-2016-en-guipuzcoa-70012165-covo.aspx
SEAT,SEAT León 2.0 TDI SS Xcellence,17.500 €,2020,86.956 km,Diesel,150 cv,Guadalajara,2026-05-06 14:19:19,C,https://www.coches.net/seat-leon-20-tdi-110kw-ss-xcellence-5p-diesel-2020-en-guadalajara-70013759-covo.aspx
HYUNDAI,HYUNDAI Kona 1.0 TGDI 48V Flexx,20.990 €,2024,36.428 km,Híbrido,120 cv,Las Palmas,2026-05-06 14:19:19,ECO,https://www.coches.net/hyundai-kona-10-tgdi-48v-flexx-5p-electrico-hibrido-2023-en-las-palmas-70014338-covo.aspx
MERCEDES-BENZ,MERCEDES-BENZ Clase GLC GLC 220 d 4MATIC Exclusive,20.999 €,2015,192.500 km,Diesel,170 cv,Alicante,2026-05-06 14:19:19,C,https://www.coches.net/mercedes-benz-clase-glc-glc-220-d-4matic-exclusive-5p-diesel-2016-en-alicante-70014441-covo.aspx
HYUNDAI,HYUNDAI i20 1.0 TGDI Klass,16.800 €,2024,25.000 km,Gasolina,100 cv,Girona,2026-05-06 14:19:19,C,https://www.coches.net/hyundai-i20-10-tgdi-klass-5p-gasolina-2025-en-girona-70014448-covo.aspx
VOLVO,VOLVO XC60 2.0 T6 AWD Recharge Ultra Dark Auto,59.500 €,2025,16.215 km,Híbrido enchufable,350 cv,A Coruña,2026-05-06 14:19:19,CERO,https://www.coches.net/volvo-xc60-20-t6-awd-recharge-ultra-dark-auto-5p-electrico-hibrido-2025-en-a-coruna-70018921-covo.aspx
SEAT,SEAT Arona 1.0 TSI Style XL Edition,14.990 €,2023,75.379 km,Gasolina,110 cv,Sta. C. Tenerife,2026-05-06 14:19:19,C,https://www.coches.net/seat-arona-10-tsi-81kw-110cv-style-xl-edition-5p-gasolina-2023-en-sta-c-tenerife-70019865-covo.aspx
MERCEDES-BENZ,MERCEDES-BENZ Clase GLA GLA 220 d 4MATIC,24.680 €,2019,90.538 km,Diesel,177 cv,Alicante,2026-05-06 14:19:19,C,https://www.coches.net/mercedes-benz-clase-gla-gla-220-d-4matic-5p-diesel-2018-en-alicante-70021107-covo.aspx
MERCEDES-BENZ,MERCEDES-BENZ Clase V 300 d Avantgarde Largo,49.900 €,2021,90.000 km,Diesel,239 cv,Barcelona,2026-05-06 14:19:19,C,https://www.coches.net/mercedes-benz-clase-v-300-d-avantgarde-largo-5p-diesel-2020-en-barcelona-70021326-covo.aspx
MINI,MINI MINI COOPER CABRIO,24.790 €,2022,46.000 km,Gasolina,136 cv,Sta. C. Tenerife,2026-05-06 14:19:19,C,https://www.coches.net/mini-mini-cooper-cabrio-2p-gasolina-2023-en-sta-c-tenerife-70021986-covo.aspx
MERCEDES-BENZ,MERCEDES-BENZ Clase A A 180,34.700 €,2026,500 km,Híbrido,136 cv,Gipuzkoa,2026-05-06 14:19:19,ECO,https://www.coches.net/km-0/mercedes-benz/clase-a/guipuzcoa/a-180-electrico-hibrido-de-km0-70022880-kovn.aspx
MERCEDES-BENZ,MERCEDES-BENZ Clase A A 180,19.999 €,2017,176.500 km,Gasolina,122 cv,Alicante,2026-05-06 14:19:19,C,https://www.coches.net/mercedes-benz-clase-a-a-180-5p-gasolina-2018-en-alicante-70025023-covo.aspx
AUDI,AUDI Q3 Advanced 35 TDI S tronic,31.300 €,2023,74.200 km,Diesel,150 cv,Gipuzkoa,2026-05-06 14:19:19,C,https://www.coches.net/audi-q3-advanced-35-tdi-110kw-150cv-s-tronic-5p-diesel-2023-en-guipuzcoa-70031116-covo.aspx
RENAULT,RENAULT Captur Intens TCe 90,14.800 €,2022,99.014 km,Gasolina,90 cv,Valencia,2026-05-06 14:19:19,C,https://www.coches.net/renault-captur-intens-tce-90-5p-gasolina-2021-en-valencia-70033624-covo.aspx
PEUGEOT,PEUGEOT 3008 1.5 BlueHDi SS Active,14.800 €,2019,126.037 km,Diesel,130 cv,Valencia,2026-05-06 14:19:19,C,https://www.coches.net/peugeot-3008-15-bluehdi-96kw-130cv-ss-active-5p-diesel-2019-en-valencia-70033631-covo.aspx
JEEP,JEEP Renegade S 1.3 PHEV AT AWD,20.990 €,2022,50.000 km,Híbrido enchufable,240 cv,Sta. C. Tenerife,2026-05-06 14:19:19,CERO,https://www.coches.net/jeep-renegade-s-13-phev-177kw-240cv-at-awd-5p-electrico-hibrido-2022-en-sta-c-tenerife-70037700-covo.aspx
CITROEN,CITROEN Grand C4 Spacetourer BlueHDi EAT8 Shine,13.900 €,2019,143.025 km,Diesel,130 cv,Badajoz,2026-05-06 14:19:19,B,https://www.coches.net/citroen-grand-c4-spacetourer-bluehdi-96kw-130cv-eat8-shine-5p-diesel-2019-en-badajoz-70038588-covo.aspx
HYUNDAI,HYUNDAI i10 1.0 Klass AT,15.900 €,2025,16.500 km,Gasolina,63 cv,Girona,2026-05-06 14:19:19,C,https://www.coches.net/hyundai-i10-10-klass-at-5p-gasolina-2025-en-girona-70038721-covo.aspx
PORSCHE,PORSCHE Panamera 4 EHybrid,69.999 €,2019,80.000 km,Híbrido enchufable,462 cv,Alicante,2026-05-06 14:19:19,ECO,https://www.coches.net/porsche-panamera-4-ehybrid-5p-electrico-hibrido-2020-en-alicante-70039767-covo.aspx
SEAT,SEAT León 2.0 TDI DSG7 SS FR XL Vision,25.375 €,2024,33.033 km,Diesel,150 cv,A Coruña,2026-05-06 14:19:19,C,https://www.coches.net/seat-leon-20-tdi-110kw-dsg7-ss-fr-xl-vision-5p-diesel-2024-en-a-coruna-70040821-covo.aspx
SUBARU,SUBARU crosstrek 2.0i Hybrid CVT Active,29.495 €,2025,11.004 km,Híbrido,136 cv,Sta. C. Tenerife,2026-05-06 14:19:19,ECO,https://www.coches.net/subaru-crosstrek-20i-hybrid-cvt-active-5p-electrico-hibrido-2024-en-sta-c-tenerife-70042106-covo.aspx
VOLKSWAGEN,VOLKSWAGEN Golf Life 2.0 TDI DSG,25.300 €,2022,90.000 km,Diesel,150 cv,A Coruña,2026-05-06 14:19:19,C,https://www.coches.net/volkswagen-golf-life-20-tdi-110kw-150cv-dsg-5p-diesel-2022-en-a-coruna-70042241-covo.aspx
SEAT,SEAT Arona 1.0 TSI FR XM,18.900 €,2022,24.200 km,Gasolina,110 cv,A Coruña,2026-05-06 14:19:19,C,https://www.coches.net/seat-arona-10-tsi-81kw-110cv-fr-xm-5p-gasolina-2023-en-a-coruna-70042246-covo.aspx
SEAT,SEAT Arona 1.0 TSI DSG FR XM,21.700 €,2024,17.769 km,Gasolina,110 cv,A Coruña,2026-05-06 14:19:19,C,https://www.coches.net/seat-arona-10-tsi-81kw-110cv-dsg-fr-xm-5p-gasolina-2024-en-a-coruna-70042253-covo.aspx
VOLKSWAGEN,VOLKSWAGEN T-Cross Advance 1.0 TSI,17.500 €,2021,57.783 km,Gasolina,95 cv,A Coruña,2026-05-06 14:19:19,C,https://www.coches.net/volkswagen-t-cross-advance-10-tsi-70kw-95cv-5p-gasolina-2021-en-a-coruna-70042255-covo.aspx
VOLKSWAGEN,VOLKSWAGEN T-Cross Sport 1.0 TSI DSG,22.100 €,2022,44.000 km,Gasolina,110 cv,A Coruña,2026-05-06 14:19:19,C,https://www.coches.net/volkswagen-t-cross-sport-10-tsi-81kw-110cv-dsg-5p-gasolina-2022-en-a-coruna-70042258-covo.aspx
VOLKSWAGEN,VOLKSWAGEN T-Roc Sport 1.5 TSI,24.900 €,2021,39.000 km,Gasolina,150 cv,A Coruña,2026-05-06 14:19:19,C,https://www.coches.net/volkswagen-t-roc-sport-15-tsi-110kw-150cv-5p-gasolina-2022-en-a-coruna-70042264-covo.aspx
MAZDA,MAZDA CX-5 eSky G MHEV 2.0 Advantage,33.900 €,2024,19.000 km,Híbrido,165 cv,A Coruña,2026-05-06 14:19:19,ECO,https://www.coches.net/mazda-cx-5-esky-g-mhev-20-121kw-advantage-5p-electrico-hibrido-2023-en-a-coruna-70042265-covo.aspx
VOLKSWAGEN,VOLKSWAGEN Golf Business 1.0 TSI,17.900 €,2020,75.000 km,Gasolina,115 cv,A Coruña,2026-05-06 14:19:19,C,https://www.coches.net/volkswagen-golf-business-10-tsi-85kw-115cv-5p-gasolina-2019-en-a-coruna-70042268-covo.aspx
MAZDA,MAZDA MX-30 eSKYACTIV REV EXCLUSIVELINE,31.900 €,2025,250 km,Híbrido enchufable,170 cv,A Coruña,2026-05-06 14:19:19,CERO,https://www.coches.net/mazda-mx-30-eskyactiv-rev-125kw-exclusiveline-5p-electrico-hibrido-2022-en-a-coruna-70042686-covo.aspx
MAZDA,MAZDA Mazda3 2.0 eSKYACTIVG EXCLUSIVELINE,27.900 €,2023,9500 km,Híbrido,122 cv,A Coruña,2026-05-06 14:19:19,ECO,https://www.coches.net/mazda-mazda3-20-eskyactivg-90kw-exclusiveline-5p-electrico-hibrido-2024-en-a-coruna-70042688-covo.aspx
BMW,BMW X2 sDrive18i,24.989 €,2020,59.201 km,Gasolina,140 cv,Alicante,2026-05-06 14:19:19,C,https://www.coches.net/bmw-x2-sdrive18i-5p-gasolina-2020-en-alicante-70046156-covo.aspx
OPEL,OPEL Grandland X 1.5 CDTi Edition,13.900 €,2021,84.731 km,Diesel,130 cv,Valencia,2026-05-06 14:19:19,C,https://www.coches.net/opel-grandland-x-15-cdti-edition-5p-diesel-2021-en-valencia-70047076-covo.aspx
AUDI,AUDI Q5 Black line 40 TDI quattro S tronic,37.300 €,2020,71.575 km,Diesel,190 cv,A Coruña,2026-05-06 14:19:19,C,https://www.coches.net/audi-q5-black-line-40-tdi-140kw-quattro-s-tronic-5p-diesel-2020-en-a-coruna-70047269-covo.aspx
SUZUKI,SUZUKI S-Cross 1.4T S2 Mild Hybrid,25.900 €,2022,45.600 km,Híbrido,129 cv,A Coruña,2026-05-06 14:19:19,ECO,https://www.coches.net/suzuki-s-cross-14t-s2-mild-hybrid-5p-electrico-hibrido-2022-en-a-coruna-70047276-covo.aspx
VOLKSWAGEN,VOLKSWAGEN T-Roc Life 2.0 TDI,26.200 €,2023,70.000 km,Diesel,115 cv,A Coruña,2026-05-06 14:19:19,C,https://www.coches.net/volkswagen-t-roc-life-20-tdi-85kw-115cv-5p-diesel-2023-en-a-coruna-70047279-covo.aspx
BMW,BMW Serie 4 420i Cabrio,38.790 €,2023,82.287 km,Gasolina,184 cv,Valencia,2026-05-06 14:19:19,C,https://www.coches.net/bmw-serie-4-420i-cabrio-2p-gasolina-2023-en-valencia-70048842-covo.aspx
OPEL,OPEL Corsa 1.5D DT Edition,11.300 €,2022,89.000 km,Diesel,102 cv,Valencia,2026-05-06 14:19:19,C,https://www.coches.net/opel-corsa-15d-dt-74kw-100cv-edition-5p-diesel-2022-en-valencia-70050201-covo.aspx
KIA,KIA EV6 GTLine 774kWh RWD Long Range,38.210 €,2024,549 km,Eléctrico,229 cv,Sevilla,2026-05-06 14:19:19,CERO,https://www.coches.net/kia-ev6-gtline-774kwh-168kw-rwd-long-range-5p-electrico-hibrido-2024-en-sevilla-70050439-covo.aspx
HONDA,HONDA CR-V 2.0 iMMD PHEV 4X2 Advance Tech,51.900 €,2025,1 km,Híbrido enchufable,184 cv,Navarra,2026-05-06 14:19:19,CERO,https://www.coches.net/honda-cr-v-20-immd-phev-4x2-advance-tech-5p-electrico-hibrido-2024-en-navarra-70050699-covo.aspx
MERCEDES-BENZ,MERCEDES-BENZ GLC GLC 220 d 4MATIC,62.900 €,2025,7857 km,Híbrido,197 cv,Barcelona,2026-05-06 14:19:19,ECO,https://www.coches.net/mercedes-benz-glc-glc-220-d-4matic-5p-electrico-hibrido-2025-en-barcelona-70051255-covo.aspx
MERCEDES-BENZ,MERCEDES-BENZ Clase C MercedesAMG C 43 4MATIC Estate,65.000 €,2024,23.963 km,Híbrido,408 cv,Barcelona,2026-05-06 14:19:19,ECO,https://www.coches.net/mercedes-benz-clase-c-mercedesamg-c-43-4matic-estate-5p-electrico-hibrido-2023-en-barcelona-70051258-covo.aspx
VOLVO,VOLVO V60 2.0 B4 D Plus Dark Auto,37.900 €,2023,59.000 km,Híbrido,197 cv,Navarra,2026-05-06 14:19:19,ECO,https://www.coches.net/volvo-v60-20-b4-d-plus-dark-auto-5p-electrico-hibrido-2024-en-navarra-70051527-covo.aspx
BMW,BMW X2 sDrive18d,18.990 €,2020,147.355 km,Diesel,150 cv,Alicante,2026-05-06 14:19:19,C,https://www.coches.net/bmw-x2-sdrive18d-5p-diesel-2020-en-alicante-70052100-covo.aspx
BMW,BMW Serie 4 420d Gran Coupe,33.990 €,2022,140.000 km,Híbrido,190 cv,Alicante,2026-05-06 14:19:19,ECO,https://www.coches.net/bmw-serie-4-420d-gran-coupe-5p-electrico-hibrido-2022-en-alicante-70052103-covo.aspx
MERCEDES-BENZ,MERCEDES-BENZ Clase E E 220 d Coupe,55.900 €,2023,100 km,Diesel,194 cv,Castellón,2026-05-06 14:19:19,C,https://www.coches.net/mercedes-benz-clase-e-e-220-d-coupe-2p-diesel-2023-en-castellon-70052736-covo.aspx
MERCEDES-BENZ,MERCEDES-BENZ Clase E E 220 d,55.900 €,2022,14.900 km,Híbrido,200 cv,Castellón,2026-05-06 14:19:19,ECO,https://www.coches.net/mercedes-benz-clase-e-e-220-d-4p-electrico-hibrido-2022-en-castellon-70052782-covo.aspx
BMW,BMW Serie 2 M2 CS,134.900 €,2026,3000 km,Gasolina,530 cv,Asturias,2026-05-06 14:19:19,C,https://www.coches.net/bmw-serie-2-m2-cs-2p-gasolina-2026-en-asturias-70056166-covo.aspx
KIA,KIA Stonic 1.0 TGDi MHEV iMT Concept,15.990 €,2022,28.600 km,Híbrido,100 cv,Barcelona,2026-05-06 14:19:19,ECO,https://www.coches.net/kia-stonic-10-tgdi-74kw-100cv-mhev-imt-concept-5p-electrico-hibrido-2022-en-barcelona-70056554-covo.aspx
MERCEDES-BENZ,MERCEDES-BENZ Clase A A 250 e con tecnologia hibrida EQ,33.750 €,2025,25.275 km,Híbrido enchufable,218 cv,Sta. C. Tenerife,2026-05-06 14:19:19,CERO,https://www.coches.net/mercedes-benz-clase-a-a-250-e-con-tecnologia-hibrida-eq-5p-electrico-hibrido-2025-en-sta-c-tenerife-70056658-covo.aspx
HYUNDAI,HYUNDAI i20 1.0 TGDI 48V Klass,14.950 €,2022,58.000 km,Híbrido,100 cv,Barcelona,2026-05-06 14:19:19,ECO,https://www.coches.net/hyundai-i20-10-tgdi-74kw-100cv-48v-klass-5p-electrico-hibrido-2023-en-barcelona-70056901-covo.aspx
VOLKSWAGEN,VOLKSWAGEN Golf Life 2.0 TDI DSG,21.990 €,2021,50.000 km,Diesel,115 cv,Alicante,2026-05-06 14:19:19,C,https://www.coches.net/volkswagen-golf-life-20-tdi-85kw-115cv-dsg-5p-diesel-2021-en-alicante-70060099-covo.aspx
LAND-ROVER,LAND-ROVER Defender 3.0 I6 400 XDynamic HSE 90 AT 4WD MHEV,93.900 €,2025,14.065 km,Híbrido,400 cv,Madrid,2026-05-06 14:19:19,ECO,https://www.coches.net/land-rover-defender-30-i6-400-xdynamic-hse-90-at-4wd-mhev-3p-electrico-hibrido-2024-en-madrid-70061042-covo.aspx
RENAULT,RENAULT Captur techno Fast Track TCe GPF,19.440 €,2022,27.420 km,Híbrido,140 cv,Sevilla,2026-05-06 14:19:19,ECO,https://www.coches.net/renault-captur-techno-fast-track-tce-103-kw-140cv-gpf-5p-electrico-hibrido-2022-en-sevilla-70063953-covo.aspx
NISSAN,NISSAN QASHQAI DIGT mHEV 4x2 Acenta,22.990 €,2022,28.826 km,Híbrido,140 cv,Sevilla,2026-05-06 14:19:19,ECO,https://www.coches.net/nissan-qashqai-digt-103kw-140cv-mhev-4x2-acenta-5p-electrico-hibrido-2023-en-sevilla-70063959-covo.aspx
CITROEN,CITROEN C4 PureTech 130 SS 6v Feel Pack,13.900 €,2021,46.000 km,Gasolina,130 cv,Valencia,2026-05-06 14:19:19,C,https://www.coches.net/citroen-c4-puretech-130-ss-6v-feel-pack-5p-gasolina-2021-en-valencia-70063984-covo.aspx
KIA,KIA Sportage 1.6 CRDi Drive 4x2,18.900 €,2019,96.463 km,Diesel,136 cv,Guadalajara,2026-05-06 14:19:19,C,https://www.coches.net/kia-sportage-16-crdi-100kw-136cv-drive-4x2-5p-diesel-2019-en-guadalajara-70064402-covo.aspx
HYUNDAI,HYUNDAI i10 1.0 Klass AT,15.900 €,2025,9900 km,Gasolina,63 cv,Girona,2026-05-06 14:19:19,C,https://www.coches.net/hyundai-i10-10-klass-at-5p-gasolina-2025-en-girona-70069195-covo.aspx
LAND-ROVER,LAND-ROVER Range Rover Sport 3.0 I6 PHEV 460 PS AWD Auto Dynamic SE,104.900 €,2025,17.812 km,Híbrido enchufable,460 cv,Madrid,2026-05-06 14:19:19,CERO,https://www.coches.net/land-rover-range-rover-sport-30-i6-phev-460-ps-awd-auto-dynamic-se-5p-electrico-hibrido-2025-en-madrid-70070451-covo.aspx
BMW,BMW Serie 1 116d,9.990 €,2014,179.000 km,Diesel,116 cv,Valencia,2026-05-06 14:19:19,B,https://www.coches.net/bmw-serie-1-116d-5p-diesel-2015-en-valencia-70074504-covo.aspx
SKODA,SKODA Fabia 1.2 Urban,4.500 €,2009,150.000 km,Gasolina,60 cv,Castellón,2026-05-06 14:19:19,C,https://www.coches.net/skoda-fabia-12-60cv-urban-5p-gasolina-2010-en-castellon-70077348-covo.aspx
AUDI,AUDI A1 Sportback Adrenalin 30 TFSI S tron,22.990 €,2023,31.241 km,Gasolina,110 cv,Valencia,2026-05-06 14:19:19,C,https://www.coches.net/audi-a1-sportback-adrenalin-30-tfsi-81kw-s-tron-5p-gasolina-2023-en-valencia-70078183-covo.aspx
SEAT,SEAT Ibiza 1.0 TSI Style XL,16.400 €,2024,40.000 km,Gasolina,115 cv,Barcelona,2026-05-06 14:19:19,C,https://www.coches.net/seat-ibiza-10-tsi-85kw-115cv-style-xl-5p-gasolina-2025-en-barcelona-70078205-covo.aspx
DACIA,DACIA Duster Journey Bl. dCi 85kW115CV 4X2,12.370 €,2023,210.614 km,Diesel,115 cv,Asturias,2026-05-06 14:19:19,B,https://www.coches.net/dacia-duster-journey-bl-dci-85kw115cv-4x2-5p-diesel-2022-en-asturias-70082416-covo.aspx
VOLKSWAGEN,VOLKSWAGEN Golf Sport 1.6 TDI BMT DSG,12.500 €,2015,160.000 km,Diesel,105 cv,Madrid,2026-05-06 14:19:19,C,https://www.coches.net/volkswagen-golf-sport-16-tdi-105cv-bmt-dsg-5p-diesel-2015-en-madrid-70085217-covo.aspx
BMW,BMW Serie 2 218d,14.990 €,2015,140.000 km,Diesel,150 cv,Asturias,2026-05-06 14:19:19,C,https://www.coches.net/bmw-serie-2-218d-2p-diesel-2016-en-asturias-70092478-covo.aspx
MERCEDES-BENZ,MERCEDES-BENZ Clase E Coupe E 350 d,33.990 €,2019,138.000 km,Diesel,286 cv,Asturias,2026-05-06 14:19:19,C,https://www.coches.net/mercedes-benz-clase-e-coupe-e-350-d-2p-diesel-2019-en-asturias-70093240-covo.aspx
NISSAN,NISSAN JUKE 1.2 DIGT ACENTA,10.900 €,2016,116.894 km,Gasolina,115 cv,Jaén,2026-05-06 14:19:19,C,https://www.coches.net/nissan-juke-12-digt-acenta-5p-gasolina-2016-en-jaen-70096616-covo.aspx
PEUGEOT,PEUGEOT 508 Allure Pack BlueHDi 130 SS EAT8,13.499 €,2021,172.000 km,Diesel,130 cv,Madrid,2026-05-06 14:19:19,C,https://www.coches.net/peugeot-508-5p-allure-pack-bluehdi-130-ss-eat8-5p-diesel-2021-en-madrid-70100587-covo.aspx
MERCEDES-BENZ,MERCEDES-BENZ Clase A A 250 e Sedan,36.900 €,2025,4669 km,Híbrido enchufable,218 cv,Barcelona,2026-05-06 14:19:19,CERO,https://www.coches.net/mercedes-benz-clase-a-a-250-e-sedan-4p-electrico-hibrido-2023-en-barcelona-70101590-covo.aspx
PORSCHE,PORSCHE 718 Cayman GT4,118.900 €,2020,19.636 km,Gasolina,420 cv,Murcia,2026-05-06 14:19:19,B,https://www.coches.net/porsche-718-cayman-gt4-3p-gasolina-2020-en-murcia-70104948-covo.aspx
MERCEDES-BENZ,MERCEDES-BENZ Clase B B 180 BlueEFFICIENCY,15.990 €,2012,98.000 km,Gasolina,122 cv,Málaga,2026-05-06 14:19:19,C,https://www.coches.net/mercedes-benz-clase-b-b-180-blueefficiency-5p-gasolina-2013-en-malaga-70107538-covo.aspx
MERCEDES-BENZ,MERCEDES-BENZ Clase E Cabrio E 250 CGI BE Avantgarde,17.990 €,2012,152.000 km,Gasolina,204 cv,Málaga,2026-05-06 14:19:19,C,https://www.coches.net/mercedes-benz-clase-e-cabrio-e-250-cgi-be-avantgarde-2p-gasolina-2013-en-malaga-70108499-covo.aspx
MINI,MINI COUNTRYMAN Cooper S ALL4,23.990 €,2018,90.000 km,Gasolina,192 cv,Málaga,2026-05-06 14:19:19,C,https://www.coches.net/mini-countryman-cooper-s-all4-5p-gasolina-2018-en-malaga-70109057-covo.aspx
FIAT,FIAT 500 Dolcevita 1.0 Hybrid 70 CV,9.990 €,2023,72.000 km,Híbrido,70 cv,Sta. C. Tenerife,2026-05-06 14:19:19,ECO,https://www.coches.net/fiat-500-dolcevita-10-hybrid-51kw-70-cv-3p-electrico-hibrido-2022-en-sta-c-tenerife-70110388-covo.aspx
SSANGYONG,SSANGYONG Musso Sports D22DTR 4x4 Pro,26.990 €,2024,48.000 km,Diesel,202 cv,Sta. C. Tenerife,2026-05-06 14:19:19,B,https://www.coches.net/ssangyong-musso-sports-d22dtr-4x4-pro-4p-diesel-2023-en-sta-c-tenerife-70110391-covo.aspx
AUDI,AUDI A1 25 TFSI Sportback,17.990 €,2022,70.000 km,Gasolina,95 cv,Sta. C. Tenerife,2026-05-06 14:19:19,C,https://www.coches.net/audi-a1-25-tfsi-70kw-95cv-sportback-5p-gasolina-2019-en-sta-c-tenerife-70110402-covo.aspx
BMW,BMW Serie 3 318d Auto.,23.900 €,2021,115.227 km,Híbrido,150 cv,Alicante,2026-05-06 14:19:19,ECO,https://www.coches.net/bmw-serie-3-318d-auto-4p-electrico-hibrido-2021-en-alicante-70112787-covo.aspx
MERCEDES-BENZ,MERCEDES-BENZ Clase B B 180 d,17.650 €,2021,194.682 km,Diesel,116 cv,Alicante,2026-05-06 14:19:19,C,https://www.coches.net/mercedes-benz-clase-b-b-180-d-5p-diesel-2022-en-alicante-70112790-covo.aspx
MINI,MINI MINI COOPER S,21.900 €,2018,79.969 km,Gasolina,192 cv,Guadalajara,2026-05-06 14:19:19,C,https://www.coches.net/mini-mini-cooper-s-3p-gasolina-2019-en-guadalajara-70114209-covo.aspx
PEUGEOT,PEUGEOT 2008 Allure Pack Puretech 130 SS EAT8,17.990 €,2023,19.960 km,Gasolina,130 cv,Valencia,2026-05-06 14:19:19,C,https://www.coches.net/peugeot-2008-allure-pack-puretech-130-ss-eat8-5p-gasolina-2023-en-valencia-70115156-covo.aspx
SEAT,SEAT Arona 1.0 TSI DSG FR XL,19.590 €,2023,25.969 km,Gasolina,110 cv,Valencia,2026-05-06 14:19:19,C,https://www.coches.net/seat-arona-10-tsi-81kw-110cv-dsg-fr-xl-5p-gasolina-2023-en-valencia-70115738-covo.aspx
NISSAN,NISSAN JUKE DIGT 114 CV 6MT NConnecta,23.790 €,2025,3083 km,Gasolina,114 cv,Sevilla,2026-05-06 14:19:19,C,https://www.coches.net/nissan-juke-digt-84-kw-114-cv-6mt-nconnecta-5p-gasolina-2025-en-sevilla-70116151-covo.aspx
SKODA,SKODA Octavia Combi 1.4 TSI PHEV 110kW150kW DSG Amb,22.900 €,2022,93.000 km,Híbrido enchufable,204 cv,Valladolid,2026-05-06 14:19:19,ECO,https://www.coches.net/skoda-octavia-combi-14-tsi-phev-110kw150kw-dsg-amb-5p-electrico-hibrido-2022-en-valladolid-70117025-covo.aspx
FORD,FORD S-MAX 2.0 TDCi Titanium,8.990 €,2014,204.000 km,Diesel,140 cv,Tarragona,2026-05-06 14:19:19,B,https://www.coches.net/ford-s-max-20-tdci-140cv-titanium-5p-diesel-2014-en-tarragona-70118259-covo.aspx
MAZDA,MAZDA CX-5 2.2 DE 2WD AT Style,13.990 €,2016,178.657 km,Diesel,150 cv,Tarragona,2026-05-06 14:19:19,C,https://www.coches.net/mazda-cx-5-22-110kw-150cv-de-2wd-at-style-5p-diesel-2015-en-tarragona-70118423-covo.aspx
NISSAN,NISSAN JUKE 1.5 dCi ACENTA 4X2,11.990 €,2013,22.699 km,Diesel,110 cv,Tarragona,2026-05-06 14:19:19,B,https://www.coches.net/nissan-juke-15-dci-acenta-4x2-5p-diesel-2011-en-tarragona-70118481-covo.aspx
FIAT,FIAT 500C Club 1.0 Hybrid 70 CV,13.500 €,2023,41.775 km,Híbrido,70 cv,Valencia,2026-05-06 14:19:19,ECO,https://www.coches.net/fiat-500c-club-10-hybrid-51kw-70-cv-2p-electrico-hibrido-2022-en-valencia-70120065-covo.aspx
OPEL,OPEL Combo-e Life BEV 50kWh Edition Plus L,21.850 €,2023,1450 km,Eléctrico,136 cv,Valencia,2026-05-06 14:19:19,CERO,https://www.coches.net/opel-combo-e-life-bev-50kwh-edition-plus-l-5p-electrico-hibrido-2024-en-valencia-70120072-covo.aspx
SEAT,SEAT León 1.0 TSI SS Style XM,16.650 €,2022,55.967 km,Gasolina,110 cv,Valencia,2026-05-06 14:19:19,C,https://www.coches.net/seat-leon-10-tsi-81kw-ss-style-xm-5p-gasolina-2023-en-valencia-70120073-covo.aspx
FIAT,FIAT 500C Club 1.0 Hybrid 70 CV,13.550 €,2023,37.163 km,Híbrido,70 cv,Valencia,2026-05-06 14:19:19,ECO,https://www.coches.net/fiat-500c-club-10-hybrid-51kw-70-cv-2p-electrico-hibrido-2022-en-valencia-70120074-covo.aspx
CITROEN,CITROEN C3 Aircross BlueHDi SS CSeries,16.850 €,2023,18.872 km,Diesel,110 cv,Valencia,2026-05-06 14:19:19,C,https://www.coches.net/citroen-c3-aircross-bluehdi-81kw-110cv-ss-cseries-5p-diesel-2023-en-valencia-70120084-covo.aspx
VOLKSWAGEN,VOLKSWAGEN T-Roc Style 1.5 TSI Cabrio,21.990 €,2021,54.000 km,Gasolina,150 cv,Valencia,2026-05-06 14:19:19,C,https://www.coches.net/volkswagen-t-roc-style-15-tsi-110kw-150cv-cabrio-2p-gasolina-2021-en-valencia-70120606-covo.aspx
HYUNDAI,HYUNDAI i10 1.0 Klass AT,12.990 €,2023,73.000 km,Gasolina,67 cv,Sta. C. Tenerife,2026-05-06 14:19:19,C,https://www.coches.net/hyundai-i10-10-klass-at-5p-gasolina-2021-en-sta-c-tenerife-70120633-covo.aspx
MERCEDES-BENZ,MERCEDES-BENZ CLE CLE 220 d Cabrio,64.900 €,2024,28.865 km,Híbrido,197 cv,Murcia,2026-05-06 14:19:19,ECO,https://www.coches.net/mercedes-benz-cle-cle-220-d-cabrio-2p-electrico-hibrido-2025-en-murcia-70122849-covo.aspx
NISSAN,NISSAN JUKE 1.6 Hybrid NConnecta,25.990 €,2025,8349 km,Híbrido,143 cv,Sevilla,2026-05-06 14:19:19,ECO,https://www.coches.net/nissan-juke-16-hybrid-105kw-145cv-nconnecta-5p-electrico-hibrido-2025-en-sevilla-70123452-covo.aspx
AUDI,AUDI A3 allstreet Genuine 40 TFSI e S tron,43.500 €,2026,100 km,Híbrido enchufable,204 cv,Gipuzkoa,2026-05-06 14:19:19,CERO,https://www.coches.net/audi-a3-allstreet-genuine-40-tfsi-e-150kw-s-tron-5p-electrico-hibrido-2025-en-guipuzcoa-70124423-covo.aspx
MERCEDES-BENZ,MERCEDES-BENZ GLC Coupé GLC 300 4MATIC,46.900 €,2022,41.495 km,Híbrido,258 cv,Barcelona,2026-05-06 14:19:19,ECO,https://www.coches.net/mercedes-benz-glc-coupe-glc-300-4matic-5p-electrico-hibrido-2022-en-barcelona-70125561-covo.aspx
AUDI,AUDI Q2 Advanced 30 TDI,22.490 €,2023,29.325 km,Diesel,116 cv,Castellón,2026-05-06 14:19:19,C,https://www.coches.net/audi-q2-advanced-30-tdi-85kw-116cv-5p-diesel-2024-en-castellon-70125713-covo.aspx
MERCEDES-BENZ,MERCEDES-BENZ EQA EQA 250,46.900 €,2025,3000 km,Eléctrico,190 cv,Gipuzkoa,2026-05-06 14:19:19,CERO,https://www.coches.net/km-0/mercedes-benz/eqa/guipuzcoa/eqa-250-electrico-hibrido-de-km0-70127878-kovn.aspx
MERCEDES-BENZ,MERCEDES-BENZ CLA CLA 180 con tecnologia hibrida,45.950 €,2026,2500 km,Híbrido,136 cv,Gipuzkoa,2026-05-06 14:19:19,ECO,https://www.coches.net/km-0/mercedes-benz/cla/guipuzcoa/cla-180-con-tecnologia-hibrida-electrico-hibrido-de-km0-70127880-kovn.aspx
FIAT,FIAT Panda Panda Hybrid 1.0,9.990 €,2023,70.000 km,Híbrido,70 cv,Sta. C. Tenerife,2026-05-06 14:19:19,ECO,https://www.coches.net/fiat-panda-panda-hybrid-10-51kw-70cv-5p-electrico-hibrido-2023-en-sta-c-tenerife-70128294-covo.aspx
CITROEN,CITROEN C-Elysée VTi Feel,6.490 €,2017,145.000 km,Gasolina,115 cv,Sta. C. Tenerife,2026-05-06 14:19:19,B,https://www.coches.net/citroen-c-elysee-vti-85kw-115cv-feel-4p-gasolina-2017-en-sta-c-tenerife-70128296-covo.aspx
BMW,BMW X5 xDrive30d xLine,79.800 €,2025,25.759 km,Híbrido,298 cv,Albacete,2026-05-06 14:19:19,ECO,https://www.coches.net/bmw-x5-xdrive30d-xline-5p-electrico-hibrido-2025-en-albacete-70128795-covo.aspx
VOLKSWAGEN,VOLKSWAGEN Tiguan Tiguan 2.0 TDI,20.750 €,2022,100.053 km,Diesel,122 cv,Castellón,2026-05-06 14:19:19,C,https://www.coches.net/volkswagen-tiguan-tiguan-20-tdi-90kw-122cv-5p-diesel-2023-en-castellon-70129221-covo.aspx
HYUNDAI,HYUNDAI i30 1.0 TGDI 48V Klass,13.490 €,2021,91.701 km,Híbrido,120 cv,Castellón,2026-05-06 14:19:19,ECO,https://www.coches.net/hyundai-i30-10-tgdi-48v-klass-5p-electrico-hibrido-2020-en-castellon-70129227-covo.aspx
KIA,KIA Stonic 1.0 TGDi Concept,13.990 €,2022,72.000 km,Gasolina,100 cv,Sta. C. Tenerife,2026-05-06 14:19:19,C,https://www.coches.net/kia-stonic-10-tgdi-74kw-100cv-concept-5p-gasolina-2020-en-sta-c-tenerife-70132186-covo.aspx
NISSAN,NISSAN JUKE 1.6 Hybrid NConnecta,23.710 €,2023,27.074 km,Híbrido,143 cv,Sevilla,2026-05-06 14:19:19,ECO,https://www.coches.net/nissan-juke-16-hybrid-105kw-145cv-nconnecta-5p-electrico-hibrido-2023-en-sevilla-70135472-covo.aspx
AUDI,AUDI A5 RS5 Sportback TFSI quattro tiptron,59.900 €,2019,84.000 km,Gasolina,450 cv,Barcelona,2026-05-06 14:19:19,C,https://www.coches.net/audi-a5-rs5-sportback-tfsi-331kw-quattro-tiptron-5p-gasolina-2019-en-barcelona-70135718-covo.aspx
VOLKSWAGEN,VOLKSWAGEN T-Roc Edition 1.0 TSI,15.990 €,2022,84.000 km,Gasolina,110 cv,Sta. C. Tenerife,2026-05-06 14:19:19,C,https://www.coches.net/volkswagen-t-roc-edition-10-tsi-81kw-110cv-5p-gasolina-2022-en-sta-c-tenerife-70136716-covo.aspx
KIA,KIA Picanto 1.0 DPi Concept,12.490 €,2022,56.500 km,Gasolina,67 cv,Las Palmas,2026-05-06 14:19:19,C,https://www.coches.net/kia-picanto-10-dpi-49kw-67cv-concept-5p-gasolina-2023-en-las-palmas-70138488-covo.aspx
MERCEDES-BENZ,MERCEDES-BENZ Clase A A 200 d 4MATIC,30.900 €,2022,38.500 km,Diesel,150 cv,A Coruña,2026-05-06 14:19:19,C,https://www.coches.net/mercedes-benz-clase-a-a-200-d-4matic-5p-diesel-2022-en-a-coruna-70139756-covo.aspx
AUDI,AUDI A1 Sportback S line 40 TFSI S tron,23.900 €,2021,72.800 km,Gasolina,207 cv,A Coruña,2026-05-06 14:19:19,C,https://www.coches.net/audi-a1-sportback-s-line-40-tfsi-152kw-s-tron-5p-gasolina-2022-en-a-coruna-70139762-covo.aspx
MERCEDES-BENZ,MERCEDES-BENZ Clase E E 300 de,37.900 €,2022,111.000 km,Híbrido enchufable,306 cv,Asturias,2026-05-06 14:19:19,ECO,https://www.coches.net/mercedes-benz-clase-e-e-300-de-4p-electrico-hibrido-2022-en-asturias-70142204-covo.aspx
CUPRA,CUPRA Formentor 1.5 eTSI Launch Edition DSG,33.900 €,2024,31.262 km,Híbrido,150 cv,Gipuzkoa,2026-05-06 14:19:19,ECO,https://www.coches.net/cupra-formentor-15-etsi-110kw-launch-edition-dsg-5p-electrico-hibrido-2025-en-guipuzcoa-70148587-covo.aspx
NISSAN,NISSAN QASHQAI EPOWER 190 CV NDesign,35.790 €,2024,13.418 km,Híbrido,190 cv,Sevilla,2026-05-06 14:19:19,ECO,https://www.coches.net/nissan-qashqai-epower-140-kw-190-cv-ndesign-5p-electrico-hibrido-2024-en-sevilla-70148796-covo.aspx
HYUNDAI,HYUNDAI i10 1.0 Klass AT,15.900 €,2025,11.200 km,Gasolina,63 cv,Girona,2026-05-06 14:19:19,C,https://www.coches.net/hyundai-i10-10-klass-at-5p-gasolina-2025-en-girona-70149093-covo.aspx
HYUNDAI,HYUNDAI i10 1.0 Klass AT,15.900 €,2025,15.000 km,Gasolina,63 cv,Girona,2026-05-06 14:19:19,C,https://www.coches.net/hyundai-i10-10-klass-at-5p-gasolina-2025-en-girona-70149102-covo.aspx
HYUNDAI,HYUNDAI i10 1.0 Klass AT,17.500 €,2025,12.700 km,Gasolina,63 cv,Girona,2026-05-06 14:19:19,C,https://www.coches.net/hyundai-i10-10-klass-at-5p-gasolina-2025-en-girona-70149111-covo.aspx
NISSAN,NISSAN X-TRAIL 5pl 1.5 ePOWER 4x2 AT NConnecta,32.890 €,2024,17.004 km,Híbrido,204 cv,Sevilla,2026-05-06 14:19:19,ECO,https://www.coches.net/nissan-x-trail-5pl-15-epower-152kw-4x2-at-nconnecta-5p-electrico-hibrido-2024-en-sevilla-70149385-covo.aspx
CUPRA,CUPRA León 1.5 TSI,26.950 €,2024,9790 km,Gasolina,150 cv,Castellón,2026-05-06 14:19:19,C,https://www.coches.net/cupra-leon-15-tsi-110kw-150cv-5p-gasolina-2025-en-castellon-70150905-covo.aspx
MERCEDES-BENZ,MERCEDES-BENZ Clase C C 220 d Berlina,50.900 €,2025,7140 km,Híbrido,197 cv,Barcelona,2026-05-06 14:19:19,ECO,https://www.coches.net/mercedes-benz-clase-c-c-220-d-berlina-4p-electrico-hibrido-2025-en-barcelona-70151552-covo.aspx
MERCEDES-BENZ,MERCEDES-BENZ GLE Coupé GLE 350 de 4MATIC Hibrido Enchufable,56.800 €,2021,159.200 km,Híbrido enchufable,320 cv,Alicante,2026-05-06 14:19:19,CERO,https://www.coches.net/mercedes-benz-gle-coupe-gle-350-de-4matic-hibrido-enchufable-5p-electrico-hibrido-2020-en-alicante-70152042-covo.aspx
NISSAN,NISSAN QASHQAI DIGT 140 CV E6D NCONNECTA,16.890 €,2019,80.000 km,Gasolina,140 cv,Barcelona,2026-05-06 14:19:19,C,https://www.coches.net/nissan-qashqai-digt-103-kw-140-cv-e6d-nconnecta-5p-gasolina-2018-en-barcelona-70152398-covo.aspx
VOLVO,VOLVO XC60 2.0 T8 AWD Inscription Auto,30.990 €,2019,95.830 km,Híbrido enchufable,390 cv,Madrid,2026-05-06 14:19:19,CERO,https://www.coches.net/volvo-xc60-20-t8-awd-inscription-auto-5p-electrico-hibrido-2020-en-madrid-70154037-covo.aspx
FIAT,FIAT 500 Dolcevita 1.0 Hybrid 70 CV,9.990 €,2023,73.500 km,Híbrido,70 cv,Sta. C. Tenerife,2026-05-06 14:19:19,ECO,https://www.coches.net/fiat-500-dolcevita-10-hybrid-51kw-70-cv-3p-electrico-hibrido-2023-en-sta-c-tenerife-70154377-covo.aspx
MINI,MINI MINI One 75 CV,8.990 €,2014,113.000 km,Gasolina,75 cv,Alicante,2026-05-06 14:19:19,C,https://www.coches.net/mini-mini-one-75-cv-3p-gasolina-2013-en-alicante-70154807-covo.aspx
MINI,MINI MINI One D,9.890 €,2013,107.000 km,Diesel,90 cv,Alicante,2026-05-06 14:19:19,B,https://www.coches.net/mini-mini-one-d-3p-diesel-2013-en-alicante-70155257-covo.aspx
RENAULT,RENAULT Kadjar Life Energy TCe,13.490 €,2018,99.000 km,Gasolina,130 cv,Alicante,2026-05-06 14:19:19,C,https://www.coches.net/renault-kadjar-life-energy-tce-97kw-130cv-5p-gasolina-2016-en-alicante-70155351-covo.aspx
MERCEDES-BENZ,MERCEDES-BENZ Clase C C 220 d Estate,27.900 €,2019,88.399 km,Diesel,194 cv,Alicante,2026-05-06 14:19:19,C,https://www.coches.net/mercedes-benz-clase-c-c-220-d-estate-5p-diesel-2018-en-alicante-70157751-covo.aspx
SEAT,SEAT León 2.0 TDI SS Style XL,17.500 €,2022,125.470 km,Diesel,115 cv,Jaén,2026-05-06 14:19:19,C,https://www.coches.net/seat-leon-20-tdi-85kw-ss-style-xl-5p-diesel-2023-en-jaen-70158939-covo.aspx
TOYOTA,TOYOTA Corolla 1.8 125H ACTIVE TECH ECVT,17.900 €,2021,95.000 km,Híbrido,122 cv,Barcelona,2026-05-06 14:19:19,ECO,https://www.coches.net/toyota-corolla-18-125h-active-tech-ecvt-5p-electrico-hibrido-2022-en-barcelona-70159884-covo.aspx
VOLKSWAGEN,VOLKSWAGEN Multivan 1.5 eHybrid DSG 4M B.Corta,49.900 €,2025,18.752 km,Híbrido enchufable,245 cv,Gipuzkoa,2026-05-06 14:19:19,CERO,https://www.coches.net/volkswagen-multivan-15-ehybrid-130-kw-dsg-4m-bcorta-5p-electrico-hibrido-2025-en-guipuzcoa-70160300-covo.aspx
BMW,BMW Serie 3 318d Auto.,41.100 €,2025,22.245 km,Híbrido,150 cv,Cuenca,2026-05-06 14:19:19,ECO,https://www.coches.net/bmw-serie-3-318d-auto-4p-electrico-hibrido-2025-en-cuenca-70160615-covo.aspx
CUPRA,CUPRA Born 231 CV 77kWh EBoost PackBatter,30.990 €,2025,19.421 km,Eléctrico,231 cv,A Coruña,2026-05-06 14:19:19,CERO,https://www.coches.net/cupra-born-170kw-231-cv-77kwh-eboost-packbatter-5p-electrico-hibrido-2025-en-a-coruna-70161032-covo.aspx
BMW,BMW Serie 1 120,31.898 €,2025,24.000 km,Híbrido,170 cv,Alicante,2026-05-06 14:19:19,ECO,https://www.coches.net/bmw-serie-1-120-5p-electrico-hibrido-2025-en-alicante-70163210-covo.aspx
BMW,BMW Serie 3 318d,19.650 €,2019,154.316 km,Diesel,150 cv,Alicante,2026-05-06 14:19:19,C,https://www.coches.net/bmw-serie-3-318d-4p-diesel-2019-en-alicante-70163235-covo.aspx
MERCEDES-BENZ,MERCEDES-BENZ Mercedes-AMG GT MercedesAMG GT 63 S E Performan 4MATIC,144.999 €,2022,48.500 km,Híbrido enchufable,843 cv,Alicante,2026-05-06 14:19:19,ECO,https://www.coches.net/mercedes-benz-mercedes-amg-gt-mercedesamg-gt-63-s-e-performan-4matic-5p-electrico-hibrido-2022-en-alicante-70163496-covo.aspx
FIAT,FIAT 500 Dolcevita 1.0 Hybrid 70 CV,9.990 €,2023,78.000 km,Híbrido,70 cv,Sta. C. Tenerife,2026-05-06 14:19:19,ECO,https://www.coches.net/fiat-500-dolcevita-10-hybrid-51kw-70-cv-3p-electrico-hibrido-2022-en-sta-c-tenerife-70164518-covo.aspx
FORD,FORD Kuga Titanium 2.5 Duratec FHEV Auto,22.990 €,2023,33.085 km,Híbrido,190 cv,Barcelona,2026-05-06 14:19:19,ECO,https://www.coches.net/ford-kuga-titanium-25-duratec-fhev-140kw-auto-5p-electrico-hibrido-2023-en-barcelona-70164559-covo.aspx
FORD,FORD Tourneo Courier 1.0 Ecoboost Trend,22.990 €,2024,20.000 km,Gasolina,125 cv,Sta. C. Tenerife,2026-05-06 14:19:19,C,https://www.coches.net/ford-tourneo-courier-10-ecoboost-92kw-125cv-trend-5p-gasolina-2024-en-sta-c-tenerife-70164716-covo.aspx
MERCEDES-BENZ,MERCEDES-BENZ GLC Coupé GLC 250 d 4MATIC,35.990 €,2018,127.701 km,Diesel,204 cv,Alicante,2026-05-06 14:19:19,C,https://www.coches.net/mercedes-benz-glc-coupe-glc-250-d-4matic-5p-diesel-2019-en-alicante-70164942-covo.aspx
AUDI,AUDI A3 allstreet Genuine 40 TFSI e S tron,44.400 €,2026,50 km,Híbrido enchufable,204 cv,Gipuzkoa,2026-05-06 14:19:19,CERO,https://www.coches.net/audi-a3-allstreet-genuine-40-tfsi-e-150kw-s-tron-5p-electrico-hibrido-2025-en-guipuzcoa-70167212-covo.aspx
BMW,BMW Serie 1 118d,14.990 €,2016,163.000 km,Diesel,150 cv,Alicante,2026-05-06 14:19:19,C,https://www.coches.net/bmw-serie-1-118d-5p-diesel-2016-en-alicante-70167837-covo.aspx
HONDA,HONDA HR-V 1.5 iMMD Elegance 4x2,31.990 €,2025,1600 km,Híbrido,131 cv,Gipuzkoa,2026-05-06 14:19:19,ECO,https://www.coches.net/honda-hr-v-15-immd-elegance-4x2-5p-electrico-hibrido-2025-en-guipuzcoa-70168104-covo.aspx
TOYOTA,TOYOTA Land Cruiser LAND CRUISER 250 VXL,95.990 €,2025,6788 km,Diesel,204 cv,Madrid,2026-05-06 14:19:19,C,https://www.coches.net/toyota-land-cruiser-land-cruiser-250-vxl-5p-diesel-2024-en-madrid-70168522-covo.aspx
HYUNDAI,HYUNDAI i10 1.0 Klass AT,15.900 €,2022,25.764 km,Gasolina,67 cv,Girona,2026-05-06 14:19:19,C,https://www.coches.net/hyundai-i10-10-klass-at-5p-gasolina-2021-en-girona-70168901-covo.aspx
HYUNDAI,HYUNDAI i20 1.0 TGDI 48V Tecno DCT,20.500 €,2025,24.000 km,Híbrido,100 cv,Girona,2026-05-06 14:19:19,ECO,https://www.coches.net/hyundai-i20-10-tgdi-48v-tecno-dct-5p-electrico-hibrido-2024-en-girona-70168903-covo.aspx
MASERATI,MASERATI Levante V6 350 HP AWD GranSport,41.900 €,2019,115.000 km,Gasolina,350 cv,Murcia,2026-05-06 14:19:19,C,https://www.coches.net/maserati-levante-v6-350-hp-awd-gransport-5p-gasolina-2020-en-murcia-70169338-covo.aspx
OPEL,OPEL Mokka X 1.4 T 4X2 Selective Auto,13.990 €,2019,67.500 km,Gasolina,140 cv,Las Palmas,2026-05-06 14:19:19,C,https://www.coches.net/opel-mokka-x-14-t-103kw-4x2-selective-auto-5p-gasolina-2019-en-las-palmas-70170031-covo.aspx
RENAULT,RENAULT Mégane Intens ETECH Hibrido Ench. 117kW160CV,15.990 €,2022,68.000 km,Híbrido enchufable,160 cv,Las Palmas,2026-05-06 14:19:19,CERO,https://www.coches.net/renault-megane-intens-etech-hibrido-ench-117kw160cv-5p-electrico-hibrido-2021-en-las-palmas-70173485-covo.aspx
PEUGEOT,PEUGEOT 5008 Allure BlueHDi SS EAT8,14.499 €,2019,157.000 km,Diesel,130 cv,Alicante,2026-05-06 14:19:19,C,https://www.coches.net/peugeot-5008-allure-bluehdi-96kw-130cv-ss-eat8-5p-diesel-2019-en-alicante-70173530-covo.aspx
VOLVO,VOLVO XC40 2.0 T4 RDesign Auto,29.450 €,2019,21.900 km,Gasolina,190 cv,Navarra,2026-05-06 14:19:19,C,https://www.coches.net/volvo-xc40-20-t4-rdesign-auto-5p-gasolina-2019-en-navarra-70173606-covo.aspx
BMW,BMW Serie 1 120d,35.400 €,2024,28.000 km,Diesel,190 cv,Sta. C. Tenerife,2026-05-06 14:19:19,ECO,https://www.coches.net/bmw-serie-1-120d-5p-diesel-2024-en-sta-c-tenerife-70174204-covo.aspx
SEAT,SEAT León ST 2.0 TDI DSG6 StSp Style,12.990 €,2014,80.000 km,Diesel,150 cv,Alicante,2026-05-06 14:19:19,B,https://www.coches.net/seat-leon-st-20-tdi-150cv-dsg6-stsp-style-5p-diesel-2015-en-alicante-70175787-covo.aspx
SKODA,SKODA Octavia 1.5 TSI Ambition,18.900 €,2020,72.128 km,Gasolina,150 cv,Guadalajara,2026-05-06 14:19:19,C,https://www.coches.net/skoda-octavia-15-tsi-110kw-150cv-ambition-5p-gasolina-2020-en-guadalajara-70176634-covo.aspx
BMW,BMW Serie 1 118d Business Auto.,28.000 €,2024,14.592 km,Diesel,150 cv,Cuenca,2026-05-06 14:19:19,C,https://www.coches.net/bmw-serie-1-118d-business-auto-5p-diesel-2024-en-cuenca-70176713-covo.aspx
MERCEDES-BENZ,MERCEDES-BENZ Clase CLA CLA 200,29.990 €,2019,30.300 km,Gasolina,163 cv,Gipuzkoa,2026-05-06 14:19:19,C,https://www.coches.net/mercedes-benz-clase-cla-cla-200-4p-gasolina-2019-en-guipuzcoa-70176770-covo.aspx
BMW,BMW X2 sDrive20i,41.900 €,2025,6461 km,Híbrido,170 cv,Sta. C. Tenerife,2026-05-06 14:19:19,ECO,https://www.coches.net/bmw-x2-sdrive20i-5p-electrico-hibrido-2026-en-sta-c-tenerife-70177486-covo.aspx
BMW,BMW Serie 2 220d Gran Coupe,36.500 €,2025,14.367 km,Híbrido,163 cv,Ciudad Real,2026-05-06 14:19:19,ECO,https://www.coches.net/bmw-serie-2-220d-gran-coupe-4p-electrico-hibrido-2025-en-ciudad-real-70178016-covo.aspx
FORD,FORD Mondeo 2.0 TDCi 110kW150CV Titanium PowerShift,13.495 €,2020,186.323 km,Diesel,150 cv,Badajoz,2026-05-06 14:19:19,B,https://www.coches.net/ford-mondeo-20-tdci-110kw150cv-titanium-powershift-5p-diesel-2021-en-badajoz-70178275-covo.aspx
MINI,MINI MINI COOPER CABRIO,19.900 €,2016,95.000 km,Gasolina,136 cv,Málaga,2026-05-06 14:19:19,C,https://www.coches.net/mini-mini-cooper-cabrio-2p-gasolina-2017-en-malaga-70178686-covo.aspx
KIA,KIA XCeed 1.0 TGDi Drive,17.900 €,2024,42.185 km,Gasolina,100 cv,Valencia,2026-05-06 14:19:19,C,https://www.coches.net/kia-xceed-10-tgdi-drive-74kw-100cv-5p-gasolina-2025-en-valencia-70179254-covo.aspx
OPEL,OPEL Corsa 1.2T XHL GS,13.990 €,2023,67.646 km,Gasolina,100 cv,Cádiz,2026-05-06 14:19:19,B,https://www.coches.net/opel-corsa-12t-xhl-74kw-100cv-gs-5p-gasolina-2023-en-cadiz-70179285-covo.aspx
NISSAN,NISSAN QASHQAI DIGT mHEV 4x2 Acenta,22.490 €,2021,30.942 km,Híbrido,140 cv,Madrid,2026-05-06 14:19:19,ECO,https://www.coches.net/nissan-qashqai-digt-103kw-140cv-mhev-4x2-acenta-5p-electrico-hibrido-2021-en-madrid-70180657-covo.aspx
BMW,BMW Serie 3 330d xDrive,9.999 €,2010,340.000 km,Diesel,245 cv,Madrid,2026-05-06 14:19:19,B,https://www.coches.net/bmw-serie-3-330d-xdrive-2p-diesel-2010-en-madrid-70181312-covo.aspx
BMW,BMW Serie 1 116d,19.990 €,2022,30.223 km,Diesel,116 cv,Alicante,2026-05-06 14:19:19,C,https://www.coches.net/bmw-serie-1-116d-5p-diesel-2023-en-alicante-70181892-covo.aspx
KIA,KIA cee'd 1.0 TGDi 74kW100CV xTech16 EcoDynam,10.990 €,2017,61.000 km,Gasolina,100 cv,Barcelona,2026-05-06 14:19:19,C,https://www.coches.net/kia-ceed-10-tgdi-74kw100cv-xtech16-ecodynam-5p-gasolina-2016-en-barcelona-70182170-covo.aspx
BMW,BMW X2 sDrive18d,41.900 €,2025,13.002 km,Diesel,150 cv,Ciudad Real,2026-05-06 14:19:19,C,https://www.coches.net/bmw-x2-sdrive18d-5p-diesel-2025-en-ciudad-real-70182278-covo.aspx
LAND-ROVER,LAND-ROVER Range Rover Sport 5.0 V8 SC SVR,72.990 €,2018,104.000 km,Gasolina,575 cv,Asturias,2026-05-06 14:19:19,C,https://www.coches.net/land-rover-range-rover-sport-50-v8-sc-423kw-575cv-svr-5p-gasolina-2018-en-asturias-70182791-covo.aspx
CITROEN,CITROEN C4 Spacetourer BlueHDi EAT8 Origins,14.999 €,2020,105.000 km,Diesel,130 cv,Alicante,2026-05-06 14:19:19,C,https://www.coches.net/citroen-c4-spacetourer-bluehdi-96kw-130cv-eat8-origins-5p-diesel-2019-en-alicante-70182801-covo.aspx
PORSCHE,PORSCHE 911 Carrera 4S Coupe A.M.09,78.990 €,2009,85.000 km,Gasolina,385 cv,Alicante,2026-05-06 14:19:19,C,https://www.coches.net/porsche-911-carrera-4s-coupe-am09-2p-gasolina-2009-en-alicante-70185180-covo.aspx
CUPRA,CUPRA Formentor 1.4 eHybrid 204 CV DSG,23.990 €,2021,64.000 km,Híbrido enchufable,204 cv,Sta. C. Tenerife,2026-05-06 14:19:19,CERO,https://www.coches.net/cupra-formentor-14-ehybrid-150kw-204-cv-dsg-5p-electrico-hibrido-2022-en-sta-c-tenerife-70185482-covo.aspx
PORSCHE,PORSCHE Taycan 4S Cross Turismo,64.990 €,2021,83.000 km,Eléctrico,571 cv,Asturias,2026-05-06 14:19:19,CERO,https://www.coches.net/porsche-taycan-4s-cross-turismo-5p-electrico-hibrido-2022-en-asturias-70186113-covo.aspx
OPEL,OPEL Crossland X 1.2 Innovation SS Auto,9.990 €,2019,127.000 km,Gasolina,110 cv,Gipuzkoa,2026-05-06 14:19:19,C,https://www.coches.net/opel-crossland-x-12-81kw-110cv-innovation-ss-auto-5p-gasolina-2019-en-guipuzcoa-70186759-covo.aspx
AUDI,AUDI Q5 SPORTBACK Black line 35 TDI S tronic,36.900 €,2022,112.587 km,Híbrido,163 cv,Jaén,2026-05-06 14:19:19,ECO,https://www.coches.net/audi-q5-sportback-black-line-35-tdi-120kw-s-tronic-5p-electrico-hibrido-2022-en-jaen-70186943-covo.aspx
BMW,BMW X4 xDrive20d,32.940 €,2020,165.079 km,Diesel,190 cv,Alicante,2026-05-06 14:19:19,C,https://www.coches.net/bmw-x4-xdrive20d-5p-diesel-2020-en-alicante-70187014-covo.aspx
SEAT,SEAT León 2.0 TDI SS Style Go,14.900 €,2021,150.672 km,Diesel,115 cv,Badajoz,2026-05-06 14:19:19,B,https://www.coches.net/seat-leon-20-tdi-85kw-ss-style-go-5p-diesel-2022-en-badajoz-70190642-covo.aspx
VOLVO,VOLVO XC60 2.0 B4 D AWD Core Auto,30.990 €,2023,100.348 km,Híbrido,197 cv,Cádiz,2026-05-06 14:19:19,B,https://www.coches.net/volvo-xc60-20-b4-d-awd-core-auto-5p-electrico-hibrido-2024-en-cadiz-70191272-covo.aspx
FORD,FORD Focus 1.0 Ecoboost MHEV STLine,17.990 €,2023,57.839 km,Híbrido,125 cv,Cádiz,2026-05-06 14:19:19,B,https://www.coches.net/ford-focus-10-ecoboost-mhev-92kw-stline-5p-electrico-hibrido-2022-en-cadiz-70193399-covo.aspx
RENAULT,RENAULT Captur Intens Energy TCe,12.800 €,2018,67.476 km,Gasolina,90 cv,Valencia,2026-05-06 14:19:19,C,https://www.coches.net/renault-captur-intens-energy-tce-66kw-90cv-5p-gasolina-2017-en-valencia-70193903-covo.aspx
PEUGEOT,PEUGEOT 2008 Allure Pack BlueHDI 130 SS EAT8,18.500 €,2023,26.000 km,Diesel,130 cv,Madrid,2026-05-06 14:19:19,C,https://www.coches.net/peugeot-2008-allure-pack-bluehdi-130-ss-eat8-5p-diesel-2023-en-madrid-70194053-covo.aspx
NISSAN,NISSAN QASHQAI 1.6 dCi XTRONIC NCONNECTA,13.990 €,2016,146.000 km,Diesel,130 cv,Barcelona,2026-05-06 14:19:19,C,https://www.coches.net/nissan-qashqai-16-dci-xtronic-nconnecta-5p-diesel-2016-en-barcelona-70201697-covo.aspx
JEEP,JEEP Compass 1.4 Mair Limited 4x2,13.990 €,2018,80.000 km,Gasolina,140 cv,Barcelona,2026-05-06 14:19:19,C,https://www.coches.net/jeep-compass-14-mair-103kw-limited-4x2-5p-gasolina-2018-en-barcelona-70201848-covo.aspx
MINI,MINI COUNTRYMAN Cooper S E ALL4,25.500 €,2021,40.753 km,Híbrido enchufable,220 cv,Sta. C. Tenerife,2026-05-06 14:19:19,CERO,https://www.coches.net/mini-countryman-cooper-s-e-all4-5p-electrico-hibrido-2021-en-sta-c-tenerife-70201945-covo.aspx
DACIA,DACIA Dokker Stepway dci,12.490 €,2018,123.000 km,Diesel,75 cv,Barcelona,2026-05-06 14:19:19,C,https://www.coches.net/dacia-dokker-stepway-dci-55kw-75cv-4p-diesel-2017-en-barcelona-70201987-covo.aspx
PEUGEOT,PEUGEOT Rifter Allure BlueHDi 100 SS 6 Vel. MAN Long,25.750 €,2025,32.003 km,Diesel,100 cv,Valencia,2026-05-06 14:19:19,C,https://www.coches.net/peugeot-rifter-allure-bluehdi-100-ss-6-vel-man-long-5p-diesel-2025-en-valencia-70202230-covo.aspx
MINI,MINI CLUBMAN COOPER S,13.990 €,2016,199.000 km,Gasolina,192 cv,Alicante,2026-05-06 14:19:19,C,https://www.coches.net/mini-clubman-cooper-s-5p-gasolina-2017-en-alicante-70203176-covo.aspx
VOLVO,VOLVO EX30 Twin Motor AWD Ultra Auto,38.990 €,2024,7297 km,Eléctrico,428 cv,Madrid,2026-05-06 14:19:19,CERO,https://www.coches.net/volvo-ex30-twin-motor-awd-ultra-auto-5p-electrico-hibrido-2025-en-madrid-70203380-covo.aspx
PEUGEOT,PEUGEOT 3008 1.5L BlueHDi SS Active,13.890 €,2019,104.000 km,Diesel,130 cv,Barcelona,2026-05-06 14:19:19,C,https://www.coches.net/peugeot-3008-15l-bluehdi-96kw-130cv-ss-active-5p-diesel-2019-en-barcelona-70204072-covo.aspx
VOLKSWAGEN,VOLKSWAGEN T-Cross Advance 1.0 TSI,14.990 €,2021,84.000 km,Gasolina,95 cv,Sta. C. Tenerife,2026-05-06 14:19:19,B,https://www.coches.net/volkswagen-t-cross-advance-10-tsi-70kw-95cv-5p-gasolina-2021-en-sta-c-tenerife-70204527-covo.aspx
AUDI,AUDI A3 S3 Sportback TFSI quattro S tronic,36.990 €,2018,95.722 km,Gasolina,300 cv,Madrid,2026-05-06 14:19:19,C,https://www.coches.net/audi-a3-s3-sportback-tfsi-221kw-quattro-s-tronic-5p-gasolina-2019-en-madrid-70205145-covo.aspx
FORD,FORD Fiesta 1.4 TDCi Futura,4.990 €,2008,120.862 km,Diesel,68 cv,Valencia,2026-05-06 14:19:19,B,https://www.coches.net/ford-fiesta-14-tdci-futura-5p-diesel-2008-en-valencia-70206495-covo.aspx
TOYOTA,TOYOTA Yaris 1.5 120H Active Tech,15.990 €,2021,47.500 km,Híbrido,116 cv,Las Palmas,2026-05-06 14:19:19,ECO,https://www.coches.net/toyota-yaris-15-120h-active-tech-5p-electrico-hibrido-2020-en-las-palmas-70207667-covo.aspx
MERCEDES-BENZ,MERCEDES-BENZ Clase C C 220 d Estate,33.450 €,2021,138.825 km,Híbrido,200 cv,Alicante,2026-05-06 14:19:19,ECO,https://www.coches.net/mercedes-benz-clase-c-c-220-d-estate-5p-electrico-hibrido-2021-en-alicante-70208047-covo.aspx
AUDI,AUDI A3 1.6 TDI Sedan,13.990 €,2016,129.000 km,Diesel,110 cv,Barcelona,2026-05-06 14:19:19,C,https://www.coches.net/audi-a3-16-tdi-sedan-4p-diesel-2017-en-barcelona-70208412-covo.aspx
BMW,BMW Serie 4 420d Gran Coupe,38.950 €,2021,69.268 km,Híbrido,190 cv,Alicante,2026-05-06 14:19:19,ECO,https://www.coches.net/bmw-serie-4-420d-gran-coupe-5p-electrico-hibrido-2022-en-alicante-70209185-covo.aspx
BMW,BMW X1 sDrive16d,19.990 €,2020,114.418 km,Diesel,116 cv,Alicante,2026-05-06 14:19:19,C,https://www.coches.net/bmw-x1-sdrive16d-5p-diesel-2020-en-alicante-70209188-covo.aspx
PEUGEOT,PEUGEOT Rifter Access Standard BlueHDi,11.999 €,2019,130.000 km,Diesel,100 cv,Alicante,2026-05-06 14:19:19,C,https://www.coches.net/peugeot-rifter-access-standard-bluehdi-73kw-4p-diesel-2020-en-alicante-70212371-covo.aspx
PORSCHE,PORSCHE Cayenne,47.990 €,2018,151.000 km,Gasolina,340 cv,Asturias,2026-05-06 14:19:19,C,https://www.coches.net/porsche-cayenne--5p-gasolina-2019-en-asturias-70212556-covo.aspx
VOLKSWAGEN,VOLKSWAGEN Tiguan RLine 2.0 TDI DSG 4Motion,33.490 €,2021,82.305 km,Diesel,150 cv,A Coruña,2026-05-06 14:19:19,C,https://www.coches.net/volkswagen-tiguan-rline-20-tdi-110kw-150cv-dsg-4motion-5p-diesel-2021-en-a-coruna-70213248-covo.aspx
VOLVO,VOLVO XC60 2.0 T6 AWD Recharge Ultimate Dark Auto,55.900 €,2024,23.357 km,Híbrido enchufable,350 cv,Madrid,2026-05-06 14:19:19,CERO,https://www.coches.net/volvo-xc60-20-t6-awd-recharge-ultimate-dark-auto-5p-electrico-hibrido-2024-en-madrid-70213275-covo.aspx
VOLKSWAGEN,VOLKSWAGEN T-Cross Edition 1.6 TDI,15.190 €,2020,81.973 km,Diesel,95 cv,Madrid,2026-05-06 14:19:19,C,https://www.coches.net/volkswagen-t-cross-edition-16-tdi-70kw-95cv-5p-diesel-2021-en-madrid-70213288-covo.aspx
NISSAN,NISSAN JUKE DIGT 114 CV 6MT Tekna,24.190 €,2025,16.645 km,Gasolina,114 cv,Sevilla,2026-05-06 14:19:19,C,https://www.coches.net/nissan-juke-digt-84-kw-114-cv-6mt-tekna-5p-gasolina-2024-en-sevilla-70213308-covo.aspx
MERCEDES-BENZ,MERCEDES-BENZ Clase GLE Coupé GLE 350 d 4MATIC,47.995 €,2018,126.000 km,Diesel,258 cv,Las Palmas,2026-05-06 14:19:19,B,https://www.coches.net/mercedes-benz-clase-gle-coupe-gle-350-d-4matic-5p-diesel-2018-en-las-palmas-70213520-covo.aspx
SKODA,SKODA Karoq 1.0 TSI Ambition,17.990 €,2022,79.500 km,Gasolina,110 cv,Las Palmas,2026-05-06 14:19:19,C,https://www.coches.net/skoda-karoq-10-tsi-81kw-110cv-ambition-5p-gasolina-2022-en-las-palmas-70213649-covo.aspx
DS,DS DS 7 Crossback E-Tense 1.6 ETense 225 PERFORMANCE LINE Auto,21.490 €,2021,67.000 km,Híbrido enchufable,225 cv,Madrid,2026-05-06 14:19:19,CERO,https://www.coches.net/ds-ds-7-crossback-e-tense-16-etense-225-performance-line--auto-5p-electrico-hibrido-2021-en-madrid-70215089-covo.aspx
MITSUBISHI,MITSUBISHI Eclipse Cross 2.4 PHEV Kaiteki Auto 4WD,20.990 €,2022,69.000 km,Híbrido enchufable,188 cv,Sta. C. Tenerife,2026-05-06 14:19:19,CERO,https://www.coches.net/mitsubishi-eclipse-cross-24-phev-kaiteki-auto-4wd-5p-electrico-hibrido-2021-en-sta-c-tenerife-70215787-covo.aspx
FORD,FORD Focus 1.0 Ecoboost MHEV Trend,16.990 €,2023,55.000 km,Híbrido,125 cv,Sta. C. Tenerife,2026-05-06 14:19:19,ECO,https://www.coches.net/ford-focus-10-ecoboost-mhev-92kw-trend-5p-electrico-hibrido-2022-en-sta-c-tenerife-70215788-covo.aspx
FORD,FORD Ranger 3.0 Ecob eAWD Dob Cab Raptor AT,71.995 €,2026,20 km,Gasolina,292 cv,Barcelona,2026-05-06 14:19:19,C,https://www.coches.net/ford-ranger-30-ecob-215kw-eawd-dob-cab-raptor-at-4p-gasolina-2026-en-barcelona-70216473-covo.aspx
VOLKSWAGEN,VOLKSWAGEN Multivan 1.5 eHybrid DSG 4M B.Corta,54.900 €,2025,2560 km,Híbrido enchufable,245 cv,Gipuzkoa,2026-05-06 14:19:19,CERO,https://www.coches.net/volkswagen-multivan-15-ehybrid-130-kw-dsg-4m-bcorta-5p-electrico-hibrido-2026-en-guipuzcoa-70219701-covo.aspx
AUDI,AUDI A4 2.0 TDI S tronic sport edition,14.990 €,2015,137.000 km,Diesel,150 cv,Madrid,2026-05-06 14:19:19,C,https://www.coches.net/audi-a4-20-tdi-150cv-s-tronic-sport-edition-4p-diesel-2016-en-madrid-70220235-covo.aspx
VOLKSWAGEN,VOLKSWAGEN Multivan Life 2.0 TDI DSG B.Corta,51.500 €,2025,24.020 km,Diesel,150 cv,Gipuzkoa,2026-05-06 14:19:19,C,https://www.coches.net/volkswagen-multivan-life-20-tdi-110kw-150cv-dsg-bcorta-5p-diesel-2025-en-guipuzcoa-70220727-covo.aspx
SKODA,SKODA Fabia 1.0 TSI Ambition Plus,12.900 €,2021,61.579 km,Gasolina,110 cv,Jaén,2026-05-06 14:19:19,C,https://www.coches.net/skoda-fabia-10-tsi-81kw-110cv-ambition-plus-5p-gasolina-2021-en-jaen-70221007-covo.aspx
SUZUKI,SUZUKI Swift 1.2 S2 Mild Hybrid,19.500 €,2025,3500 km,Híbrido,83 cv,A Coruña,2026-05-06 14:19:19,ECO,https://www.coches.net/suzuki-swift-12-s2-mild-hybrid-5p-electrico-hibrido-2024-en-a-coruna-70221169-covo.aspx
AUDI,AUDI Q3 Sportback S line 35 TDI S tronic,37.900 €,2023,33.099 km,Diesel,150 cv,A Coruña,2026-05-06 14:19:19,B,https://www.coches.net/audi-q3-sportback-s-line-35-tdi-110kw-150cv-s-tronic-5p-diesel-2024-en-a-coruna-70221174-covo.aspx
MERCEDES-BENZ,MERCEDES-BENZ Clase A A 180,35.000 €,2025,15 km,Híbrido,136 cv,Gipuzkoa,2026-05-06 14:19:19,ECO,https://www.coches.net/km-0/mercedes-benz/clase-a/guipuzcoa/a-180-electrico-hibrido-de-km0-70221727-kovn.aspx
TOYOTA,TOYOTA Yaris Cross 1.5 120H Business Plus,22.490 €,2023,43.000 km,Híbrido,116 cv,Barcelona,2026-05-06 14:19:19,ECO,https://www.coches.net/toyota-yaris-cross-15-120h-business-plus-5p-electrico-hibrido-2023-en-barcelona-70222019-covo.aspx
VOLVO,VOLVO XC60 2.0 B4 D RDesign Auto,37.650 €,2021,82.000 km,Híbrido,197 cv,Navarra,2026-05-06 14:19:19,ECO,https://www.coches.net/volvo-xc60-20-b4-d-rdesign-auto-5p-electrico-hibrido-2021-en-navarra-70222314-covo.aspx
MERCEDES-BENZ,MERCEDES-BENZ Clase C C 300 d e,46.900 €,2025,21.809 km,Híbrido enchufable,313 cv,Barcelona,2026-05-06 14:19:19,CERO,https://www.coches.net/mercedes-benz-clase-c-c-300-d-e-4p-electrico-hibrido-2024-en-barcelona-70223485-covo.aspx
MERCEDES-BENZ,MERCEDES-BENZ Clase C C 200 d Berlina,45.400 €,2025,9394 km,Híbrido,163 cv,Barcelona,2026-05-06 14:19:19,ECO,https://www.coches.net/mercedes-benz-clase-c-c-200-d-berlina-4p-electrico-hibrido-2025-en-barcelona-70223486-covo.aspx
BMW,BMW Serie 2 M235iA xDrive Gran Coupe,34.900 €,2020,89.000 km,Gasolina,306 cv,Murcia,2026-05-06 14:19:19,C,https://www.coches.net/bmw-serie-2-m235ia-xdrive-gran-coupe-4p-gasolina-2020-en-murcia-70225512-covo.aspx
OPEL,OPEL Insignia GS Business 1.5D DVH AT8,16.500 €,2022,55.000 km,Diesel,122 cv,Ciudad Real,2026-05-06 14:19:19,C,https://www.coches.net/opel-insignia-gs-business-15d-dvh-90kw-at8-5p-diesel-2022-en-ciudad-real-70229389-covo.aspx
DS,DS DS 7 Crossback 1.6 ETense 225 PERFORMANCE LINE Auto,21.500 €,2022,158.000 km,Híbrido enchufable,225 cv,Ciudad Real,2026-05-06 14:19:19,CERO,https://www.coches.net/ds-ds-7-crossback-16-etense-225-performance-line-auto-5p-electrico-hibrido-2022-en-ciudad-real-70229510-covo.aspx
MERCEDES-BENZ,MERCEDES-BENZ Clase C C 220 d Estate,38.900 €,2023,19.000 km,Híbrido,200 cv,Valladolid,2026-05-06 14:19:19,ECO,https://www.coches.net/mercedes-benz-clase-c-c-220-d-estate-5p-electrico-hibrido-2023-en-valladolid-70230539-covo.aspx
BMW,BMW X2 sDrive20d,43.400 €,2025,15.409 km,Híbrido,163 cv,Cuenca,2026-05-06 14:19:19,ECO,https://www.coches.net/bmw-x2-sdrive20d-5p-electrico-hibrido-2025-en-cuenca-70230639-covo.aspx
NISSAN,NISSAN JUKE DIGT 114 CV 6MT Tekna,24.190 €,2025,2823 km,Gasolina,114 cv,Sevilla,2026-05-06 14:19:19,C,https://www.coches.net/nissan-juke-digt-84-kw-114-cv-6mt-tekna-5p-gasolina-2024-en-sevilla-70232274-covo.aspx
HYUNDAI,HYUNDAI Bayon 1.0 TGDI 48V Tecno,14.990 €,2023,77.000 km,Híbrido,100 cv,Las Palmas,2026-05-06 14:19:19,ECO,https://www.coches.net/hyundai-bayon-10-tgdi-74kw-100cv-48v-tecno-5p-electrico-hibrido-2023-en-las-palmas-70232464-covo.aspx
PEUGEOT,PEUGEOT 308 Allure Gasolina 130 SS MAN,20.100 €,2024,1500 km,Gasolina,130 cv,Ciudad Real,2026-05-06 14:19:19,C,https://www.coches.net/peugeot-308-5p-allure-gasolina-130-ss-man-5p-gasolina-2024-en-ciudad-real-70232748-covo.aspx
SEAT,SEAT Ateca 1.5 TSI DSG FR Special Edition,33.100 €,2026,10 km,Gasolina,150 cv,Burgos,2026-05-06 14:19:19,C,https://www.coches.net/km-0/seat/ateca/burgos/15-tsi-110kw-dsg-fr-special-edition-gasolina-de-km0-70233366-kovn.aspx
SEAT,SEAT Ateca 1.5 TSI DSG FR Special Edition,33.800 €,2026,10 km,Gasolina,150 cv,Burgos,2026-05-06 14:19:19,C,https://www.coches.net/km-0/seat/ateca/burgos/15-tsi-110kw-dsg-fr-special-edition-gasolina-de-km0-70233410-kovn.aspx
AUDI,AUDI A5 35 TDI S tronic Sportback,31.900 €,2020,56.000 km,Híbrido,163 cv,Valladolid,2026-05-06 14:19:19,ECO,https://www.coches.net/audi-a5-35-tdi-120kw-163cv-s-tronic-sportback-5p-electrico-hibrido-2021-en-valladolid-70233415-covo.aspx
SEAT,SEAT Ateca 1.5 TSI DSG FR Special Edition,33.300 €,2026,10 km,Gasolina,150 cv,Burgos,2026-05-06 14:19:19,C,https://www.coches.net/km-0/seat/ateca/burgos/15-tsi-110kw-dsg-fr-special-edition-gasolina-de-km0-70233534-kovn.aspx
VOLKSWAGEN,VOLKSWAGEN Polo RLine 1.0 TSI DSG,15.890 €,2021,96.785 km,Gasolina,110 cv,Madrid,2026-05-06 14:19:19,C,https://www.coches.net/volkswagen-polo-rline-10-tsi-81kw-110cv-dsg-5p-gasolina-2022-en-madrid-70234009-covo.aspx
PEUGEOT,PEUGEOT 208 PureTech Allure Pack,13.990 €,2023,37.500 km,Gasolina,100 cv,Las Palmas,2026-05-06 14:19:19,C,https://www.coches.net/peugeot-208-puretech-73kw-100cv-allure-pack-5p-gasolina-2023-en-las-palmas-70235778-covo.aspx
HYUNDAI,HYUNDAI Bayon 1.0 TGDI 48V Tecno,14.990 €,2023,74.500 km,Híbrido,100 cv,Las Palmas,2026-05-06 14:19:19,ECO,https://www.coches.net/hyundai-bayon-10-tgdi-74kw-100cv-48v-tecno-5p-electrico-hibrido-2023-en-las-palmas-70235787-covo.aspx
AUDI,AUDI Q5 Advanced 35 TDI S tronic,34.900 €,2021,48.648 km,Híbrido,163 cv,Bizkaia,2026-05-06 14:19:19,ECO,https://www.coches.net/audi-q5-advanced-35-tdi-120kw-s-tronic-5p-electrico-hibrido-2021-en-vizcaya-70236129-covo.aspx
VOLVO,VOLVO XC40 2.0 D3 Inscription Auto,27.900 €,2021,102.000 km,Diesel,150 cv,Valladolid,2026-05-06 14:19:19,C,https://www.coches.net/volvo-xc40-20-d3-inscription-auto-5p-diesel-2020-en-valladolid-70236198-covo.aspx
JEEP,JEEP Avenger 1.2 G Altitude,24.300 €,2025,5 km,Gasolina,100 cv,Valencia,2026-05-06 14:19:19,C,https://www.coches.net/jeep-avenger-12-g-74kw-100cv-altitude-5p-gasolina-2025-en-valencia-70236293-covo.aspx
JEEP,JEEP Avenger 1.2 G Altitude,25.700 €,2025,5 km,Gasolina,100 cv,Valencia,2026-05-06 14:19:19,C,https://www.coches.net/jeep-avenger-12-g-74kw-100cv-altitude-5p-gasolina-2025-en-valencia-70236319-covo.aspx
JEEP,JEEP Avenger 1.2 G Altitude,24.600 €,2025,5 km,Gasolina,100 cv,Valencia,2026-05-06 14:19:19,C,https://www.coches.net/jeep-avenger-12-g-74kw-100cv-altitude-5p-gasolina-2025-en-valencia-70236337-covo.aspx
SMART,SMART Fortwo 1.0 SS PASSION COUPE,8.990 €,2017,119.000 km,Gasolina,71 cv,Valencia,2026-05-06 14:19:19,C,https://www.coches.net/smart-fortwo-10-52kw-71cv-ss-passion-coupe-3p-gasolina-2016-en-valencia-70236653-covo.aspx
HYUNDAI,HYUNDAI Kona 1.6 GDI HEV Maxx DCT,23.900 €,2023,73.640 km,Híbrido,141 cv,Girona,2026-05-06 14:19:19,ECO,https://www.coches.net/hyundai-kona-16-gdi-hev-maxx-dct-5p-electrico-hibrido-2023-en-girona-70236892-covo.aspx
HYUNDAI,HYUNDAI i20 1.6T N,29.900 €,2024,72.600 km,Gasolina,204 cv,Girona,2026-05-06 14:19:19,C,https://www.coches.net/hyundai-i20-16t-n-5p-gasolina-2023-en-girona-70236893-covo.aspx
HYUNDAI,HYUNDAI Kona 1.0T 48V Tecno,24.900 €,2026,20 km,Híbrido,100 cv,Girona,2026-05-06 14:19:19,ECO,https://www.coches.net/km-0/hyundai/kona/girona/10t-100cv-48v-tecno-electrico-hibrido-de-km0-70236896-kovn.aspx
OPEL,OPEL Corsa 1.2T XHL GS,18.100 €,2026,5 km,Gasolina,100 cv,Valencia,2026-05-06 14:19:19,C,https://www.coches.net/opel-corsa-12t-xhl-74kw-100cv-gs-5p-gasolina-2026-en-valencia-70237362-covo.aspx
JEEP,JEEP Avenger 1.2 eHybrid 4xe Overland,31.800 €,2025,9532 km,Híbrido,145 cv,Valencia,2026-05-06 14:19:19,ECO,https://www.coches.net/jeep-avenger-12-ehybrid-4xe-107kw-145cv-overland-5p-electrico-hibrido-2025-en-valencia-70238736-covo.aspx
FIAT,FIAT 500 Monotrim Hb 190km,23.100 €,2025,5611 km,Eléctrico,95 cv,Valencia,2026-05-06 14:19:19,CERO,https://www.coches.net/fiat-500-monotrim-hb-190km-70kw-95cv-3p-electrico-hibrido-2025-en-valencia-70238744-covo.aspx
CITROEN,CITROEN C4 Hybrid 145 eDCS6 Plus,22.700 €,2025,15.500 km,Híbrido,145 cv,Valencia,2026-05-06 14:19:19,ECO,https://www.coches.net/citroen-c4-hybrid-145-edcs6-plus-5p-electrico-hibrido-2025-en-valencia-70238755-covo.aspx
CITROEN,CITROEN C3 Aircross BlueHDi SS Feel Pack,15.100 €,2023,63.000 km,Diesel,110 cv,Valencia,2026-05-06 14:19:19,C,https://www.coches.net/citroen-c3-aircross-bluehdi-81kw-110cv-ss-feel-pack-5p-diesel-2023-en-valencia-70238763-covo.aspx
CITROEN,CITROEN C3 PureTech Live Pack,10.200 €,2020,91.512 km,Gasolina,83 cv,Valencia,2026-05-06 14:19:19,C,https://www.coches.net/citroen-c3-puretech-60kw-83cv-live-pack-5p-gasolina-2020-en-valencia-70238769-covo.aspx
CITROEN,CITROEN Berlingo Talla M PureTech 110 SS FEEL,12.900 €,2019,160.016 km,Gasolina,110 cv,Valencia,2026-05-06 14:19:19,C,https://www.coches.net/citroen-berlingo-talla-m-puretech-110-ss-feel-5p-gasolina-2018-en-valencia-70238775-covo.aspx
CITROEN,CITROEN Spacetourer Talla XL BlueHDi Business,21.500 €,2019,195.130 km,Diesel,150 cv,Valencia,2026-05-06 14:19:19,C,https://www.coches.net/citroen-spacetourer-talla-xl-bluehdi-110kw-150cv-business-4p-diesel-2019-en-valencia-70238786-covo.aspx
CITROEN,CITROEN Spacetourer Business Talla XL BlueHDi 180 SS EAT8,36.300 €,2024,68.842 km,Diesel,180 cv,Valencia,2026-05-06 14:19:19,C,https://www.coches.net/citroen-spacetourer-business-talla-xl-bluehdi-180-ss-eat8-5p-diesel-2024-en-valencia-70238787-covo.aspx
FIAT,FIAT Grande Panda La Prima MHEV,22.300 €,2025,8900 km,Híbrido,110 cv,Valencia,2026-05-06 14:19:19,ECO,https://www.coches.net/fiat-grande-panda-la-prima-mhev-81kw-110cv-5p-electrico-hibrido-2025-en-valencia-70238792-covo.aspx
JEEP,JEEP Renegade 4xe Trailhawk 1.3 PHEV 240hp AT EAWD,33.500 €,2025,12.860 km,Híbrido enchufable,240 cv,Valencia,2026-05-06 14:19:19,CERO,https://www.coches.net/jeep-renegade-4xe-trailhawk-13-phev-240hp-at-eawd-5p-electrico-hibrido-2024-en-valencia-70238797-covo.aspx
OPEL,OPEL Frontera 1.2T XHT Hybrid eDCT6 GS,26.500 €,2025,9500 km,Híbrido,136 cv,Valencia,2026-05-06 14:19:19,ECO,https://www.coches.net/opel-frontera-12t-xht-hybrid-edct6-100kw-gs-5p-electrico-hibrido-2024-en-valencia-70238800-covo.aspx
OPEL,OPEL Crossland X 1.2 Edition,11.900 €,2020,38.890 km,Gasolina,110 cv,Valencia,2026-05-06 14:19:19,C,https://www.coches.net/opel-crossland-x-12-81kw-110cv-edition-5p-gasolina-2020-en-valencia-70238801-covo.aspx
PEUGEOT,PEUGEOT 2008 Allure BlueHDI 130 SS EAT8,17.900 €,2022,106.700 km,Diesel,130 cv,Valencia,2026-05-06 14:19:19,C,https://www.coches.net/peugeot-2008-allure-bluehdi-130-ss-eat8-5p-diesel-2022-en-valencia-70238807-covo.aspx
PEUGEOT,PEUGEOT 208 BlueHDi Active,12.900 €,2021,106.189 km,Diesel,100 cv,Valencia,2026-05-06 14:19:19,C,https://www.coches.net/peugeot-208-bluehdi-73kw-100cv-active-5p-diesel-2021-en-valencia-70238811-covo.aspx
PEUGEOT,PEUGEOT 208 PureTech EAT8 Allure Pack,16.490 €,2021,39.110 km,Gasolina,100 cv,Valencia,2026-05-06 14:19:19,C,https://www.coches.net/peugeot-208-puretech-73kw-100cv-eat8-allure-pack-5p-gasolina-2020-en-valencia-70238943-covo.aspx
PEUGEOT,PEUGEOT 208 BlueHDi Allure,16.400 €,2023,45.555 km,Diesel,100 cv,Valencia,2026-05-06 14:19:19,C,https://www.coches.net/peugeot-208-bluehdi-73kw-100cv-allure-5p-diesel-2023-en-valencia-70238944-covo.aspx
PEUGEOT,PEUGEOT 3008 1.5 BlueHDi SS GT Line,19.900 €,2020,82.571 km,Diesel,130 cv,Valencia,2026-05-06 14:19:19,C,https://www.coches.net/peugeot-3008-15-bluehdi-96kw-130cv-ss-gt-line-5p-diesel-2020-en-valencia-70238949-covo.aspx
PEUGEOT,PEUGEOT 3008 1.5 BlueHDi SS Allure EAT8,18.400 €,2020,71.509 km,Diesel,130 cv,Valencia,2026-05-06 14:19:19,C,https://www.coches.net/peugeot-3008-15-bluehdi-96kw-130cv-ss-allure-eat8-5p-diesel-2020-en-valencia-70238950-covo.aspx
PEUGEOT,PEUGEOT 3008 1.5 BlueHDi SS Allure EAT8,19.600 €,2020,42.079 km,Diesel,130 cv,Valencia,2026-05-06 14:19:19,C,https://www.coches.net/peugeot-3008-15-bluehdi-96kw-130cv-ss-allure-eat8-5p-diesel-2020-en-valencia-70238951-covo.aspx
PEUGEOT,PEUGEOT 3008 1.2 PureTech SS Allure Pack,21.600 €,2024,22.000 km,Gasolina,130 cv,Valencia,2026-05-06 14:19:19,C,https://www.coches.net/peugeot-3008-12-puretech-96kw-ss-allure-pack-5p-gasolina-2023-en-valencia-70238954-covo.aspx
PEUGEOT,PEUGEOT 3008 Hybrid 1.2 Allure eDCS6,32.500 €,2025,19.980 km,Híbrido,145 cv,Valencia,2026-05-06 14:19:19,ECO,https://www.coches.net/peugeot-3008-hybrid-12-107kw-allure-edcs6-5p-electrico-hibrido-2025-en-valencia-70238957-covo.aspx
PEUGEOT,PEUGEOT 3008 Hybrid 1.2 Allure eDCS6,32.100 €,2025,16.550 km,Híbrido,145 cv,Valencia,2026-05-06 14:19:19,ECO,https://www.coches.net/peugeot-3008-hybrid-12-107kw-allure-edcs6-5p-electrico-hibrido-2025-en-valencia-70238958-covo.aspx
BMW,BMW Serie 1 118d,21.490 €,2022,128.000 km,Diesel,150 cv,Bizkaia,2026-05-06 14:19:19,C,https://www.coches.net/bmw-serie-1-118d-5p-diesel-2022-en-vizcaya-70238959-covo.aspx
PEUGEOT,PEUGEOT 308 Allure PureTech 130 SS MAN,19.450 €,2024,17.201 km,Gasolina,130 cv,Valencia,2026-05-06 14:19:19,C,https://www.coches.net/peugeot-308-5p-allure-puretech-130-ss-man-5p-gasolina-2024-en-valencia-70238961-covo.aspx
PEUGEOT,PEUGEOT 308 Allure PureTech 130 SS MAN,19.900 €,2024,13.040 km,Gasolina,130 cv,Valencia,2026-05-06 14:19:19,C,https://www.coches.net/peugeot-308-5p-allure-puretech-130-ss-man-5p-gasolina-2024-en-valencia-70238964-covo.aspx
PEUGEOT,PEUGEOT 308 Allure PureTech 130 SS MAN,19.900 €,2024,16.037 km,Gasolina,130 cv,Valencia,2026-05-06 14:19:19,C,https://www.coches.net/peugeot-308-5p-allure-puretech-130-ss-man-5p-gasolina-2024-en-valencia-70238965-covo.aspx
PEUGEOT,PEUGEOT 308 Allure PureTech 130 SS MAN,19.700 €,2024,16.824 km,Gasolina,130 cv,Valencia,2026-05-06 14:19:19,C,https://www.coches.net/peugeot-308-5p-allure-puretech-130-ss-man-5p-gasolina-2024-en-valencia-70238967-covo.aspx
PEUGEOT,PEUGEOT 308 Allure PureTech 130 SS MAN,19.900 €,2024,19.379 km,Gasolina,130 cv,Valencia,2026-05-06 14:19:19,C,https://www.coches.net/peugeot-308-5p-allure-puretech-130-ss-man-5p-gasolina-2024-en-valencia-70238968-covo.aspx
PEUGEOT,PEUGEOT 408 408 Allure Puretech 130 EAT8,22.900 €,2024,22.785 km,Gasolina,130 cv,Valencia,2026-05-06 14:19:19,C,https://www.coches.net/peugeot-408-408-allure-puretech-130-eat8-5p-gasolina-2023-en-valencia-70238972-covo.aspx
PEUGEOT,PEUGEOT 5008 1.5 BlueHDi SS Allure EAT8,21.600 €,2020,98.032 km,Diesel,130 cv,Valencia,2026-05-06 14:19:19,C,https://www.coches.net/peugeot-5008-15-bluehdi-96kw-130cv-ss-allure-eat8-5p-diesel-2020-en-valencia-70238979-covo.aspx
PEUGEOT,PEUGEOT 508 Allure Pack PureTech 130 SS EAT8,21.900 €,2023,35.500 km,Gasolina,130 cv,Valencia,2026-05-06 14:19:19,C,https://www.coches.net/peugeot-508-5p-allure-pack-puretech-130-ss-eat8-5p-gasolina-2022-en-valencia-70238985-covo.aspx
LEAPMOTOR,LEAPMOTOR C10 C10 BEV 69.9kWh Design Auto,32.500 €,2026,5 km,Eléctrico,218 cv,Valencia,2026-05-06 14:19:19,CERO,https://www.coches.net/leapmotor-c10-c10-bev-699kwh-design-auto-5p-electrico-hibrido-2024-en-valencia-70239038-covo.aspx
VOLVO,VOLVO XC40 2.0 B3 G Core Auto,32.400 €,2025,27.900 km,Híbrido,163 cv,Navarra,2026-05-06 14:19:19,ECO,https://www.coches.net/volvo-xc40-20-b3-g-core-auto-5p-electrico-hibrido-2026-en-navarra-70239174-covo.aspx
FORD,FORD Mondeo 2.0 Hibrido Titanium HEV,18.900 €,2019,75.521 km,Híbrido,187 cv,Guadalajara,2026-05-06 14:19:19,ECO,https://www.coches.net/ford-mondeo-20-hibrido-137kw-187cv-titanium-hev-4p-electrico-hibrido-2018-en-guadalajara-70239469-covo.aspx
JEEP,JEEP Avenger 1.2 eHybrid 4xe T. North Face,35.800 €,2025,500 km,Híbrido,145 cv,Valencia,2026-05-06 14:19:19,ECO,https://www.coches.net/jeep-avenger-12-ehybrid-4xe-145cv-t-north-face-5p-electrico-hibrido-2025-en-valencia-70239736-covo.aspx
BMW,BMW i3 94ah,15.500 €,2016,69.000 km,Eléctrico,170 cv,Cádiz,2026-05-06 14:19:19,B,https://www.coches.net/bmw-i3-94ah-5p-electrico-hibrido-2017-en-cadiz-70240513-covo.aspx
MERCEDES-BENZ,MERCEDES-BENZ Clase E Cabrio E 220 d,38.900 €,2018,121.070 km,Diesel,194 cv,Murcia,2026-05-06 14:19:19,C,https://www.coches.net/mercedes-benz-clase-e-cabrio-e-220-d-2p-diesel-2019-en-murcia-70241055-covo.aspx
NISSAN,NISSAN JUKE DIGT 114 CV DCT 7 V NConnecta,20.499 €,2022,47.000 km,Gasolina,114 cv,Murcia,2026-05-06 14:19:19,C,https://www.coches.net/nissan-juke-digt-84-kw-114-cv-dct-7-v-nconnecta-5p-gasolina-2021-en-murcia-70241830-covo.aspx
BMW,BMW iX1 xDrive30,36.900 €,2024,36 km,Eléctrico,313 cv,Sta. C. Tenerife,2026-05-06 14:19:19,CERO,https://www.coches.net/bmw-ix1-xdrive30-5p-electrico-hibrido-2025-en-sta-c-tenerife-70251271-covo.aspx
BMW,BMW Serie 6 650i Gran Coupe,29.700 €,2015,156.616 km,Gasolina,450 cv,Sta. C. Tenerife,2026-05-06 14:19:19,C,https://www.coches.net/bmw-serie-6-650i-gran-coupe-4p-gasolina-2016-en-sta-c-tenerife-70251272-covo.aspx
FIAT,FIAT 500 Sport 1.0 Hybrid 70 CV,11.450 €,2021,52.194 km,Híbrido,70 cv,Sta. C. Tenerife,2026-05-06 14:19:19,ECO,https://www.coches.net/fiat-500-sport-10-hybrid-51kw-70-cv-3p-electrico-hibrido-2021-en-sta-c-tenerife-70251337-covo.aspx
PEUGEOT,PEUGEOT 308 GT Line BlueHDi 130 SS 6 Vel. MAN,13.890 €,2020,92.000 km,Diesel,130 cv,Madrid,2026-05-06 14:19:19,C,https://www.coches.net/peugeot-308-5p-gt-line-bluehdi-130-ss-6-vel-man-5p-diesel-2020-en-madrid-70251556-covo.aspx
MERCEDES-BENZ,MERCEDES-BENZ GLC Coupé GLC 200 4MATIC,44.700 €,2021,87.863 km,Híbrido,197 cv,Barcelona,2026-05-06 14:19:19,ECO,https://www.coches.net/mercedes-benz-glc-coupe-glc-200-4matic-5p-electrico-hibrido-2022-en-barcelona-70252948-covo.aspx
MERCEDES-BENZ,MERCEDES-BENZ Clase C C 220 d Berlina,47.400 €,2025,23.952 km,Híbrido,197 cv,Barcelona,2026-05-06 14:19:19,ECO,https://www.coches.net/mercedes-benz-clase-c-c-220-d-berlina-4p-electrico-hibrido-2025-en-barcelona-70252949-covo.aspx
MERCEDES-BENZ,MERCEDES-BENZ Clase A A 180 Sedan,26.740 €,2022,69.969 km,Gasolina,136 cv,Madrid,2026-05-06 14:19:19,B,https://www.coches.net/mercedes-benz-clase-a-a-180-sedan-4p-gasolina-2022-en-madrid-70255135-covo.aspx
MERCEDES-BENZ,MERCEDES-BENZ Clase A A 180 d Sedan,24.890 €,2022,81.971 km,Diesel,116 cv,Madrid,2026-05-06 14:19:19,B,https://www.coches.net/mercedes-benz-clase-a-a-180-d-sedan-4p-diesel-2022-en-madrid-70255154-covo.aspx
BMW,BMW X3 xDrive30e xLine,36.190 €,2022,88.246 km,Híbrido enchufable,292 cv,Madrid,2026-05-06 14:19:19,CERO,https://www.coches.net/bmw-x3-xdrive30e-xline-5p-electrico-hibrido-2023-en-madrid-70255160-covo.aspx
FORD,FORD Focus 1.0 Ecoboost Trend Auto,12.990 €,2019,82.000 km,Gasolina,125 cv,Barcelona,2026-05-06 14:19:19,C,https://www.coches.net/ford-focus-10-ecoboost-92kw-trend-auto-5p-gasolina-2019-en-barcelona-70255257-covo.aspx
BMW,BMW Serie 1 118i,21.490 €,2022,99.543 km,Gasolina,136 cv,Madrid,2026-05-06 14:19:19,C,https://www.coches.net/bmw-serie-1-118i-5p-gasolina-2023-en-madrid-70255433-covo.aspx
MERCEDES-BENZ,MERCEDES-BENZ Clase GLC GLC 220 d 4MATIC,31.495 €,2019,137.623 km,Diesel,170 cv,Jaén,2026-05-06 14:19:19,C,https://www.coches.net/mercedes-benz-clase-glc-glc-220-d-4matic-5p-diesel-2019-en-jaen-70257109-covo.aspx
AUDI,AUDI A4 Avant 2.0 TDI 140kW190CV S tron S line,20.999 €,2017,127.584 km,Diesel,190 cv,Jaén,2026-05-06 14:19:19,C,https://www.coches.net/audi-a4-avant-20-tdi-140kw190cv-s-tron-s-line-5p-diesel-2017-en-jaen-70257112-covo.aspx
MERCEDES-BENZ,MERCEDES-BENZ Clase GLC GLC 220 d 4MATIC,26.990 €,2019,170.000 km,Diesel,170 cv,Zamora,2026-05-06 14:19:19,C,https://www.coches.net/mercedes-benz-clase-glc-glc-220-d-4matic-5p-diesel-2019-en-zamora-70258404-covo.aspx
CITROEN,CITROEN C3 Aircross BlueHDi SS SHINE,14.300 €,2018,52.968 km,Diesel,120 cv,Valencia,2026-05-06 14:19:19,C,https://www.coches.net/citroen-c3-aircross-bluehdi-88kw-120cv-ss-shine-5p-diesel-2017-en-valencia-70261188-covo.aspx
CITROEN,CITROEN C3 Origin PureTech Max,15.300 €,2024,19.251 km,Gasolina,110 cv,Valencia,2026-05-06 14:19:19,C,https://www.coches.net/citroen-c3-origin-puretech-81kw-110cv-max-5p-gasolina-2023-en-valencia-70261204-covo.aspx
CITROEN,CITROEN C4 PureTech 130 SS EAT8 Feel Pack,16.900 €,2022,74.700 km,Gasolina,130 cv,Valencia,2026-05-06 14:19:19,C,https://www.coches.net/citroen-c4-puretech-130-ss-eat8-feel-pack-5p-gasolina-2022-en-valencia-70261269-covo.aspx
CITROEN,CITROEN C4 Hybrid 145 eDCS6 Plus,22.300 €,2025,7300 km,Híbrido,145 cv,Valencia,2026-05-06 14:19:19,ECO,https://www.coches.net/citroen-c4-hybrid-145-edcs6-plus-5p-electrico-hibrido-2025-en-valencia-70261311-covo.aspx
CITROEN,CITROEN C5 X PureTech SS EAT8 Shine,21.800 €,2023,27.000 km,Gasolina,130 cv,Valencia,2026-05-06 14:19:19,C,https://www.coches.net/citroen-c5-x-puretech-96kw-130cv-ss-eat8-shine-5p-gasolina-2022-en-valencia-70261341-covo.aspx
CITROEN,CITROEN C5 Aircross HYBRID eDCS6 Max,34.500 €,2025,13.822 km,Híbrido,145 cv,Valencia,2026-05-06 14:19:19,ECO,https://www.coches.net/citroen-c5-aircross-hybrid-107kw-145cv-edcs6-max-5p-electrico-hibrido-2025-en-valencia-70261623-covo.aspx
LEAPMOTOR,LEAPMOTOR T03 T03 BEV 37.3kWh Design Auto,18.900 €,2025,1827 km,Eléctrico,95 cv,Valencia,2026-05-06 14:19:19,CERO,https://www.coches.net/leapmotor-t03-t03-bev-373kwh-design-auto-5p-electrico-hibrido-2024-en-valencia-70261837-covo.aspx
SUZUKI,SUZUKI Vitara 1.4 TURBO S 4WD,15.990 €,2017,122.000 km,Gasolina,140 cv,Gipuzkoa,2026-05-06 14:19:19,C,https://www.coches.net/suzuki-vitara-14-turbo-s-4wd-5p-gasolina-2015-en-guipuzcoa-70264562-covo.aspx
PORSCHE,PORSCHE 911 Carrera,167.900 €,2025,22.695 km,Gasolina,394 cv,Murcia,2026-05-06 14:19:19,B,https://www.coches.net/porsche-911-carrera-2p-gasolina-2026-en-murcia-70264885-covo.aspx
BMW,BMW Serie 1 120d,33.500 €,2025,16.988 km,Híbrido,163 cv,Ciudad Real,2026-05-06 14:19:19,ECO,https://www.coches.net/bmw-serie-1-120d-5p-electrico-hibrido-2025-en-ciudad-real-70269407-covo.aspx
MERCEDES-BENZ,MERCEDES-BENZ Clase C C 200 d Estate,40.990 €,2024,36.700 km,Híbrido,163 cv,Valencia,2026-05-06 14:19:19,ECO,https://www.coches.net/mercedes-benz-clase-c-c-200-d-estate-5p-electrico-hibrido-2024-en-valencia-70269697-covo.aspx
MERCEDES-BENZ,MERCEDES-BENZ GLA GLA 180,31.990 €,2021,49.900 km,Gasolina,136 cv,Valencia,2026-05-06 14:19:19,C,https://www.coches.net/mercedes-benz-gla-gla-180-5p-gasolina-2020-en-valencia-70269698-covo.aspx
AUDI,AUDI Q3 Sportback 40 TDI S tronic Quattro S Line,34.990 €,2020,51.000 km,Diesel,200 cv,Valencia,2026-05-06 14:19:19,C,https://www.coches.net/audi-q3-sportback-40-tdi-140kw-s-tronic-quattro-s-line-5p-diesel-2021-en-valencia-70269700-covo.aspx
MERCEDES-BENZ,MERCEDES-BENZ Clase C C Cabrio 220 d,31.990 €,2018,68.000 km,Diesel,170 cv,Valencia,2026-05-06 14:19:19,C,https://www.coches.net/mercedes-benz-clase-c-c-cabrio-220-d-2p-diesel-2018-en-valencia-70269701-covo.aspx
FIAT,FIAT 500X Urban 10 Firefly T3 120 CV SS,11.990 €,2020,111.500 km,Gasolina,120 cv,Sta. C. Tenerife,2026-05-06 14:19:19,B,https://www.coches.net/fiat-500x-urban-10-firefly-t3-88kw-120-cv-ss-5p-gasolina-2020-en-sta-c-tenerife-70269771-covo.aspx
PEUGEOT,PEUGEOT 2008 Active 1.6 eHDi 92 ETG6,8.290 €,2013,129.000 km,Diesel,92 cv,Madrid,2026-05-06 14:19:19,B,https://www.coches.net/peugeot-2008-active-16-ehdi-92-etg6-5p-diesel-2013-en-madrid-70269852-covo.aspx
MINI,MINI MINI COOPER SE,16.990 €,2020,49.250 km,Eléctrico,184 cv,Sta. C. Tenerife,2026-05-06 14:19:19,CERO,https://www.coches.net/mini-mini-cooper-se-3p-electrico-hibrido-2021-en-sta-c-tenerife-70269915-covo.aspx
AUDI,AUDI A3 Sportback S line 35 TFSI S tronic,36.900 €,2025,19.591 km,Híbrido,150 cv,Jaén,2026-05-06 14:19:19,ECO,https://www.coches.net/audi-a3-sportback-s-line-35-tfsi-110kw-s-tronic-5p-electrico-hibrido-2025-en-jaen-70270003-covo.aspx
HYUNDAI,HYUNDAI Kona 1.6 GDI HEV Tecno 2C DCT,21.500 €,2022,60.000 km,Híbrido,141 cv,Girona,2026-05-06 14:19:19,ECO,https://www.coches.net/hyundai-kona-16-gdi-hev-tecno-2c-dct-5p-electrico-hibrido-2020-en-girona-70270076-covo.aspx
HYUNDAI,HYUNDAI i10 1.0 Klass AT,15.900 €,2025,15.150 km,Gasolina,63 cv,Girona,2026-05-06 14:19:19,C,https://www.coches.net/hyundai-i10-10-klass-at-5p-gasolina-2025-en-girona-70270079-covo.aspx
HYUNDAI,HYUNDAI i20 1.0 TGDI 48V Tecno,17.500 €,2022,59.000 km,Híbrido,100 cv,Girona,2026-05-06 14:19:19,ECO,https://www.coches.net/hyundai-i20-10-tgdi-74kw-100cv-48v-tecno-5p-electrico-hibrido-2021-en-girona-70270080-covo.aspx
SUZUKI,SUZUKI Vitara 1.4 TURBO S 4WD,18.900 €,2018,77.300 km,Gasolina,140 cv,Girona,2026-05-06 14:19:19,C,https://www.coches.net/suzuki-vitara-14-turbo-s-4wd-5p-gasolina-2015-en-girona-70270081-covo.aspx
HYUNDAI,HYUNDAI Kona 1.6T N Line,23.900 €,2025,20 km,Gasolina,138 cv,Girona,2026-05-06 14:19:19,C,https://www.coches.net/km-0/hyundai/kona/girona/16t-138cv-n-line-gasolina-de-km0-70270086-kovn.aspx
BMW,BMW X1 sDrive18i,20.750 €,2018,109.000 km,Gasolina,140 cv,Córdoba,2026-05-06 14:19:19,B,https://www.coches.net/bmw-x1-sdrive18i-5p-gasolina-2018-en-cordoba-70270115-covo.aspx
MERCEDES-BENZ,MERCEDES-BENZ Clase GLE Coupé GLE 350 d 4MATIC,39.900 €,2016,150.895 km,Diesel,258 cv,Jaén,2026-05-06 14:19:19,C,https://www.coches.net/mercedes-benz-clase-gle-coupe-gle-350-d-4matic-5p-diesel-2017-en-jaen-70270313-covo.aspx
SKODA,SKODA Kamiq 1.5 TSI DSG STYLE,22.900 €,2022,33.604 km,Gasolina,150 cv,Jaén,2026-05-06 14:19:19,C,https://www.coches.net/skoda-kamiq-15-tsi-110kw-150cv-dsg-style-5p-gasolina-2023-en-jaen-70271880-covo.aspx
PEUGEOT,PEUGEOT Traveller Business 1.6 BlueHDi 120 Standard,22.999 €,2019,59.950 km,Diesel,120 cv,Madrid,2026-05-06 14:19:19,C,https://www.coches.net/peugeot-traveller-business-16-bluehdi-88kw-120-standard-4p-diesel-2018-en-madrid-70271959-covo.aspx
KIA,KIA XCeed 1.6 GDi PHEV eDrive,17.990 €,2021,59.000 km,Híbrido enchufable,141 cv,Sta. C. Tenerife,2026-05-06 14:19:19,CERO,https://www.coches.net/kia-xceed-16-gdi-phev-104kw-141cv-edrive-5p-electrico-hibrido-2021-en-sta-c-tenerife-70272034-covo.aspx
SUZUKI,SUZUKI Jimny 1.3 JX RANGER,17.900 €,2017,79.507 km,Gasolina,85 cv,Guadalajara,2026-05-06 14:19:19,C,https://www.coches.net/suzuki-jimny-13-jx-ranger-3p-gasolina-2014-en-guadalajara-70273397-covo.aspx
MAZDA,MAZDA CX-3 2.0 SKYACTIV GE Luxury 2WD AT,14.500 €,2016,156.112 km,Gasolina,120 cv,Guadalajara,2026-05-06 14:19:19,C,https://www.coches.net/mazda-cx-3-20-skyactiv-ge-luxury-2wd-at-5p-gasolina-2015-en-guadalajara-70273656-covo.aspx
MAZDA,MAZDA CX-3 2.0 SKYACTIV GE Luxury 2WD,15.900 €,2017,104.521 km,Gasolina,120 cv,Guadalajara,2026-05-06 14:19:19,C,https://www.coches.net/mazda-cx-3-20-skyactiv-ge-88kw-luxury-2wd-5p-gasolina-2017-en-guadalajara-70273674-covo.aspx
CITROEN,CITROEN C3 BlueHDi SS Feel Pack,9.999 €,2022,141.000 km,Diesel,102 cv,Alicante,2026-05-06 14:19:19,C,https://www.coches.net/citroen-c3-bluehdi-75kw-100cv-ss-feel-pack-5p-diesel-2022-en-alicante-70273874-covo.aspx
NISSAN,NISSAN JUKE G E6DTemp 83kW112 CV 5MT NCONNECTA,13.450 €,2019,77.000 km,Gasolina,112 cv,Valencia,2026-05-06 14:19:19,C,https://www.coches.net/nissan-juke-g-e6dtemp-83-kw112-cv-5mt-nconnecta-5p-gasolina-2018-en-valencia-70274222-covo.aspx
PEUGEOT,PEUGEOT Rifter Allure BlueHDi 100 SS 6 Vel. MAN Long,25.950 €,2025,24.641 km,Diesel,100 cv,Valencia,2026-05-06 14:19:19,C,https://www.coches.net/peugeot-rifter-allure-bluehdi-100-ss-6-vel-man-long-5p-diesel-2025-en-valencia-70274226-covo.aspx
AUDI,AUDI Q5 Advanced 50 TFSI e quattroultra,30.900 €,2023,99.890 km,Híbrido enchufable,299 cv,Valencia,2026-05-06 14:19:19,CERO,https://www.coches.net/audi-q5-advanced-50-tfsi-e-quattroultra-5p-electrico-hibrido-2023-en-valencia-70275430-covo.aspx
MERCEDES-BENZ,MERCEDES-BENZ Clase GLC GLC 220 d 4MATIC AMG Line,24.990 €,2016,126.000 km,Diesel,170 cv,Barcelona,2026-05-06 14:19:19,C,https://www.coches.net/mercedes-benz-clase-glc-glc-220-d-4matic-amg-line-5p-diesel-2016-en-barcelona-70275515-covo.aspx
OPEL,OPEL Astra 1.5D DVC 2020,8.990 €,2020,156.000 km,Diesel,105 cv,Las Palmas,2026-05-06 14:19:19,B,https://www.coches.net/opel-astra-15d-dvc-77kw-105cv-2020-5p-diesel-2020-en-las-palmas-70275713-covo.aspx
RENAULT,RENAULT Clio Equilibre Blue dCi,9.900 €,2022,155.000 km,Diesel,100 cv,Alicante,2026-05-06 14:19:19,B,https://www.coches.net/renault-clio-equilibre-blue-dci-74kw-100cv-5p-diesel-2022-en-alicante-70276592-covo.aspx
MERCEDES-BENZ,MERCEDES-BENZ Clase A A 200 d,23.900 €,2020,106.500 km,Diesel,150 cv,Alicante,2026-05-06 14:19:19,B,https://www.coches.net/mercedes-benz-clase-a-a-200-d-5p-diesel-2020-en-alicante-70276625-covo.aspx
BMW,BMW X5 xDrive45e,54.900 €,2021,69.685 km,Híbrido enchufable,394 cv,Sta. C. Tenerife,2026-05-06 14:19:19,CERO,https://www.coches.net/bmw-x5-xdrive45e-5p-electrico-hibrido-2022-en-sta-c-tenerife-70277402-covo.aspx
BMW,BMW Serie 1 118d,38.500 €,2026,10 km,Diesel,150 cv,Sta. C. Tenerife,2026-05-06 14:19:19,C,https://www.coches.net/bmw-serie-1-118d-5p-diesel-2026-en-sta-c-tenerife-70277404-covo.aspx
RENAULT,RENAULT Kangoo Combi Intens Edition One 1.5 Blue dCi 70kW95,14.990 €,2021,137.350 km,Diesel,95 cv,Bizkaia,2026-05-06 14:19:19,C,https://www.coches.net/renault-kangoo-combi-intens-edition-one-15-blue-dci-70kw95-5p-diesel-2021-en-vizcaya-70277485-covo.aspx
BMW,BMW Serie 3 320d Auto.Touring,31.290 €,2022,88.592 km,Híbrido,190 cv,Madrid,2026-05-06 14:19:19,CERO,https://www.coches.net/bmw-serie-3-320d-autotouring-5p-electrico-hibrido-2023-en-madrid-70278352-covo.aspx
TOYOTA,TOYOTA Corolla 1.8 125H ACTIVE TECH ECVT,16.990 €,2021,59.990 km,Híbrido,122 cv,Sta. C. Tenerife,2026-05-06 14:19:19,ECO,https://www.coches.net/toyota-corolla-18-125h-active-tech-ecvt-5p-electrico-hibrido-2021-en-sta-c-tenerife-70278364-covo.aspx
JEEP,JEEP Compass 1.6 Mjet Sport 4x2,15.990 €,2020,81.000 km,Diesel,120 cv,Toledo,2026-05-06 14:19:19,C,https://www.coches.net/jeep-compass-16-mjet-88kw-sport-4x2-5p-diesel-2019-en-toledo-70278384-covo.aspx
RENAULT,RENAULT Mégane ETech Eng. hib. enchuf.,15.990 €,2022,43.000 km,Híbrido enchufable,160 cv,Las Palmas,2026-05-06 14:19:19,B,https://www.coches.net/renault-megane-etech-eng-hib-enchuf-117kw-160cv-5p-electrico-hibrido-2022-en-las-palmas-70278399-covo.aspx
MASERATI,MASERATI Ghibli 3.0 V6 DS RWD,22.990 €,2015,149.000 km,Diesel,275 cv,Valencia,2026-05-06 14:19:19,B,https://www.coches.net/maserati-ghibli-30-v6-ds-275cv-rwd-4p-diesel-2016-en-valencia-70278632-covo.aspx
BMW,BMW Serie 3 320d Auto.,28.900 €,2021,96.000 km,Híbrido,190 cv,Valladolid,2026-05-06 14:19:19,ECO,https://www.coches.net/bmw-serie-3-320d-auto-4p-electrico-hibrido-2022-en-valladolid-70279667-covo.aspx
BMW,BMW Serie 2 Gran Tourer 216d,21.900 €,2021,116.000 km,Diesel,116 cv,Valladolid,2026-05-06 14:19:19,C,https://www.coches.net/bmw-serie-2-gran-tourer-216d-5p-diesel-2021-en-valladolid-70279701-covo.aspx
NISSAN,NISSAN QASHQAI EPOWER 190 CV NConnecta,28.590 €,2023,52.454 km,Híbrido,190 cv,Sevilla,2026-05-06 14:19:19,ECO,https://www.coches.net/nissan-qashqai-epower-140-kw-190-cv-nconnecta-5p-electrico-hibrido-2023-en-sevilla-70279792-covo.aspx
BMW,BMW Serie 1 116d,21.990 €,2023,58.164 km,Diesel,116 cv,Madrid,2026-05-06 14:19:19,C,https://www.coches.net/bmw-serie-1-116d-5p-diesel-2023-en-madrid-70281207-covo.aspx
LYNK,LYNK & CO 01 1.5 PHEV 6.6kW,29.890 €,2024,5779 km,Híbrido enchufable,261 cv,Madrid,2026-05-06 14:19:19,B,https://www.coches.net/lynk--co-01-15-phev-66kw-5p-electrico-hibrido-2023-en-madrid-70281212-covo.aspx
NISSAN,NISSAN QASHQAI DIGT mHEV Xtronic Acenta,21.240 €,2022,114.540 km,Híbrido,158 cv,Madrid,2026-05-06 14:19:19,B,https://www.coches.net/nissan-qashqai-digt-116kw-158cv-mhev-xtronic-acenta-5p-electrico-hibrido-2023-en-madrid-70281232-covo.aspx
MAZDA,MAZDA Mazda3 2.5L ESKY G MHEV Primeline,23.490 €,2025,26.486 km,Híbrido,140 cv,Madrid,2026-05-06 14:19:19,ECO,https://www.coches.net/mazda-mazda3-25l-esky-g-mhev-103kw-primeline-5p-electrico-hibrido-2025-en-madrid-70281235-covo.aspx
TOYOTA,TOYOTA Yaris 1.5 125 SEdition,16.990 €,2024,63.000 km,Gasolina,125 cv,Sta. C. Tenerife,2026-05-06 14:19:19,C,https://www.coches.net/toyota-yaris-15-125-sedition-5p-gasolina-2022-en-sta-c-tenerife-70281802-covo.aspx
TOYOTA,TOYOTA Yaris 1.5 120H Style,18.990 €,2024,22.000 km,Híbrido,116 cv,Sta. C. Tenerife,2026-05-06 14:19:19,ECO,https://www.coches.net/toyota-yaris-15-120h-style-5p-electrico-hibrido-2025-en-sta-c-tenerife-70281805-covo.aspx
TOYOTA,TOYOTA Yaris 1.5 125 SEdition,16.990 €,2024,67.500 km,Gasolina,125 cv,Sta. C. Tenerife,2026-05-06 14:19:19,C,https://www.coches.net/toyota-yaris-15-125-sedition-5p-gasolina-2022-en-sta-c-tenerife-70281806-covo.aspx
HYUNDAI,HYUNDAI Santa Fe HEV 1.6T 4X4 AT Style,57.900 €,2025,15.000 km,Híbrido,215 cv,Girona,2026-05-06 14:19:19,ECO,https://www.coches.net/hyundai-santa-fe-hev-16t-215cv-4x4-at-style-5p-electrico-hibrido-2024-en-girona-70282179-covo.aspx
HYUNDAI,HYUNDAI Tucson 1.6T HEV AT Tecno Sky,37.500 €,2026,15.000 km,Híbrido,215 cv,Girona,2026-05-06 14:19:19,ECO,https://www.coches.net/hyundai-tucson-16t-158kw-215cv-hev-at-tecno-sky-5p-electrico-hibrido-2025-en-girona-70282183-covo.aspx
MERCEDES-BENZ,MERCEDES-BENZ Clase B B 180 CDI,16.500 €,2015,122.256 km,Diesel,109 cv,Málaga,2026-05-06 14:19:19,B,https://www.coches.net/mercedes-benz-clase-b-b-180-cdi-5p-diesel-2015-en-malaga-70282896-covo.aspx
HYUNDAI,HYUNDAI IONIQ 1.6 GDI HEV Tecno DCT,13.200 €,2017,175.000 km,Híbrido,141 cv,Málaga,2026-05-06 14:19:19,B,https://www.coches.net/hyundai-ioniq-16-gdi-hev-tecno-dct-5p-electrico-hibrido-2016-en-malaga-70282963-covo.aspx
OPEL,OPEL Astra 1.2T SHR Ultimate,16.900 €,2021,96.000 km,Gasolina,145 cv,Málaga,2026-05-06 14:19:19,B,https://www.coches.net/opel-astra-12t-shr-107kw-145cv-ultimate-5p-gasolina-2021-en-malaga-70282966-covo.aspx
FIAT,FIAT 500 1.2 8v Lounge,9.900 €,2017,125.833 km,Gasolina,69 cv,Málaga,2026-05-06 14:19:19,B,https://www.coches.net/fiat-500-12-8v-51kw-69cv-lounge-3p-gasolina-2017-en-malaga-70282998-covo.aspx
PEUGEOT,PEUGEOT 308 SW Active 1.6 BlueHDi,12.900 €,2017,55.100 km,Diesel,120 cv,Málaga,2026-05-06 14:19:19,B,https://www.coches.net/peugeot-308-sw-active-16-bluehdi-88kw-120cv-5p-diesel-2017-en-malaga-70283008-covo.aspx
DACIA,DACIA Sandero Comfort TCe,12.990 €,2023,71.000 km,Gasolina,91 cv,Las Palmas,2026-05-06 14:19:19,C,https://www.coches.net/dacia-sandero-comfort-tce-67kw-90cv-5p-gasolina-2022-en-las-palmas-70283011-covo.aspx
KIA,KIA Sportage 1.6 GDi Concept 4x2,20.900 €,2022,84.301 km,Gasolina,132 cv,Málaga,2026-05-06 14:19:19,B,https://www.coches.net/kia-sportage-16-gdi-97kw-132cv-concept-4x2-5p-gasolina-2021-en-malaga-70283032-covo.aspx
HYUNDAI,HYUNDAI i20 1.0 TGDI Klass,15.900 €,2020,38.616 km,Gasolina,100 cv,Guadalajara,2026-05-06 14:19:19,C,https://www.coches.net/hyundai-i20-10-tgdi-74kw-100cv-klass-5p-gasolina-2021-en-guadalajara-70283315-covo.aspx
HYUNDAI,HYUNDAI Tucson 1.6 TGDI 48V Tecno 2C,23.900 €,2021,75.000 km,Híbrido,150 cv,Alicante,2026-05-06 14:19:19,ECO,https://www.coches.net/hyundai-tucson-16-tgdi-110kw-150cv-48v-tecno-2c-5p-electrico-hibrido-2021-en-alicante-70283622-covo.aspx
MERCEDES-BENZ,MERCEDES-BENZ Clase V 300 d Avantgarde Largo,49.900 €,2019,67.000 km,Diesel,239 cv,Valladolid,2026-05-06 14:19:19,C,https://www.coches.net/mercedes-benz-clase-v-300-d-avantgarde-largo-5p-diesel-2019-en-valladolid-70283766-covo.aspx
AUDI,AUDI Q2 Design 35 TDI S tronic,18.390 €,2020,161.515 km,Diesel,150 cv,Madrid,2026-05-06 14:19:19,C,https://www.coches.net/audi-q2-design-35-tdi-110kw-150cv-s-tronic-5p-diesel-2020-en-madrid-70283895-covo.aspx
MAZDA,MAZDA CX-5 2.2 DE Black Tech Edition 2WD,14.650 €,2016,135.000 km,Diesel,150 cv,Alicante,2026-05-06 14:19:19,C,https://www.coches.net/mazda-cx-5-22-de-black-tech-edition-2wd-5p-diesel-2015-en-alicante-70284891-covo.aspx
VOLKSWAGEN,VOLKSWAGEN Golf GTE 1.4 TSI DSG,24.900 €,2021,90.000 km,Híbrido enchufable,245 cv,Zamora,2026-05-06 14:19:19,CERO,https://www.coches.net/volkswagen-golf-gte-14-tsi-180kw-245cv-dsg-5p-electrico-hibrido-2022-en-zamora-70285871-covo.aspx
VOLKSWAGEN,VOLKSWAGEN Golf Advance 1.6 TDI,14.900 €,2019,142.891 km,Diesel,115 cv,Guadalajara,2026-05-06 14:19:19,C,https://www.coches.net/volkswagen-golf-advance-16-tdi-85kw-115cv-5p-diesel-2019-en-guadalajara-70286114-covo.aspx
VOLKSWAGEN,VOLKSWAGEN Tiguan RLine 2.0 TDI DSG,30.900 €,2022,89.798 km,Diesel,150 cv,Guadalajara,2026-05-06 14:19:19,C,https://www.coches.net/volkswagen-tiguan-rline-20-tdi-110kw-150cv-dsg-5p-diesel-2022-en-guadalajara-70286157-covo.aspx
BMW,BMW Serie 1 118d,10.990 €,2012,199.000 km,Diesel,143 cv,Alicante,2026-05-06 14:19:19,B,https://www.coches.net/bmw-serie-1-118d-2p-diesel-2012-en-alicante-70286631-covo.aspx
VOLVO,VOLVO XC60 2.0 T8 AWD Business Plus Auto,27.990 €,2020,132.456 km,Híbrido enchufable,390 cv,Madrid,2026-05-06 14:19:19,B,https://www.coches.net/volvo-xc60-20-t8-awd-business-plus-auto-5p-electrico-hibrido-2020-en-madrid-70286801-covo.aspx
MERCEDES-BENZ,MERCEDES-BENZ Clase GLC GLC 300 d 4MATIC,49.990 €,2022,49.775 km,Diesel,245 cv,Madrid,2026-05-06 14:19:19,C,https://www.coches.net/mercedes-benz-clase-glc-glc-300-d-4matic-5p-diesel-2022-en-madrid-70286812-covo.aspx
PORSCHE,PORSCHE Panamera Turbo,31.990 €,2010,104.000 km,Gasolina,500 cv,Alicante,2026-05-06 14:19:19,C,https://www.coches.net/porsche-panamera-turbo-5p-gasolina-2010-en-alicante-70287191-covo.aspx
AUDI,AUDI A3 Sportback 1.6 TDI Str Attraction Ed. esp,12.999 €,2013,188.000 km,Diesel,105 cv,Alicante,2026-05-06 14:19:19,B,https://www.coches.net/audi-a3-sportback-16-tdi-str-attraction-ed-esp-5p-diesel-2014-en-alicante-70287818-covo.aspx
AUDI,AUDI A3 Sportback Black line 35 TFSI S tro,36.400 €,2023,30.200 km,Híbrido,150 cv,Barcelona,2026-05-06 14:19:19,ECO,https://www.coches.net/audi-a3-sportback-black-line-35-tfsi-110kw-s-tro-5p-electrico-hibrido-2023-en-barcelona-70288324-covo.aspx
RENAULT,RENAULT Clio Intens Blue dCi,12.900 €,2021,94.300 km,Diesel,85 cv,Guadalajara,2026-05-06 14:19:19,C,https://www.coches.net/renault-clio-intens-blue-dci-63-kw-85cv-5p-diesel-2019-en-guadalajara-70289739-covo.aspx
FORD,FORD Focus 1.0 Ecoboost STLine X SB,21.499 €,2024,31.000 km,Gasolina,125 cv,Alicante,2026-05-06 14:19:19,C,https://www.coches.net/ford-focus-10-ecoboost-92kw-stline-x-sb-5p-gasolina-2024-en-alicante-70290365-covo.aspx
OPEL,OPEL Astra 1.4 Turbo Dynamic,13.999 €,2019,28.000 km,Gasolina,150 cv,Alicante,2026-05-06 14:19:19,C,https://www.coches.net/opel-astra-14-turbo-110kw-150cv-dynamic-5p-gasolina-2019-en-alicante-70290366-covo.aspx
LAND-ROVER,LAND-ROVER Range Rover Evoque 2.2L DW12C 2WD Pure,15.990 €,2012,88.000 km,Diesel,150 cv,Sta. C. Tenerife,2026-05-06 14:19:19,B,https://www.coches.net/land-rover-range-rover-evoque-22l-dw12c-150cv-2wd-pure-3p-diesel-2012-en-sta-c-tenerife-70290958-covo.aspx
AUDI,AUDI A5 B.Line 35 TDI S tronic Sportback,63.900 €,2024,2000 km,Híbrido,163 cv,Jaén,2026-05-06 14:19:19,ECO,https://www.coches.net/audi-a5-bline-35-tdi-120kw-s-tronic-sportback-5p-electrico-hibrido-2024-en-jaen-70291296-covo.aspx
CHEVROLET,CHEVROLET Aveo 1.2 16v LS,5.300 €,2011,73.500 km,Gasolina,84 cv,Castellón,2026-05-06 14:19:19,C,https://www.coches.net/chevrolet-aveo-12-16v-ls-5p-gasolina-2011-en-castellon-70291376-covo.aspx
MERCEDES-BENZ,MERCEDES-BENZ Clase A A 200 d,21.999 €,2017,99.500 km,Diesel,136 cv,Alicante,2026-05-06 14:19:19,C,https://www.coches.net/mercedes-benz-clase-a-a-200-d-5p-diesel-2018-en-alicante-70291931-covo.aspx
CITROEN,CITROEN C4 PureTech 130 SS 6v Plus,16.800 €,2024,28.444 km,Gasolina,131 cv,Valencia,2026-05-06 14:19:19,C,https://www.coches.net/citroen-c4-puretech-130-ss-6v-plus-5p-gasolina-2024-en-valencia-70291991-covo.aspx
AUDI,AUDI A1 Sportback Adrenalin 30 TFSI S tron,26.500 €,2025,22.010 km,Gasolina,116 cv,Jaén,2026-05-06 14:19:19,C,https://www.coches.net/audi-a1-sportback-adrenalin-30-tfsi-85kw-s-tron-5p-gasolina-2025-en-jaen-70292299-covo.aspx
MITSUBISHI,MITSUBISHI Space Star 120 MPI Kaiteki CVT,14.450 €,2023,22.182 km,Gasolina,71 cv,Madrid,2026-05-06 14:19:19,C,https://www.coches.net/mitsubishi-space-star-120-mpi-kaiteki-cvt-5p-gasolina-2023-en-madrid-70293945-covo.aspx
HYUNDAI,HYUNDAI Kona EV 65kWh Black Line,35.500 €,2026,15.000 km,Eléctrico,204 cv,Girona,2026-05-06 14:19:19,CERO,https://www.coches.net/hyundai-kona-ev-150kw-65kwh-black-line-5p-electrico-hibrido-2026-en-girona-70294338-covo.aspx
BMW,BMW X7 xDrive40d,99.000 €,2025,21.500 km,Híbrido,352 cv,Ciudad Real,2026-05-06 14:19:19,ECO,https://www.coches.net/bmw-x7-xdrive40d-5p-electrico-hibrido-2025-en-ciudad-real-70294434-covo.aspx
BMW,BMW X3 xDrive20d,33.500 €,2021,139.517 km,Híbrido,190 cv,Albacete,2026-05-06 14:19:19,ECO,https://www.coches.net/bmw-x3-xdrive20d-5p-electrico-hibrido-2021-en-albacete-70294444-covo.aspx
FORD,FORD Focus 1.6 TDCi 90 Trend,6.990 €,2009,123.463 km,Diesel,90 cv,Valencia,2026-05-06 14:19:19,B,https://www.coches.net/ford-focus-16-tdci-90-trend-5p-diesel-2009-en-valencia-70299975-covo.aspx
VOLKSWAGEN,VOLKSWAGEN T-Cross Advance 1.0 TSI,18.900 €,2023,49.000 km,Gasolina,95 cv,Cádiz,2026-05-06 14:19:19,C,https://www.coches.net/volkswagen-t-cross-advance-10-tsi-70kw-95cv-5p-gasolina-2023-en-cadiz-70302906-covo.aspx
FORD,FORD Puma Puma GenE 43kWh FWD,25.800 €,2026,50 km,Eléctrico,168 cv,Barcelona,2026-05-06 14:19:19,CERO,https://www.coches.net/km-0/ford/puma/barcelona/puma-gene-43kwh-168cv-fwd-electrico-hibrido-de-km0-70303354-kovn.aspx
PEUGEOT,PEUGEOT 206 GTI,6.990 €,2002,175.500 km,Gasolina,138 cv,Gipuzkoa,2026-05-06 14:19:19,B,https://www.coches.net/peugeot-206-gti-3p-gasolina-2002-en-guipuzcoa-70303737-covo.aspx
AUDI,AUDI A3 RS3 Sportback TFSI quattro S tron,79.900 €,2023,19.886 km,Gasolina,400 cv,Murcia,2026-05-06 14:19:19,B,https://www.coches.net/audi-a3-rs3-sportback-tfsi-294kw-quattro-s-tron-5p-gasolina-2023-en-murcia-70305297-covo.aspx
BMW,BMW Serie 2 M2 Competition,53.900 €,2019,52.000 km,Gasolina,410 cv,Murcia,2026-05-06 14:19:19,C,https://www.coches.net/bmw-serie-2-m2-competition-2p-gasolina-2020-en-murcia-70307061-covo.aspx
OPEL,OPEL Corsa 1.3 CDTi Business,8.500 €,2018,98.875 km,Diesel,75 cv,Guadalajara,2026-05-06 14:19:19,C,https://www.coches.net/opel-corsa-13-cdti-business-55kw-75cv-5p-diesel-2018-en-guadalajara-70307350-covo.aspx
PORSCHE,PORSCHE 911 Turbo,199.900 €,2022,60.990 km,Gasolina,580 cv,Guadalajara,2026-05-06 14:19:19,C,https://www.coches.net/porsche-911-turbo-2p-gasolina-2022-en-guadalajara-70307360-covo.aspx
MERCEDES-BENZ,MERCEDES-BENZ CLS CLS 450 4MATIC,45.900 €,2019,99.700 km,Híbrido,367 cv,Guadalajara,2026-05-06 14:19:19,ECO,https://www.coches.net/mercedes-benz-cls-cls-450-4matic-4p-electrico-hibrido-2019-en-guadalajara-70307373-covo.aspx
VOLKSWAGEN,VOLKSWAGEN Golf Life 2.0 TDI,25.900 €,2023,30.000 km,Diesel,115 cv,Guadalajara,2026-05-06 14:19:19,C,https://www.coches.net/volkswagen-golf-life-20-tdi-85kw-115cv-5p-diesel-2024-en-guadalajara-70307386-covo.aspx
AUDI,AUDI Q5 Design 2.0 TDI quattro S tronic,30.900 €,2018,92.318 km,Diesel,190 cv,Guadalajara,2026-05-06 14:19:19,C,https://www.coches.net/audi-q5-design-20-tdi-140kw-quattro-s-tronic-5p-diesel-2018-en-guadalajara-70307451-covo.aspx
SUZUKI,SUZUKI S-Cross 1.4T S2 4WD Mild Hybrid,20.900 €,2024,67.847 km,Híbrido,129 cv,Guadalajara,2026-05-06 14:19:19,ECO,https://www.coches.net/suzuki-s-cross-14t-s2-4wd-mild-hybrid-5p-electrico-hibrido-2022-en-guadalajara-70307472-covo.aspx
VOLKSWAGEN,VOLKSWAGEN Golf GTI Clubsport 2.0 TSI DSG,38.990 €,2023,35.169 km,Gasolina,301 cv,Madrid,2026-05-06 14:19:19,C,https://www.coches.net/volkswagen-golf-gti-clubsport-20-tsi-221kw-300cv-dsg-5p-gasolina-2023-en-madrid-70307528-covo.aspx
SEAT,SEAT Arona 1.0 TSI Style XL Edition,15.990 €,2023,70.000 km,Gasolina,110 cv,Las Palmas,2026-05-06 14:19:19,C,https://www.coches.net/seat-arona-10-tsi-81kw-110cv-style-xl-edition-5p-gasolina-2023-en-las-palmas-70307532-covo.aspx
SEAT,SEAT Arona 1.0 TSI Style XL Edition,15.990 €,2023,75.000 km,Gasolina,110 cv,Las Palmas,2026-05-06 14:19:19,C,https://www.coches.net/seat-arona-10-tsi-81kw-110cv-style-xl-edition-5p-gasolina-2023-en-las-palmas-70307534-covo.aspx
OMODA,OMODA 5 1.6 TGDI DCT,22.990 €,2023,45.000 km,Gasolina,197 cv,Las Palmas,2026-05-06 14:19:19,C,https://www.coches.net/omoda-5-16-tgdi-145kw-197cv-dct-5p-gasolina-2023-en-las-palmas-70307536-covo.aspx
RENAULT,RENAULT Mégane Business Blue dCi,14.900 €,2020,92.900 km,Diesel,115 cv,Guadalajara,2026-05-06 14:19:19,C,https://www.coches.net/renault-megane-business-blue-dci-81-kw-115cv-5p-diesel-2018-en-guadalajara-70307577-covo.aspx
PORSCHE,PORSCHE Macan Macan,59.990 €,2022,63.000 km,Gasolina,265 cv,Asturias,2026-05-06 14:19:19,C,https://www.coches.net/porsche-macan-macan-5p-gasolina-2022-en-asturias-70307854-covo.aspx
SKODA,SKODA Karoq 1.0 TSI Ambition,18.900 €,2022,97.815 km,Gasolina,110 cv,Guadalajara,2026-05-06 14:19:19,C,https://www.coches.net/skoda-karoq-10-tsi-81kw-110cv-ambition-5p-gasolina-2023-en-guadalajara-70308142-covo.aspx
BMW,BMW Serie 3 M3 Comp. Touring M xDrive,94.900 €,2024,60.000 km,Gasolina,530 cv,Murcia,2026-05-06 14:19:19,C,https://www.coches.net/bmw-serie-3-m3-comp-touring-m-xdrive-5p-gasolina-2025-en-murcia-70308164-covo.aspx
DACIA,DACIA Duster Expression Bl. dCi 85kW115CV 4X2,11.790 €,2022,154.929 km,Diesel,115 cv,Castellón,2026-05-06 14:19:19,C,https://www.coches.net/dacia-duster-expression-bl-dci-85kw115cv-4x2-5p-diesel-2022-en-castellon-70308586-covo.aspx
SEAT,SEAT Tarraco 1.5 TSI StSp Style XL,21.990 €,2022,88.541 km,Gasolina,150 cv,Castellón,2026-05-06 14:19:19,C,https://www.coches.net/seat-tarraco-15-tsi-110kw-stsp-style-xl-5p-gasolina-2023-en-castellon-70308940-covo.aspx
BMW,BMW X2 sDrive18i,26.580 €,2021,47.000 km,Gasolina,136 cv,Valencia,2026-05-06 14:19:19,C,https://www.coches.net/bmw-x2-sdrive18i-5p-gasolina-2022-en-valencia-70309855-covo.aspx
AUDI,AUDI A5 S line 40 TFSI S tronic Coupe,28.900 €,2019,114.905 km,Gasolina,190 cv,Alicante,2026-05-06 14:19:19,ECO,https://www.coches.net/audi-a5-s-line-40-tfsi-140kw-s-tronic-coupe-2p-gasolina-2019-en-alicante-70311225-covo.aspx
MITSUBISHI,MITSUBISHI Colt 100T Motion,17.500 €,2025,6899 km,Gasolina,90 cv,Jaén,2026-05-06 14:19:19,C,https://www.coches.net/mitsubishi-colt-100t-motion-5p-gasolina-2025-en-jaen-70312089-covo.aspx
MAZDA,MAZDA MX-30 eSKYACT REV MAKOTO PREM.SUNRF Mod.Conf,34.000 €,2024,100 km,Híbrido enchufable,170 cv,A Coruña,2026-05-06 14:19:19,CERO,https://www.coches.net/mazda-mx-30-eskyact-rev-makoto-premsunrf-modconf-5p-electrico-hibrido-2022-en-a-coruna-70312269-covo.aspx
VOLVO,VOLVO XC90 2.0 T8 AWD Ultra Dark Recharge Auto,79.900 €,2025,24.454 km,Híbrido enchufable,455 cv,A Coruña,2026-05-06 14:19:19,CERO,https://www.coches.net/volvo-xc90-20-t8-awd-ultra-dark-recharge-auto-5p-electrico-hibrido-2025-en-a-coruna-70312546-covo.aspx
OPEL,OPEL Crossland 1.2 Business Elegance Auto,16.999 €,2021,19.000 km,Gasolina,130 cv,Alicante,2026-05-06 14:19:19,C,https://www.coches.net/opel-crossland-12-96kw-130cv-business-elegance-auto-5p-gasolina-2021-en-alicante-70314862-covo.aspx
MERCEDES-BENZ,MERCEDES-BENZ Clase A A 250 e con tecnologia hibrida EQ,33.990 €,2025,20.000 km,Híbrido enchufable,218 cv,Sta. C. Tenerife,2026-05-06 14:19:19,B,https://www.coches.net/mercedes-benz-clase-a-a-250-e-con-tecnologia-hibrida-eq-5p-electrico-hibrido-2025-en-sta-c-tenerife-70315549-covo.aspx
OPEL,OPEL Insignia ST 1.6 CDTi Turbo D Selective,13.450 €,2019,177.699 km,Diesel,136 cv,Madrid,2026-05-06 14:19:19,C,https://www.coches.net/opel-insignia-st-16-cdti-100kw-turbo-d-selective-5p-diesel-2020-en-madrid-70315877-covo.aspx
FORD,FORD Grand C-Max 1.0 EcoBoost Business,11.950 €,2019,164.325 km,Gasolina,125 cv,Madrid,2026-05-06 14:19:19,C,https://www.coches.net/ford-grand-c-max-10-ecoboost-92kw-125cv-business-5p-gasolina-2019-en-madrid-70315880-covo.aspx
SKODA,SKODA Octavia Combi 2.0 TDI 110kW150CV DSG Ambition,17.450 €,2022,189.424 km,Diesel,150 cv,Madrid,2026-05-06 14:19:19,C,https://www.coches.net/skoda-octavia-combi-20-tdi-110kw150cv-dsg-ambition-5p-diesel-2022-en-madrid-70315881-covo.aspx
SEAT,SEAT León SP 2.0 TDI DSG Style,15.950 €,2022,193.282 km,Diesel,150 cv,Madrid,2026-05-06 14:19:19,C,https://www.coches.net/seat-leon-sp-20-tdi-110kw-dsg-style-5p-diesel-2022-en-madrid-70315882-covo.aspx
RENAULT,RENAULT Mégane Business Blue dCi,13.750 €,2023,159.796 km,Diesel,115 cv,Madrid,2026-05-06 14:19:19,C,https://www.coches.net/renault-megane-business-blue-dci-85-kw-115cv-5p-diesel-2021-en-madrid-70315883-covo.aspx
SEAT,SEAT Ibiza 1.6 TDI Style,13.750 €,2021,166.030 km,Diesel,95 cv,Madrid,2026-05-06 14:19:19,C,https://www.coches.net/seat-ibiza-16-tdi-70kw-95cv-style-5p-diesel-2021-en-madrid-70315885-covo.aspx
PEUGEOT,PEUGEOT 308 Active Pack BlueHDi 130 SS,11.450 €,2021,172.687 km,Diesel,130 cv,Madrid,2026-05-06 14:19:19,C,https://www.coches.net/peugeot-308-5p-active-pack-bluehdi-130-ss-5p-diesel-2021-en-madrid-70315886-covo.aspx
OPEL,OPEL Mokka 1.6 CDTi 4X2 SS Selective,9.450 €,2016,194.592 km,Diesel,136 cv,Madrid,2026-05-06 14:19:19,C,https://www.coches.net/opel-mokka-16-cdti-4x2-ss-selective-5p-diesel-2016-en-madrid-70315887-covo.aspx
AUDI,AUDI A4 Avant 2.0 TDI S tronic,14.590 €,2015,129.924 km,Diesel,150 cv,Madrid,2026-05-06 14:19:19,C,https://www.coches.net/audi-a4-avant-20-tdi-150cv-s-tronic-5p-diesel-2016-en-madrid-70316380-covo.aspx
FORD,FORD Kuga Titanium 1.5T EcoBoost,24.890 €,2025,28.858 km,Gasolina,150 cv,Madrid,2026-05-06 14:19:19,C,https://www.coches.net/ford-kuga-titanium-15t-ecoboost-110kw-150cv-5p-gasolina-2024-en-madrid-70316381-covo.aspx
LAND-ROVER,LAND-ROVER Range Rover Velar 2.0 D180 S 4WD Auto,24.890 €,2019,103.135 km,Diesel,180 cv,Madrid,2026-05-06 14:19:19,C,https://www.coches.net/land-rover-range-rover-velar-20-d180-132kw-180cv-s-4wd-auto-5p-diesel-2020-en-madrid-70316383-covo.aspx
HYUNDAI,HYUNDAI Kona 1.6 TGDi Style DT 4x4 Sky,16.400 €,2017,90.000 km,Gasolina,177 cv,Barcelona,2026-05-06 14:19:19,ECO,https://www.coches.net/hyundai-kona-16-tgdi-style-dt-4x4-sky-5p-gasolina-2017-en-barcelona-70316469-covo.aspx
PEUGEOT,PEUGEOT 3008 1.5 BlueHDi SS Active,14.450 €,2022,194.458 km,Diesel,130 cv,Madrid,2026-05-06 14:19:19,C,https://www.coches.net/peugeot-3008-15-bluehdi-96kw-130cv-ss-active-5p-diesel-2021-en-madrid-70316695-covo.aspx
MERCEDES-BENZ,MERCEDES-BENZ Clase A A 200 d,26.400 €,2021,90.152 km,Diesel,150 cv,Barcelona,2026-05-06 14:19:19,C,https://www.coches.net/mercedes-benz-clase-a-a-200-d-5p-diesel-2022-en-barcelona-70316838-covo.aspx
MERCEDES-BENZ,MERCEDES-BENZ CLA CLA 200 D DCT Shooting Brake,34.900 €,2024,10.678 km,Diesel,150 cv,Barcelona,2026-05-06 14:19:19,C,https://www.coches.net/mercedes-benz-cla-cla-200-d-dct-shooting-brake-5p-diesel-2024-en-barcelona-70316840-covo.aspx
MERCEDES-BENZ,MERCEDES-BENZ Clase A Sedan A 180 d,20.750 €,2021,170.596 km,Diesel,116 cv,Madrid,2026-05-06 14:19:19,C,https://www.coches.net/mercedes-benz-clase-a-sedan-a-180-d-4p-diesel-2022-en-madrid-70317008-covo.aspx
JEEP,JEEP Grand Cherokee 3.0 V6 CRD Limited Executive,14.990 €,2007,185.000 km,Diesel,218 cv,Gipuzkoa,2026-05-06 14:19:19,B,https://www.coches.net/jeep-grand-cherokee-30-v6-crd-limited-executive-5p-diesel-2007-en-guipuzcoa-70317012-covo.aspx
MERCEDES-BENZ,MERCEDES-BENZ Clase CLA CLA 200 d,22.900 €,2016,50.000 km,Diesel,136 cv,Valladolid,2026-05-06 14:19:19,C,https://www.coches.net/mercedes-benz-clase-cla-cla-200-d-4p-diesel-2016-en-valladolid-70317110-covo.aspx
SMART,SMART fortwo 60kW81CV EQ coupe,13.990 €,2021,35.000 km,Eléctrico,82 cv,Sta. C. Tenerife,2026-05-06 14:19:19,CERO,https://www.coches.net/smart-fortwo-60kw81cv-eq-coupe-3p-electrico-hibrido-2021-en-sta-c-tenerife-70317156-covo.aspx
AUDI,AUDI Q2 Sport 35 TDI S tronic,23.500 €,2020,118.000 km,Diesel,150 cv,Cuenca,2026-05-06 14:19:19,C,https://www.coches.net/audi-q2-sport-35-tdi-110kw-150cv-s-tronic-5p-diesel-2020-en-cuenca-70317421-covo.aspx
MERCEDES-BENZ,MERCEDES-BENZ Clase A A 180 d,22.900 €,2019,93.000 km,Diesel,116 cv,Cuenca,2026-05-06 14:19:19,C,https://www.coches.net/mercedes-benz-clase-a-a-180-d-5p-diesel-2020-en-cuenca-70317442-covo.aspx
MAZDA,MAZDA CX-30 eSKYACTIV G MHEV Primeline,21.500 €,2023,84.000 km,Híbrido,122 cv,Cuenca,2026-05-06 14:19:19,ECO,https://www.coches.net/mazda-cx-30-eskyactiv-g-mhev-90kw-primeline-5p-electrico-hibrido-2024-en-cuenca-70317700-covo.aspx
AUDI,AUDI A3 2.0 TDI clean d. S line edition,12.950 €,2015,196.074 km,Diesel,150 cv,Madrid,2026-05-06 14:19:19,B,https://www.coches.net/audi-a3-20-tdi-150cv-clean-d-s-line-edition-3p-diesel-2015-en-madrid-70317842-covo.aspx
VOLKSWAGEN,VOLKSWAGEN Golf Last Edition 1.6 TDI,12.950 €,2020,231.408 km,Diesel,115 cv,Madrid,2026-05-06 14:19:19,C,https://www.coches.net/volkswagen-golf-last-edition-16-tdi-85kw-115cv-5p-diesel-2020-en-madrid-70317876-covo.aspx
VOLKSWAGEN,VOLKSWAGEN T-Roc Advance 1.0 TSI,18.900 €,2021,80.000 km,Gasolina,110 cv,Cuenca,2026-05-06 14:19:19,C,https://www.coches.net/volkswagen-t-roc-advance-10-tsi-81kw-110cv-5p-gasolina-2022-en-cuenca-70317895-covo.aspx
MERCEDES-BENZ,MERCEDES-BENZ Clase E E 250 BlueTEC 4MATIC Avantgarde Estate,15.999 €,2014,207.000 km,Diesel,204 cv,Alicante,2026-05-06 14:19:19,B,https://www.coches.net/mercedes-benz-clase-e-e-250-bluetec-4matic-avantgarde-estate-5p-diesel-2015-en-alicante-70318073-covo.aspx
CITROEN,CITROEN C4 Picasso 1.6 HDi Seduction,7.499 €,2013,163.000 km,Diesel,112 cv,Alicante,2026-05-06 14:19:19,B,https://www.coches.net/citroen-c4-picasso-16-hdi-110cv-seduction-5p-diesel-2012-en-alicante-70318074-covo.aspx
MERCEDES-BENZ,MERCEDES-BENZ Clase A A 250 e con tecnologia hibrida EQ,33.990 €,2025,19.000 km,Híbrido enchufable,218 cv,Sta. C. Tenerife,2026-05-06 14:19:19,B,https://www.coches.net/mercedes-benz-clase-a-a-250-e-con-tecnologia-hibrida-eq-5p-electrico-hibrido-2025-en-sta-c-tenerife-70318710-covo.aspx
SEAT,SEAT Arona 1.0 TSI Style Edition Eco,12.800 €,2019,118.164 km,Gasolina,95 cv,Valencia,2026-05-06 14:19:19,C,https://www.coches.net/seat-arona-10-tsi-70kw-95cv-style-edition-eco-5p-gasolina-2020-en-valencia-70319526-covo.aspx
TOYOTA,TOYOTA Corolla 1.8 125H STYLE ECVT,19.890 €,2022,104.000 km,Híbrido,122 cv,Madrid,2026-05-06 14:19:19,ECO,https://www.coches.net/toyota-corolla-18-125h-style-ecvt-5p-electrico-hibrido-2022-en-madrid-70321753-covo.aspx
TOYOTA,TOYOTA Corolla 140H Active Plus Touring Sport,27.490 €,2025,8000 km,Híbrido,140 cv,Madrid,2026-05-06 14:19:19,ECO,https://www.coches.net/toyota-corolla-140h-active-plus-touring-sport-5p-electrico-hibrido-2025-en-madrid-70321754-covo.aspx
DACIA,DACIA Spring Essential Electric,9.900 €,2022,38.798 km,Eléctrico,45 cv,Valladolid,2026-05-06 14:19:19,CERO,https://www.coches.net/dacia-spring-essential-electric-33kw-45cv-5p-electrico-hibrido-2022-en-valladolid-70322246-covo.aspx
LEXUS,LEXUS NX 350h Business 2WD,39.900 €,2022,94.190 km,Híbrido,242 cv,Valladolid,2026-05-06 14:19:19,ECO,https://www.coches.net/lexus-nx-350h-business-2wd-5p-electrico-hibrido-2022-en-valladolid-70322249-covo.aspx
BMW,BMW Serie 1 120,33.900 €,2025,15.231 km,Híbrido,170 cv,Sta. C. Tenerife,2026-05-06 14:19:19,ECO,https://www.coches.net/bmw-serie-1-120-5p-electrico-hibrido-2025-en-sta-c-tenerife-70322401-covo.aspx
BMW,BMW Serie 1 120d,32.900 €,2025,15.984 km,Híbrido,163 cv,Toledo,2026-05-06 14:19:19,ECO,https://www.coches.net/bmw-serie-1-120d-5p-electrico-hibrido-2025-en-toledo-70323138-covo.aspx
CITROEN,CITROEN Grand C4 Spacetourer PureTech SS 6v Live,12.250 €,2019,101.708 km,Gasolina,130 cv,Madrid,2026-05-06 14:19:19,C,https://www.coches.net/citroen-grand-c4-spacetourer-puretech-96kw-130cv-ss-6v-live-5p-gasolina-2018-en-madrid-70324191-covo.aspx
MASERATI,MASERATI Grecale Modena L4 MHEV AWD,62.000 €,2023,67.000 km,Gasolina,330 cv,Valencia,2026-05-06 14:19:19,ECO,https://www.coches.net/maserati-grecale-modena-l4-mhev-330cv-awd-5p-gasolina-2023-en-valencia-70324527-covo.aspx
CITROEN,CITROEN C3 PureTech Shine,11.990 €,2023,36.000 km,Gasolina,83 cv,Alicante,2026-05-06 14:19:19,C,https://www.coches.net/citroen-c3-puretech-60kw-83cv-shine-5p-gasolina-2023-en-alicante-70324882-covo.aspx
VOLVO,VOLVO V60 2.0 B4 D Plus Dark Auto,36.900 €,2024,23.000 km,Híbrido,197 cv,Madrid,2026-05-06 14:19:19,ECO,https://www.coches.net/volvo-v60-20-b4-d-plus-dark-auto-5p-electrico-hibrido-2024-en-madrid-70325180-covo.aspx
FIAT,FIAT Panda City Cross 1.0 Gse,10.985 €,2023,70.000 km,Híbrido,70 cv,Sta. C. Tenerife,2026-05-06 14:19:19,ECO,https://www.coches.net/fiat-panda-city-cross-10-gse-51kw-70cv-5p-electrico-hibrido-2022-en-sta-c-tenerife-70325980-covo.aspx
FIAT,FIAT 500C Dolcevita 1.0 Hybrid 70 CV,11.990 €,2023,73.000 km,Híbrido,70 cv,Las Palmas,2026-05-06 14:19:19,ECO,https://www.coches.net/fiat-500c-dolcevita-10-hybrid-51kw-70-cv-2p-electrico-hibrido-2022-en-las-palmas-70326012-covo.aspx
TOYOTA,TOYOTA Proace Verso Family L1 2.2D 8AT Advance,44.890 €,2025,21 km,Diesel,180 cv,Madrid,2026-05-06 14:19:19,C,https://www.coches.net/toyota-proace-verso-family-l1-22d-180cv-8at-advance-8p-5p-diesel-2026-en-madrid-70326026-covo.aspx
TOYOTA,TOYOTA C-HR 1.8 140H Advance,30.890 €,2024,8837 km,Híbrido,140 cv,Madrid,2026-05-06 14:19:19,ECO,https://www.coches.net/toyota-c-hr-18-140h-advance-5p-electrico-hibrido-2024-en-madrid-70326031-covo.aspx
BMW,BMW Serie 4 420i Cabrio,36.390 €,2022,58.000 km,Gasolina,184 cv,Málaga,2026-05-06 14:19:19,C,https://www.coches.net/bmw-serie-4-420i-cabrio-2p-gasolina-2022-en-malaga-70326400-covo.aspx
LAND-ROVER,LAND-ROVER Discovery Sport 2.0D TD4 163PS AWD Aut MHEV RDynamic S,29.590 €,2023,103.884 km,Híbrido,163 cv,Madrid,2026-05-06 14:19:19,ECO,https://www.coches.net/land-rover-discovery-sport-20d-td4-163ps-awd-aut-mhev-rdynamic-s-5p-electrico-hibrido-2023-en-madrid-70326782-covo.aspx
SEAT,SEAT León 1.5 TSI SS FR XS,23.490 €,2023,20.858 km,Gasolina,130 cv,Madrid,2026-05-06 14:19:19,C,https://www.coches.net/seat-leon-15-tsi-96kw-ss-fr-xs-5p-gasolina-2024-en-madrid-70326783-covo.aspx
BMW,BMW X5 xDrive40e iPerformance,30.490 €,2018,141.175 km,Híbrido enchufable,313 cv,Madrid,2026-05-06 14:19:19,ECO,https://www.coches.net/bmw-x5-xdrive40e-iperformance-5p-electrico-hibrido-2018-en-madrid-70326792-covo.aspx
VOLVO,VOLVO V60 2.0 D4 Momentum Auto,14.490 €,2016,124.448 km,Diesel,190 cv,Madrid,2026-05-06 14:19:19,C,https://www.coches.net/volvo-v60-20-d4-momentum-auto-5p-diesel-2017-en-madrid-70326795-covo.aspx
TOYOTA,TOYOTA Aygo X Cross 1.0 VVTI Play,14.590 €,2023,33.733 km,Gasolina,72 cv,Madrid,2026-05-06 14:19:19,C,https://www.coches.net/toyota-aygo-x-cross-10-vvti-72cv-play-5p-gasolina-2023-en-madrid-70326796-covo.aspx
AUDI,AUDI A3 Sportback Advanced 30 TFSI S tronic,26.990 €,2024,16.458 km,Híbrido,110 cv,Madrid,2026-05-06 14:19:19,ECO,https://www.coches.net/audi-a3-sportback-advanced-30-tfsi-81kw-s-tronic-5p-electrico-hibrido-2024-en-madrid-70326799-covo.aspx
VOLKSWAGEN,VOLKSWAGEN T-Roc RLine 1.5 TSI,23.990 €,2022,83.017 km,Gasolina,150 cv,Madrid,2026-05-06 14:19:19,C,https://www.coches.net/volkswagen-t-roc-rline-15-tsi-110kw-150cv-5p-gasolina-2023-en-madrid-70326803-covo.aspx
MERCEDES-BENZ,MERCEDES-BENZ GLE GLE 350 e 4MATIC Hibrido Enchufable,46.890 €,2021,95.918 km,Híbrido enchufable,333 cv,Madrid,2026-05-06 14:19:19,CERO,https://www.coches.net/mercedes-benz-gle-gle-350-e-4matic-hibrido-enchufable-5p-electrico-hibrido-2020-en-madrid-70326804-covo.aspx
VOLVO,VOLVO XC60 2.0 T6 AWD Recharge Core Auto,33.400 €,2022,96.310 km,Híbrido enchufable,350 cv,Madrid,2026-05-06 14:19:19,CERO,https://www.coches.net/volvo-xc60-20-t6-awd-recharge-core-auto-5p-electrico-hibrido-2024-en-madrid-70326809-covo.aspx
PORSCHE,PORSCHE Macan Macan,49.590 €,2021,105.750 km,Gasolina,265 cv,Madrid,2026-05-06 14:19:19,C,https://www.coches.net/porsche-macan-macan-5p-gasolina-2022-en-madrid-70326812-covo.aspx
AUDI,AUDI Q3 Advanced 35 TDI S tronic,27.990 €,2023,68.540 km,Diesel,150 cv,Madrid,2026-05-06 14:19:19,C,https://www.coches.net/audi-q3-advanced-35-tdi-110kw-150cv-s-tronic-5p-diesel-2024-en-madrid-70326814-covo.aspx
SEAT,SEAT Ateca 1.5 TSI FR Special Edition,27.990 €,2024,22.696 km,Gasolina,150 cv,Madrid,2026-05-06 14:19:19,C,https://www.coches.net/seat-ateca-15-tsi-110kw-150cv-fr-special-edition-5p-gasolina-2024-en-madrid-70326816-covo.aspx
AUDI,AUDI Q3 Advanced 35 TDI S tronic,29.890 €,2023,43.309 km,Diesel,150 cv,Madrid,2026-05-06 14:19:19,C,https://www.coches.net/audi-q3-advanced-35-tdi-110kw-150cv-s-tronic-5p-diesel-2024-en-madrid-70326818-covo.aspx
BMW,BMW Serie 3 318d Touring,13.890 €,2015,141.668 km,Diesel,143 cv,Madrid,2026-05-06 14:19:19,B,https://www.coches.net/bmw-serie-3-318d-touring-5p-diesel-2015-en-madrid-70326825-covo.aspx
VOLKSWAGEN,VOLKSWAGEN Tiguan Life 1.5 eTSI DSG,38.890 €,2024,14.036 km,Híbrido,150 cv,Madrid,2026-05-06 14:19:19,ECO,https://www.coches.net/volkswagen-tiguan-life-15-etsi-110kw-150cv-dsg-5p-electrico-hibrido-2024-en-madrid-70326827-covo.aspx
FORD,FORD Focus 1.0 Ecoboost MHEV STLine Auto,19.290 €,2023,69.862 km,Híbrido,125 cv,Madrid,2026-05-06 14:19:19,ECO,https://www.coches.net/ford-focus-10-ecoboost-mhev-92kw-stline-auto-5p-electrico-hibrido-2023-en-madrid-70326828-covo.aspx
AUDI,AUDI Q2 Sport 30 TDI S tronic,17.490 €,2018,150.295 km,Diesel,116 cv,Madrid,2026-05-06 14:19:19,B,https://www.coches.net/audi-q2-sport-30-tdi-85kw-116cv-s-tronic-5p-diesel-2019-en-madrid-70326829-covo.aspx
VOLKSWAGEN,VOLKSWAGEN Taigo RLine 1.0 TSI DSG,20.990 €,2022,85.383 km,Gasolina,110 cv,Madrid,2026-05-06 14:19:19,C,https://www.coches.net/volkswagen-taigo-rline-10-tsi-81kw-110cv-dsg-5p-gasolina-2022-en-madrid-70326832-covo.aspx
VOLKSWAGEN,VOLKSWAGEN Tiguan Life 1.5 TSI,25.890 €,2022,65.700 km,Gasolina,150 cv,Madrid,2026-05-06 14:19:19,C,https://www.coches.net/volkswagen-tiguan-life-15-tsi-110kw-150cv-5p-gasolina-2023-en-madrid-70326833-covo.aspx
MAZDA,MAZDA Mazda6 2.0 SKYACTIVEG Zenith WGN,24.890 €,2023,73.558 km,Gasolina,145 cv,Madrid,2026-05-06 14:19:19,C,https://www.coches.net/mazda-mazda6-20-skyactiveg-107kw-zenith-wgn-5p-gasolina-2021-en-madrid-70326838-covo.aspx
MERCEDES-BENZ,MERCEDES-BENZ Clase A A 180 d,18.790 €,2018,111.005 km,Diesel,109 cv,Madrid,2026-05-06 14:19:19,C,https://www.coches.net/mercedes-benz-clase-a-a-180-d-5p-diesel-2018-en-madrid-70326839-covo.aspx
TOYOTA,TOYOTA Corolla 2.0 180H ADVANCE ECVT,23.750 €,2021,91.203 km,Híbrido,180 cv,Madrid,2026-05-06 14:19:19,ECO,https://www.coches.net/toyota-corolla-20-180h-advance-ecvt-5p-electrico-hibrido-2021-en-madrid-70326841-covo.aspx
DACIA,DACIA Duster Journey TCE 48v 4X2,24.340 €,2025,6832 km,Híbrido,130 cv,Madrid,2026-05-06 14:19:19,ECO,https://www.coches.net/dacia-duster-journey-tce-96kw-48v-130cv-4x2-5p-electrico-hibrido-2024-en-madrid-70326844-covo.aspx
BMW,BMW Serie 3 330e xDrive Touring,39.840 €,2023,60.720 km,Híbrido enchufable,292 cv,Madrid,2026-05-06 14:19:19,CERO,https://www.coches.net/bmw-serie-3-330e-xdrive-touring-5p-electrico-hibrido-2023-en-madrid-70326853-covo.aspx
MERCEDES-BENZ,MERCEDES-BENZ Clase C MercedesAMG c 43 4MATIC,40.840 €,2017,52.544 km,Gasolina,367 cv,Madrid,2026-05-06 14:19:19,C,https://www.coches.net/mercedes-benz-clase-c-mercedesamg-c-43-4matic-4p-gasolina-2017-en-madrid-70326855-covo.aspx
SEAT,SEAT Mii Mii Electric Plus,12.590 €,2020,38.793 km,Eléctrico,83 cv,Madrid,2026-05-06 14:19:19,CERO,https://www.coches.net/seat-mii-mii-electric-plus-61kw-83cv-5p-electrico-hibrido-2020-en-madrid-70326856-covo.aspx
MERCEDES-BENZ,MERCEDES-BENZ GLC GLC 300 de 4MATIC,38.450 €,2022,51.897 km,Híbrido enchufable,333 cv,Madrid,2026-05-06 14:19:19,CERO,https://www.coches.net/mercedes-benz-glc-glc-300-de-4matic-5p-electrico-hibrido-2023-en-madrid-70326869-covo.aspx
MAZDA,MAZDA CX-5 2.2 DE Evolution AT,29.490 €,2022,74.684 km,Diesel,184 cv,Madrid,2026-05-06 14:19:19,C,https://www.coches.net/mazda-cx-5-22-de-135kw-184cv-evolution-at-5p-diesel-2022-en-madrid-70326878-covo.aspx
MERCEDES-BENZ,MERCEDES-BENZ GLE Coupé MercedesAMG GLE 53 4MATIC,81.610 €,2021,73.561 km,Híbrido,435 cv,Madrid,2026-05-06 14:19:19,ECO,https://www.coches.net/mercedes-benz-gle-coupe-mercedesamg-gle-53-4matic-5p-electrico-hibrido-2022-en-madrid-70326889-covo.aspx
BMW,BMW Serie 5 520dA Touring,16.610 €,2014,150.503 km,Diesel,190 cv,Madrid,2026-05-06 14:19:19,C,https://www.coches.net/bmw-serie-5-520da-touring-5p-diesel-2015-en-madrid-70326895-covo.aspx
MERCEDES-BENZ,MERCEDES-BENZ Clase C C 200 d,23.890 €,2018,58.816 km,Diesel,136 cv,Madrid,2026-05-06 14:19:19,C,https://www.coches.net/mercedes-benz-clase-c-c-200-d-4p-diesel-2018-en-madrid-70326900-covo.aspx
CUPRA,CUPRA Formentor 1.4 eHybrid 245 CV VZ DSG,29.490 €,2023,75.467 km,Híbrido enchufable,245 cv,Madrid,2026-05-06 14:19:19,CERO,https://www.coches.net/cupra-formentor-14-ehybrid-180kw-245-cv-vz-dsg-5p-electrico-hibrido-2023-en-madrid-70326913-covo.aspx
DACIA,DACIA Duster Journey Go TCE 96kW130CV 4X2,24.750 €,2025,8307 km,Gasolina,130 cv,Madrid,2026-05-06 14:19:19,ECO,https://www.coches.net/dacia-duster-journey-go-tce-96kw130cv-4x2-5p-gasolina-2023-en-madrid-70326916-covo.aspx
VOLKSWAGEN,VOLKSWAGEN Golf eGolf ePower,13.990 €,2020,70.994 km,Eléctrico,136 cv,Madrid,2026-05-06 14:19:19,CERO,https://www.coches.net/volkswagen-golf-egolf-epower-100-kw-136cv-5p-electrico-hibrido-2020-en-madrid-70326933-covo.aspx
MERCEDES-BENZ,MERCEDES-BENZ EQS EQS 580 4MATIC,75.990 €,2023,11.736 km,Eléctrico,544 cv,Madrid,2026-05-06 14:19:19,CERO,https://www.coches.net/mercedes-benz-eqs-eqs-580-4matic-5p-electrico-hibrido-2024-en-madrid-70326934-covo.aspx
BMW,BMW i3 94ah,15.790 €,2018,38.276 km,Eléctrico,170 cv,Madrid,2026-05-06 14:19:19,CERO,https://www.coches.net/bmw-i3-94ah-5p-electrico-hibrido-2019-en-madrid-70326938-covo.aspx
MERCEDES-BENZ,MERCEDES-BENZ Clase C C 200,31.590 €,2022,115.397 km,Híbrido,204 cv,Madrid,2026-05-06 14:19:19,ECO,https://www.coches.net/mercedes-benz-clase-c-c-200-4p-electrico-hibrido-2021-en-madrid-70326940-covo.aspx
MERCEDES-BENZ,MERCEDES-BENZ GLB 2.0 GLB 220 D 4MATIC DCT,33.790 €,2021,80.960 km,Diesel,190 cv,Madrid,2026-05-06 14:19:19,C,https://www.coches.net/mercedes-benz-glb-20-glb-220-d-4matic-dct-140kw-190cv-5p-diesel-2021-en-madrid-70326941-covo.aspx
BMW,BMW Serie 5 528i,18.490 €,2012,123.904 km,Gasolina,245 cv,Madrid,2026-05-06 14:19:19,C,https://www.coches.net/bmw-serie-5-528i-4p-gasolina-2013-en-madrid-70326943-covo.aspx
AUDI,AUDI Q5 35 TDI S tronic,33.900 €,2021,71.879 km,Híbrido,163 cv,Madrid,2026-05-06 14:19:19,ECO,https://www.coches.net/audi-q5-35-tdi-120kw-163cv-s-tronic-5p-electrico-hibrido-2021-en-madrid-70326947-covo.aspx
MERCEDES-BENZ,MERCEDES-BENZ Clase E E 300 de,28.950 €,2019,136.274 km,Híbrido enchufable,306 cv,Madrid,2026-05-06 14:19:19,CERO,https://www.coches.net/mercedes-benz-clase-e-e-300-de-4p-electrico-hibrido-2019-en-madrid-70326948-covo.aspx
PEUGEOT,PEUGEOT 2008 Allure Pack BlueHDI 130 SS EAT8,19.990 €,2023,44.009 km,Diesel,130 cv,Sta. C. Tenerife,2026-05-06 14:19:19,C,https://www.coches.net/peugeot-2008-allure-pack-bluehdi-130-ss-eat8-5p-diesel-2023-en-sta-c-tenerife-70327297-covo.aspx
HYUNDAI,HYUNDAI Bayon 1.0 TGDI 48V Tecno,16.990 €,2021,57.127 km,Híbrido,100 cv,Valencia,2026-05-06 14:19:19,ECO,https://www.coches.net/hyundai-bayon-10-tgdi-74kw-100cv-48v-tecno-5p-electrico-hibrido-2021-en-valencia-70327787-covo.aspx
AUDI,AUDI Q5 2.0 TFSI quattro,12.900 €,2011,169.700 km,Gasolina,180 cv,Alicante,2026-05-06 14:19:19,C,https://www.coches.net/audi-q5-20-tfsi-180cv-quattro-5p-gasolina-2012-en-alicante-70328532-covo.aspx
HYUNDAI,HYUNDAI Tucson 1.6 TGDI 48V Maxx,21.790 €,2021,99.000 km,Híbrido,150 cv,Valencia,2026-05-06 14:19:19,ECO,https://www.coches.net/hyundai-tucson-16-tgdi-110kw-150cv-48v-maxx-5p-electrico-hibrido-2021-en-valencia-70328912-covo.aspx
ALFA,ALFA ROMEO Tonale 1.5 MHEV GASOLINA 130 CV SPRINT FWD,22.990 €,2023,7968 km,Híbrido,130 cv,Madrid,2026-05-06 14:19:19,ECO,https://www.coches.net/alfa-romeo-tonale-15-mhev-gasolina-130-cv-sprint-fwd-5p-electrico-hibrido-2022-en-madrid-70329399-covo.aspx
TOYOTA,TOYOTA Auris 1.8 140H Hybrid Active,15.990 €,2017,75.000 km,Híbrido,136 cv,Barcelona,2026-05-06 14:19:19,ECO,https://www.coches.net/toyota-auris-18-140h-hybrid-active-5p-electrico-hibrido-2017-en-barcelona-70329416-covo.aspx
VOLKSWAGEN,VOLKSWAGEN Golf Style 2.0 TDI DSG,23.990 €,2021,119.765 km,Diesel,150 cv,Barcelona,2026-05-06 14:19:19,C,https://www.coches.net/volkswagen-golf-style-20-tdi-110kw-150cv-dsg-5p-diesel-2022-en-barcelona-70329800-covo.aspx
OPEL,OPEL Astra 1.4 Turbo Dynamic,11.990 €,2018,60.000 km,Gasolina,125 cv,Barcelona,2026-05-06 14:19:19,C,https://www.coches.net/opel-astra-14-turbo-92kw-125cv-dynamic-5p-gasolina-2019-en-barcelona-70330747-covo.aspx
MERCEDES-BENZ,MERCEDES-BENZ GLA GLA 200,43.900 €,2026,3000 km,Híbrido,163 cv,Gipuzkoa,2026-05-06 14:19:19,ECO,https://www.coches.net/km-0/mercedes-benz/gla/guipuzcoa/gla-200-electrico-hibrido-de-km0-70331002-kovn.aspx
VOLKSWAGEN,VOLKSWAGEN Touran 1.2 TSI Edition,10.990 €,2014,140.000 km,Gasolina,105 cv,Barcelona,2026-05-06 14:19:19,C,https://www.coches.net/volkswagen-touran-12-tsi-105cv-edition-5p-gasolina-2014-en-barcelona-70334375-covo.aspx
BMW,BMW X3 xDrive20i,17.990 €,2014,98.000 km,Gasolina,184 cv,Alicante,2026-05-06 14:19:19,C,https://www.coches.net/bmw-x3-xdrive20i-5p-gasolina-2016-en-alicante-70334705-covo.aspx
AUDI,AUDI A3 RS3 Sportback TFSI quattro S tron,57.999 €,2022,64.000 km,Gasolina,400 cv,Alicante,2026-05-06 14:19:19,C,https://www.coches.net/audi-a3-rs3-sportback-tfsi-294kw-quattro-s-tron-5p-gasolina-2022-en-alicante-70334986-covo.aspx
PEUGEOT,PEUGEOT 5008 Hybrid 1.2 Allure eDCS6,29.850 €,2025,10.956 km,Híbrido,145 cv,Valencia,2026-05-06 14:19:19,ECO,https://www.coches.net/peugeot-5008-hybrid-12-107kw-allure-edcs6-5p-electrico-hibrido-2025-en-valencia-70335050-covo.aspx
PEUGEOT,PEUGEOT 3008 Hybrid 1.2 Allure eDCS6,27.850 €,2025,11.534 km,Híbrido,145 cv,Valencia,2026-05-06 14:19:19,ECO,https://www.coches.net/peugeot-3008-hybrid-12-107kw-allure-edcs6-5p-electrico-hibrido-2025-en-valencia-70335052-covo.aspx
BMW,BMW Serie 4 M4 A,54.999 €,2018,99.000 km,Gasolina,431 cv,Alicante,2026-05-06 14:19:19,C,https://www.coches.net/bmw-serie-4-m4-a-2p-gasolina-2018-en-alicante-70335587-covo.aspx
AUDI,AUDI A1 Sportback S line 25 TFSI,18.490 €,2020,67.635 km,Gasolina,95 cv,Madrid,2026-05-06 14:19:19,C,https://www.coches.net/audi-a1-sportback-s-line-25-tfsi-70kw-95cv-5p-gasolina-2020-en-madrid-70338816-covo.aspx
BMW,BMW Serie 4 420i,36.900 €,2022,93.470 km,Gasolina,184 cv,Sta. C. Tenerife,2026-05-06 14:19:19,C,https://www.coches.net/bmw-serie-4-420i-2p-gasolina-2022-en-sta-c-tenerife-70338836-covo.aspx
VOLKSWAGEN,VOLKSWAGEN T-Roc Sport 2.0 TDI DSG,15.490 €,2020,199.000 km,Diesel,150 cv,Madrid,2026-05-06 14:19:19,C,https://www.coches.net/volkswagen-t-roc-sport-20-tdi-110kw-150cv-dsg-5p-diesel-2021-en-madrid-70344747-covo.aspx
VOLKSWAGEN,VOLKSWAGEN Touareg 2.5 R5 TDI,7.499 €,2008,232.000 km,Diesel,174 cv,Sevilla,2026-05-06 14:19:19,B,https://www.coches.net/volkswagen-touareg-25-r5-tdi-5p-diesel-2009-en-sevilla-70344896-covo.aspx
MERCEDES-BENZ,MERCEDES-BENZ Clase CLS CLS 350 CGI,7.490 €,2007,312.000 km,Gasolina,292 cv,Sevilla,2026-05-06 14:19:19,B,https://www.coches.net/mercedes-benz-clase-cls-cls-350-cgi-4p-gasolina-2007-en-sevilla-70344935-covo.aspx
MERCEDES-BENZ,MERCEDES-BENZ Clase GLE Coupé GLE 350 d 4MATIC,30.999 €,2016,288.000 km,Diesel,258 cv,Sevilla,2026-05-06 14:19:19,B,https://www.coches.net/mercedes-benz-clase-gle-coupe-gle-350-d-4matic-5p-diesel-2015-en-sevilla-70344943-covo.aspx
RENAULT,RENAULT Scénic LIMITED Energy dCi 110 Euro 6,4.450 €,2015,292.000 km,Diesel,110 cv,Sevilla,2026-05-06 14:19:19,B,https://www.coches.net/renault-scenic-limited-energy-dci-110-euro-6-5p-diesel-2015-en-sevilla-70344949-covo.aspx
AUDI,AUDI A4 Avant 2.0 TDI S line edition,11.900 €,2014,263.000 km,Diesel,150 cv,Asturias,2026-05-06 14:19:19,B,https://www.coches.net/audi-a4-avant-20-tdi-150cv-s-line-edition-5p-diesel-2015-en-asturias-70345373-covo.aspx
MERCEDES-BENZ,MERCEDES-BENZ Clase A A 180,23.900 €,2020,74.500 km,Gasolina,136 cv,Asturias,2026-05-06 14:19:19,C,https://www.coches.net/mercedes-benz-clase-a-a-180-5p-gasolina-2020-en-asturias-70345473-covo.aspx
TOYOTA,TOYOTA Aygo X Cross 1.0 VVTI Play,14.990 €,2025,11.510 km,Gasolina,72 cv,Sta. C. Tenerife,2026-05-06 14:19:19,C,https://www.coches.net/toyota-aygo-x-cross-10-vvti-72cv-play-5p-gasolina-2023-en-sta-c-tenerife-70348355-covo.aspx
AUDI,AUDI A5 35 TFSI S tronic Sportback,21.250 €,2019,158.500 km,Gasolina,150 cv,Málaga,2026-05-06 14:19:19,ECO,https://www.coches.net/audi-a5-35-tfsi-110kw-150cv-s-tronic-sportback-5p-gasolina-2019-en-malaga-70348492-covo.aspx
BMW,BMW Serie 2 220i,20.990 €,2017,122.000 km,Gasolina,184 cv,Málaga,2026-05-06 14:19:19,C,https://www.coches.net/bmw-serie-2-220i-2p-gasolina-2017-en-malaga-70348493-covo.aspx
BMW,BMW X2 sDrive16d,17.990 €,2019,130.000 km,Diesel,116 cv,Málaga,2026-05-06 14:19:19,C,https://www.coches.net/bmw-x2-sdrive16d-5p-diesel-2019-en-malaga-70349566-covo.aspx
LAMBORGHINI,LAMBORGHINI Urus 4.0 V8 PHEV SE,359.990 €,2026,300 km,Híbrido enchufable,800 cv,Málaga,2026-05-06 14:19:19,ECO,https://www.coches.net/lamborghini-urus-40-v8-phev-se-5p-electrico-hibrido-2026-en-malaga-70349576-covo.aspx
HYUNDAI,HYUNDAI Tucson 1.6 TGDI Klass,18.990 €,2023,103.630 km,Gasolina,150 cv,Castellón,2026-05-06 14:19:19,C,https://www.coches.net/hyundai-tucson-16-tgdi-110kw-150cv-klass-5p-gasolina-2023-en-castellon-70349597-covo.aspx
TOYOTA,TOYOTA Rav4 2.5l hybrid 2WD Advance Pack Drive,21.490 €,2018,106.418 km,Híbrido,197 cv,Castellón,2026-05-06 14:19:19,ECO,https://www.coches.net/toyota-rav4-25l-hybrid-2wd-advance-pack-drive-5p-electrico-hibrido-2019-en-castellon-70350019-covo.aspx
FIAT,FIAT Panda City Life Hybrid 1.0 Gse,9.990 €,2022,98.000 km,Híbrido,70 cv,Las Palmas,2026-05-06 14:19:19,ECO,https://www.coches.net/fiat-panda-city-life-hybrid-10-gse-51kw-70cv-5p-electrico-hibrido-2021-en-las-palmas-70351038-covo.aspx
RENAULT,RENAULT Mégane Equilibre TCe GPF,15.990 €,2023,31.000 km,Gasolina,140 cv,Sta. C. Tenerife,2026-05-06 14:19:19,B,https://www.coches.net/renault-megane-equilibre-tce-103-kw-140cv-gpf-5p-gasolina-2022-en-sta-c-tenerife-70351406-covo.aspx
OPEL,OPEL Corsa 1.2T XHL GSLine,10.490 €,2021,105.860 km,Gasolina,100 cv,Sevilla,2026-05-06 14:19:19,C,https://www.coches.net/opel-corsa-12t-xhl-74kw-100cv-gsline-5p-gasolina-2021-en-sevilla-70352006-covo.aspx
MERCEDES-BENZ,MERCEDES-BENZ Clase A A 180 d,20.990 €,2020,154.634 km,Diesel,116 cv,Sevilla,2026-05-06 14:19:19,C,https://www.coches.net/mercedes-benz-clase-a-a-180-d-5p-diesel-2020-en-sevilla-70352015-covo.aspx
AUDI,AUDI A5 50 TDI quattro tiptron Sportback,29.990 €,2021,199.900 km,Híbrido,286 cv,Sevilla,2026-05-06 14:19:19,ECO,https://www.coches.net/audi-a5-50-tdi-210kw-quattro-tiptron-sportback-5p-electrico-hibrido-2021-en-sevilla-70352016-covo.aspx
LAND-ROVER,LAND-ROVER Range Rover Velar 2.0 D180 4WD Auto,25.980 €,2020,75.993 km,Diesel,180 cv,Sevilla,2026-05-06 14:19:19,C,https://www.coches.net/land-rover-range-rover-velar-20-d180-132kw-180cv-4wd-auto-5p-diesel-2020-en-sevilla-70352017-covo.aspx
VOLKSWAGEN,VOLKSWAGEN T-Roc Life 2.0 TDI,25.900 €,2023,37.000 km,Diesel,115 cv,Cádiz,2026-05-06 14:19:19,B,https://www.coches.net/volkswagen-t-roc-life-20-tdi-85kw-115cv-5p-diesel-2024-en-cadiz-70352107-covo.aspx
MERCEDES-BENZ,MERCEDES-BENZ Clase C C 200 d,24.999 €,2022,249.241 km,Híbrido,163 cv,Sevilla,2026-05-06 14:19:19,ECO,https://www.coches.net/mercedes-benz-clase-c-c-200-d-4p-electrico-hibrido-2023-en-sevilla-70353259-covo.aspx
LAND-ROVER,LAND-ROVER Range Rover Sport 3.0 SDV6 HSE,29.900 €,2016,125.000 km,Diesel,306 cv,Madrid,2026-05-06 14:19:19,B,https://www.coches.net/land-rover-range-rover-sport-30-sdv6-225kw-306cv-hse-5p-diesel-2017-en-madrid-70354027-covo.aspx
VOLVO,VOLVO XC60 2.0 B4 D Momentum Pro Auto,31.900 €,2021,94.485 km,Híbrido,197 cv,A Coruña,2026-05-06 14:19:19,ECO,https://www.coches.net/volvo-xc60-20-b4-d-momentum-pro-auto-5p-electrico-hibrido-2022-en-a-coruna-70354174-covo.aspx
VOLVO,VOLVO XC40 1.5 T5 Twin Recharge Inscription Auto,30.900 €,2021,58.371 km,Híbrido enchufable,262 cv,Valladolid,2026-05-06 14:19:19,CERO,https://www.coches.net/volvo-xc40-15-t5-twin-recharge-inscription-auto-5p-electrico-hibrido-2022-en-valladolid-70354293-covo.aspx
MAZDA,MAZDA CX-30 eSKYACTIVG 2.0 2WD Evolution,20.900 €,2021,68.073 km,Híbrido,122 cv,Valencia,2026-05-06 14:19:19,B,https://www.coches.net/mazda-cx-30-eskyactivg-20-90-kw-2wd-evolution-5p-electrico-hibrido-2021-en-valencia-70354409-covo.aspx
FORD,FORD Puma 1.0 EcoBoost STLine MHEV,16.990 €,2023,75.000 km,Híbrido,125 cv,Sta. C. Tenerife,2026-05-06 14:19:19,B,https://www.coches.net/ford-puma-10-ecoboost-125cv-stline-mhev-5p-electrico-hibrido-2023-en-sta-c-tenerife-70355087-covo.aspx
DACIA,DACIA Jogger Comfort TCe 7 plazas,15.990 €,2022,43.000 km,Gasolina,110 cv,Sta. C. Tenerife,2026-05-06 14:19:19,B,https://www.coches.net/dacia-jogger-comfort-tce-81kw-110cv-7-plazas-5p-gasolina-2021-en-sta-c-tenerife-70355162-covo.aspx
VOLKSWAGEN,VOLKSWAGEN Golf 2.0 TDI,17.490 €,2021,131.454 km,Diesel,115 cv,Madrid,2026-05-06 14:19:19,C,https://www.coches.net/volkswagen-golf-20-tdi-85kw-115cv-5p-diesel-2021-en-madrid-70355354-covo.aspx
TOYOTA,TOYOTA Yaris 1.5 100H Feel,17.590 €,2020,49.399 km,Híbrido,100 cv,Valencia,2026-05-06 14:19:19,ECO,https://www.coches.net/toyota-yaris-15-100h-feel-5p-electrico-hibrido-2019-en-valencia-70355505-covo.aspx
CUPRA,CUPRA León 1.5 eTSI DSG,26.490 €,2024,27.531 km,Híbrido,150 cv,Valencia,2026-05-06 14:19:19,ECO,https://www.coches.net/cupra-leon-15-etsi-110kw-150cv-dsg-5p-electrico-hibrido-2024-en-valencia-70355534-covo.aspx
CUPRA,CUPRA Formentor 1.5 TSI 150 CV DSG,25.590 €,2023,54.732 km,Gasolina,150 cv,Valencia,2026-05-06 14:19:19,C,https://www.coches.net/cupra-formentor-15-tsi-110kw-150-cv-dsg-5p-gasolina-2023-en-valencia-70355562-covo.aspx
CUPRA,CUPRA Formentor 1.5 TSI eHybrid 204 CV DSG,33.900 €,2025,25.806 km,Híbrido enchufable,204 cv,Córdoba,2026-05-06 14:19:19,CERO,https://www.coches.net/cupra-formentor-15-tsi-ehybrid-150kw-204-cv-dsg-5p-electrico-hibrido-2025-en-cordoba-70355999-covo.aspx
SEAT,SEAT Ibiza 1.0 TSI StartStop Style,20.600 €,2026,99 km,Gasolina,115 cv,Córdoba,2026-05-06 14:19:19,C,https://www.coches.net/seat-ibiza-10-tsi-85kw-115cv-startstop-style-5p-gasolina-2026-en-cordoba-70356008-covo.aspx
MITSUBISHI,MITSUBISHI ASX 160 MPI Challenge,6.490 €,2012,200.000 km,Gasolina,117 cv,Valencia,2026-05-06 14:19:19,C,https://www.coches.net/mitsubishi-asx-160-mpi-challenge-5p-gasolina-2012-en-valencia-70356692-covo.aspx
BMW,BMW Serie 4 420i Cabrio,37.390 €,2022,50.000 km,Gasolina,184 cv,Málaga,2026-05-06 14:19:19,C,https://www.coches.net/bmw-serie-4-420i-cabrio-2p-gasolina-2022-en-malaga-70357071-covo.aspx
NISSAN,NISSAN QASHQAI DIGT mHEV Xtronic Acenta,21.900 €,2022,50.000 km,Híbrido,158 cv,Barcelona,2026-05-06 14:19:19,ECO,https://www.coches.net/nissan-qashqai-digt-116kw-158cv-mhev-xtronic-acenta-5p-electrico-hibrido-2023-en-barcelona-70357178-covo.aspx
MERCEDES-BENZ,MERCEDES-BENZ GLB GLB 200 d 4MATIC,47.900 €,2024,14.550 km,Diesel,150 cv,Barcelona,2026-05-06 14:19:19,C,https://www.coches.net/mercedes-benz-glb-glb-200-d-4matic-5p-diesel-2024-en-barcelona-70357869-covo.aspx
MERCEDES-BENZ,MERCEDES-BENZ EQB EQB 300 4MATIC,35.900 €,2022,72.275 km,Eléctrico,228 cv,Barcelona,2026-05-06 14:19:19,CERO,https://www.coches.net/mercedes-benz-eqb-eqb-300-4matic-5p-electrico-hibrido-2022-en-barcelona-70357924-covo.aspx
CITROEN,CITROEN C3 Aircross Turbo BVM6 PLUS,18.890 €,2025,17.000 km,Gasolina,100 cv,Madrid,2026-05-06 14:19:19,C,https://www.coches.net/citroen-c3-aircross-turbo-73kw-100cv-bvm6-plus-5p-gasolina-2025-en-madrid-70358232-covo.aspx
SKODA,SKODA Karoq 1.0 TSI Ambition,18.990 €,2023,74.000 km,Gasolina,110 cv,Sta. C. Tenerife,2026-05-06 14:19:19,C,https://www.coches.net/skoda-karoq-10-tsi-81kw-110cv-ambition-5p-gasolina-2023-en-sta-c-tenerife-70358451-covo.aspx
FIAT,FIAT 500 Connect 1.0 Hybrid 70 CV,9.990 €,2022,78.000 km,Híbrido,70 cv,Las Palmas,2026-05-06 14:19:19,ECO,https://www.coches.net/fiat-500-connect-10-hybrid-51kw-70-cv-3p-electrico-hibrido-2021-en-las-palmas-70359120-covo.aspx
TOYOTA,TOYOTA Proace City Verso 1.5D Family Active L1,20.990 €,2024,35.000 km,Diesel,131 cv,Sta. C. Tenerife,2026-05-06 14:19:19,C,https://www.coches.net/toyota-proace-city-verso-15d-96kw-130cv-family-active-l1-5p-diesel-2022-en-sta-c-tenerife-70359129-covo.aspx
HONDA,HONDA Civic 2.0 iMMD Sport CVT,35.600 €,2025,1 km,Híbrido,184 cv,Navarra,2026-05-06 14:19:19,ECO,https://www.coches.net/honda-civic-20-immd-sport-cvt-5p-electrico-hibrido-2026-en-navarra-70359178-covo.aspx
MERCEDES-BENZ,MERCEDES-BENZ Clase E Cabrio E 350 CGI BE Avantgarde,17.499 €,2011,166.000 km,Gasolina,292 cv,Alicante,2026-05-06 14:19:19,C,https://www.coches.net/mercedes-benz-clase-e-cabrio-e-350-cgi-be-avantgarde-2p-gasolina-2011-en-alicante-70359554-covo.aspx
LANCIA,LANCIA Ypsilon 1.4 16v Momo Sport,4.799 €,2008,147.000 km,Gasolina,95 cv,Alicante,2026-05-06 14:19:19,C,https://www.coches.net/lancia-ypsilon-14-16v-95cv-momo-sport-3p-gasolina-2007-en-alicante-70359993-covo.aspx
HONDA,HONDA Civic 1.5 IVTEC TURBO CVT PRESTIGE,21.999 €,2019,141.000 km,Gasolina,182 cv,Madrid,2026-05-06 14:19:19,C,https://www.coches.net/honda-civic-15-ivtec-turbo-cvt-prestige-5p-gasolina-2019-en-madrid-70360156-covo.aspx
PORSCHE,PORSCHE Panamera Turbo S EHybrid,84.900 €,2018,125.000 km,Híbrido enchufable,680 cv,Madrid,2026-05-06 14:19:19,CERO,https://www.coches.net/porsche-panamera-turbo-s-ehybrid-5p-electrico-hibrido-2018-en-madrid-70362201-covo.aspx
MERCEDES-BENZ,MERCEDES-BENZ Clase CLA CLA 180 Urban,15.990 €,2015,99.000 km,Gasolina,122 cv,Valencia,2026-05-06 14:19:19,C,https://www.coches.net/mercedes-benz-clase-cla-cla-180-urban-4p-gasolina-2016-en-valencia-70362463-covo.aspx
TOYOTA,TOYOTA Yaris Cross 1.5 120H Active Tech,22.490 €,2021,54.086 km,Híbrido,116 cv,Madrid,2026-05-06 14:19:19,ECO,https://www.coches.net/toyota-yaris-cross-15-120h-active-tech-5p-electrico-hibrido-2021-en-madrid-70362529-covo.aspx
TOYOTA,TOYOTA Yaris 1.5 120H Active Plus,21.890 €,2025,8206 km,Híbrido,116 cv,Madrid,2026-05-06 14:19:19,ECO,https://www.coches.net/toyota-yaris-15-120h-active-plus-5p-electrico-hibrido-2025-en-madrid-70362532-covo.aspx
BMW,BMW Serie 1 114i Essential Edition,8.990 €,2013,137.000 km,Gasolina,102 cv,Valencia,2026-05-06 14:19:19,C,https://www.coches.net/bmw-serie-1-114i-essential-edition-5p-gasolina-2013-en-valencia-70362540-covo.aspx
TOYOTA,TOYOTA C-HR 2.0 180H GR Sport,25.490 €,2022,96.773 km,Híbrido,184 cv,Madrid,2026-05-06 14:19:19,ECO,https://www.coches.net/toyota-c-hr-20-180h-gr-sport-5p-electrico-hibrido-2022-en-madrid-70362799-covo.aspx
KIA,KIA Niro 1.6 GDi HEV Concept,26.490 €,2025,10.053 km,Híbrido,129 cv,Sevilla,2026-05-06 14:19:19,ECO,https://www.coches.net/kia-niro-16-gdi-hev-95kw-129cv-concept-5p-electrico-hibrido-2025-en-sevilla-70362804-covo.aspx
TOYOTA,TOYOTA C-HR 2.0 220PH Advance,32.690 €,2025,12.344 km,Híbrido enchufable,223 cv,Madrid,2026-05-06 14:19:19,ECO,https://www.coches.net/toyota-c-hr-20-220ph-advance-5p-electrico-hibrido-2025-en-madrid-70362812-covo.aspx
BMW,BMW Serie 3 320d Auto.,43.900 €,2025,19.193 km,Híbrido,190 cv,Sta. C. Tenerife,2026-05-06 14:19:19,CERO,https://www.coches.net/bmw-serie-3-320d-auto-4p-electrico-hibrido-2025-en-sta-c-tenerife-70362905-covo.aspx
BMW,BMW X1 xDrive25e,44.900 €,2025,9581 km,Híbrido enchufable,245 cv,Sta. C. Tenerife,2026-05-06 14:19:19,CERO,https://www.coches.net/bmw-x1-xdrive25e-5p-electrico-hibrido-2025-en-sta-c-tenerife-70362906-covo.aspx
BMW,BMW Serie 2 Active Tourer 225xe iPerformance,16.900 €,2016,99.173 km,Híbrido enchufable,224 cv,Sta. C. Tenerife,2026-05-06 14:19:19,CERO,https://www.coches.net/bmw-serie-2-active-tourer-225xe-iperformance-5p-electrico-hibrido-2017-en-sta-c-tenerife-70362907-covo.aspx
BMW,BMW Serie 2 218d Gran Coupe,36.500 €,2025,12.698 km,Diesel,150 cv,Sta. C. Tenerife,2026-05-06 14:19:19,C,https://www.coches.net/bmw-serie-2-218d-gran-coupe-4p-diesel-2025-en-sta-c-tenerife-70362908-covo.aspx
TOYOTA,TOYOTA Rav4 2.5l 220H Advance,30.890 €,2020,91.828 km,Híbrido,218 cv,Madrid,2026-05-06 14:19:19,ECO,https://www.coches.net/toyota-rav4-25l-220h-advance-5p-electrico-hibrido-2020-en-madrid-70362913-covo.aspx
TOYOTA,TOYOTA Yaris Cross 1.5 120H Active Tech,23.890 €,2022,29.912 km,Híbrido,116 cv,Madrid,2026-05-06 14:19:19,ECO,https://www.coches.net/toyota-yaris-cross-15-120h-active-tech-5p-electrico-hibrido-2023-en-madrid-70362917-covo.aspx
TOYOTA,TOYOTA Yaris Cross 1.5 130H Active Plus,26.490 €,2025,5417 km,Híbrido,130 cv,Madrid,2026-05-06 14:19:19,ECO,https://www.coches.net/toyota-yaris-cross-15-130h-active-plus-5p-electrico-hibrido-2025-en-madrid-70362923-covo.aspx
TOYOTA,TOYOTA Yaris 1.5 120H Active Plus,21.990 €,2025,3192 km,Híbrido,116 cv,Madrid,2026-05-06 14:19:19,ECO,https://www.coches.net/toyota-yaris-15-120h-active-plus-5p-electrico-hibrido-2025-en-madrid-70363021-covo.aspx
TOYOTA,TOYOTA Yaris 1.5 120H Active Plus,21.990 €,2025,3318 km,Híbrido,116 cv,Madrid,2026-05-06 14:19:19,ECO,https://www.coches.net/toyota-yaris-15-120h-active-plus-5p-electrico-hibrido-2025-en-madrid-70363077-covo.aspx
SEAT,SEAT Ateca 1.0 TSI StSp Reference Edition Eco,17.990 €,2020,58.598 km,Gasolina,115 cv,Córdoba,2026-05-06 14:19:19,C,https://www.coches.net/seat-ateca-10-tsi-85kw-stsp-reference-edition-eco-5p-gasolina-2020-en-cordoba-70363850-covo.aspx
BMW,BMW X1 sDrive18d,24.900 €,2022,143.400 km,Diesel,150 cv,Madrid,2026-05-06 14:19:19,C,https://www.coches.net/bmw-x1-sdrive18d-5p-diesel-2022-en-madrid-70363930-covo.aspx
AUDI,AUDI Q3 Sportback S line 35 TDI S tronic,32.900 €,2020,83.800 km,Diesel,150 cv,Madrid,2026-05-06 14:19:19,C,https://www.coches.net/audi-q3-sportback-s-line-35-tdi-110kw-150cv-s-tronic-5p-diesel-2020-en-madrid-70363987-covo.aspx
BMW,BMW X3 xDrive30i,27.900 €,2020,204.100 km,Gasolina,252 cv,Madrid,2026-05-06 14:19:19,C,https://www.coches.net/bmw-x3-xdrive30i-5p-gasolina-2020-en-madrid-70363990-covo.aspx
VOLVO,VOLVO V90 2.0 B4 D Momentum Pro Auto,30.900 €,2021,79.000 km,Híbrido,197 cv,Madrid,2026-05-06 14:19:19,ECO,https://www.coches.net/volvo-v90-20-b4-d-momentum-pro-auto-5p-electrico-hibrido-2022-en-madrid-70364245-covo.aspx
BMW,BMW X1 sDrive18d,10.999 €,2011,174.123 km,Diesel,143 cv,Asturias,2026-05-06 14:19:19,B,https://www.coches.net/bmw-x1-sdrive18d-5p-diesel-2012-en-asturias-70364386-covo.aspx
BMW,BMW X5 xDrive45e,52.300 €,2023,75.000 km,Híbrido enchufable,394 cv,Madrid,2026-05-06 14:19:19,CERO,https://www.coches.net/bmw-x5-xdrive45e-5p-electrico-hibrido-2023-en-madrid-70364546-covo.aspx
PORSCHE,PORSCHE Cayenne 4.8 V8 Turbo S Tiptronic,36.990 €,2013,185.000 km,Gasolina,550 cv,Alicante,2026-05-06 14:19:19,C,https://www.coches.net/porsche-cayenne-48-v8-turbo-s-tiptronic-5p-gasolina-2014-en-alicante-70364771-covo.aspx
AUDI,AUDI Q2 Design 30 TFSI,19.500 €,2019,51.000 km,Gasolina,116 cv,Cádiz,2026-05-06 14:19:19,B,https://www.coches.net/audi-q2-design-30-tfsi-85kw-116cv-5p-gasolina-2020-en-cadiz-70364773-covo.aspx
AUDI,AUDI A3 1.6 TDI S tronic Sportback,9.990 €,2018,299.306 km,Diesel,116 cv,Sevilla,2026-05-06 14:19:19,B,https://www.coches.net/audi-a3-16-tdi-85kw-116cv-s-tronic-sportback-5p-diesel-2018-en-sevilla-70365828-covo.aspx
VOLKSWAGEN,VOLKSWAGEN Tiguan RLine 2.0 TDI DSG,39.990 €,2025,14.990 km,Diesel,150 cv,Barcelona,2026-05-06 14:19:19,C,https://www.coches.net/volkswagen-tiguan-rline-20-tdi-110kw-150cv-dsg-5p-diesel-2024-en-barcelona-70366644-covo.aspx
NISSAN,NISSAN JUKE DIGT 114 CV 6MT Acenta,13.490 €,2022,116.923 km,Gasolina,114 cv,Castellón,2026-05-06 14:19:19,C,https://www.coches.net/nissan-juke-digt-84-kw-114-cv-6mt-acenta-5p-gasolina-2023-en-castellon-70367202-covo.aspx
VOLKSWAGEN,VOLKSWAGEN T-Cross Advance 1.0 TSI DSG,18.990 €,2023,33.487 km,Gasolina,110 cv,Murcia,2026-05-06 14:19:19,C,https://www.coches.net/volkswagen-t-cross-advance-10-tsi-81kw-110cv-dsg-5p-gasolina-2023-en-murcia-70367231-covo.aspx
AUDI,AUDI TT TT Coupe RS TFSI Quattro S Tronic,57.990 €,2023,19.990 km,Gasolina,400 cv,Madrid,2026-05-06 14:19:19,C,https://www.coches.net/audi-tt-tt-coupe-rs-tfsi-quattro-s-tronic-3p-gasolina-2023-en-madrid-70367980-covo.aspx
SEAT,SEAT Ateca 1.5 TSI DSG SS Style Go,18.990 €,2020,83.698 km,Gasolina,150 cv,Castellón,2026-05-06 14:19:19,C,https://www.coches.net/seat-ateca-15-tsi-110kw-dsg-ss-style-go-5p-gasolina-2021-en-castellon-70368166-covo.aspx
HONDA,HONDA Civic 2.0 IVTEC TURBO TYPE R GT,38.990 €,2018,90.000 km,Gasolina,320 cv,Valencia,2026-05-06 14:19:19,C,https://www.coches.net/honda-civic-20-ivtec-turbo-type-r-gt-5p-gasolina-2018-en-valencia-70368466-covo.aspx
BMW,BMW Serie 3 320d Auto.,29.990 €,2023,140.000 km,Híbrido,190 cv,Asturias,2026-05-06 14:19:19,ECO,https://www.coches.net/bmw-serie-3-320d-auto-4p-electrico-hibrido-2024-en-asturias-70368518-covo.aspx
BMW,BMW Serie 2 M2,70.990 €,2023,40.000 km,Gasolina,460 cv,Valencia,2026-05-06 14:19:19,C,https://www.coches.net/bmw-serie-2-m2-2p-gasolina-2024-en-valencia-70368533-covo.aspx
TOYOTA,TOYOTA GR Yaris 1.6 RZ Circuit Pack,38.990 €,2021,27.000 km,Gasolina,261 cv,Valencia,2026-05-06 14:19:19,C,https://www.coches.net/toyota-gr-yaris-16-192kw-rz-circuit-pack-3p-gasolina-2020-en-valencia-70368601-covo.aspx
NISSAN,NISSAN QASHQAI EPOWER 190 CV NConnecta,22.490 €,2023,97.192 km,Híbrido,190 cv,Castellón,2026-05-06 14:19:19,ECO,https://www.coches.net/nissan-qashqai-epower-140-kw-190-cv-nconnecta-5p-electrico-hibrido-2024-en-castellon-70368610-covo.aspx
VOLKSWAGEN,VOLKSWAGEN Golf 1.0 TSI,19.999 €,2021,68.000 km,Gasolina,110 cv,Murcia,2026-05-06 14:19:19,B,https://www.coches.net/volkswagen-golf-10-tsi-81kw-110cv-5p-gasolina-2022-en-murcia-70368770-covo.aspx
MINI,MINI MINI ONE D,6.990 €,2015,218.000 km,Diesel,95 cv,Valencia,2026-05-06 14:19:19,C,https://www.coches.net/mini-mini-one-d-3p-diesel-2015-en-valencia-70369564-covo.aspx
VOLKSWAGEN,VOLKSWAGEN Passat Edition 2.0 TDI,10.999 €,2018,248.000 km,Diesel,150 cv,Sevilla,2026-05-06 14:19:19,C,https://www.coches.net/volkswagen-passat-edition-20-tdi-110kw-150cv-4p-diesel-2019-en-sevilla-70370034-covo.aspx
NISSAN,NISSAN QASHQAI 1.5 dCi ACENTA 4x2,6.499 €,2013,276.000 km,Diesel,110 cv,Sevilla,2026-05-06 14:19:19,B,https://www.coches.net/nissan-qashqai-15-dci-acenta-4x2-5p-diesel-2012-en-sevilla-70370068-covo.aspx
MERCEDES-BENZ,MERCEDES-BENZ Clase A A 180 d,19.900 €,2022,135.000 km,Diesel,116 cv,Sevilla,2026-05-06 14:19:19,C,https://www.coches.net/mercedes-benz-clase-a-a-180-d-5p-diesel-2022-en-sevilla-70370660-covo.aspx
BMW,BMW Serie 2 Active Tourer 216d Business,15.900 €,2018,98.000 km,Diesel,116 cv,Sevilla,2026-05-06 14:19:19,C,https://www.coches.net/bmw-serie-2-active-tourer-216d-business-5p-diesel-2018-en-sevilla-70370723-covo.aspx
FIAT,FIAT Panda Sport Hybrid 1.0 Gse,11.000 €,2020,33.722 km,Híbrido,70 cv,Valencia,2026-05-06 14:19:19,ECO,https://www.coches.net/fiat-panda-sport-hybrid-10-gse-51kw-70cv-5p-electrico-hibrido-2021-en-valencia-70370925-covo.aspx
MERCEDES-BENZ,MERCEDES-BENZ Clase S S 580 e,94.900 €,2023,60.000 km,Híbrido enchufable,510 cv,Madrid,2026-05-06 14:19:19,CERO,https://www.coches.net/mercedes-benz-clase-s-s-580-e-4p-electrico-hibrido-2023-en-madrid-70371141-covo.aspx
SUBARU,SUBARU Impreza 2.5 WRX,34.900 €,2007,140.000 km,Gasolina,230 cv,Madrid,2026-05-06 14:19:19,C,https://www.coches.net/subaru-impreza-25-wrx-5p-gasolina-2008-en-madrid-70371142-covo.aspx
OPEL,OPEL Mokka 1.5 D Business Elegance,16.090 €,2021,70.000 km,Diesel,110 cv,Madrid,2026-05-06 14:19:19,C,https://www.coches.net/opel-mokka-15-d-business-elegance-5p-diesel-2022-en-madrid-70371349-covo.aspx
RENAULT,RENAULT Mégane Zen Energy dCi,13.190 €,2017,116.000 km,Diesel,130 cv,Madrid,2026-05-06 14:19:19,C,https://www.coches.net/renault-megane-zen-energy-dci-96kw-130cv-5p-diesel-2017-en-madrid-70371542-covo.aspx
CITROEN,CITROEN Berlingo Talla M BlueHDi 100 SS PLUS,20.990 €,2025,10.000 km,Diesel,102 cv,Madrid,2026-05-06 14:19:19,C,https://www.coches.net/citroen-berlingo-talla-m-bluehdi-100-ss-plus-4p-diesel-2025-en-madrid-70371687-covo.aspx
FORD,FORD Ranger 2.0 Ecoblue 4x4 Doble Cabina XL,29.900 €,2022,20.900 km,Diesel,170 cv,Valladolid,2026-05-06 14:19:19,C,https://www.coches.net/ford-ranger-20-ecoblue-125kw-4x4-doble-cabina-xl-4p-diesel-2022-en-valladolid-70371734-covo.aspx
BMW,BMW Serie 5 520dA Touring,32.900 €,2022,75.000 km,Híbrido,190 cv,Valladolid,2026-05-06 14:19:19,ECO,https://www.coches.net/bmw-serie-5-520da-touring-5p-electrico-hibrido-2023-en-valladolid-70371763-covo.aspx
SKODA,SKODA Karoq 2.0 TDI DSG 4X4 Ambition,27.900 €,2022,47.000 km,Diesel,150 cv,Valladolid,2026-05-06 14:19:19,C,https://www.coches.net/skoda-karoq-20-tdi-110kw-150cv-dsg-4x4-ambition-5p-diesel-2023-en-valladolid-70371800-covo.aspx
SKODA,SKODA Karoq 2.0 TDI DSG 4X4 Ambition,28.900 €,2022,23.000 km,Diesel,150 cv,Valladolid,2026-05-06 14:19:19,C,https://www.coches.net/skoda-karoq-20-tdi-110kw-150cv-dsg-4x4-ambition-5p-diesel-2023-en-valladolid-70371820-covo.aspx
MERCEDES-BENZ,MERCEDES-BENZ Clase B B 200 d,23.900 €,2019,65.000 km,Diesel,150 cv,Valladolid,2026-05-06 14:19:19,C,https://www.coches.net/mercedes-benz-clase-b-b-200-d-5p-diesel-2019-en-valladolid-70371846-covo.aspx
NISSAN,NISSAN Micra 1.0G 70 CV E6C Acenta,10.500 €,2019,63.900 km,Gasolina,71 cv,Ciudad Real,2026-05-06 14:19:19,C,https://www.coches.net/nissan-micra-10g-52-kw-70-cv-e6c-acenta-5p-gasolina-2019-en-ciudad-real-70371871-covo.aspx
RENAULT,RENAULT Mégane GT Line Tce GPF 18,15.900 €,2018,119.000 km,Gasolina,140 cv,Valladolid,2026-05-06 14:19:19,C,https://www.coches.net/renault-megane-gt-line-tce-gpf-103kw-140cv--18-5p-gasolina-2018-en-valladolid-70371874-covo.aspx
FORD,FORD Focus 1.0 Ecoboost MHEV Active X,17.900 €,2021,80.000 km,Híbrido,125 cv,Valladolid,2026-05-06 14:19:19,ECO,https://www.coches.net/ford-focus-10-ecoboost-mhev-92kw-active-x-5p-electrico-hibrido-2021-en-valladolid-70371906-covo.aspx
OPEL,OPEL Frontera 1.2T XHT Hybrid eDCT6 Edition,19.990 €,2025,7200 km,Híbrido,136 cv,Sta. C. Tenerife,2026-05-06 14:19:19,ECO,https://www.coches.net/opel-frontera-12t-xht-hybrid-edct6-100kw-edition-5p-electrico-hibrido-2024-en-sta-c-tenerife-70371982-covo.aspx
FORD,FORD Mustang 5.0 TiVCT V8 Mustang GT Fastb.,48.990 €,2019,30.100 km,Gasolina,450 cv,Sta. C. Tenerife,2026-05-06 14:19:19,C,https://www.coches.net/ford-mustang-50-tivct-v8-331kw-mustang-gt-fastb-2p-gasolina-2020-en-sta-c-tenerife-70372106-covo.aspx
RENAULT,RENAULT Arkana Techno TCe 103kW140CV EDC mild hybrid,22.900 €,2023,75.814 km,Híbrido,140 cv,Valladolid,2026-05-06 14:19:19,ECO,https://www.coches.net/renault-arkana-techno-tce-103kw140cv-edc-mild-hybrid-5p-electrico-hibrido-2022-en-valladolid-70372462-covo.aspx
MERCEDES-BENZ,MERCEDES-BENZ Clase C C 200 d,36.900 €,2022,53.000 km,Híbrido,163 cv,Valladolid,2026-05-06 14:19:19,ECO,https://www.coches.net/mercedes-benz-clase-c-c-200-d-4p-electrico-hibrido-2023-en-valladolid-70372499-covo.aspx
KIA,KIA Sportage 1.6 CRDi MHEV Drive 4x2,25.900 €,2022,67.000 km,Híbrido,136 cv,Valladolid,2026-05-06 14:19:19,ECO,https://www.coches.net/kia-sportage-16-crdi-mhev-100kw-136cv-drive-4x2-5p-electrico-hibrido-2022-en-valladolid-70372549-covo.aspx
MERCEDES-BENZ,MERCEDES-BENZ CLA CLA 250 con tecnologia EQ,50.900 €,2025,13.000 km,Eléctrico,272 cv,Gipuzkoa,2026-05-06 14:19:19,CERO,https://www.coches.net/mercedes-benz-cla-cla-250-con-tecnologia-eq-4p-electrico-hibrido-2025-en-guipuzcoa-70372938-covo.aspx
MERCEDES-BENZ,MERCEDES-BENZ CLA CLA 200 D DCT,34.400 €,2021,68.000 km,Diesel,150 cv,Valladolid,2026-05-06 14:19:19,C,https://www.coches.net/mercedes-benz-cla-cla-200-d-dct-4p-diesel-2021-en-valladolid-70373010-covo.aspx
MERCEDES-BENZ,MERCEDES-BENZ Clase A Sedan A 200 d,26.900 €,2020,79.000 km,Diesel,150 cv,Valladolid,2026-05-06 14:19:19,C,https://www.coches.net/mercedes-benz-clase-a-sedan-a-200-d-4p-diesel-2020-en-valladolid-70373074-covo.aspx
LEAPMOTOR,LEAPMOTOR T03 T03 BEV 37.3kWh Design Auto,16.990 €,2025,7984 km,Eléctrico,95 cv,Madrid,2026-05-06 14:19:19,CERO,https://www.coches.net/leapmotor-t03-t03-bev-373kwh-design-auto-5p-electrico-hibrido-2024-en-madrid-70373116-covo.aspx
RENAULT,RENAULT Arkana Intens TCe 103kW140CV EDC mild hybrid,20.900 €,2022,97.000 km,Híbrido,140 cv,Valladolid,2026-05-06 14:19:19,ECO,https://www.coches.net/renault-arkana-intens-tce-103kw140cv-edc-mild-hybrid-5p-electrico-hibrido-2021-en-valladolid-70373179-covo.aspx
VOLVO,VOLVO V60 2.0 D3 Momentum,21.900 €,2020,99.000 km,Diesel,150 cv,Valladolid,2026-05-06 14:19:19,C,https://www.coches.net/volvo-v60-20-d3-momentum-5p-diesel-2020-en-valladolid-70373202-covo.aspx
MERCEDES-BENZ,MERCEDES-BENZ Clase A A 200 d,25.900 €,2020,81.000 km,Diesel,150 cv,Valladolid,2026-05-06 14:19:19,C,https://www.coches.net/mercedes-benz-clase-a-a-200-d-5p-diesel-2020-en-valladolid-70373223-covo.aspx
TOYOTA,TOYOTA Yaris Hybrid Advance,13.890 €,2015,99.000 km,Híbrido,100 cv,Valladolid,2026-05-06 14:19:19,ECO,https://www.coches.net/toyota-yaris-hybrid-advance-5p-electrico-hibrido-2015-en-valladolid-70373251-covo.aspx
NISSAN,NISSAN NV200 EVALIA Evalia 5 1.5dCi EU6 Comfort,18.490 €,2019,99.000 km,Diesel,110 cv,Barcelona,2026-05-06 14:19:19,C,https://www.coches.net/nissan-nv200-evalia-evalia-5-15dci-eu6-81kw-110cv-comfort-5p-diesel-2018-en-barcelona-70373402-covo.aspx
MERCEDES-BENZ,MERCEDES-BENZ GLB 2.0 GLB 200 D DCT,32.900 €,2021,82.000 km,Diesel,150 cv,Valladolid,2026-05-06 14:19:19,C,https://www.coches.net/mercedes-benz-glb-20-glb-200-d-dct-110kw-150cv-5p-diesel-2022-en-valladolid-70373447-covo.aspx
KIA,KIA Sportage 1.6 TGDi GT Line Essential 4x2,16.990 €,2019,126.000 km,Gasolina,177 cv,Sta. C. Tenerife,2026-05-06 14:19:19,C,https://www.coches.net/kia-sportage-16-tgdi-130kw-gt-line-essential-4x2-5p-gasolina-2019-en-sta-c-tenerife-70373478-covo.aspx
MERCEDES-BENZ,MERCEDES-BENZ Clase A A 180 d Sedan,24.900 €,2022,67.000 km,Diesel,116 cv,Valladolid,2026-05-06 14:19:19,C,https://www.coches.net/mercedes-benz-clase-a-a-180-d-sedan-4p-diesel-2022-en-valladolid-70373511-covo.aspx
MERCEDES-BENZ,MERCEDES-BENZ Clase A A 180,24.500 €,2021,44.000 km,Gasolina,136 cv,Valladolid,2026-05-06 14:19:19,C,https://www.coches.net/mercedes-benz-clase-a-a-180-5p-gasolina-2022-en-valladolid-70373539-covo.aspx
BMW,BMW Serie 2 218i Gran Coupe,29.900 €,2023,20.000 km,Gasolina,136 cv,Valladolid,2026-05-06 14:19:19,C,https://www.coches.net/bmw-serie-2-218i-gran-coupe-4p-gasolina-2024-en-valladolid-70373551-covo.aspx
HYUNDAI,HYUNDAI i20 1.0 TGDI Klass,15.700 €,2024,88.850 km,Gasolina,100 cv,Ciudad Real,2026-05-06 14:19:19,C,https://www.coches.net/hyundai-i20-10-tgdi-klass-5p-gasolina-2025-en-ciudad-real-70373805-covo.aspx
LAND-ROVER,LAND-ROVER Range Rover Velar 2.0 I4 PHEV S 4WD Auto,46.985 €,2024,29.623 km,Híbrido enchufable,404 cv,Las Palmas,2026-05-06 14:19:19,CERO,https://www.coches.net/land-rover-range-rover-velar-20-i4-phev-297kw-404cv-s-4wd-auto-5p-electrico-hibrido-2025-en-las-palmas-70373827-covo.aspx
SEAT,SEAT Arona 1.0 TSI Xcellence Edition Eco,14.985 €,2019,67.804 km,Gasolina,95 cv,Las Palmas,2026-05-06 14:19:19,C,https://www.coches.net/seat-arona-10-tsi-70kw-xcellence-edition-eco-5p-gasolina-2020-en-las-palmas-70373828-covo.aspx
AUDI,AUDI Q5 S line 40 TDI quattro S tronic,30.990 €,2020,112.000 km,Diesel,190 cv,Málaga,2026-05-06 14:19:19,C,https://www.coches.net/audi-q5-s-line-40-tdi-140kw-quattro-s-tronic-5p-diesel-2019-en-malaga-70374622-covo.aspx
VOLVO,VOLVO XC60 2.0 T8 AWD Polestar Auto,41.900 €,2021,72.725 km,Híbrido enchufable,405 cv,Madrid,2026-05-06 14:19:19,CERO,https://www.coches.net/volvo-xc60-20-t8-awd-polestar-auto-5p-electrico-hibrido-2021-en-madrid-70374832-covo.aspx
FORD,FORD Ka Black White Ed. 1.2 Duratec A.St.St.,5.490 €,2016,110.000 km,Gasolina,69 cv,Valencia,2026-05-06 14:19:19,C,https://www.coches.net/ford-ka-black--white-ed-12-duratec-astst-3p-gasolina-2015-en-valencia-70374888-covo.aspx
KIA,KIA EV3 Air Long Range,37.389 €,2026,50 km,Eléctrico,204 cv,Málaga,2026-05-06 14:19:19,CERO,https://www.coches.net/kia-ev3-air-long-range-5p-electrico-hibrido-2026-en-malaga-70375124-covo.aspx
VOLVO,VOLVO V90 Cross Country 2.0 B4 D Core AWD Auto,40.300 €,2023,81.500 km,Híbrido,197 cv,Navarra,2026-05-06 14:19:19,ECO,https://www.coches.net/volvo-v90-cross-country-20-b4-d-core-awd-auto-5p-electrico-hibrido-2024-en-navarra-70375277-covo.aspx
AUDI,AUDI Q5 SPORTBACK Advanced 40 TDI quattroultra,35.290 €,2022,93.961 km,Híbrido,204 cv,Madrid,2026-05-06 14:19:19,ECO,https://www.coches.net/audi-q5-sportback-advanced-40-tdi-150kw-quattroultra-5p-electrico-hibrido-2022-en-madrid-70375438-covo.aspx
VOLVO,VOLVO C40 Recharge Single Extended Plus Auto,34.890 €,2023,83.653 km,Eléctrico,252 cv,Madrid,2026-05-06 14:19:19,CERO,https://www.coches.net/volvo-c40-recharge-single-extended-plus-auto-5p-electrico-hibrido-2024-en-madrid-70375442-covo.aspx
VOLKSWAGEN,VOLKSWAGEN Touareg Prem Eleg 3.0 V6 TDI Tip 4M,39.890 €,2022,67.624 km,Diesel,286 cv,Madrid,2026-05-06 14:19:19,C,https://www.coches.net/volkswagen-touareg-prem-eleg-30-v6-tdi-210kw-tip-4m-5p-diesel-2022-en-madrid-70375443-covo.aspx
TOYOTA,TOYOTA Corolla 140H GRSport,29.990 €,2026,1130 km,Híbrido,140 cv,Madrid,2026-05-06 14:19:19,ECO,https://www.coches.net/toyota-corolla-140h-grsport-5p-electrico-hibrido-2026-en-madrid-70375446-covo.aspx
POLESTAR,POLESTAR 2 Long Range Single Motor FWD,25.590 €,2023,49.179 km,Eléctrico,231 cv,Madrid,2026-05-06 14:19:19,CERO,https://www.coches.net/polestar-2-long-range-single-motor-fwd-5p-electrico-hibrido-2023-en-madrid-70375448-covo.aspx
VOLKSWAGEN,VOLKSWAGEN Tiguan Urban Sport 2.0 TDI,28.590 €,2023,75.787 km,Diesel,150 cv,Madrid,2026-05-06 14:19:19,C,https://www.coches.net/volkswagen-tiguan-urban-sport-20-tdi-110kw-150cv-5p-diesel-2024-en-madrid-70375454-covo.aspx
PEUGEOT,PEUGEOT 3008 Hybrid 225 eEAT8 Allure,18.690 €,2021,68.389 km,Híbrido enchufable,225 cv,Madrid,2026-05-06 14:19:19,CERO,https://www.coches.net/peugeot-3008-hybrid-225-eeat8-allure-5p-electrico-hibrido-2021-en-madrid-70375455-covo.aspx
AUDI,AUDI A4 Avant S line 35 TFSI,18.590 €,2019,166.800 km,Híbrido,150 cv,Madrid,2026-05-06 14:19:19,ECO,https://www.coches.net/audi-a4-avant-s-line-35-tfsi-110kw-150cv-5p-electrico-hibrido-2021-en-madrid-70375458-covo.aspx
MERCEDES-BENZ,MERCEDES-BENZ Clase A A 180 d,21.990 €,2018,99.916 km,Diesel,116 cv,Madrid,2026-05-06 14:19:19,C,https://www.coches.net/mercedes-benz-clase-a-a-180-d-5p-diesel-2018-en-madrid-70375459-covo.aspx
PEUGEOT,PEUGEOT 308 SW Business Line BlueHDi,8.990 €,2017,132.320 km,Diesel,100 cv,Madrid,2026-05-06 14:19:19,C,https://www.coches.net/peugeot-308-sw-business-line-bluehdi-73kw-100cv-5p-diesel-2017-en-madrid-70375461-covo.aspx
BMW,BMW Serie 2 218i Gran Coupe,24.900 €,2021,50.000 km,Gasolina,136 cv,Valladolid,2026-05-06 14:19:19,C,https://www.coches.net/bmw-serie-2-218i-gran-coupe-4p-gasolina-2022-en-valladolid-70375464-covo.aspx
RENAULT,RENAULT Arkana Equilibre ETECH full hybr. 105kW145CV,22.490 €,2022,69.000 km,Híbrido,145 cv,Valladolid,2026-05-06 14:19:19,ECO,https://www.coches.net/renault-arkana-equilibre-etech-full-hybr-105kw145cv-5p-electrico-hibrido-2022-en-valladolid-70375496-covo.aspx
MERCEDES-BENZ,MERCEDES-BENZ Clase B B 180,23.900 €,2019,96.000 km,Gasolina,136 cv,Valladolid,2026-05-06 14:19:19,C,https://www.coches.net/mercedes-benz-clase-b-b-180-5p-gasolina-2019-en-valladolid-70375518-covo.aspx
MERCEDES-BENZ,MERCEDES-BENZ Clase B B 180 d,17.900 €,2017,92.000 km,Diesel,109 cv,Valladolid,2026-05-06 14:19:19,C,https://www.coches.net/mercedes-benz-clase-b-b-180-d-5p-diesel-2018-en-valladolid-70375557-covo.aspx
MERCEDES-BENZ,MERCEDES-BENZ Clase A Sedan A 200 d,28.990 €,2022,53.000 km,Diesel,150 cv,Alicante,2026-05-06 14:19:19,C,https://www.coches.net/mercedes-benz-clase-a-sedan-a-200-d-4p-diesel-2022-en-alicante-70375746-covo.aspx
MERCEDES-BENZ,MERCEDES-BENZ Clase E Coupe E 220 d,36.990 €,2020,83.000 km,Diesel,194 cv,Alicante,2026-05-06 14:19:19,C,https://www.coches.net/mercedes-benz-clase-e-coupe-e-220-d-2p-diesel-2019-en-alicante-70375841-covo.aspx
MERCEDES-BENZ,MERCEDES-BENZ Mercedes-AMG SL MercedesAMG SL 43,115.990 €,2023,1900 km,Gasolina,381 cv,Asturias,2026-05-06 14:19:19,ECO,https://www.coches.net/mercedes-benz-mercedes-amg-sl-mercedesamg-sl-43-2p-gasolina-2024-en-asturias-70375997-covo.aspx
MERCEDES-BENZ,MERCEDES-BENZ Clase GLC GLC 200 d 4MATIC,39.900 €,2022,49.091 km,Diesel,163 cv,Alicante,2026-05-06 14:19:19,C,https://www.coches.net/mercedes-benz-clase-glc-glc-200-d-4matic-5p-diesel-2020-en-alicante-70376050-covo.aspx
CITROEN,CITROEN Berlingo Talla M BlueHDi 100 FEEL,10.990 €,2018,187.000 km,Diesel,100 cv,Las Palmas,2026-05-06 14:19:19,B,https://www.coches.net/citroen-berlingo-talla-m-bluehdi-100-feel-5p-diesel-2018-en-las-palmas-70376097-covo.aspx
AUDI,AUDI A1 Sportback 25 TFSI,17.990 €,2022,49.000 km,Gasolina,95 cv,Las Palmas,2026-05-06 14:19:19,C,https://www.coches.net/audi-a1-sportback-25-tfsi-70kw-95cv-5p-gasolina-2022-en-las-palmas-70376105-covo.aspx
BMW,BMW X1 xDrive20dA,28.900 €,2021,81.000 km,Diesel,190 cv,Valladolid,2026-05-06 14:19:19,C,https://www.coches.net/bmw-x1-xdrive20da-5p-diesel-2021-en-valladolid-70376156-covo.aspx
OPEL,OPEL Corsa 1.2T XHL Edition,18.900 €,2026,1 km,Gasolina,100 cv,Valencia,2026-05-06 14:19:19,C,https://www.coches.net/opel-corsa-12t-xhl-74kw-100cv-edition-5p-gasolina-2026-en-valencia-70376175-covo.aspx
VOLKSWAGEN,VOLKSWAGEN T-Roc Advance 1.5 TSI DSG,25.900 €,2021,10.150 km,Gasolina,150 cv,Valladolid,2026-05-06 14:19:19,C,https://www.coches.net/volkswagen-t-roc-advance-15-tsi-110kw-150cv-dsg-5p-gasolina-2022-en-valladolid-70376178-covo.aspx
TOYOTA,TOYOTA Corolla 2.0 180H STYLE ECVT,23.900 €,2021,57.000 km,Híbrido,180 cv,Valladolid,2026-05-06 14:19:19,ECO,https://www.coches.net/toyota-corolla-20-180h-style-ecvt-5p-electrico-hibrido-2021-en-valladolid-70376196-covo.aspx
OPEL,OPEL Corsa 1.2T XHL GS,20.450 €,2026,1 km,Gasolina,100 cv,Valencia,2026-05-06 14:19:19,C,https://www.coches.net/opel-corsa-12t-xhl-74kw-100cv-gs-5p-gasolina-2026-en-valencia-70376209-covo.aspx
OPEL,OPEL Corsa 1.2T XHL Hybrid Edition eDCT,22.300 €,2026,1 km,Híbrido,110 cv,Valencia,2026-05-06 14:19:19,ECO,https://www.coches.net/opel-corsa-12t-xhl-hybrid-81kw-edition-edct-5p-electrico-hibrido-2026-en-valencia-70376252-covo.aspx
OPEL,OPEL Mokka 1.2 T XHT Hybrid eDCT6 GS,28.900 €,2026,1 km,Híbrido,146 cv,Valencia,2026-05-06 14:19:19,ECO,https://www.coches.net/opel-mokka-12-t-xht-hybrid-edct6-gs-5p-electrico-hibrido-2026-en-valencia-70376320-covo.aspx
DACIA,DACIA Sandero Stepway Comfort TCE,8.900 €,2019,207.000 km,Gasolina,90 cv,Valencia,2026-05-06 14:19:19,C,https://www.coches.net/dacia-sandero-stepway-comfort-tce-66kw-90cv-5p-gasolina-2019-en-valencia-70376321-covo.aspx
OPEL,OPEL Corsa 1.2T XHL Edition,18.800 €,2026,1 km,Gasolina,100 cv,Valencia,2026-05-06 14:19:19,C,https://www.coches.net/opel-corsa-12t-xhl-74kw-100cv-edition-5p-gasolina-2026-en-valencia-70376414-covo.aspx
OPEL,OPEL Corsa 1.2T XHL Edition,19.300 €,2026,1 km,Gasolina,100 cv,Valencia,2026-05-06 14:19:19,C,https://www.coches.net/opel-corsa-12t-xhl-74kw-100cv-edition-5p-gasolina-2026-en-valencia-70376446-covo.aspx
OPEL,OPEL Corsa 1.2T XHLHybrid GS eDCT,23.600 €,2026,1 km,Híbrido,110 cv,Valencia,2026-05-06 14:19:19,ECO,https://www.coches.net/opel-corsa-12t-xhlhybrid-81kw-gs-edct-5p-electrico-hibrido-2026-en-valencia-70376494-covo.aspx
OPEL,OPEL Corsa 1.2T XHL YES,19.300 €,2026,1 km,Gasolina,100 cv,Valencia,2026-05-06 14:19:19,C,https://www.coches.net/opel-corsa-12t-xhl-74kw-100cv-yes-5p-gasolina-2026-en-valencia-70376517-covo.aspx
OPEL,OPEL Corsa 1.2T XHL Hybrid YES eDCT,22.500 €,2026,1 km,Híbrido,110 cv,Valencia,2026-05-06 14:19:19,ECO,https://www.coches.net/opel-corsa-12t-xhl-hybrid-81kw-yes-edct-5p-electrico-hibrido-2026-en-valencia-70376595-covo.aspx
OPEL,OPEL Grandland 1.2T XHT Hybrid eDCT6 SS GS,31.900 €,2026,1 km,Híbrido,146 cv,Valencia,2026-05-06 14:19:19,ECO,https://www.coches.net/opel-grandland-12t-xht-hybrid-edct6-ss-gs-5p-electrico-hibrido-2026-en-valencia-70376627-covo.aspx
CUPRA,CUPRA Formentor 2.0 TSI 310 CV VZ 4Drive DSG,28.990 €,2021,104.545 km,Gasolina,310 cv,Asturias,2026-05-06 14:19:19,C,https://www.coches.net/cupra-formentor-20-tsi-228kw-310-cv-vz-4drive-dsg-5p-gasolina-2022-en-asturias-70376800-covo.aspx
AUDI,AUDI Q2 S line 30 TDI S tronic,31.900 €,2023,37.000 km,Diesel,116 cv,Valladolid,2026-05-06 14:19:19,C,https://www.coches.net/audi-q2-s-line-30-tdi-85kw-116cv-s-tronic-5p-diesel-2024-en-valladolid-70376870-covo.aspx
VOLVO,VOLVO V60 2.0 D3 Momentum Core,20.900 €,2020,108.000 km,Diesel,150 cv,Valladolid,2026-05-06 14:19:19,C,https://www.coches.net/volvo-v60-20-d3-momentum-core-5p-diesel-2021-en-valladolid-70376915-covo.aspx
BMW,BMW Serie 2 M2 Competition,49.990 €,2019,98.000 km,Gasolina,410 cv,Valencia,2026-05-06 14:19:19,C,https://www.coches.net/bmw-serie-2-m2-competition-2p-gasolina-2020-en-valencia-70377030-covo.aspx
FIAT,FIAT 500 0.9 Turbo TwinAir Lounge,7.495 €,2016,144.000 km,Gasolina,105 cv,Sta. C. Tenerife,2026-05-06 14:19:19,B,https://www.coches.net/fiat-500-09-turbo-twinair-105cv-lounge-3p-gasolina-2015-en-sta-c-tenerife-70377104-covo.aspx
PEUGEOT,PEUGEOT 508 Business Line BlueHDi SS 6vel MAN,16.900 €,2018,98.000 km,Diesel,130 cv,Valladolid,2026-05-06 14:19:19,C,https://www.coches.net/peugeot-508-business-line-bluehdi-96kw-ss-6vel-man-5p-diesel-2018-en-valladolid-70377109-covo.aspx
MERCEDES-BENZ,MERCEDES-BENZ Clase A Sedan A 180,22.490 €,2021,78.081 km,Gasolina,136 cv,Sevilla,2026-05-06 14:19:19,C,https://www.coches.net/mercedes-benz-clase-a-sedan-a-180-4p-gasolina-2022-en-sevilla-70377111-covo.aspx
PEUGEOT,PEUGEOT 5008 1.5 BlueHDi SS GT Pack EAT8,21.990 €,2022,70.022 km,Diesel,130 cv,Sevilla,2026-05-06 14:19:19,C,https://www.coches.net/peugeot-5008-15-bluehdi-96kw-ss-gt-pack-eat8-5p-diesel-2022-en-sevilla-70377112-covo.aspx
VOLKSWAGEN,VOLKSWAGEN Golf Life 1.5 TSI,23.900 €,2021,80.000 km,Gasolina,130 cv,Valladolid,2026-05-06 14:19:19,C,https://www.coches.net/volkswagen-golf-life-15-tsi-96kw-130cv-5p-gasolina-2022-en-valladolid-70377132-covo.aspx
AUDI,AUDI Q3 Sportback Black line 35 TDI quattro S tronic,23.390 €,2020,199.000 km,Diesel,150 cv,Madrid,2026-05-06 14:19:19,C,https://www.coches.net/audi-q3-sportback-black-line-35-tdi-quattro-110kw-s-tronic-5p-diesel-2021-en-madrid-70377304-covo.aspx
BMW,BMW Serie 5 530e xDrive Touring,27.990 €,2021,156.000 km,Híbrido enchufable,292 cv,Bizkaia,2026-05-06 14:19:19,CERO,https://www.coches.net/bmw-serie-5-530e-xdrive-touring-5p-electrico-hibrido-2021-en-vizcaya-70378378-covo.aspx
MERCEDES-BENZ,MERCEDES-BENZ Clase A A 200 d,30.900 €,2022,48.107 km,Diesel,150 cv,Valencia,2026-05-06 14:19:19,C,https://www.coches.net/mercedes-benz-clase-a-a-200-d-5p-diesel-2022-en-valencia-70379380-covo.aspx
TOYOTA,TOYOTA Corolla 1.8 125H ACTIVE TECH ECVT TOU SPORT,19.990 €,2021,79.195 km,Híbrido,122 cv,Sevilla,2026-05-06 14:19:19,ECO,https://www.coches.net/toyota-corolla-18-125h-active-tech-ecvt-tou-sport-5p-electrico-hibrido-2021-en-sevilla-70379460-covo.aspx
AUDI,AUDI Q2 Design 30 TFSI,18.900 €,2019,74.000 km,Gasolina,116 cv,Cádiz,2026-05-06 14:19:19,C,https://www.coches.net/audi-q2-design-30-tfsi-85kw-116cv-5p-gasolina-2020-en-cadiz-70379857-covo.aspx
AUDI,AUDI Q3 Design edition 1.4 TFSI ultra CoD,18.900 €,2018,84.495 km,Gasolina,150 cv,Alicante,2026-05-06 14:19:19,C,https://www.coches.net/audi-q3-design-edition-14-tfsi-110kw-ultra-cod-5p-gasolina-2018-en-alicante-70379934-covo.aspx
SEAT,SEAT Arona 1.0 TSI FR Ecomotive,13.900 €,2018,99.246 km,Gasolina,115 cv,Córdoba,2026-05-06 14:19:19,C,https://www.coches.net/seat-arona-10-tsi-85kw-115cv-fr-ecomotive-5p-gasolina-2018-en-cordoba-70380060-covo.aspx
AUDI,AUDI A8 60 TFSIe quattro tiptronic,42.900 €,2021,119.000 km,Híbrido enchufable,449 cv,Madrid,2026-05-06 14:19:19,CERO,https://www.coches.net/audi-a8-60-tfsie-quattro-tiptronic-4p-electrico-hibrido-2021-en-madrid-70380659-covo.aspx
TOYOTA,TOYOTA Hilux 2.4 D4D Cabina Doble VX,29.985 €,2020,145.464 km,Diesel,150 cv,Las Palmas,2026-05-06 14:19:19,B,https://www.coches.net/toyota-hilux-24-d4d-cabina-doble-vx-4p-diesel-2020-en-las-palmas-70380988-covo.aspx
VOLKSWAGEN,VOLKSWAGEN Tiguan Life 1.4 TSI eHybrid DSG,25.985 €,2023,73.244 km,Híbrido enchufable,245 cv,Las Palmas,2026-05-06 14:19:19,CERO,https://www.coches.net/volkswagen-tiguan-life-14-tsi-ehybrid-180kw-245cv-dsg-5p-electrico-hibrido-2022-en-las-palmas-70380989-covo.aspx
PEUGEOT,PEUGEOT 2008 Allure Pack Puretech 100 SS 6 Vel. MAN,15.985 €,2023,57.519 km,Gasolina,100 cv,Las Palmas,2026-05-06 14:19:19,C,https://www.coches.net/peugeot-2008-allure-pack-puretech-100-ss-6-vel-man-5p-gasolina-2023-en-las-palmas-70380991-covo.aspx
SEAT,SEAT Ateca 1.0 TSI StSp Style Eco,18.985 €,2023,75.476 km,Gasolina,110 cv,Las Palmas,2026-05-06 14:19:19,C,https://www.coches.net/seat-ateca-10-tsi-81kw-110cv-stsp-style-eco-5p-gasolina-2022-en-las-palmas-70380992-covo.aspx
MERCEDES-BENZ,MERCEDES-BENZ CLA CLA 200,31.985 €,2021,61.252 km,Gasolina,163 cv,Las Palmas,2026-05-06 14:19:19,C,https://www.coches.net/mercedes-benz-cla-cla-200-4p-gasolina-2020-en-las-palmas-70380994-covo.aspx
KIA,KIA Stonic 1.0 TGDi MHEV iMT Concept,14.985 €,2022,36.466 km,Híbrido,100 cv,Las Palmas,2026-05-06 14:19:19,ECO,https://www.coches.net/kia-stonic-10-tgdi-74kw-100cv-mhev-imt-concept-5p-electrico-hibrido-2021-en-las-palmas-70380996-covo.aspx
OPEL,OPEL Corsa 1.2T XHL GS,13.985 €,2023,54.802 km,Gasolina,100 cv,Las Palmas,2026-05-06 14:19:19,C,https://www.coches.net/opel-corsa-12t-xhl-74kw-100cv-gs-5p-gasolina-2023-en-las-palmas-70380997-covo.aspx
KIA,KIA Sportage 1.6 MHEV Drive 4x2,18.485 €,2021,57.097 km,Híbrido,136 cv,Las Palmas,2026-05-06 14:19:19,ECO,https://www.coches.net/kia-sportage-16-mhev-drive-100kw-136cv-4x2-5p-electrico-hibrido-2021-en-las-palmas-70380998-covo.aspx
BMW,BMW X2 sDrive18i,24.985 €,2022,29.018 km,Gasolina,136 cv,Las Palmas,2026-05-06 14:19:19,C,https://www.coches.net/bmw-x2-sdrive18i-5p-gasolina-2022-en-las-palmas-70380999-covo.aspx
HYUNDAI,HYUNDAI Bayon 1.2 MPI Maxx,15.985 €,2024,44.475 km,Gasolina,84 cv,Las Palmas,2026-05-06 14:19:19,C,https://www.coches.net/hyundai-bayon-12-mpi-maxx-5p-gasolina-2023-en-las-palmas-70381000-covo.aspx
BMW,BMW X2 sDrive18i,24.985 €,2021,27.978 km,Gasolina,140 cv,Las Palmas,2026-05-06 14:19:19,C,https://www.coches.net/bmw-x2-sdrive18i-5p-gasolina-2020-en-las-palmas-70381002-covo.aspx
BMW,BMW Serie 5 520dA,24.990 €,2020,154.365 km,Híbrido,190 cv,Alicante,2026-05-06 14:19:19,ECO,https://www.coches.net/bmw-serie-5-520da-4p-electrico-hibrido-2020-en-alicante-70381203-covo.aspx
MERCEDES-BENZ,MERCEDES-BENZ Clase GLS GLS 350 d 4MATIC,44.850 €,2018,128.500 km,Diesel,258 cv,Alicante,2026-05-06 14:19:19,C,https://www.coches.net/mercedes-benz-clase-gls-gls-350-d-4matic-5p-diesel-2019-en-alicante-70381205-covo.aspx
MERCEDES-BENZ,MERCEDES-BENZ Clase S S 500 4MATIC EQ Boost Corto,78.900 €,2021,20.220 km,Híbrido,435 cv,Barcelona,2026-05-06 14:19:19,ECO,https://www.coches.net/mercedes-benz-clase-s-s-500-4matic-eq-boost-corto-4p-electrico-hibrido-2021-en-barcelona-70381338-covo.aspx
MERCEDES-BENZ,MERCEDES-BENZ EQB EQB 250,34.900 €,2022,57.212 km,Eléctrico,190 cv,Barcelona,2026-05-06 14:19:19,CERO,https://www.coches.net/mercedes-benz-eqb-eqb-250-5p-electrico-hibrido-2022-en-barcelona-70381344-covo.aspx
CITROEN,CITROEN C3 Aircross BlueHDi SS Feel,13.900 €,2023,41.200 km,Diesel,110 cv,Ciudad Real,2026-05-06 14:19:19,C,https://www.coches.net/citroen-c3-aircross-bluehdi-81kw-110cv-ss-feel-5p-diesel-2023-en-ciudad-real-70381405-covo.aspx
SMART,SMART forfour 60kW81CV electric drive,11.490 €,2019,68.605 km,Eléctrico,82 cv,Madrid,2026-05-06 14:19:19,B,https://www.coches.net/smart-forfour-60kw81cv-electric-drive-5p-electrico-hibrido-2019-en-madrid-70381938-covo.aspx
VOLKSWAGEN,VOLKSWAGEN Tiguan Life 2.0 TDI,22.990 €,2022,115.516 km,Diesel,122 cv,Madrid,2026-05-06 14:19:19,C,https://www.coches.net/volkswagen-tiguan-life-20-tdi-90kw-122cv-5p-diesel-2022-en-madrid-70381940-covo.aspx
DS,DS DS 7 Crossback E-Tense 1.6 ETense 225 PERFORMANCE LINE Auto,20.390 €,2021,91.336 km,Híbrido enchufable,225 cv,Madrid,2026-05-06 14:19:19,CERO,https://www.coches.net/ds-ds-7-crossback-e-tense-16-etense-225-performance-line--auto-5p-electrico-hibrido-2021-en-madrid-70381949-covo.aspx
MERCEDES-BENZ,MERCEDES-BENZ Clase M ML 320 CDI,9.999 €,2008,274.000 km,Diesel,224 cv,Sevilla,2026-05-06 14:19:19,B,https://www.coches.net/mercedes-benz-clase-m-ml-320-cdi-5p-diesel-2008-en-sevilla-70382327-covo.aspx
NISSAN,NISSAN QASHQAI DIGT mHEV Xtronic Acenta,21.999 €,2022,88.000 km,Híbrido,158 cv,Murcia,2026-05-06 14:19:19,ECO,https://www.coches.net/nissan-qashqai-digt-116kw-158cv-mhev-xtronic-acenta-5p-electrico-hibrido-2021-en-murcia-70382736-covo.aspx
MERCEDES-BENZ,MERCEDES-BENZ GLB 2.0 GLB 200 D DCT,30.999 €,2021,107.000 km,Diesel,150 cv,Madrid,2026-05-06 14:19:19,C,https://www.coches.net/mercedes-benz-glb-20-glb-200-d-dct-110kw-150cv-5p-diesel-2022-en-madrid-70383303-covo.aspx
OPEL,OPEL Astra 1.2T XHT Hybrid GS eDCT,28.200 €,2025,1 km,Híbrido,136 cv,Valencia,2026-05-06 14:19:19,ECO,https://www.coches.net/opel-astra-12t-xht-hybrid-100kw-136cv-gs-edct-5p-electrico-hibrido-2025-en-valencia-70383574-covo.aspx
MERCEDES-BENZ,MERCEDES-BENZ Clase C C 220 d,33.900 €,2022,102.820 km,Híbrido,200 cv,Valladolid,2026-05-06 14:19:19,ECO,https://www.coches.net/mercedes-benz-clase-c-c-220-d-4p-electrico-hibrido-2023-en-valladolid-70383614-covo.aspx
VOLVO,VOLVO XC40 2.0 B3 G Core Auto,29.900 €,2023,42.239 km,Híbrido,163 cv,Alicante,2026-05-06 14:19:19,ECO,https://www.coches.net/volvo-xc40-20-b3-g-core-auto-5p-electrico-hibrido-2024-en-alicante-70383711-covo.aspx
SEAT,SEAT León SP 1.5 eTSI DSG SS FR Go L,18.499 €,2021,107.510 km,Híbrido,150 cv,Madrid,2026-05-06 14:19:19,ECO,https://www.coches.net/seat-leon-sp-15-etsi-110kw-dsg-ss-fr-go-l-5p-electrico-hibrido-2022-en-madrid-70383915-covo.aspx
CITROEN,CITROEN Spacetourer Talla M BlueHDi Feel,21.700 €,2018,150.000 km,Diesel,120 cv,Ciudad Real,2026-05-06 14:19:19,C,https://www.coches.net/citroen-spacetourer-talla-m-bluehdi-88kw-120cv-feel-5p-diesel-2018-en-ciudad-real-70384042-covo.aspx
PEUGEOT,PEUGEOT 2008 Active Pack Puretech 100 SS BVM6,14.990 €,2020,56.000 km,Gasolina,100 cv,Sta. C. Tenerife,2026-05-06 14:19:19,B,https://www.coches.net/peugeot-2008-active-pack-puretech-100-ss-bvm6-5p-gasolina-2021-en-sta-c-tenerife-70384053-covo.aspx
CITROEN,CITROEN C3 Aircross BlueHDi SS Shine,15.750 €,2021,59.304 km,Diesel,110 cv,Valencia,2026-05-06 14:19:19,C,https://www.coches.net/citroen-c3-aircross-bluehdi-81kw-110cv-ss-shine-5p-diesel-2021-en-valencia-70384132-covo.aspx
MERCEDES-BENZ,MERCEDES-BENZ Clase C Coupe C 220 d,24.990 €,2018,137.000 km,Diesel,194 cv,Alicante,2026-05-06 14:19:19,C,https://www.coches.net/mercedes-benz-clase-c-coupe-c-220-d-2p-diesel-2018-en-alicante-70384689-covo.aspx
VOLKSWAGEN,VOLKSWAGEN T-Roc RLine 1.5 TSI Cabrio,22.500 €,2021,162.785 km,Gasolina,150 cv,Asturias,2026-05-06 14:19:19,C,https://www.coches.net/volkswagen-t-roc-rline-15-tsi-110kw-150cv-cabrio-2p-gasolina-2022-en-asturias-70384788-covo.aspx
RENAULT,RENAULT Kadjar Zen Energy dCi,11.799 €,2017,151.201 km,Diesel,130 cv,Madrid,2026-05-06 14:19:19,C,https://www.coches.net/renault-kadjar-zen-energy-dci-96kw-130cv-5p-diesel-2016-en-madrid-70384880-covo.aspx
MERCEDES-BENZ,MERCEDES-BENZ Clase A A 250 e con tecnologia hibrida EQ,33.990 €,2025,13.000 km,Híbrido enchufable,218 cv,Sta. C. Tenerife,2026-05-06 14:19:19,B,https://www.coches.net/mercedes-benz-clase-a-a-250-e-con-tecnologia-hibrida-eq-5p-electrico-hibrido-2025-en-sta-c-tenerife-70385342-covo.aspx
VOLKSWAGEN,VOLKSWAGEN T-Roc Life 1.0 TSI,18.995 €,2023,77.000 km,Gasolina,110 cv,Sta. C. Tenerife,2026-05-06 14:19:19,B,https://www.coches.net/volkswagen-t-roc-life-10-tsi-81kw-110cv-5p-gasolina-2024-en-sta-c-tenerife-70385384-covo.aspx
VOLVO,VOLVO XC90 2.0 T8 AWD Plus Dark Recharge Auto,70.900 €,2025,15.300 km,Híbrido enchufable,455 cv,Navarra,2026-05-06 14:19:19,CERO,https://www.coches.net/volvo-xc90-20-t8-awd-plus-dark-recharge-auto-5p-electrico-hibrido-2026-en-navarra-70387062-covo.aspx
SEAT,SEAT Arona 1.0 TSI Style Ecomotive,12.900 €,2020,110.000 km,Gasolina,115 cv,Cádiz,2026-05-06 14:19:19,C,https://www.coches.net/seat-arona-10-tsi-85kw-115cv-style-ecomotive-5p-gasolina-2020-en-cadiz-70387396-covo.aspx
BMW,BMW X5 xDrive30d,44.498 €,2020,145.000 km,Diesel,265 cv,Madrid,2026-05-06 14:19:19,C,https://www.coches.net/bmw-x5-xdrive30d-5p-diesel-2020-en-madrid-70387941-covo.aspx
PEUGEOT,PEUGEOT 208 BlueHDi Active,10.490 €,2021,64.830 km,Diesel,100 cv,Sevilla,2026-05-06 14:19:19,C,https://www.coches.net/peugeot-208-bluehdi-73kw-100cv-active-5p-diesel-2021-en-sevilla-70388264-covo.aspx
SKODA,SKODA Karoq 2.0 TDI DSG 4X4 Ambition,21.490 €,2021,66.834 km,Diesel,150 cv,Sevilla,2026-05-06 14:19:19,C,https://www.coches.net/skoda-karoq-20-tdi-110kw-150cv-dsg-4x4-ambition-5p-diesel-2022-en-sevilla-70388267-covo.aspx
VOLVO,VOLVO XC60 2.0 D4 Momentum Auto,26.990 €,2021,151.713 km,Diesel,190 cv,Sevilla,2026-05-06 14:19:19,ECO,https://www.coches.net/volvo-xc60-20-d4-momentum-auto-5p-diesel-2020-en-sevilla-70388271-covo.aspx
VOLVO,VOLVO XC60 2.0 T8 AWD Business Plus Auto,27.890 €,2020,133.676 km,Híbrido enchufable,390 cv,Sevilla,2026-05-06 14:19:19,CERO,https://www.coches.net/volvo-xc60-20-t8-awd-business-plus-auto-5p-electrico-hibrido-2020-en-sevilla-70388272-covo.aspx
MAZDA,MAZDA Mazda3 Active 1.6 VVT AT,6.190 €,2007,140.543 km,Gasolina,105 cv,Madrid,2026-05-06 14:19:19,C,https://www.coches.net/mazda-mazda3-active--16-vvt-at-5p-gasolina-2006-en-madrid-70389848-covo.aspx
AUDI,AUDI A3 RS 3 2.5 TFSI quattro S tronic Sedan,37.499 €,2018,98.000 km,Gasolina,400 cv,Sevilla,2026-05-06 14:19:19,B,https://www.coches.net/audi-a3-rs-3-25-tfsi-quattro-s-tronic-sedan-4p-gasolina-2018-en-sevilla-70390651-covo.aspx
DACIA,DACIA Sandero Stepway Comfort TCE 18,9.990 €,2018,80.000 km,Gasolina,90 cv,Barcelona,2026-05-06 14:19:19,C,https://www.coches.net/dacia-sandero-stepway-comfort-tce-66kw-90cv--18-5p-gasolina-2018-en-barcelona-70390864-covo.aspx
VOLKSWAGEN,VOLKSWAGEN Golf GTI Performance 2.0 TSI 180kW245CV DSG,28.990 €,2020,78.900 km,Gasolina,245 cv,Valencia,2026-05-06 14:19:19,C,https://www.coches.net/volkswagen-golf-gti-performance-20-tsi-180kw245cv-dsg-5p-gasolina-2020-en-valencia-70392294-covo.aspx
VOLVO,VOLVO XC40 2.0 B3 G Core Auto,35.900 €,2025,7 km,Híbrido,163 cv,Madrid,2026-05-06 14:19:19,ECO,https://www.coches.net/km-0/volvo/xc40/madrid/20-b3-g-core-auto-electrico-hibrido-de-km0-70393616-kovn.aspx
MERCEDES-BENZ,MERCEDES-BENZ Clase G MercedesAMG G 63,129.900 €,2019,120.000 km,Gasolina,585 cv,Madrid,2026-05-06 14:19:19,C,https://www.coches.net/mercedes-benz-clase-g-mercedesamg-g-63-5p-gasolina-2019-en-madrid-70395822-covo.aspx
VOLVO,VOLVO XC60 2.0 D4 Momentum Pro Auto,27.290 €,2021,124.644 km,Diesel,190 cv,Madrid,2026-05-06 14:19:19,ECO,https://www.coches.net/volvo-xc60-20-d4-momentum-pro-auto-5p-diesel-2021-en-madrid-70396536-covo.aspx
PEUGEOT,PEUGEOT 2008 Active 1.6 eHDi 92,7.990 €,2014,109.166 km,Diesel,92 cv,Madrid,2026-05-06 14:19:19,B,https://www.coches.net/peugeot-2008-active-16-ehdi-92-5p-diesel-2013-en-madrid-70396551-covo.aspx
ABARTH,ABARTH 500C 595C Turismo 1.4 16v TJet E6D,18.990 €,2021,58.171 km,Gasolina,165 cv,Madrid,2026-05-06 14:19:19,C,https://www.coches.net/abarth-500c-595c-turismo-14-16v-tjet-121kw-e6d-2p-gasolina-2021-en-madrid-70396796-covo.aspx
BMW,BMW Serie 1 116d Business,18.250 €,2021,93.266 km,Diesel,116 cv,Alicante,2026-05-06 14:19:19,C,https://www.coches.net/bmw-serie-1-116d-business-5p-diesel-2021-en-alicante-70397163-covo.aspx
CITROEN,CITROEN ë-Spacetourer eSpaceTourer Talla M 50KWh Feel,26.990 €,2021,44.753 km,Eléctrico,136 cv,Madrid,2026-05-06 14:19:19,CERO,https://www.coches.net/citroen-e-spacetourer-espacetourer-talla-m-50-kwh-feel-5p-electrico-hibrido-2022-en-madrid-70397186-covo.aspx
MG,MG MG4 64kWh Luxury,23.990 €,2023,23.316 km,Eléctrico,204 cv,Madrid,2026-05-06 14:19:19,CERO,https://www.coches.net/mg-mg4-64kwh-luxury-5p-electrico-hibrido-2022-en-madrid-70397191-covo.aspx
MINI,MINI COUNTRYMAN JCW ALL4,54.990 €,2025,9400 km,Gasolina,301 cv,Sta. C. Tenerife,2026-05-06 14:19:19,ECO,https://www.coches.net/mini-countryman-jcw-all4-5p-gasolina-2026-en-sta-c-tenerife-70397247-covo.aspx
TOYOTA,TOYOTA Corolla 1.8 125H ACTIVE TECH ECVT TOU SPORT,18.290 €,2021,128.000 km,Híbrido,122 cv,Barcelona,2026-05-06 14:19:19,ECO,https://www.coches.net/toyota-corolla-18-125h-active-tech-ecvt-tou-sport-5p-electrico-hibrido-2022-en-barcelona-70397373-covo.aspx
TOYOTA,TOYOTA Corolla 1.8 125H ACTIVE TECH ECVT TOU SPORT,17.790 €,2021,149.000 km,Híbrido,122 cv,Barcelona,2026-05-06 14:19:19,ECO,https://www.coches.net/toyota-corolla-18-125h-active-tech-ecvt-tou-sport-5p-electrico-hibrido-2022-en-barcelona-70397405-covo.aspx
MITSUBISHI,MITSUBISHI Space Star 120 MPI Kaiteki,10.990 €,2024,79.000 km,Gasolina,71 cv,Málaga,2026-05-06 14:19:19,C,https://www.coches.net/mitsubishi-space-star-120-mpi-kaiteki-5p-gasolina-2024-en-malaga-70397777-covo.aspx
MINI,MINI COUNTRYMAN Cooper D,20.900 €,2020,109.300 km,Diesel,150 cv,Madrid,2026-05-06 14:19:19,C,https://www.coches.net/mini-countryman-cooper-d-5p-diesel-2021-en-madrid-70397873-covo.aspx
LAND-ROVER,LAND-ROVER Range Rover Velar 2.0 I4 PHEV S 4WD Auto,59.900 €,2025,22.500 km,Híbrido enchufable,404 cv,Sta. C. Tenerife,2026-05-06 14:19:19,B,https://www.coches.net/land-rover-range-rover-velar-20-i4-phev-297kw-404cv-s-4wd-auto-5p-electrico-hibrido-2024-en-sta-c-tenerife-70397937-covo.aspx
CUPRA,CUPRA León 1.5 TSI,27.490 €,2024,20.551 km,Gasolina,150 cv,Madrid,2026-05-06 14:19:19,C,https://www.coches.net/cupra-leon-15-tsi-110kw-150cv-5p-gasolina-2025-en-madrid-70398009-covo.aspx
VOLKSWAGEN,VOLKSWAGEN Tiguan RLine 1.4 TSI eHybrid DSG,32.985 €,2023,46.776 km,Híbrido enchufable,245 cv,Las Palmas,2026-05-06 14:19:19,CERO,https://www.coches.net/volkswagen-tiguan-rline-14-tsi-ehybrid-180kw-245cv-dsg-5p-electrico-hibrido-2023-en-las-palmas-70398427-covo.aspx
VOLKSWAGEN,VOLKSWAGEN Polo Match 1.0 TSI,18.985 €,2026,10.225 km,Gasolina,95 cv,Las Palmas,2026-05-06 14:19:19,C,https://www.coches.net/volkswagen-polo-match-10-tsi-70kw-95cv-5p-gasolina-2026-en-las-palmas-70398431-covo.aspx
JEEP,JEEP Renegade Limited 1.0G 4x2,16.985 €,2022,35.748 km,Gasolina,120 cv,Las Palmas,2026-05-06 14:19:19,C,https://www.coches.net/jeep-renegade-limited-10g-88kw-120cv-4x2-5p-gasolina-2022-en-las-palmas-70398433-covo.aspx
DACIA,DACIA Duster Base 1.6 4X2 2017,12.490 €,2017,60.408 km,Gasolina,114 cv,Madrid,2026-05-06 14:19:19,C,https://www.coches.net/dacia-duster-base-16-84kw-114cv-4x2-2017-5p-gasolina-2017-en-madrid-70398477-covo.aspx
TOYOTA,TOYOTA Land Cruiser 90 3.0 TD GX,18.990 €,1998,263.055 km,Diesel,125 cv,Sta. C. Tenerife,2026-05-06 14:19:19,B,https://www.coches.net/toyota-land-cruiser-90-30-td-gx-3p-diesel-1996-en-sta-c-tenerife-70398880-covo.aspx
RENAULT,RENAULT Mégane Zen Energy dCi,13.790 €,2017,160.798 km,Diesel,110 cv,Madrid,2026-05-06 14:19:19,B,https://www.coches.net/renault-megane-zen-energy-dci-81kw-110cv-5p-diesel-2017-en-madrid-70399254-covo.aspx
KIA,KIA EV9 GTLine 998kWh AWD 7pl,54.890 €,2023,29.484 km,Eléctrico,385 cv,Madrid,2026-05-06 14:19:19,CERO,https://www.coches.net/kia-ev9-gtline-998kwh-283kw-awd-7pl-5p-electrico-hibrido-2024-en-madrid-70399300-covo.aspx
VOLKSWAGEN,VOLKSWAGEN Tiguan Advance 1.4 ACT TSI BMT,19.490 €,2016,99.199 km,Gasolina,150 cv,Madrid,2026-05-06 14:19:19,C,https://www.coches.net/volkswagen-tiguan-advance-14-act-tsi-150cv-bmt-5p-gasolina-2017-en-madrid-70399303-covo.aspx
KIA,KIA Sportage 1.6 TGDi PHEV Drive 4x4,27.950 €,2023,59.994 km,Híbrido enchufable,265 cv,Madrid,2026-05-06 14:19:19,CERO,https://www.coches.net/kia-sportage-16-tgdi-phev-198kw-265cv-drive-4x4-5p-electrico-hibrido-2023-en-madrid-70399304-covo.aspx
TOYOTA,TOYOTA Yaris Cross 1.5 120H Active Tech,25.490 €,2024,39.734 km,Híbrido,116 cv,Madrid,2026-05-06 14:19:19,ECO,https://www.coches.net/toyota-yaris-cross-15-120h-active-tech-5p-electrico-hibrido-2023-en-madrid-70399308-covo.aspx
OPEL,OPEL Mokka 1.2 T 130 CV GS,17.990 €,2023,35.581 km,Gasolina,130 cv,Madrid,2026-05-06 14:19:19,C,https://www.coches.net/opel-mokka-12-t-96kw-130-cv-gs-5p-gasolina-2023-en-madrid-70399319-covo.aspx
NISSAN,NISSAN QASHQAI DIGT mHEV Xtronic Acenta,22.890 €,2023,68.971 km,Híbrido,158 cv,Madrid,2026-05-06 14:19:19,ECO,https://www.coches.net/nissan-qashqai-digt-116kw-158cv-mhev-xtronic-acenta-5p-electrico-hibrido-2023-en-madrid-70399324-covo.aspx
MERCEDES-BENZ,MERCEDES-BENZ GLA GLA 200 D 4MATIC,44.990 €,2024,14.743 km,Diesel,150 cv,Madrid,2026-05-06 14:19:19,C,https://www.coches.net/mercedes-benz-gla-gla-200-d-4matic-5p-diesel-2024-en-madrid-70399328-covo.aspx
MERCEDES-BENZ,MERCEDES-BENZ GLB 2.0 GLB 220 D 4MATIC DCT,34.290 €,2022,88.550 km,Diesel,190 cv,Madrid,2026-05-06 14:19:19,C,https://www.coches.net/mercedes-benz-glb-20-glb-220-d-4matic-dct-140kw-190cv-5p-diesel-2022-en-madrid-70399329-covo.aspx
MAZDA,MAZDA CX-60 eSkyactiv PHEV AWD PrimeLine,30.790 €,2023,86.244 km,Híbrido enchufable,327 cv,Madrid,2026-05-06 14:19:19,CERO,https://www.coches.net/mazda-cx-60-eskyactiv-phev-awd-primeline-5p-electrico-hibrido-2022-en-madrid-70399330-covo.aspx
MERCEDES-BENZ,MERCEDES-BENZ Clase B B 180 d,19.890 €,2019,97.368 km,Diesel,116 cv,Madrid,2026-05-06 14:19:19,C,https://www.coches.net/mercedes-benz-clase-b-b-180-d-5p-diesel-2019-en-madrid-70399331-covo.aspx
KIA,KIA Sportage 1.6 TGDi Drive 4x2,20.990 €,2022,94.249 km,Gasolina,150 cv,Madrid,2026-05-06 14:19:19,ECO,https://www.coches.net/kia-sportage-16-tgdi-110kw-150cv-drive-4x2-5p-gasolina-2022-en-madrid-70399335-covo.aspx
HYUNDAI,HYUNDAI Tucson 1.6 GDI NLine Lite 4X2,16.990 €,2020,131.914 km,Gasolina,132 cv,Madrid,2026-05-06 14:19:19,C,https://www.coches.net/hyundai-tucson-16-gdi-97kw-131cv-nline-lite-4x2-5p-gasolina-2020-en-madrid-70399337-covo.aspx
DACIA,DACIA Sandero Stepway Expression Go ECOG,16.390 €,2025,5700 km,Gas licuado (GLP),101 cv,Madrid,2026-05-06 14:19:19,ECO,https://www.coches.net/dacia-sandero-stepway-expression-go-74kw-100cv-ecog-5p-otros-2024-en-madrid-70399347-covo.aspx
BMW,BMW X3 sDrive18d xLine,34.900 €,2022,76.087 km,Híbrido,150 cv,Alicante,2026-05-06 14:19:19,ECO,https://www.coches.net/bmw-x3-sdrive18d-xline-5p-electrico-hibrido-2023-en-alicante-70399394-covo.aspx
HYUNDAI,HYUNDAI Tucson 1.6T HEV AT Klass,27.950 €,2025,33.389 km,Híbrido,215 cv,Castellón,2026-05-06 14:19:19,ECO,https://www.coches.net/hyundai-tucson-16t-158kw-215cv-hev-at-klass-5p-electrico-hibrido-2025-en-castellon-70400128-covo.aspx
NISSAN,NISSAN JUKE DIGT 114 CV 6MT NConnecta,16.250 €,2021,72.195 km,Gasolina,114 cv,Sta. C. Tenerife,2026-05-06 14:19:19,C,https://www.coches.net/nissan-juke-digt-84-kw-114-cv-6mt-nconnecta-5p-gasolina-2021-en-sta-c-tenerife-70400385-covo.aspx
LYNK,LYNK & CO 08 1.5 PHEV More,45.900 €,2025,26.000 km,Híbrido enchufable,350 cv,Madrid,2026-05-06 14:19:19,CERO,https://www.coches.net/lynk--co-08-15-phev-more-5p-electrico-hibrido-2026-en-madrid-70400538-covo.aspx
NISSAN,NISSAN QASHQAI DIGT mHEV Xtronic Acenta,22.900 €,2021,69.000 km,Híbrido,158 cv,Valladolid,2026-05-06 14:19:19,ECO,https://www.coches.net/nissan-qashqai-digt-116kw-158cv-mhev-xtronic-acenta-5p-electrico-hibrido-2021-en-valladolid-70400710-covo.aspx
NISSAN,NISSAN QASHQAI DIGT mHEV Xtronic Acenta,22.900 €,2021,61.000 km,Híbrido,158 cv,Valladolid,2026-05-06 14:19:19,ECO,https://www.coches.net/nissan-qashqai-digt-116kw-158cv-mhev-xtronic-acenta-5p-electrico-hibrido-2021-en-valladolid-70400724-covo.aspx
MERCEDES-BENZ,MERCEDES-BENZ Clase E E 220 d Estate,25.900 €,2018,103.000 km,Diesel,194 cv,Valladolid,2026-05-06 14:19:19,C,https://www.coches.net/mercedes-benz-clase-e-e-220-d-estate-5p-diesel-2019-en-valladolid-70400962-covo.aspx
LEXUS,LEXUS NX 2.5 300h Business 2WD,22.990 €,2018,93.500 km,Híbrido,197 cv,Las Palmas,2026-05-06 14:19:19,B,https://www.coches.net/lexus-nx-25-300h-business-2wd-5p-electrico-hibrido-2018-en-las-palmas-70400977-covo.aspx
CITROEN,CITROEN C3 PureTech FEEL,6.790 €,2019,120.000 km,Gasolina,82 cv,Las Palmas,2026-05-06 14:19:19,B,https://www.coches.net/citroen-c3-puretech-60kw-82cv-feel-5p-gasolina-2018-en-las-palmas-70401137-covo.aspx
VOLKSWAGEN,VOLKSWAGEN Polo Advance 1.2 TSI 66kW90CV BMT,11.900 €,2017,86.418 km,Gasolina,90 cv,Guadalajara,2026-05-06 14:19:19,C,https://www.coches.net/volkswagen-polo-advance-12-tsi-66kw90cv-bmt-5p-gasolina-2017-en-guadalajara-70401199-covo.aspx
VOLVO,VOLVO XC90 2.0 T8 AWD Recharge Inscription Exp Auto,34.900 €,2021,129.000 km,Híbrido enchufable,390 cv,Almería,2026-05-06 14:19:19,CERO,https://www.coches.net/volvo-xc90-20-t8-awd-recharge-inscription-exp-auto-5p-electrico-hibrido-2022-en-almeria-70402182-covo.aspx
FORD,FORD S-MAX 2.0 TDCi Panther Titanium AUT,19.990 €,2022,149.641 km,Diesel,150 cv,Asturias,2026-05-06 14:19:19,C,https://www.coches.net/ford-s-max-20-tdci-panther-110kw-titanium-aut-5p-diesel-2022-en-asturias-70402216-covo.aspx
MERCEDES-BENZ,MERCEDES-BENZ Clase C C 300 de Estate,24.900 €,2021,137.000 km,Híbrido enchufable,306 cv,Sevilla,2026-05-06 14:19:19,CERO,https://www.coches.net/mercedes-benz-clase-c-c-300-de-estate-5p-electrico-hibrido-2020-en-sevilla-70402332-covo.aspx
MERCEDES-BENZ,MERCEDES-BENZ Clase A A 180 d,20.900 €,2022,132.000 km,Diesel,116 cv,Sevilla,2026-05-06 14:19:19,C,https://www.coches.net/mercedes-benz-clase-a-a-180-d-5p-diesel-2022-en-sevilla-70402744-covo.aspx
LANCIA,LANCIA Voyager 2.8 CRD Ed. Limitada Family Class,10.999 €,2014,220.000 km,Diesel,177 cv,Sevilla,2026-05-06 14:19:19,B,https://www.coches.net/lancia-voyager-28-crd-ed-limitada-family-class-5p-diesel-2015-en-sevilla-70403596-covo.aspx
PEUGEOT,PEUGEOT 208 PureTech EAT8 Allure Pack,13.850 €,2022,75.189 km,Gasolina,100 cv,Valencia,2026-05-06 14:19:19,C,https://www.coches.net/peugeot-208-puretech-73kw-100cv-eat8-allure-pack-5p-gasolina-2020-en-valencia-70404404-covo.aspx
RENAULT,RENAULT Trafic SL LIMITED Energy dCi 120 CV SS,17.900 €,2020,190.000 km,Diesel,120 cv,Asturias,2026-05-06 14:19:19,C,https://www.coches.net/renault-trafic-sl-limited-energy-dci-88-kw-120-cv-ss-4p-diesel-2019-en-asturias-70404414-covo.aspx
PEUGEOT,PEUGEOT 208 PureTech Allure,11.490 €,2022,68.219 km,Gasolina,100 cv,Madrid,2026-05-06 14:19:19,C,https://www.coches.net/peugeot-208-puretech-73kw-100cv-allure-5p-gasolina-2021-en-madrid-70404995-covo.aspx
OPEL,OPEL Astra 1.7 CDTi 110 CV Selective,6.190 €,2012,179.606 km,Diesel,110 cv,Madrid,2026-05-06 14:19:19,B,https://www.coches.net/opel-astra-17-cdti-110-cv-selective-5p-diesel-2013-en-madrid-70405220-covo.aspx
MERCEDES-BENZ,MERCEDES-BENZ GLC GLC 220 d 4MATIC,47.900 €,2024,45.000 km,Híbrido,197 cv,Valladolid,2026-05-06 14:19:19,ECO,https://www.coches.net/mercedes-benz-glc-glc-220-d-4matic-5p-electrico-hibrido-2024-en-valladolid-70405388-covo.aspx
MERCEDES-BENZ,MERCEDES-BENZ GLC GLC 220 d 4MATIC,48.900 €,2024,44.000 km,Híbrido,197 cv,Valladolid,2026-05-06 14:19:19,ECO,https://www.coches.net/mercedes-benz-glc-glc-220-d-4matic-5p-electrico-hibrido-2024-en-valladolid-70405396-covo.aspx
FORD,FORD Focus 1.0 Ecoboost STLine,17.190 €,2022,86.000 km,Gasolina,125 cv,Madrid,2026-05-06 14:19:19,C,https://www.coches.net/ford-focus-10-ecoboost-92kw-stline-5p-gasolina-2022-en-madrid-70405440-covo.aspx
VOLKSWAGEN,VOLKSWAGEN Passat Alltrack 2.0 TDI 4Mot DSG,24.900 €,2020,120.000 km,Diesel,190 cv,Madrid,2026-05-06 14:19:19,C,https://www.coches.net/volkswagen-passat-alltrack-20-tdi-140kw-190cv-4mot-dsg-5p-diesel-2020-en-madrid-70405562-covo.aspx
PEUGEOT,PEUGEOT 2008 Style BlueHDi SS,10.790 €,2018,74.000 km,Diesel,100 cv,Madrid,2026-05-06 14:19:19,C,https://www.coches.net/peugeot-2008-style-bluehdi-73kw-100cv-ss-5p-diesel-2018-en-madrid-70405566-covo.aspx
FORD,FORD Puma 1.5 Ecoblue Titanium,16.090 €,2022,94.000 km,Diesel,120 cv,Madrid,2026-05-06 14:19:19,C,https://www.coches.net/ford-puma-15-ecoblue-120cv-titanium-5p-diesel-2023-en-madrid-70405676-covo.aspx
VOLVO,VOLVO XC60 2.0 T8 AWD Recharge RDesign Exp Auto,35.900 €,2020,37.135 km,Híbrido enchufable,390 cv,Valencia,2026-05-06 14:19:19,ECO,https://www.coches.net/volvo-xc60-20-t8-awd-recharge-rdesign-exp-auto-5p-electrico-hibrido-2021-en-valencia-70405709-covo.aspx
SMART,SMART forfour 60kW81CV EQ,9.890 €,2020,45.000 km,Eléctrico,82 cv,Madrid,2026-05-06 14:19:19,CERO,https://www.coches.net/smart-forfour-60kw81cv-eq-5p-electrico-hibrido-2020-en-madrid-70405812-covo.aspx
KIA,KIA Stonic 1.0 TGDi Drive,15.500 €,2020,33.472 km,Gasolina,100 cv,Jaén,2026-05-06 14:19:19,C,https://www.coches.net/kia-stonic-10-tgdi-74kw-100cv-drive-5p-gasolina-2020-en-jaen-70405856-covo.aspx
MAZDA,MAZDA CX-30 SKYACTIVG 2.0 2WD Evolution,19.390 €,2020,79.000 km,Híbrido,122 cv,Madrid,2026-05-06 14:19:19,ECO,https://www.coches.net/mazda-cx-30-skyactivg-20-90-kw-2wd-evolution-5p-electrico-hibrido-2020-en-madrid-70405914-covo.aspx
MITSUBISHI,MITSUBISHI Colt 100T Motion,17.500 €,2025,11.234 km,Gasolina,90 cv,Jaén,2026-05-06 14:19:19,C,https://www.coches.net/mitsubishi-colt-100t-motion-5p-gasolina-2025-en-jaen-70405917-covo.aspx
RENAULT,RENAULT Captur equilibre TCe,15.485 €,2023,42.537 km,Gasolina,90 cv,Las Palmas,2026-05-06 14:19:19,C,https://www.coches.net/renault-captur-equilibre-tce-67kw-90cv-5p-gasolina-2022-en-las-palmas-70406261-covo.aspx
MERCEDES-BENZ,MERCEDES-BENZ GLC Coupé GLC 300 de 4MATIC,38.985 €,2022,124.899 km,Híbrido enchufable,306 cv,Las Palmas,2026-05-06 14:19:19,CERO,https://www.coches.net/mercedes-benz-glc-coupe-glc-300-de-4matic-5p-electrico-hibrido-2022-en-las-palmas-70406307-covo.aspx
KIA,KIA Sportage 1.6 MHEV Drive 4x2,18.485 €,2021,58.883 km,Híbrido,136 cv,Las Palmas,2026-05-06 14:19:19,ECO,https://www.coches.net/kia-sportage-16-mhev-drive-100kw-136cv-4x2-5p-electrico-hibrido-2020-en-las-palmas-70406310-covo.aspx
TOYOTA,TOYOTA Proace City 1.5D GX L1,14.800 €,2020,104.909 km,Diesel,102 cv,Valencia,2026-05-06 14:19:19,C,https://www.coches.net/toyota-proace-city-15d-75kw-100cv-gx-l1-4p-diesel-2020-en-valencia-70406439-covo.aspx
SEAT,SEAT Ibiza 1.0 TSI FR Salta,18.480 €,2025,23.100 km,Gasolina,115 cv,Madrid,2026-05-06 14:19:19,C,https://www.coches.net/seat-ibiza-10-tsi-85kw-115cv-fr-salta-5p-gasolina-2025-en-madrid-70406568-covo.aspx
MINI,MINI COOPER E,27.750 €,2025,40 km,Eléctrico,184 cv,Sta. C. Tenerife,2026-05-06 14:19:19,CERO,https://www.coches.net/mini-cooper-e-3p-electrico-hibrido-2025-en-sta-c-tenerife-70406695-covo.aspx
MERCEDES-BENZ,MERCEDES-BENZ CLA CLA MercedesAMG S 45 4MATIC,73.995 €,2022,42.000 km,Gasolina,422 cv,Sta. C. Tenerife,2026-05-06 14:19:19,B,https://www.coches.net/mercedes-benz-cla-cla-mercedesamg-s-45-4matic-4p-gasolina-2021-en-sta-c-tenerife-70406911-covo.aspx
MG,MG ZS 1.5 Luxury,14.490 €,2022,74.325 km,Gasolina,106 cv,Madrid,2026-05-06 14:19:19,C,https://www.coches.net/mg-zs-15-luxury-5p-gasolina-2022-en-madrid-70407461-covo.aspx
SEAT,SEAT Ateca 1.5 TSI DSG FR 75 Aniversario,32.700 €,2026,10 km,Gasolina,150 cv,Burgos,2026-05-06 14:19:19,C,https://www.coches.net/km-0/seat/ateca/burgos/15-tsi-110kw-dsg-fr-75-aniversario-gasolina-de-km0-70407462-kovn.aspx
PEUGEOT,PEUGEOT 5008 GTLine BlueHDi SS EAT8,20.990 €,2020,82.676 km,Diesel,130 cv,Madrid,2026-05-06 14:19:19,C,https://www.coches.net/peugeot-5008-gtline-bluehdi-96kw-130cv-ss-eat8-5p-diesel-2020-en-madrid-70407476-covo.aspx
JEEP,JEEP Renegade 4xe 1.3 PHEV 140kW190CV Limited AT,15.990 €,2023,117.756 km,Híbrido enchufable,190 cv,Castellón,2026-05-06 14:19:19,CERO,https://www.coches.net/jeep-renegade-4xe-13-phev-140-kw190cv-limited-at-5p-electrico-hibrido-2023-en-castellon-70407621-covo.aspx
BMW,BMW Serie 1 116d,20.490 €,2022,42.354 km,Diesel,116 cv,Madrid,2026-05-06 14:19:19,C,https://www.coches.net/bmw-serie-1-116d-5p-diesel-2023-en-madrid-70407821-covo.aspx
MERCEDES-BENZ,MERCEDES-BENZ Clase C C Coupe 250 d,28.700 €,2018,124.741 km,Diesel,204 cv,Alicante,2026-05-06 14:19:19,C,https://www.coches.net/mercedes-benz-clase-c-c-coupe-250-d-2p-diesel-2018-en-alicante-70407841-covo.aspx
NISSAN,NISSAN QASHQAI EPOWER 190 CV NConnecta,26.890 €,2024,11.433 km,Híbrido,190 cv,Madrid,2026-05-06 14:19:19,ECO,https://www.coches.net/nissan-qashqai-epower-140-kw-190-cv-nconnecta-5p-electrico-hibrido-2024-en-madrid-70407979-covo.aspx
FORD,FORD Ranger 2.0 Ecoblue 4x4 Doble Cabina XL,41.490 €,2025,29.898 km,Diesel,170 cv,Madrid,2026-05-06 14:19:19,C,https://www.coches.net/ford-ranger-20-ecoblue-125kw-4x4-doble-cabina-xl-4p-diesel-2025-en-madrid-70408002-covo.aspx
MERCEDES-BENZ,MERCEDES-BENZ Clase GLC GLC 220 d 4MATIC,38.900 €,2022,74.841 km,Diesel,194 cv,Valencia,2026-05-06 14:19:19,C,https://www.coches.net/mercedes-benz-clase-glc-glc-220-d-4matic-5p-diesel-2022-en-valencia-70408087-covo.aspx
SEAT,SEAT León 1.5 TSI StSp FR Edition,18.990 €,2018,65.470 km,Gasolina,130 cv,Madrid,2026-05-06 14:19:19,C,https://www.coches.net/seat-leon-15-tsi-96kw-130cv-stsp-fr-edition-5p-gasolina-2019-en-madrid-70408104-covo.aspx
JAGUAR,JAGUAR E-Pace 2.0D 4WD Auto,18.990 €,2019,122.070 km,Diesel,180 cv,Madrid,2026-05-06 14:19:19,C,https://www.coches.net/jaguar-e-pace-20d-132kw-4wd-auto-5p-diesel-2020-en-madrid-70408105-covo.aspx
BMW,BMW Serie 1 116d,19.890 €,2022,66.219 km,Diesel,116 cv,Madrid,2026-05-06 14:19:19,C,https://www.coches.net/bmw-serie-1-116d-5p-diesel-2023-en-madrid-70408106-covo.aspx
VOLKSWAGEN,VOLKSWAGEN Taigo Life 1.0 TSI,16.950 €,2023,124.717 km,Gasolina,110 cv,Madrid,2026-05-06 14:19:19,C,https://www.coches.net/volkswagen-taigo-life-10-tsi-81kw-110cv-5p-gasolina-2024-en-madrid-70408108-covo.aspx
VOLKSWAGEN,VOLKSWAGEN Golf eGolf ePower,15.490 €,2020,62.716 km,Eléctrico,136 cv,Madrid,2026-05-06 14:19:19,CERO,https://www.coches.net/volkswagen-golf-egolf-epower-100-kw-136cv-5p-electrico-hibrido-2020-en-madrid-70408110-covo.aspx
SEAT,SEAT Ibiza 1.5 TSI DSG FR XL,22.890 €,2024,8415 km,Gasolina,150 cv,Madrid,2026-05-06 14:19:19,C,https://www.coches.net/seat-ibiza-15-tsi-110kw-150cv-dsg-fr-xl-5p-gasolina-2024-en-madrid-70408112-covo.aspx
KIA,KIA Sportage 1.6 TGDi PHEV Tech 4x4,25.890 €,2022,88.980 km,Híbrido enchufable,265 cv,Madrid,2026-05-06 14:19:19,CERO,https://www.coches.net/kia-sportage-16-tgdi-phev-198kw-265cv-tech-4x4-5p-electrico-hibrido-2022-en-madrid-70408123-covo.aspx
TOYOTA,TOYOTA Land Cruiser 2.8 D4D GX,42.590 €,2021,88.837 km,Diesel,204 cv,Madrid,2026-05-06 14:19:19,C,https://www.coches.net/toyota-land-cruiser-28-d4d-gx-5p-diesel-2020-en-madrid-70408124-covo.aspx
SEAT,SEAT León 1.5 TSI SS Xcellence Go M,18.990 €,2020,87.863 km,Gasolina,150 cv,Madrid,2026-05-06 14:19:19,C,https://www.coches.net/seat-leon-15-tsi-110kw-ss-xcellence-go-m-5p-gasolina-2021-en-madrid-70408126-covo.aspx
FORD,FORD Fiesta 1.0 EcoBoost MHEV 92kW125CV STLine,12.980 €,2022,121.660 km,Híbrido,125 cv,Madrid,2026-05-06 14:19:19,ECO,https://www.coches.net/ford-fiesta-10-ecoboost-mhev-92kw125cv-stline-5p-5p-electrico-hibrido-2023-en-madrid-70408127-covo.aspx
VOLKSWAGEN,VOLKSWAGEN Golf Life 2.0 TDI,24.890 €,2022,80.031 km,Diesel,150 cv,Madrid,2026-05-06 14:19:19,C,https://www.coches.net/volkswagen-golf-life-20-tdi-110kw-150cv-5p-diesel-2023-en-madrid-70408129-covo.aspx
FORD,FORD Mondeo 1.5 EcoBoost Titanium,16.990 €,2019,64.889 km,Gasolina,165 cv,Madrid,2026-05-06 14:19:19,ECO,https://www.coches.net/ford-mondeo-15-ecoboost-121kw-165cv-titanium-5p-gasolina-2019-en-madrid-70408130-covo.aspx
VOLKSWAGEN,VOLKSWAGEN Passat Advance 2.0 TDI 110kW150CV DSG Variant,16.490 €,2019,149.083 km,Diesel,150 cv,Madrid,2026-05-06 14:19:19,C,https://www.coches.net/volkswagen-passat-advance-20-tdi-110kw150cv-dsg-variant-5p-diesel-2019-en-madrid-70408134-covo.aspx
KIA,KIA cee'd 1.0 TGDi Drive EcoDynamics,10.590 €,2015,105.178 km,Gasolina,120 cv,Madrid,2026-05-06 14:19:19,C,https://www.coches.net/kia-ceed-10-tgdi-120cv-drive-ecodynamics-5p-gasolina-2016-en-madrid-70408141-covo.aspx
DS,DS DS 7 Crossback PureTech Auto. SO CHIC,20.250 €,2021,60.127 km,Gasolina,131 cv,Madrid,2026-05-06 14:19:19,C,https://www.coches.net/ds-ds-7-crossback-puretech-96kw-130cv-auto-so-chic-5p-gasolina-2021-en-madrid-70408144-covo.aspx
FORD,FORD Focus 1.0 Ecoboost MHEV STLine Auto,17.480 €,2023,77.115 km,Híbrido,125 cv,Madrid,2026-05-06 14:19:19,ECO,https://www.coches.net/ford-focus-10-ecoboost-mhev-92kw-stline-auto-5p-electrico-hibrido-2023-en-madrid-70408153-covo.aspx
OPEL,OPEL Crossland 1.2 GS,14.890 €,2023,55.693 km,Gasolina,110 cv,Madrid,2026-05-06 14:19:19,C,https://www.coches.net/opel-crossland-12-81kw-110cv-gs-5p-gasolina-2023-en-madrid-70408154-covo.aspx
BMW,BMW Serie 1 118i,25.490 €,2023,53.869 km,Gasolina,136 cv,Madrid,2026-05-06 14:19:19,C,https://www.coches.net/bmw-serie-1-118i-5p-gasolina-2024-en-madrid-70408160-covo.aspx
AUDI,AUDI A1 Active Kit 1.4 TDI Sportback,14.990 €,2018,75.090 km,Diesel,90 cv,Madrid,2026-05-06 14:19:19,C,https://www.coches.net/audi-a1-active-kit-14-tdi-66kw-90cv-sportback-5p-diesel-2018-en-madrid-70408161-covo.aspx
FORD,FORD Focus 1.0 Ecoboost MHEV STLine Auto,16.980 €,2023,93.814 km,Híbrido,125 cv,Madrid,2026-05-06 14:19:19,ECO,https://www.coches.net/ford-focus-10-ecoboost-mhev-92kw-stline-auto-5p-electrico-hibrido-2022-en-madrid-70408163-covo.aspx
KIA,KIA Ceed Tourer Tourer 1.0 TGDi GT Line,17.890 €,2023,90.571 km,Gasolina,120 cv,Madrid,2026-05-06 14:19:19,C,https://www.coches.net/kia-ceed-tourer-tourer-10-tgdi-88kw-120cv-gt-line-5p-gasolina-2020-en-madrid-70408169-covo.aspx
FIAT,FIAT Punto 1.3 Pop 75 CV Multijet,7.890 €,2014,90.193 km,Diesel,75 cv,Madrid,2026-05-06 14:19:19,B,https://www.coches.net/fiat-punto-13-pop-75-cv-multijet-5p-diesel-2012-en-madrid-70408171-covo.aspx
FORD,FORD EcoSport 1.0T EcoBoost SS ST Line,14.950 €,2022,68.267 km,Gasolina,125 cv,Madrid,2026-05-06 14:19:19,C,https://www.coches.net/ford-ecosport-10t-ecoboost-92kw-125cv-ss-st-line-5p-gasolina-2022-en-madrid-70408180-covo.aspx
LAND-ROVER,LAND-ROVER Discovery Sport 2.0D I4L.Flw 150 PS AWD MHEV Auto S,26.950 €,2020,46.736 km,Híbrido,150 cv,Madrid,2026-05-06 14:19:19,ECO,https://www.coches.net/land-rover-discovery-sport-20d-i4lflw-150-ps-awd-mhev-auto-s-5p-electrico-hibrido-2020-en-madrid-70408183-covo.aspx
OPEL,OPEL Corsa 1.2T XHL GS,13.740 €,2023,79.839 km,Gasolina,100 cv,Madrid,2026-05-06 14:19:19,C,https://www.coches.net/opel-corsa-12t-xhl-74kw-100cv-gs-5p-gasolina-2023-en-madrid-70408185-covo.aspx
AUDI,AUDI A3 Sportback S line 35 TFSI S tronic,33.900 €,2023,15.070 km,Híbrido,150 cv,Gipuzkoa,2026-05-06 14:19:19,ECO,https://www.coches.net/audi-a3-sportback-s-line-35-tfsi-110kw-s-tronic-5p-electrico-hibrido-2024-en-guipuzcoa-70408624-covo.aspx
KIA,KIA Ceed 1.4 TGDi Drive,14.990 €,2020,68.000 km,Gasolina,140 cv,Alicante,2026-05-06 14:19:19,C,https://www.coches.net/kia-ceed-14-tgdi-103kw-140cv-drive-5p-gasolina-2020-en-alicante-70408815-covo.aspx
PEUGEOT,PEUGEOT Rifter Active Standard BlueHDi,14.900 €,2021,103.200 km,Diesel,100 cv,Alicante,2026-05-06 14:19:19,B,https://www.coches.net/peugeot-rifter-active-standard-bluehdi-73kw-4p-diesel-2021-en-alicante-70408901-covo.aspx
FOTON,FOTON Tunland G7 4WD 6MT,30.900 €,2025,2100 km,Diesel,162 cv,Jaén,2026-05-06 14:19:19,C,https://www.coches.net/foton-tunland-g7-4wd-6mt-4p-diesel-2024-en-jaen-70408937-covo.aspx
MERCEDES-BENZ,MERCEDES-BENZ Clase GLA GLA 220 CDI 4Matic AMG Line,14.990 €,2014,265.000 km,Diesel,170 cv,Alicante,2026-05-06 14:19:19,C,https://www.coches.net/mercedes-benz-clase-gla-gla-220-cdi-4matic-amg-line-5p-diesel-2015-en-alicante-70409099-covo.aspx
PEUGEOT,PEUGEOT 3008 Hybrid 225 eEAT8 Allure,16.990 €,2022,84.000 km,Híbrido enchufable,225 cv,Las Palmas,2026-05-06 14:19:19,CERO,https://www.coches.net/peugeot-3008-hybrid-225-eeat8-allure-5p-electrico-hibrido-2020-en-las-palmas-70409240-covo.aspx
SEAT,SEAT Arona 1.0 TSI DSG Style XL Edition,15.990 €,2023,76.500 km,Gasolina,110 cv,Las Palmas,2026-05-06 14:19:19,C,https://www.coches.net/seat-arona-10-tsi-81kw-dsg-style-xl-edition-5p-gasolina-2023-en-las-palmas-70409242-covo.aspx
VOLKSWAGEN,VOLKSWAGEN Polo 1.6 TDI DSG Sport,7.999 €,2013,227.000 km,Diesel,90 cv,Alicante,2026-05-06 14:19:19,B,https://www.coches.net/volkswagen-polo-16-tdi-90cv-dsg-sport-5p-diesel-2013-en-alicante-70409393-covo.aspx
CITROEN,CITROEN C5 Aircross BlueHdi SS EAT8 C Series,16.700 €,2022,114.100 km,Diesel,131 cv,Ciudad Real,2026-05-06 14:19:19,C,https://www.coches.net/citroen-c5-aircross-bluehdi-96kw-130cv-ss-eat8-c-series-5p-diesel-2022-en-ciudad-real-70409642-covo.aspx
HYUNDAI,HYUNDAI Kona 1.6 GDI HEV Klass DCT,17.650 €,2021,88.825 km,Híbrido,141 cv,Alicante,2026-05-06 14:19:19,ECO,https://www.coches.net/hyundai-kona-16-gdi-hev-klass-dct-5p-electrico-hibrido-2020-en-alicante-70410139-covo.aspx
VOLKSWAGEN,VOLKSWAGEN Tiguan RLine 2.0 TDI DSG,33.990 €,2023,65.000 km,Diesel,150 cv,Alicante,2026-05-06 14:19:19,C,https://www.coches.net/volkswagen-tiguan-rline-20-tdi-110kw-150cv-dsg-5p-diesel-2023-en-alicante-70410141-covo.aspx
MERCEDES-BENZ,MERCEDES-BENZ Clase GLC GLC 220 d 4MATIC,43.500 €,2021,40.729 km,Diesel,194 cv,Albacete,2026-05-06 14:19:19,C,https://www.coches.net/mercedes-benz-clase-glc-glc-220-d-4matic-5p-diesel-2022-en-albacete-70410450-covo.aspx
VOLKSWAGEN,VOLKSWAGEN T-Roc Life 2.0 TDI,25.800 €,2022,54.200 km,Diesel,115 cv,Albacete,2026-05-06 14:19:19,C,https://www.coches.net/volkswagen-t-roc-life-20-tdi-85kw-115cv-5p-diesel-2023-en-albacete-70410494-covo.aspx
AUDI,AUDI Q5 SPORTBACK S line 35 TDI S tronic,40.800 €,2022,61.800 km,Híbrido,163 cv,Albacete,2026-05-06 14:19:19,ECO,https://www.coches.net/audi-q5-sportback-s-line-35-tdi-120kw-s-tronic-5p-electrico-hibrido-2023-en-albacete-70410555-covo.aspx
VOLKSWAGEN,VOLKSWAGEN Polo RLine 1.0 TSI DSG,16.990 €,2022,101.671 km,Gasolina,110 cv,Asturias,2026-05-06 14:19:19,C,https://www.coches.net/volkswagen-polo-rline-10-tsi-81kw-110cv-dsg-5p-gasolina-2022-en-asturias-70410574-covo.aspx
PORSCHE,PORSCHE Cayenne Coupé GTS,120.000 €,2022,68.000 km,Gasolina,460 cv,Albacete,2026-05-06 14:19:19,C,https://www.coches.net/porsche-cayenne-coupe-gts-5p-gasolina-2023-en-albacete-70410612-covo.aspx
AUDI,AUDI Q3 Sportback S line 35 TDI S tronic,43.490 €,2024,16.800 km,Diesel,150 cv,Albacete,2026-05-06 14:19:19,C,https://www.coches.net/audi-q3-sportback-s-line-35-tdi-110kw-150cv-s-tronic-5p-diesel-2025-en-albacete-70410666-covo.aspx
AUDI,AUDI A5 35 TDI S tronic Sportback,37.990 €,2020,73.728 km,Diesel,163 cv,Albacete,2026-05-06 14:19:19,C,https://www.coches.net/audi-a5-35-tdi-120kw-163cv-s-tronic-sportback-5p-diesel-2021-en-albacete-70410709-covo.aspx
BMW,BMW Serie 2 Active Tourer 216d Business,17.900 €,2021,109.000 km,Diesel,116 cv,Valladolid,2026-05-06 14:19:19,C,https://www.coches.net/bmw-serie-2-active-tourer-216d-business-5p-diesel-2022-en-valladolid-70410794-covo.aspx
VOLKSWAGEN,VOLKSWAGEN Tiguan Life 2.0 TDI,30.500 €,2021,98.700 km,Diesel,150 cv,Albacete,2026-05-06 14:19:19,C,https://www.coches.net/volkswagen-tiguan-life-20-tdi-110kw-150cv-5p-diesel-2022-en-albacete-70410798-covo.aspx
BMW,BMW Serie 5 520d Efficient Dynamics,22.900 €,2017,167.380 km,Diesel,190 cv,Sta. C. Tenerife,2026-05-06 14:19:19,C,https://www.coches.net/bmw-serie-5-520d-efficient-dynamics-4p-diesel-2017-en-sta-c-tenerife-70410939-covo.aspx
MINI,MINI COOPER C,27.900 €,2025,26.413 km,Gasolina,156 cv,Sta. C. Tenerife,2026-05-06 14:19:19,C,https://www.coches.net/mini-cooper-c-5p-gasolina-2025-en-sta-c-tenerife-70410940-covo.aspx
LEXUS,LEXUS UX 2.0 250h Executive Navigation,27.900 €,2018,87.000 km,Híbrido,184 cv,Albacete,2026-05-06 14:19:19,ECO,https://www.coches.net/lexus-ux-20-250h-executive-navigation-5p-electrico-hibrido-2019-en-albacete-70413355-covo.aspx
BMW,BMW X1 sDrive18i,20.990 €,2018,61.000 km,Gasolina,140 cv,Madrid,2026-05-06 14:19:19,C,https://www.coches.net/bmw-x1-sdrive18i-5p-gasolina-2019-en-madrid-70413450-covo.aspx
TESLA,TESLA Model S P100D 4WD,39.900 €,2017,83.000 km,Eléctrico,772 cv,Madrid,2026-05-06 14:19:19,CERO,https://www.coches.net/tesla-model-s-p100d-4wd-5p-electrico-hibrido-2017-en-madrid-70413458-covo.aspx
AUDI,AUDI Q2 Advanced 30 TDI S tronic,21.490 €,2020,51.000 km,Diesel,116 cv,Madrid,2026-05-06 14:19:19,C,https://www.coches.net/audi-q2-advanced-30-tdi-85kw-116cv-s-tronic-5p-diesel-2020-en-madrid-70413666-covo.aspx
KIA,KIA Stonic 1.0 TGDi MHEV iMT Drive,15.990 €,2021,48.894 km,Híbrido,120 cv,Valencia,2026-05-06 14:19:19,ECO,https://www.coches.net/kia-stonic-10-tgdi-88kw-120cv-mhev-imt-drive-5p-electrico-hibrido-2021-en-valencia-70413708-covo.aspx
RENAULT,RENAULT Talisman Limited Blue dCi,15.990 €,2019,93.000 km,Diesel,120 cv,Madrid,2026-05-06 14:19:19,C,https://www.coches.net/renault-talisman-limited-blue-dci-88-kw-120cv-4p-diesel-2019-en-madrid-70413743-covo.aspx
DS,DS DS 7 ETENSE 225 RIVOLI,23.990 €,2023,90.000 km,Híbrido enchufable,225 cv,Madrid,2026-05-06 14:19:19,CERO,https://www.coches.net/ds-ds-7-etense-225-rivoli-5p-electrico-hibrido-2024-en-madrid-70413828-covo.aspx
BMW,BMW X4 xDrive20d,36.900 €,2021,139.700 km,Híbrido,190 cv,Madrid,2026-05-06 14:19:19,ECO,https://www.coches.net/bmw-x4-xdrive20d-5p-electrico-hibrido-2021-en-madrid-70413908-covo.aspx
BMW,BMW X3 xDrive20d,31.900 €,2020,86.100 km,Diesel,190 cv,Madrid,2026-05-06 14:19:19,C,https://www.coches.net/bmw-x3-xdrive20d-5p-diesel-2020-en-madrid-70413913-covo.aspx
BMW,BMW X1 sDrive18i,23.900 €,2022,75.857 km,Gasolina,136 cv,Sta. C. Tenerife,2026-05-06 14:19:19,C,https://www.coches.net/bmw-x1-sdrive18i-5p-gasolina-2022-en-sta-c-tenerife-70413950-covo.aspx
PEUGEOT,PEUGEOT 308 Allure Hybrid 180 eEAT8,17.990 €,2022,87.000 km,Híbrido enchufable,180 cv,Madrid,2026-05-06 14:19:19,CERO,https://www.coches.net/peugeot-308-5p-allure-hybrid-180-eeat8-5p-electrico-hibrido-2022-en-madrid-70413958-covo.aspx
PORSCHE,PORSCHE Cayenne,49.990 €,2019,81.000 km,Gasolina,340 cv,Madrid,2026-05-06 14:19:19,C,https://www.coches.net/porsche-cayenne--5p-gasolina-2020-en-madrid-70413988-covo.aspx
CITROEN,CITROEN C4 PureTech 130 SS EAT8 Feel Pack,15.990 €,2023,36.000 km,Gasolina,131 cv,Madrid,2026-05-06 14:19:19,C,https://www.coches.net/citroen-c4-puretech-130-ss-eat8-feel-pack-5p-gasolina-2023-en-madrid-70414072-covo.aspx
TOYOTA,TOYOTA Rav4 2.0D 150D 2WD Advance,14.495 €,2015,208.187 km,Diesel,143 cv,Badajoz,2026-05-06 14:19:19,B,https://www.coches.net/toyota-rav4-20d-150d-2wd-advance-5p-diesel-2016-en-badajoz-70414220-covo.aspx
OPEL,OPEL Insignia ST 1.6 CDTi ecoTEC D Business,14.890 €,2019,73.250 km,Diesel,110 cv,Málaga,2026-05-06 14:19:19,C,https://www.coches.net/opel-insignia-st-16-cdti-81kw-ecotec-d-business-5p-diesel-2018-en-malaga-70414249-covo.aspx
BMW,BMW X2 sDrive20i,52.900 €,2025,111 km,Híbrido,170 cv,Toledo,2026-05-06 14:19:19,ECO,https://www.coches.net/km-0/bmw/x2/toledo/sdrive20i-electrico-hibrido-de-km0-70414272-kovn.aspx
MINI,MINI MINI ONE CABRIO,17.990 €,2019,81.000 km,Gasolina,102 cv,Madrid,2026-05-06 14:19:19,C,https://www.coches.net/mini-mini-one-cabrio-2p-gasolina-2020-en-madrid-70414290-covo.aspx
CITROEN,CITROEN C4 Cactus PureTech 110 SS Shine,10.990 €,2020,91.000 km,Gasolina,110 cv,Madrid,2026-05-06 14:19:19,C,https://www.coches.net/citroen-c4-cactus-puretech-110-ss-shine-5p-gasolina-2020-en-madrid-70414338-covo.aspx
AUDI,AUDI A4 Avant Advanced 35 TDI S tronic,26.490 €,2022,78.000 km,Híbrido,163 cv,Madrid,2026-05-06 14:19:19,ECO,https://www.coches.net/audi-a4-avant-advanced-35-tdi-120kw-s-tronic-5p-electrico-hibrido-2023-en-madrid-70414415-covo.aspx
MERCEDES-BENZ,MERCEDES-BENZ Clase S S 500,11.990 €,2002,109.000 km,Gasolina,306 cv,Alicante,2026-05-06 14:19:19,B,https://www.coches.net/mercedes-benz-clase-s-s-500-4p-gasolina-2002-en-alicante-70414516-covo.aspx
PORSCHE,PORSCHE 911 GT3,194.900 €,2021,15.607 km,Gasolina,510 cv,Murcia,2026-05-06 14:19:19,B,https://www.coches.net/porsche-911-gt3-2p-gasolina-2022-en-murcia-70414518-covo.aspx
AUDI,AUDI Q3 Sportback 35 TDI quattro,30.990 €,2020,104.000 km,Diesel,150 cv,Madrid,2026-05-06 14:19:19,C,https://www.coches.net/audi-q3-sportback-35-tdi-quattro-110kw-150cv-5p-diesel-2021-en-madrid-70414528-covo.aspx
BMW,BMW Serie 1 118i,18.490 €,2020,77.736 km,Gasolina,140 cv,Madrid,2026-05-06 14:19:19,C,https://www.coches.net/bmw-serie-1-118i-5p-gasolina-2020-en-madrid-70414580-covo.aspx
PEUGEOT,PEUGEOT 3008 Hybrid 300 eEAT8 GT,24.990 €,2021,51.000 km,Híbrido enchufable,300 cv,Madrid,2026-05-06 14:19:19,CERO,https://www.coches.net/peugeot-3008-hybrid-300-eeat8-gt-5p-electrico-hibrido-2021-en-madrid-70414606-covo.aspx
VOLKSWAGEN,VOLKSWAGEN Polo Polo 1.0 TSI,15.490 €,2022,99.556 km,Gasolina,95 cv,Madrid,2026-05-06 14:19:19,C,https://www.coches.net/volkswagen-polo-polo-10-tsi-70kw-95cv-5p-gasolina-2023-en-madrid-70414641-covo.aspx
JAGUAR,JAGUAR XF 3.0 V6 Diesel S Luxury,14.900 €,2013,164.950 km,Diesel,275 cv,Valencia,2026-05-06 14:19:19,B,https://www.coches.net/jaguar-xf-30-v6-diesel-s-luxury-4p-diesel-2012-en-valencia-70414647-covo.aspx
BMW,BMW Serie 1 118i Corporate Auto.,23.990 €,2022,40.000 km,Gasolina,136 cv,Madrid,2026-05-06 14:19:19,C,https://www.coches.net/bmw-serie-1-118i-corporate-auto-5p-gasolina-2023-en-madrid-70414665-covo.aspx
LAND-ROVER,LAND-ROVER Range Rover Evoque 2.0 P300 RDynamic S AUTO 4WD,30.990 €,2019,57.000 km,Híbrido,300 cv,Madrid,2026-05-06 14:19:19,C,https://www.coches.net/land-rover-range-rover-evoque-20-p300-rdynamic-s-auto-4wd-5p-electrico-hibrido-2020-en-madrid-70414753-covo.aspx
VOLVO,VOLVO XC40 2.0 B3 G Plus Dark Auto,35.900 €,2025,25.338 km,Híbrido,163 cv,A Coruña,2026-05-06 14:19:19,ECO,https://www.coches.net/volvo-xc40-20-b3-g-plus-dark-auto-5p-electrico-hibrido-2025-en-a-coruna-70414942-covo.aspx
LAND-ROVER,LAND-ROVER Discovery 3.0 SDV6 LANDMARK Auto,54.900 €,2020,58.700 km,Diesel,306 cv,Madrid,2026-05-06 14:19:19,C,https://www.coches.net/land-rover-discovery-30-sdv6-225kw-306cv-landmark-auto-5p-diesel-2020-en-madrid-70414949-covo.aspx
VOLVO,VOLVO XC60 2.0 T6 AWD Recharge Ultra Dark Auto,53.900 €,2024,16.018 km,Híbrido enchufable,350 cv,A Coruña,2026-05-06 14:19:19,CERO,https://www.coches.net/volvo-xc60-20-t6-awd-recharge-ultra-dark-auto-5p-electrico-hibrido-2025-en-a-coruna-70415009-covo.aspx
AUDI,AUDI A3 Sportback S line 35 TFSI S tronic,33.900 €,2025,20.297 km,Híbrido,150 cv,Jaén,2026-05-06 14:19:19,ECO,https://www.coches.net/audi-a3-sportback-s-line-35-tfsi-110kw-s-tronic-5p-electrico-hibrido-2025-en-jaen-70415015-covo.aspx
VOLVO,VOLVO XC60 2.0 B4 D Core Auto,38.400 €,2024,49.426 km,Híbrido,197 cv,Madrid,2026-05-06 14:19:19,ECO,https://www.coches.net/volvo-xc60-20-b4-d-core-auto-5p-electrico-hibrido-2024-en-madrid-70415063-covo.aspx
LYNK,LYNK & CO 01 1.5 PHEV 6.6kW,24.900 €,2023,43.724 km,Híbrido enchufable,261 cv,Madrid,2026-05-06 14:19:19,CERO,https://www.coches.net/lynk--co-01-15-phev-66kw-5p-electrico-hibrido-2022-en-madrid-70415071-covo.aspx
PORSCHE,PORSCHE Macan Macan,57.985 €,2020,36.493 km,Gasolina,245 cv,Las Palmas,2026-05-06 14:19:19,C,https://www.coches.net/porsche-macan-macan-5p-gasolina-2020-en-las-palmas-70415124-covo.aspx
RENAULT,RENAULT ZOE Zen R135 Bateria 50kWh,13.985 €,2021,36.139 km,Eléctrico,135 cv,Las Palmas,2026-05-06 14:19:19,CERO,https://www.coches.net/renault-zoe-zen-100-kw-r135-bateria-50kwh-5p-electrico-hibrido-2020-en-las-palmas-70415126-covo.aspx
VOLKSWAGEN,VOLKSWAGEN Polo Polo 1.0 TSI,14.985 €,2022,82.908 km,Gasolina,95 cv,Las Palmas,2026-05-06 14:19:19,C,https://www.coches.net/volkswagen-polo-polo-10-tsi-70kw-95cv-5p-gasolina-2022-en-las-palmas-70415127-covo.aspx
KIA,KIA Stonic 1.0 TGDi MHEV MT Concept,15.985 €,2023,42.211 km,Híbrido,100 cv,Las Palmas,2026-05-06 14:19:19,B,https://www.coches.net/kia-stonic-10-tgdi-74kw-100cv-mhev-mt-concept-5p-electrico-hibrido-2023-en-las-palmas-70415128-covo.aspx
OMODA,OMODA 5 1.6 TGDI DCT,22.985 €,2023,48.149 km,Gasolina,197 cv,Las Palmas,2026-05-06 14:19:19,C,https://www.coches.net/omoda-5-16-tgdi-145kw-197cv-dct-5p-gasolina-2023-en-las-palmas-70415129-covo.aspx
PEUGEOT,PEUGEOT 2008 Allure Puretech 100 SS 6 Vel. MAN,15.985 €,2023,53.062 km,Gasolina,100 cv,Las Palmas,2026-05-06 14:19:19,C,https://www.coches.net/peugeot-2008-allure-puretech-100-ss-6-vel-man-5p-gasolina-2023-en-las-palmas-70415130-covo.aspx
DS,DS DS 7 ETENSE 225 PERFORMANCE LINE,26.985 €,2023,54.026 km,Híbrido enchufable,225 cv,Las Palmas,2026-05-06 14:19:19,CERO,https://www.coches.net/ds-ds-7-etense-225-performance-line--5p-electrico-hibrido-2023-en-las-palmas-70415131-covo.aspx
LYNK,LYNK & CO 01 1.5 PHEV 6.6kW,24.900 €,2023,53.821 km,Híbrido enchufable,261 cv,Madrid,2026-05-06 14:19:19,CERO,https://www.coches.net/lynk--co-01-15-phev-66kw-5p-electrico-hibrido-2022-en-madrid-70415165-covo.aspx
VOLVO,VOLVO XC60 2.0 B5 G AWD Plus Dark Auto,48.900 €,2025,19.877 km,Híbrido,250 cv,A Coruña,2026-05-06 14:19:19,ECO,https://www.coches.net/volvo-xc60-20-b5-g-awd-plus-dark-auto-5p-electrico-hibrido-2025-en-a-coruna-70415389-covo.aspx
MINI,MINI CLUBMAN COOPER D,16.900 €,2018,100.000 km,Diesel,150 cv,Barcelona,2026-05-06 14:19:19,C,https://www.coches.net/mini-clubman-cooper-d-5p-diesel-2018-en-barcelona-70415992-covo.aspx
BMW,BMW Serie 5 520e,32.490 €,2022,66.837 km,Híbrido enchufable,204 cv,Madrid,2026-05-06 14:19:19,CERO,https://www.coches.net/bmw-serie-5-520e-4p-electrico-hibrido-2022-en-madrid-70416150-covo.aspx
MASERATI,MASERATI Levante GT L4 HybridGasolina AWD,53.590 €,2022,59.205 km,Híbrido,330 cv,Madrid,2026-05-06 14:19:19,ECO,https://www.coches.net/maserati-levante-gt-l4-330cv-hybridgasolina-awd-5p-electrico-hibrido-2022-en-madrid-70416165-covo.aspx
RENAULT,RENAULT Arkana Evolution TCe 103kW140CV EDC mild hybr,22.900 €,2024,31.444 km,Híbrido,140 cv,Madrid,2026-05-06 14:19:19,ECO,https://www.coches.net/renault-arkana-evolution-tce-103kw140cv-edc-mild-hybr-5p-electrico-hibrido-2024-en-madrid-70416174-covo.aspx
KIA,KIA Sportage 1.6 TGDi PHEV Drive 4x4,27.990 €,2023,79.083 km,Híbrido enchufable,265 cv,Madrid,2026-05-06 14:19:19,CERO,https://www.coches.net/kia-sportage-16-tgdi-phev-198kw-265cv-drive-4x4-5p-electrico-hibrido-2023-en-madrid-70416245-covo.aspx
AUDI,AUDI A5 sport 2.0 TDI S tronic Sportback,28.550 €,2018,58.445 km,Diesel,190 cv,Madrid,2026-05-06 14:19:19,C,https://www.coches.net/audi-a5-sport-20-tdi-140kw-s-tronic-sportback-5p-diesel-2018-en-madrid-70416246-covo.aspx
AUDI,AUDI A4 Advanced edition 1.4 TFSI,18.490 €,2018,110.410 km,Gasolina,150 cv,Madrid,2026-05-06 14:19:19,C,https://www.coches.net/audi-a4-advanced-edition-14-tfsi-110kw-150cv-4p-gasolina-2018-en-madrid-70416253-covo.aspx
FORD,FORD Focus 1.0 Ecoboost STLine RB,11.990 €,2018,140.932 km,Gasolina,125 cv,Madrid,2026-05-06 14:19:19,C,https://www.coches.net/ford-focus-10-ecoboost-92kw-stline-rb-5p-gasolina-2017-en-madrid-70416254-covo.aspx
MAZDA,MAZDA CX-5 2.0 GE 2WD Evolution,24.890 €,2022,88.013 km,Gasolina,165 cv,Madrid,2026-05-06 14:19:19,C,https://www.coches.net/mazda-cx-5-20-ge-121kw-165cv-2wd-evolution-5p-gasolina-2022-en-madrid-70416268-covo.aspx
MAZDA,MAZDA CX-5 2.0 G 2WD AT Zenith,22.490 €,2019,109.254 km,Gasolina,165 cv,Madrid,2026-05-06 14:19:19,C,https://www.coches.net/mazda-cx-5-20-g-121kw-165cv-2wd-at-zenith-5p-gasolina-2019-en-madrid-70416269-covo.aspx
MERCEDES-BENZ,MERCEDES-BENZ CLA CLA 250 e,28.590 €,2022,95.592 km,Híbrido enchufable,218 cv,Madrid,2026-05-06 14:19:19,CERO,https://www.coches.net/mercedes-benz-cla-cla-250-e-4p-electrico-hibrido-2023-en-madrid-70416270-covo.aspx
AUDI,AUDI A5 Sportback 2.0 TDI quattro,16.990 €,2014,124.150 km,Diesel,177 cv,Madrid,2026-05-06 14:19:19,B,https://www.coches.net/audi-a5-sportback-20-tdi-177cv-quattro-5p-diesel-2014-en-madrid-70416271-covo.aspx
NISSAN,NISSAN JUKE 1.6 Hybrid NConnecta,22.990 €,2024,24.162 km,Híbrido,143 cv,Madrid,2026-05-06 14:19:19,ECO,https://www.coches.net/nissan-juke-16-hybrid-105kw-145cv-nconnecta-5p-electrico-hibrido-2024-en-madrid-70416272-covo.aspx
BMW,BMW Serie 3 330e,41.590 €,2023,54.934 km,Híbrido enchufable,292 cv,Madrid,2026-05-06 14:19:19,B,https://www.coches.net/bmw-serie-3-330e-4p-electrico-hibrido-2023-en-madrid-70416276-covo.aspx
BMW,BMW Serie 3 318d Auto.,39.990 €,2025,29.413 km,Híbrido,150 cv,Madrid,2026-05-06 14:19:19,ECO,https://www.coches.net/bmw-serie-3-318d-auto-4p-electrico-hibrido-2025-en-madrid-70416278-covo.aspx
AUDI,AUDI Q3 Advanced 35 TDI S tronic,29.990 €,2023,41.735 km,Diesel,150 cv,Madrid,2026-05-06 14:19:19,C,https://www.coches.net/audi-q3-advanced-35-tdi-110kw-150cv-s-tronic-5p-diesel-2023-en-madrid-70416279-covo.aspx
TOYOTA,TOYOTA C-HR 1.8 125H Active,23.450 €,2023,60.002 km,Híbrido,122 cv,Madrid,2026-05-06 14:19:19,ECO,https://www.coches.net/toyota-c-hr-18-125h-active-5p-electrico-hibrido-2023-en-madrid-70416282-covo.aspx
CITROEN,CITROEN C3 Aircross PureTech EAT6 Shine Pack,15.890 €,2023,28.019 km,Gasolina,131 cv,Madrid,2026-05-06 14:19:19,C,https://www.coches.net/citroen-c3-aircross-puretech-96kw-130cv-eat6-shine-pack-5p-gasolina-2023-en-madrid-70416283-covo.aspx
PEUGEOT,PEUGEOT 308 SW GT Line 1.2 PureTech SS,9.590 €,2018,129.816 km,Gasolina,130 cv,Madrid,2026-05-06 14:19:19,B,https://www.coches.net/peugeot-308-sw-gt-line-12-puretech-96kw-130cv-ss-5p-gasolina-2018-en-madrid-70416285-covo.aspx
DS,DS DS 3 PureTech 82 Design,8.990 €,2015,46.530 km,Gasolina,82 cv,Madrid,2026-05-06 14:19:19,C,https://www.coches.net/ds-ds-3-puretech-82-design-3p-gasolina-2014-en-madrid-70416286-covo.aspx
MERCEDES-BENZ,MERCEDES-BENZ GLB 2.0 GLB 200 D DCT,36.590 €,2021,50.516 km,Diesel,150 cv,Madrid,2026-05-06 14:19:19,C,https://www.coches.net/mercedes-benz-glb-20-glb-200-d-dct-110kw-150cv-5p-diesel-2022-en-madrid-70416288-covo.aspx
AUDI,AUDI Q5 SPORTBACK Advanced 50 TFSI e quattroultra,44.990 €,2024,89.219 km,Híbrido enchufable,299 cv,Madrid,2026-05-06 14:19:19,CERO,https://www.coches.net/audi-q5-sportback-advanced-50-tfsi-e-quattroultra-5p-electrico-hibrido-2024-en-madrid-70416289-covo.aspx
RENAULT,RENAULT Austral Techno Mild Hybrid,27.490 €,2024,50.242 km,Híbrido,140 cv,Madrid,2026-05-06 14:19:19,B,https://www.coches.net/renault-austral-techno-mild-hybrid-103kw-140cv-5p-electrico-hibrido-2023-en-madrid-70416292-covo.aspx
AUDI,AUDI Q3 Advanced 35 TDI S tronic,27.750 €,2023,68.006 km,Diesel,150 cv,Madrid,2026-05-06 14:19:19,C,https://www.coches.net/audi-q3-advanced-35-tdi-110kw-150cv-s-tronic-5p-diesel-2023-en-madrid-70416293-covo.aspx
KIA,KIA Sportage 1.6 TGDi HEV Drive 4x2,24.990 €,2022,80.180 km,Híbrido,230 cv,Madrid,2026-05-06 14:19:19,B,https://www.coches.net/kia-sportage-16-tgdi-hev-171kw-230cv-drive-4x2-5p-electrico-hibrido-2023-en-madrid-70416294-covo.aspx
LAND-ROVER,LAND-ROVER Discovery 2.0 SD4 S Auto,22.999 €,2019,148.482 km,Diesel,240 cv,Madrid,2026-05-06 14:19:19,C,https://www.coches.net/land-rover-discovery-20-sd4-177kw-240cv-s-auto-5p-diesel-2020-en-madrid-70416300-covo.aspx
LAND-ROVER,LAND-ROVER Range Rover Sport 3.0 SDV6 HSE,27.990 €,2017,133.793 km,Diesel,306 cv,Madrid,2026-05-06 14:19:19,C,https://www.coches.net/land-rover-range-rover-sport-30-sdv6-225kw-306cv-hse-5p-diesel-2017-en-madrid-70416301-covo.aspx
PEUGEOT,PEUGEOT Rifter Rifter GT BlueHDi 130,23.890 €,2023,17.498 km,Diesel,130 cv,Madrid,2026-05-06 14:19:19,C,https://www.coches.net/peugeot-rifter-rifter-gt-bluehdi-130-5p-diesel-2023-en-madrid-70416302-covo.aspx
VOLVO,VOLVO XC40 1.5 T2 Core Auto,25.990 €,2022,44.773 km,Gasolina,129 cv,Madrid,2026-05-06 14:19:19,C,https://www.coches.net/volvo-xc40-15-t2-core-auto-5p-gasolina-2023-en-madrid-70416303-covo.aspx
AUDI,AUDI e-tron Sportback Black line 50 quattro,33.500 €,2021,73.096 km,Eléctrico,313 cv,Madrid,2026-05-06 14:19:19,CERO,https://www.coches.net/audi-e-tron-sportback-black-line-50-quattro-5p-electrico-hibrido-2021-en-madrid-70416785-covo.aspx
AUDI,AUDI Q4 e-tron S line 40 etron 82kWh,35.800 €,2023,12.944 km,Eléctrico,204 cv,Madrid,2026-05-06 14:19:19,CERO,https://www.coches.net/audi-q4-e-tron-s-line-40-etron-150kw-82kwh-5p-electrico-hibrido-2023-en-madrid-70416809-covo.aspx
AUDI,AUDI Q4 Sportback e-tron Black line edition 45 etron 82kWh,48.700 €,2024,18.920 km,Eléctrico,286 cv,Madrid,2026-05-06 14:19:19,CERO,https://www.coches.net/audi-q4-sportback-e-tron-black-line-edition-45-etron-210kw-82kwh-5p-electrico-hibrido-2024-en-madrid-70416818-covo.aspx
AUDI,AUDI Q8 Sportback e-tron S line 55 quattro,54.500 €,2023,33.573 km,Eléctrico,408 cv,Madrid,2026-05-06 14:19:19,CERO,https://www.coches.net/audi-q8-sportback-e-tron-s-line-55-quattro-5p-electrico-hibrido-2024-en-madrid-70416842-covo.aspx
AUDI,AUDI Q8 Sportback e-tron S line 55 quattro,65.000 €,2023,275 km,Eléctrico,408 cv,Madrid,2026-05-06 14:19:19,CERO,https://www.coches.net/audi-q8-sportback-e-tron-s-line-55-quattro-5p-electrico-hibrido-2024-en-madrid-70416844-covo.aspx
AUDI,AUDI Q8 e-tron S line 55 quattro,53.200 €,2023,23.178 km,Eléctrico,408 cv,Madrid,2026-05-06 14:19:19,CERO,https://www.coches.net/audi-q8-e-tron-s-line-55-quattro-5p-electrico-hibrido-2024-en-madrid-70416857-covo.aspx
VOLKSWAGEN,VOLKSWAGEN Polo Polo 1.0 TSI,11.990 €,2022,113.000 km,Gasolina,95 cv,Sta. C. Tenerife,2026-05-06 14:19:19,B,https://www.coches.net/volkswagen-polo-polo-10-tsi-70kw-95cv-5p-gasolina-2022-en-sta-c-tenerife-70417562-covo.aspx
DACIA,DACIA Duster Ambiance TCE 4X2 2017,12.990 €,2018,120.788 km,Gasolina,125 cv,Las Palmas,2026-05-06 14:19:19,B,https://www.coches.net/dacia-duster-ambiance-tce-92kw-125cv-4x2-2017-5p-gasolina-2017-en-las-palmas-70417680-covo.aspx
CITROEN,CITROEN C3 PureTech FEEL,6.790 €,2019,144.000 km,Gasolina,82 cv,Las Palmas,2026-05-06 14:19:19,B,https://www.coches.net/citroen-c3-puretech-60kw-82cv-feel-5p-gasolina-2019-en-las-palmas-70418268-covo.aspx
VOLVO,VOLVO XC40 1.5 T4 Twin Recharge Inscription Auto,26.900 €,2021,75.000 km,Híbrido enchufable,211 cv,Valencia,2026-05-06 14:19:19,CERO,https://www.coches.net/volvo-xc40-15-t4-twin-recharge-inscription-auto-5p-electrico-hibrido-2021-en-valencia-70418272-covo.aspx
HYUNDAI,HYUNDAI Tucson 1.6 CRDI 48V Maxx DCT 4x4,25.900 €,2022,85.000 km,Híbrido,136 cv,Valladolid,2026-05-06 14:19:19,ECO,https://www.coches.net/hyundai-tucson-16-crdi-100kw-136cv-48v-maxx-dct-4x4-5p-electrico-hibrido-2022-en-valladolid-70418312-covo.aspx
SKODA,SKODA Kamiq 1.0 TSI DSG MONTECARLO,22.990 €,2024,46.000 km,Gasolina,110 cv,Las Palmas,2026-05-06 14:19:19,C,https://www.coches.net/skoda-kamiq-10-tsi-81kw-110cv-dsg-montecarlo-5p-gasolina-2023-en-las-palmas-70418432-covo.aspx
SEAT,SEAT Ateca 1.6 TDI StSp Reference Eco,13.990 €,2019,158.929 km,Diesel,115 cv,Asturias,2026-05-06 14:19:19,C,https://www.coches.net/seat-ateca-16-tdi-85kw-115cv-stsp-reference-eco-5p-diesel-2019-en-asturias-70418677-covo.aspx
MERCEDES-BENZ,MERCEDES-BENZ GLA GLA 200,29.500 €,2021,81.000 km,Gasolina,163 cv,Valladolid,2026-05-06 14:19:19,C,https://www.coches.net/mercedes-benz-gla-gla-200-5p-gasolina-2020-en-valladolid-70418858-covo.aspx
RENAULT,RENAULT Captur techno TCe,21.500 €,2023,19.000 km,Gasolina,90 cv,Málaga,2026-05-06 14:19:19,B,https://www.coches.net/renault-captur-techno-tce-67kw-90cv-5p-gasolina-2022-en-malaga-70418947-covo.aspx
JEEP,JEEP Compass 1.4 Mair Longitude 4x2,14.900 €,2019,85.000 km,Gasolina,140 cv,Málaga,2026-05-06 14:19:19,B,https://www.coches.net/jeep-compass-14-mair-103kw-longitude-4x2-5p-gasolina-2019-en-malaga-70418959-covo.aspx
MERCEDES-BENZ,MERCEDES-BENZ GLE GLE 300 d 4MATIC,61.900 €,2022,79.000 km,Híbrido,272 cv,Madrid,2026-05-06 14:19:19,ECO,https://www.coches.net/mercedes-benz-gle-gle-300-d-4matic-5p-electrico-hibrido-2022-en-madrid-70419010-covo.aspx
AUDI,AUDI A5 35 TDI S tronic Sportback,27.890 €,2021,103.946 km,Diesel,150 cv,Cádiz,2026-05-06 14:19:19,B,https://www.coches.net/audi-a5-35-tdi-110kw-150cv-s-tronic-sportback-5p-diesel-2019-en-cadiz-70419020-covo.aspx
SEAT,SEAT León 2.0 TDI DSG7 SS FR,18.090 €,2022,154.231 km,Diesel,150 cv,Madrid,2026-05-06 14:19:19,C,https://www.coches.net/seat-leon-20-tdi-110kw-dsg7-ss-fr-5p-diesel-2023-en-madrid-70419031-covo.aspx
SEAT,SEAT León 2.0 TDI SS Reference Go,12.990 €,2021,137.686 km,Diesel,115 cv,Sevilla,2026-05-06 14:19:19,C,https://www.coches.net/seat-leon-20-tdi-85kw-ss-reference-go-5p-diesel-2021-en-sevilla-70419037-covo.aspx
DACIA,DACIA Sandero Ambiance dCi,7.390 €,2017,189.996 km,Diesel,75 cv,Cádiz,2026-05-06 14:19:19,C,https://www.coches.net/dacia-sandero-ambiance-dci-55kw-75cv-5p-diesel-2016-en-cadiz-70419081-covo.aspx
TOYOTA,TOYOTA C-HR 1.8 125H Advance,25.990 €,2022,29.000 km,Híbrido,122 cv,Alicante,2026-05-06 14:19:19,ECO,https://www.coches.net/toyota-c-hr-18-125h-advance-5p-electrico-hibrido-2022-en-alicante-70419127-covo.aspx
VOLKSWAGEN,VOLKSWAGEN Amarok DC 2.0 TDI 4MO Conectable,24.990 €,2016,79.000 km,Diesel,180 cv,Valencia,2026-05-06 14:19:19,B,https://www.coches.net/volkswagen-amarok-dc-20-tdi-4mo-conectable-180cv-4p-diesel-2016-en-valencia-70419192-covo.aspx
VOLKSWAGEN,VOLKSWAGEN Golf Ready2Go 1.6 TDI,18.499 €,2019,99.990 km,Diesel,115 cv,Murcia,2026-05-06 14:19:19,C,https://www.coches.net/volkswagen-golf-ready2go-16-tdi-85kw-115cv-5p-diesel-2019-en-murcia-70419756-covo.aspx
RENAULT,RENAULT Scénic Limited dCi 110 EDC,7.190 €,2014,155.460 km,Diesel,110 cv,Madrid,2026-05-06 14:19:19,B,https://www.coches.net/renault-scenic-limited-dci-110-edc-5p-diesel-2014-en-madrid-70419889-covo.aspx
OPEL,OPEL Frontera 1.2T XHT Hybrid eDCT6 GS,22.900 €,2025,19.000 km,Híbrido,146 cv,Valencia,2026-05-06 14:19:19,ECO,https://www.coches.net/opel-frontera-12t-xht-hybrid-edct6-107kw-gs-5p-electrico-hibrido-2024-en-valencia-70421168-covo.aspx
BMW,BMW X1 sDrive20i,35.900 €,2023,117.352 km,Híbrido,170 cv,Valladolid,2026-05-06 14:19:19,ECO,https://www.coches.net/bmw-x1-sdrive20i-5p-electrico-hibrido-2024-en-valladolid-70421654-covo.aspx
VOLKSWAGEN,VOLKSWAGEN Passat Variant Business 1.5 TSI,19.900 €,2021,104.390 km,Gasolina,150 cv,Valladolid,2026-05-06 14:19:19,C,https://www.coches.net/volkswagen-passat-variant-business-15-tsi-110kw-5p-gasolina-2021-en-valladolid-70421655-covo.aspx
VOLKSWAGEN,VOLKSWAGEN Golf GTI Clubsport 2.0 TSI DSG,39.990 €,2024,48.000 km,Gasolina,300 cv,Cádiz,2026-05-06 14:19:19,C,https://www.coches.net/volkswagen-golf-gti-clubsport-20-tsi-221kw-300cv-dsg-5p-gasolina-2025-en-cadiz-70421862-covo.aspx
OPEL,OPEL Corsa 1.2 XEL Edition,12.500 €,2022,39.461 km,Gasolina,75 cv,Valencia,2026-05-06 14:19:19,C,https://www.coches.net/opel-corsa-12-xel-55kw-75cv-edition-5p-gasolina-2022-en-valencia-70421919-covo.aspx
HYUNDAI,HYUNDAI Tucson 1.6 CRDI 48V NLine X DCT 4X2,25.500 €,2021,49.626 km,Híbrido,136 cv,Valencia,2026-05-06 14:19:19,ECO,https://www.coches.net/hyundai-tucson-16-crdi-100kw-48v-nline-x-dct-4x2-5p-electrico-hibrido-2020-en-valencia-70421923-covo.aspx
MERCEDES-BENZ,MERCEDES-BENZ Clase S S 500 4MATIC Coupe,49.990 €,2015,98.000 km,Gasolina,455 cv,Alicante,2026-05-06 14:19:19,C,https://www.coches.net/mercedes-benz-clase-s-s-500-4matic-coupe-2p-gasolina-2016-en-alicante-70421930-covo.aspx
TOYOTA,TOYOTA Land Cruiser 3.0 D4D VXL AUTO,43.900 €,2011,94.000 km,Diesel,190 cv,Cádiz,2026-05-06 14:19:19,C,https://www.coches.net/toyota-land-cruiser-30-d4d-vxl-auto-5p-diesel-2012-en-cadiz-70422273-covo.aspx
LAND-ROVER,LAND-ROVER Range Rover Evoque 2.2L TD4 4x4 Prestige,14.990 €,2015,135.000 km,Diesel,150 cv,Valencia,2026-05-06 14:19:19,B,https://www.coches.net/land-rover-range-rover-evoque-22l-td4-150cv-4x4-prestige-5p-diesel-2015-en-valencia-70422296-covo.aspx
PEUGEOT,PEUGEOT 308 Allure Pack BlueHDi 130 SS EAT8,13.000 €,2021,160.000 km,Diesel,130 cv,Madrid,2026-05-06 14:19:19,C,https://www.coches.net/peugeot-308-5p-allure-pack-bluehdi-130-ss-eat8-5p-diesel-2021-en-madrid-70422347-covo.aspx
PEUGEOT,PEUGEOT 308 SW Style 1.5 BlueHDi Auto,9.900 €,2019,179.000 km,Diesel,130 cv,Madrid,2026-05-06 14:19:19,C,https://www.coches.net/peugeot-308-sw-style-15-bluehdi-96kw-130cv-auto-5p-diesel-2019-en-madrid-70422402-covo.aspx
PEUGEOT,PEUGEOT 208 Signature BlueHDi,11.700 €,2019,89.000 km,Diesel,99 cv,Madrid,2026-05-06 14:19:19,C,https://www.coches.net/peugeot-208-5p-signature-bluehdi-73kw-100cv-5p-diesel-2018-en-madrid-70422422-covo.aspx
SUZUKI,SUZUKI Vitara 1.5 GLX Strong Hybrid Auto,27.000 €,2022,15.000 km,Híbrido,116 cv,A Coruña,2026-05-06 14:19:19,ECO,https://www.coches.net/suzuki-vitara-15-glx-strong-hybrid-auto-5p-electrico-hibrido-2022-en-a-coruna-70422503-covo.aspx
SEAT,SEAT Ibiza 1.0 TSI Style,11.050 €,2022,139.124 km,Gasolina,110 cv,Castellón,2026-05-06 14:19:19,C,https://www.coches.net/seat-ibiza-10-tsi-81kw-110cv-style-5p-gasolina-2023-en-castellon-70422579-covo.aspx
FORD,FORD Kuga Titanium 2.5 Duratec FHEV Auto,23.200 €,2023,32.376 km,Híbrido,190 cv,Barcelona,2026-05-06 14:19:19,ECO,https://www.coches.net/ford-kuga-titanium-25-duratec-fhev-140kw-auto-5p-electrico-hibrido-2023-en-barcelona-70423187-covo.aspx
SUZUKI,SUZUKI Ignis 1.2 GLX,11.000 €,2018,37.000 km,Gasolina,90 cv,A Coruña,2026-05-06 14:19:19,C,https://www.coches.net/suzuki-ignis-12-glx-5p-gasolina-2017-en-a-coruna-70423234-covo.aspx
KIA,KIA Sportage 1.6 MHEV Drive 4x2,17.990 €,2020,45.915 km,Híbrido,115 cv,Madrid,2026-05-06 14:19:19,ECO,https://www.coches.net/kia-sportage-16-mhev-drive-85kw-115cv-4x2-5p-electrico-hibrido-2020-en-madrid-70423344-covo.aspx
FORD,FORD Focus 1.0 Ecoboost STLine,11.999 €,2018,149.695 km,Gasolina,125 cv,Madrid,2026-05-06 14:19:19,C,https://www.coches.net/ford-focus-10-ecoboost-92kw-stline-5p-gasolina-2018-en-madrid-70423741-covo.aspx
MERCEDES-BENZ,MERCEDES-BENZ Clase A A 200 d,14.990 €,2017,191.274 km,Diesel,136 cv,Madrid,2026-05-06 14:19:19,C,https://www.coches.net/mercedes-benz-clase-a-a-200-d-5p-diesel-2018-en-madrid-70423844-covo.aspx
CITROEN,CITROEN C4 Cactus PureTech 110 SS Feel,11.900 €,2020,29.368 km,Gasolina,110 cv,Madrid,2026-05-06 14:19:19,C,https://www.coches.net/citroen-c4-cactus-puretech-110-ss-feel-5p-gasolina-2020-en-madrid-70423947-covo.aspx
VOLKSWAGEN,VOLKSWAGEN Tiguan RLine 2.0 TDI DSG,29.990 €,2021,86.292 km,Diesel,150 cv,Madrid,2026-05-06 14:19:19,C,https://www.coches.net/volkswagen-tiguan-rline-20-tdi-110kw-150cv-dsg-5p-diesel-2022-en-madrid-70424673-covo.aspx
TOYOTA,TOYOTA Rav4 2.5l 220H Advance,27.490 €,2021,132.426 km,Híbrido,218 cv,Madrid,2026-05-06 14:19:19,ECO,https://www.coches.net/toyota-rav4-25l-220h-advance-5p-electrico-hibrido-2021-en-madrid-70424762-covo.aspx
JAGUAR,JAGUAR F-Pace 3.0L TDV6 AWD Automatico RSport,23.990 €,2017,189.000 km,Diesel,300 cv,Zamora,2026-05-06 14:19:19,C,https://www.coches.net/jaguar-f-pace-30l-tdv6-awd-automatico-rsport-5p-diesel-2018-en-zamora-70424882-covo.aspx
MERCEDES-BENZ,MERCEDES-BENZ Clase CLA CLA 220 CDI Aut. AMG Line,16.499 €,2014,187.000 km,Diesel,177 cv,Alicante,2026-05-06 14:19:19,B,https://www.coches.net/mercedes-benz-clase-cla-cla-220-cdi-aut-amg-line-4p-diesel-2015-en-alicante-70424907-covo.aspx
PEUGEOT,PEUGEOT 208 BlueHDi Active Pack,10.999 €,2022,122.000 km,Diesel,100 cv,Alicante,2026-05-06 14:19:19,C,https://www.coches.net/peugeot-208-bluehdi-73kw-100cv-active-pack-5p-diesel-2021-en-alicante-70424909-covo.aspx
CITROEN,CITROEN C4 BlueHDi 130 SS EAT8 Shine,13.499 €,2021,99.000 km,Diesel,130 cv,Alicante,2026-05-06 14:19:19,C,https://www.coches.net/citroen-c4-bluehdi-130-ss-eat8-shine-5p-diesel-2021-en-alicante-70424911-covo.aspx
VOLKSWAGEN,VOLKSWAGEN Tiguan RLine 1.5 TSI DSG,28.990 €,2021,100.000 km,Gasolina,150 cv,Sevilla,2026-05-06 14:19:19,C,https://www.coches.net/volkswagen-tiguan-rline-15-tsi-110kw-150cv-dsg-5p-gasolina-2022-en-sevilla-70425074-covo.aspx
OPEL,OPEL Grandland 1.2T XHT Hybrid eDCT6 SS GS,28.990 €,2025,30.300 km,Híbrido,146 cv,Madrid,2026-05-06 14:19:19,ECO,https://www.coches.net/opel-grandland-12t-xht-hybrid-edct6-ss-gs-5p-electrico-hibrido-2025-en-madrid-70425251-covo.aspx
CITROEN,CITROEN ë-Berlingo Talla M eBerlingo 50kWh MAX,26.990 €,2024,10 km,Eléctrico,136 cv,Madrid,2026-05-06 14:19:19,CERO,https://www.coches.net/citroen-e-berlingo-talla-m-eberlingo-50-kwh-max-5p-electrico-hibrido-2024-en-madrid-70425463-covo.aspx
CITROEN,CITROEN C5 Aircross PureTech SS Live,13.900 €,2019,45.354 km,Gasolina,131 cv,Madrid,2026-05-06 14:19:19,C,https://www.coches.net/citroen-c5-aircross-puretech-96kw-130cv-ss-live-5p-gasolina-2018-en-madrid-70425524-covo.aspx
OPEL,OPEL Mokka 1.6 CDTi 4X2 Selective Auto,9.999 €,2015,176.000 km,Diesel,136 cv,Alicante,2026-05-06 14:19:19,B,https://www.coches.net/opel-mokka-16-cdti-4x2-selective-auto-5p-diesel-2015-en-alicante-70425597-covo.aspx
CITROEN,CITROEN C4 PureTech 130 SS EAT8 Shine,15.990 €,2023,62.223 km,Gasolina,131 cv,Madrid,2026-05-06 14:19:19,C,https://www.coches.net/citroen-c4-puretech-130-ss-eat8-shine-5p-gasolina-2023-en-madrid-70425696-covo.aspx
OPEL,OPEL Corsa 1.2T XHL Edition,13.990 €,2024,62.009 km,Gasolina,100 cv,Sta. C. Tenerife,2026-05-06 14:19:19,C,https://www.coches.net/opel-corsa-12t-xhl-74kw-100cv-edition-5p-gasolina-2025-en-sta-c-tenerife-70426036-covo.aspx
SEAT,SEAT ALTEA 1.6 SELECT,4.490 €,2005,193.000 km,Gasolina,102 cv,Alicante,2026-05-06 14:19:19,B,https://www.coches.net/seat-altea-16-select-5p-gasolina-2006-en-alicante-70426110-covo.aspx
MERCEDES-BENZ,MERCEDES-BENZ Clase C C 220 d Coupe,43.990 €,2023,25.000 km,Diesel,194 cv,Alicante,2026-05-06 14:19:19,C,https://www.coches.net/mercedes-benz-clase-c-c-220-d-coupe-2p-diesel-2022-en-alicante-70426117-covo.aspx
MINI,MINI MINI Cooper D Cabrio,11.990 €,2013,121.000 km,Diesel,112 cv,Alicante,2026-05-06 14:19:19,B,https://www.coches.net/mini-mini-cooper-d-cabrio-2p-diesel-2012-en-alicante-70426120-covo.aspx
MERCEDES-BENZ,MERCEDES-BENZ Clase E Coupe E 350,31.990 €,2018,193.000 km,Híbrido,299 cv,Alicante,2026-05-06 14:19:19,ECO,https://www.coches.net/mercedes-benz-clase-e-coupe-e-350-2p-electrico-hibrido-2019-en-alicante-70426194-covo.aspx
KIA,KIA Sportage 1.6 TGDi MHEV Drive 4x2,22.790 €,2022,52.952 km,Híbrido,150 cv,Sevilla,2026-05-06 14:19:19,ECO,https://www.coches.net/kia-sportage-16-tgdi-mhev-110kw-150cv-drive-4x2-5p-electrico-hibrido-2022-en-sevilla-70426223-covo.aspx
PORSCHE,PORSCHE Cayenne Coupé,59.990 €,2019,136.000 km,Gasolina,340 cv,Alicante,2026-05-06 14:19:19,C,https://www.coches.net/porsche-cayenne-coupe--5p-gasolina-2020-en-alicante-70426245-covo.aspx
BMW,BMW Serie 7 740i,17.900 €,2012,123.000 km,Gasolina,326 cv,Alicante,2026-05-06 14:19:19,C,https://www.coches.net/bmw-serie-7-740i-4p-gasolina-2012-en-alicante-70426248-covo.aspx
SEAT,SEAT León 1.6 Sport,5.499 €,2006,178.000 km,Gasolina,102 cv,Alicante,2026-05-06 14:19:19,B,https://www.coches.net/seat-leon-16-102cv-sport-5p-gasolina-2006-en-alicante-70426252-covo.aspx
RENAULT,RENAULT Captur zen fast track TCe GPF,16.990 €,2022,58.914 km,Híbrido,140 cv,Sta. C. Tenerife,2026-05-06 14:19:19,ECO,https://www.coches.net/renault-captur-zen-fast-track-tce-103-kw-140cv-gpf-5p-electrico-hibrido-2022-en-sta-c-tenerife-70426333-covo.aspx
OMODA,OMODA 5 1.6 TGDI DCT,22.490 €,2023,57.457 km,Gasolina,197 cv,Sta. C. Tenerife,2026-05-06 14:19:19,C,https://www.coches.net/omoda-5-16-tgdi-145kw-197cv-dct-5p-gasolina-2023-en-sta-c-tenerife-70426343-covo.aspx
PEUGEOT,PEUGEOT 3008 1.2 PureTech SS Allure,19.990 €,2022,19.103 km,Gasolina,130 cv,Sta. C. Tenerife,2026-05-06 14:19:19,C,https://www.coches.net/peugeot-3008-12-puretech-96kw-130cv-ss-allure-5p-gasolina-2021-en-sta-c-tenerife-70426345-covo.aspx
RENAULT,RENAULT Clio Evolution TCe,15.990 €,2024,33.664 km,Gasolina,90 cv,Sta. C. Tenerife,2026-05-06 14:19:19,C,https://www.coches.net/renault-clio-evolution-tce-67-kw-91cv-5p-gasolina-2022-en-sta-c-tenerife-70426349-covo.aspx
OMODA,OMODA 5 1.6 TGDI DCT,22.490 €,2023,47.301 km,Gasolina,197 cv,Sta. C. Tenerife,2026-05-06 14:19:19,C,https://www.coches.net/omoda-5-16-tgdi-145kw-197cv-dct-5p-gasolina-2023-en-sta-c-tenerife-70426351-covo.aspx
VOLVO,VOLVO XC60 2.0 T6 AWD Recharge Inscription Auto,27.990 €,2021,118.800 km,Híbrido enchufable,340 cv,Sta. C. Tenerife,2026-05-06 14:19:19,CERO,https://www.coches.net/volvo-xc60-20-t6-awd-recharge-inscription-auto-5p-electrico-hibrido-2021-en-sta-c-tenerife-70426353-covo.aspx
CITROEN,CITROEN Berlingo Talla M BlueHDi 130 SS SHINE,20.990 €,2023,24.543 km,Diesel,130 cv,Las Palmas,2026-05-06 14:19:19,C,https://www.coches.net/citroen-berlingo-talla-m-bluehdi-130-ss-shine-5p-diesel-2023-en-las-palmas-70426367-covo.aspx
MERCEDES-BENZ,MERCEDES-BENZ Clase GLC GLC 350 d 4MATIC,26.890 €,2017,242.000 km,Diesel,258 cv,Alicante,2026-05-06 14:19:19,C,https://www.coches.net/mercedes-benz-clase-glc-glc-350-d-4matic-5p-diesel-2018-en-alicante-70426458-covo.aspx
VOLVO,VOLVO XC60 2.0 B4 D Plus Dark Auto,48.900 €,2023,36.613 km,Híbrido,197 cv,A Coruña,2026-05-06 14:19:19,ECO,https://www.coches.net/volvo-xc60-20-b4-d-plus-dark-auto-5p-electrico-hibrido-2024-en-a-coruna-70426617-covo.aspx
MERCEDES-BENZ,MERCEDES-BENZ Clase M ML 400 CDI AUTO,11.990 €,2003,169.000 km,Diesel,250 cv,Alicante,2026-05-06 14:19:19,B,https://www.coches.net/mercedes-benz-clase-m-ml-400-cdi-auto-5p-diesel-2003-en-alicante-70426651-covo.aspx
CUPRA,CUPRA Formentor 2.0 TDI 150 CV 4Drive DSG,19.190 €,2021,163.577 km,Diesel,150 cv,Madrid,2026-05-06 14:19:19,C,https://www.coches.net/cupra-formentor-20-tdi-110kw-150-cv-4drive-dsg-5p-diesel-2022-en-madrid-70426673-covo.aspx
ALFA,ALFA ROMEO Giulia 2.2 Diesel Giulia,19.490 €,2019,125.000 km,Diesel,136 cv,Alicante,2026-05-06 14:19:19,C,https://www.coches.net/alfa-romeo-giulia-22-diesel-100-kw-136cv-giulia-4p-diesel-2016-en-alicante-70426730-covo.aspx
OPEL,OPEL Corsa 1.2T XHL Edition,9.990 €,2022,68.543 km,Gasolina,100 cv,Sevilla,2026-05-06 14:19:19,C,https://www.coches.net/opel-corsa-12t-xhl-74kw-100cv-edition-5p-gasolina-2022-en-sevilla-70426771-covo.aspx
MERCEDES-BENZ,MERCEDES-BENZ Clase A A 180,23.990 €,2019,88.000 km,Gasolina,136 cv,Alicante,2026-05-06 14:19:19,C,https://www.coches.net/mercedes-benz-clase-a-a-180-5p-gasolina-2018-en-alicante-70426847-covo.aspx
MERCEDES-BENZ,MERCEDES-BENZ CLE CLE 220 d Coupe,53.490 €,2025,14.000 km,Híbrido,197 cv,Alicante,2026-05-06 14:19:19,ECO,https://www.coches.net/mercedes-benz-cle-cle-220-d-coupe-2p-electrico-hibrido-2025-en-alicante-70426850-covo.aspx
KIA,KIA Sportage 1.6 TGDi MHEV Business 4x2 DCT,29.569 €,2025,9591 km,Híbrido,160 cv,Málaga,2026-05-06 14:19:19,ECO,https://www.coches.net/kia-sportage-16-tgdi-mhev-118kw-business-4x2-dct-5p-electrico-hibrido-2025-en-malaga-70426933-covo.aspx
KIA,KIA Stonic 1.0 TGDi MHEV MT Drive,20.537 €,2025,10.177 km,Híbrido,100 cv,Málaga,2026-05-06 14:19:19,ECO,https://www.coches.net/kia-stonic-10-tgdi-74kw-100cv-mhev-mt-drive-5p-electrico-hibrido-2025-en-malaga-70426956-covo.aspx
VOLVO,VOLVO XC40 2.0 B3 G Plus Dark Auto,36.650 €,2025,24.000 km,Híbrido,163 cv,Navarra,2026-05-06 14:19:19,ECO,https://www.coches.net/volvo-xc40-20-b3-g-plus-dark-auto-5p-electrico-hibrido-2026-en-navarra-70426987-covo.aspx
AUDI,AUDI Q2 Advanced 35 TDI quattro S tronic,21.500 €,2021,135.593 km,Diesel,150 cv,Asturias,2026-05-06 14:19:19,C,https://www.coches.net/audi-q2-advanced-35-tdi-110kw-quattro-s-tronic-5p-diesel-2022-en-asturias-70427039-covo.aspx
AUDI,AUDI A5 Advanced 40 TFSI S tron Sportback,25.990 €,2020,136.129 km,Gasolina,190 cv,Asturias,2026-05-06 14:19:19,ECO,https://www.coches.net/audi-a5-advanced-40-tfsi-140kw-s-tron-sportback-5p-gasolina-2021-en-asturias-70427155-covo.aspx
MERCEDES-BENZ,MERCEDES-BENZ GLE Coupé GLE 400 d 4MATIC,63.990 €,2021,136.000 km,Diesel,330 cv,Alicante,2026-05-06 14:19:19,C,https://www.coches.net/mercedes-benz-gle-coupe-gle-400-d-4matic-5p-diesel-2022-en-alicante-70427197-covo.aspx
AUDI,AUDI Q3 Sportback Black line 35 TDI S tronic,27.500 €,2020,167.457 km,Diesel,150 cv,Asturias,2026-05-06 14:19:19,C,https://www.coches.net/audi-q3-sportback-black-line-35-tdi-110kw-150cv-s-tronic-5p-diesel-2021-en-asturias-70427220-covo.aspx
MERCEDES-BENZ,MERCEDES-BENZ Clase C Cabrio C 300 d,40.990 €,2021,32.000 km,Diesel,245 cv,Alicante,2026-05-06 14:19:19,C,https://www.coches.net/mercedes-benz-clase-c-cabrio-c-300-d-2p-diesel-2020-en-alicante-70427333-covo.aspx
CITROEN,CITROEN C3 PureTech SS Shine EAT6,13.990 €,2022,19.072 km,Gasolina,110 cv,Madrid,2026-05-06 14:19:19,C,https://www.coches.net/citroen-c3-puretech-81kw-110cv-ss-shine-eat6-5p-gasolina-2022-en-madrid-70427463-covo.aspx
VOLKSWAGEN,VOLKSWAGEN Golf eHybrid 1.4 TSI DSG,17.990 €,2022,159.690 km,Híbrido enchufable,204 cv,Madrid,2026-05-06 14:19:19,CERO,https://www.coches.net/volkswagen-golf-ehybrid-14-tsi-150kw-204cv-dsg-5p-electrico-hibrido-2023-en-madrid-70427592-covo.aspx
BMW,BMW Serie 1 116d,17.700 €,2022,108.000 km,Diesel,116 cv,Cádiz,2026-05-06 14:19:19,B,https://www.coches.net/bmw-serie-1-116d-5p-diesel-2023-en-cadiz-70428972-covo.aspx
VOLKSWAGEN,VOLKSWAGEN Tiguan Advance 2.0 TDI,21.900 €,2020,104.000 km,Diesel,150 cv,Cádiz,2026-05-06 14:19:19,B,https://www.coches.net/volkswagen-tiguan-advance-20-tdi-110kw-150cv-5p-diesel-2020-en-cadiz-70428994-covo.aspx
AUDI,AUDI A4 Avant Advanced 35 TDI S tronic,21.990 €,2019,110.000 km,Diesel,150 cv,Cádiz,2026-05-06 14:19:19,ECO,https://www.coches.net/audi-a4-avant-advanced-35-tdi-110kw-s-tronic-5p-diesel-2019-en-cadiz-70429003-covo.aspx
AUDI,AUDI Q8 55 TFSI S Line quattro tiptronic,64.499 €,2023,39.999 km,Híbrido,340 cv,Madrid,2026-05-06 14:19:19,ECO,https://www.coches.net/audi-q8-55-tfsi-s-line-250kw-quattro-tiptronic-5p-electrico-hibrido-2023-en-madrid-70429033-covo.aspx
AUDI,AUDI Q3 35 TDI,24.800 €,2021,105.000 km,Diesel,150 cv,Cádiz,2026-05-06 14:19:19,B,https://www.coches.net/audi-q3-35-tdi-110kw-150cv-5p-diesel-2022-en-cadiz-70429056-covo.aspx
BMW,BMW Serie 2 218i Gran Coupe,20.690 €,2021,114.000 km,Gasolina,136 cv,Bizkaia,2026-05-06 14:19:19,C,https://www.coches.net/bmw-serie-2-218i-gran-coupe-4p-gasolina-2022-en-vizcaya-70429440-covo.aspx
MITSUBISHI,MITSUBISHI Eclipse Cross 87kWh Kaiteki,39.900 €,2026,100 km,Eléctrico,220 cv,Jaén,2026-05-06 14:19:19,C,https://www.coches.net/mitsubishi-eclipse-cross-87-kwh-kaiteki-5p-electrico-hibrido-2026-en-jaen-70429868-covo.aspx
MERCEDES-BENZ,MERCEDES-BENZ Clase GLC GLC 200 4MATIC,35.499 €,2022,137.000 km,Híbrido,197 cv,Alicante,2026-05-06 14:19:19,ECO,https://www.coches.net/mercedes-benz-clase-glc-glc-200-4matic-5p-electrico-hibrido-2022-en-alicante-70429957-covo.aspx
MG,MG ZS 1.5 Luxury,14.985 €,2022,69.508 km,Gasolina,106 cv,Las Palmas,2026-05-06 14:19:19,C,https://www.coches.net/mg-zs-15-luxury-5p-gasolina-2022-en-las-palmas-70430248-covo.aspx
DFSK,DFSK 500 1.5 T Intelligent,16.985 €,2023,40.790 km,Gasolina,114 cv,Las Palmas,2026-05-06 14:19:19,C,https://www.coches.net/dfsk-500-15-t-intelligent-5p-gasolina-2023-en-las-palmas-70430250-covo.aspx
DFSK,DFSK Fengon 5 1.5T Classic,21.985 €,2023,36.680 km,Gasolina,136 cv,Las Palmas,2026-05-06 14:19:19,C,https://www.coches.net/dfsk-fengon-5-15t-classic-5p-gasolina-2021-en-las-palmas-70430251-covo.aspx
NISSAN,NISSAN QASHQAI+2 2.0 TEKNA PREMIUM 4X2 17 Piel Negra,6.499 €,2010,279.000 km,Gasolina,140 cv,Sevilla,2026-05-06 14:19:19,B,https://www.coches.net/nissan-qashqai2-20-tekna-premium-4x2-17-piel-negra-5p-gasolina-2009-en-sevilla-70430325-covo.aspx
HONDA,HONDA CR-V 2.0 iMMD HEV 4X2 Elegance,46.900 €,2025,97 km,Híbrido,184 cv,Navarra,2026-05-06 14:19:19,ECO,https://www.coches.net/km-0/honda/cr-v/navarra/20-immd-hev-4x2-elegance-electrico-hibrido-de-km0-70430355-kovn.aspx
PEUGEOT,PEUGEOT 308 Style PureTech 130 SS EAT8,8.880 €,2019,61.631 km,Gasolina,130 cv,Sevilla,2026-05-06 14:19:19,C,https://www.coches.net/peugeot-308-5p-style-puretech-130-ss-eat8-5p-gasolina-2019-en-sevilla-70430365-covo.aspx
PEUGEOT,PEUGEOT 208 BlueHDi Active,10.990 €,2022,58.683 km,Diesel,100 cv,Sevilla,2026-05-06 14:19:19,C,https://www.coches.net/peugeot-208-bluehdi-73kw-100cv-active-5p-diesel-2021-en-sevilla-70430368-covo.aspx
MERCEDES-BENZ,MERCEDES-BENZ Clase A Sedan A 180 d,21.990 €,2022,91.675 km,Diesel,116 cv,Sevilla,2026-05-06 14:19:19,C,https://www.coches.net/mercedes-benz-clase-a-sedan-a-180-d-4p-diesel-2022-en-sevilla-70430369-covo.aspx
AUDI,AUDI Q2 Advanced 30 TDI,19.990 €,2020,65.216 km,Diesel,116 cv,Sevilla,2026-05-06 14:19:19,C,https://www.coches.net/audi-q2-advanced-30-tdi-85kw-116cv-5p-diesel-2020-en-sevilla-70430370-covo.aspx
VOLKSWAGEN,VOLKSWAGEN Arteon Elegance 2.0 TDI DSG,21.990 €,2021,135.982 km,Diesel,150 cv,Sevilla,2026-05-06 14:19:19,C,https://www.coches.net/volkswagen-arteon-elegance-20-tdi-110kw-150cv-dsg-5p-diesel-2021-en-sevilla-70430372-covo.aspx
BMW,BMW Serie 2 218i Gran Coupe,23.900 €,2021,108.200 km,Gasolina,136 cv,Madrid,2026-05-06 14:19:19,C,https://www.coches.net/bmw-serie-2-218i-gran-coupe-4p-gasolina-2021-en-madrid-70430433-covo.aspx
BMW,BMW Serie 3 318d,26.900 €,2020,144.000 km,Diesel,150 cv,Madrid,2026-05-06 14:19:19,C,https://www.coches.net/bmw-serie-3-318d-4p-diesel-2020-en-madrid-70430448-covo.aspx
BMW,BMW Serie 5 520dA,28.490 €,2021,147.815 km,Híbrido,190 cv,Madrid,2026-05-06 14:19:19,ECO,https://www.coches.net/bmw-serie-5-520da-4p-electrico-hibrido-2021-en-madrid-70430526-covo.aspx
KIA,KIA Rio 1.2 DPi Drive,12.990 €,2023,79.000 km,Gasolina,84 cv,Sta. C. Tenerife,2026-05-06 14:19:19,B,https://www.coches.net/kia-rio-12-dpi-62kw-84cv-drive-5p-gasolina-2023-en-sta-c-tenerife-70430594-covo.aspx
FIAT,FIAT 124 Spider 124 Spider Lusso,19.990 €,2016,55.000 km,Gasolina,140 cv,Alicante,2026-05-06 14:19:19,C,https://www.coches.net/fiat-124-spider-124-spider-lusso-2p-gasolina-2016-en-alicante-70430610-covo.aspx
VOLVO,VOLVO XC90 2.0 B5 D AWD Inscription Auto,30.980 €,2021,182.000 km,Híbrido,235 cv,Alicante,2026-05-06 14:19:19,B,https://www.coches.net/volvo-xc90-20-b5-d-awd-inscription-auto-5p-electrico-hibrido-2022-en-alicante-70430613-covo.aspx
JAECOO,JAECOO 7 Exclusive 1.6 TGDI AWD,30.990 €,2024,18.900 km,Gasolina,147 cv,Sta. C. Tenerife,2026-05-06 14:19:19,C,https://www.coches.net/jaecoo-7-exclusive-16-tgdi-108kw-145cv-awd-5p-gasolina-2024-en-sta-c-tenerife-70430724-covo.aspx
JAECOO,JAECOO 7 PHEV Exclusive 1.5 TGDI1DHT FWD,31.990 €,2025,18.000 km,Híbrido enchufable,279 cv,Sta. C. Tenerife,2026-05-06 14:19:19,ECO,https://www.coches.net/jaecoo-7-phev-exclusive-15-tgdi1dht-fwd-5p-electrico-hibrido-2025-en-sta-c-tenerife-70430754-covo.aspx
BMW,BMW Serie 1 120d,32.900 €,2025,14.393 km,Híbrido,163 cv,Toledo,2026-05-06 14:19:19,ECO,https://www.coches.net/bmw-serie-1-120d-5p-electrico-hibrido-2025-en-toledo-70430847-covo.aspx
SEAT,SEAT Ateca 1.5 TSI FR Special Edition,29.490 €,2024,11.876 km,Gasolina,150 cv,A Coruña,2026-05-06 14:19:19,C,https://www.coches.net/seat-ateca-15-tsi-110kw-150cv-fr-special-edition-5p-gasolina-2024-en-a-coruna-70431047-covo.aspx
OPEL,OPEL Meriva 1.4 XER Selective,10.900 €,2016,57.126 km,Gasolina,100 cv,Bizkaia,2026-05-06 14:19:19,B,https://www.coches.net/opel-meriva-14-xer-selective-5p-gasolina-2016-en-vizcaya-70431117-covo.aspx
VOLKSWAGEN,VOLKSWAGEN T-Cross Advance 1.0 TSI DSG,18.900 €,2020,50.451 km,Gasolina,115 cv,Bizkaia,2026-05-06 14:19:19,C,https://www.coches.net/volkswagen-t-cross-advance-10-tsi-85kw-115cv-dsg-5p-gasolina-2020-en-vizcaya-70431121-covo.aspx
MINI,MINI MINI COOPER SD COUPE,11.500 €,2014,157.451 km,Diesel,143 cv,Bizkaia,2026-05-06 14:19:19,B,https://www.coches.net/mini-mini-cooper-sd-coupe-2p-diesel-2013-en-vizcaya-70431123-covo.aspx
VOLKSWAGEN,VOLKSWAGEN Polo Life 1.0 TSI,17.400 €,2022,26.019 km,Gasolina,95 cv,Bizkaia,2026-05-06 14:19:19,C,https://www.coches.net/volkswagen-polo-life-10-tsi-70kw-95cv-5p-gasolina-2022-en-vizcaya-70431124-covo.aspx
KIA,KIA Sportage 1.6 GDi xTech17 4x2,14.400 €,2017,142.000 km,Gasolina,132 cv,Bizkaia,2026-05-06 14:19:19,C,https://www.coches.net/kia-sportage-16-gdi-97kw-132cv-xtech17-4x2-5p-gasolina-2017-en-vizcaya-70431126-covo.aspx
MINI,MINI MINI ONE 5 PUERTAS,19.400 €,2019,14.003 km,Gasolina,102 cv,Bizkaia,2026-05-06 14:19:19,C,https://www.coches.net/mini-mini-one-5-puertas-5p-gasolina-2019-en-vizcaya-70431127-covo.aspx
PEUGEOT,PEUGEOT Rifter Rifter Allure BlueHDi 100,23.900 €,2025,17.840 km,Diesel,100 cv,Bizkaia,2026-05-06 14:19:19,C,https://www.coches.net/peugeot-rifter-rifter-allure-bluehdi-100-4p-diesel-2025-en-vizcaya-70431146-covo.aspx
TOYOTA,TOYOTA C-HR 2.0 180H Advance,25.400 €,2021,57.026 km,Híbrido,184 cv,Bizkaia,2026-05-06 14:19:19,ECO,https://www.coches.net/toyota-c-hr-20-180h-advance-5p-electrico-hibrido-2021-en-vizcaya-70431149-covo.aspx
VOLKSWAGEN,VOLKSWAGEN Golf Life 2.0 TDI DSG,27.400 €,2021,47.661 km,Diesel,150 cv,Bizkaia,2026-05-06 14:19:19,C,https://www.coches.net/volkswagen-golf-life-20-tdi-110kw-150cv-dsg-5p-diesel-2022-en-vizcaya-70431150-covo.aspx
VOLVO,VOLVO XC60 2.0 B4 D Plus Dark Auto,38.900 €,2022,50.887 km,Híbrido,197 cv,Bizkaia,2026-05-06 14:19:19,ECO,https://www.coches.net/volvo-xc60-20-b4-d-plus-dark-auto-5p-electrico-hibrido-2023-en-vizcaya-70431154-covo.aspx
VOLKSWAGEN,VOLKSWAGEN Tiguan Advance 2.0 TDI 110kW150CV BMT DSG 4M,17.495 €,2016,212.684 km,Diesel,150 cv,Badajoz,2026-05-06 14:19:19,B,https://www.coches.net/volkswagen-tiguan-advance-20-tdi-110kw150cv-bmt-dsg-4m-5p-diesel-2017-en-badajoz-70431418-covo.aspx
SEAT,SEAT Ibiza 1.2 TSI Style,6.990 €,2014,100.009 km,Gasolina,85 cv,Valencia,2026-05-06 14:19:19,C,https://www.coches.net/seat-ibiza-12-tsi-85cv-style-5p-gasolina-2015-en-valencia-70431487-covo.aspx
MAZDA,MAZDA MX-5 1.5 Luxury,23.990 €,2018,36.683 km,Gasolina,131 cv,Valencia,2026-05-06 14:19:19,C,https://www.coches.net/mazda-mx-5-15-96kw-131cv-luxury-2p-gasolina-2015-en-valencia-70432210-covo.aspx
RENAULT,RENAULT Trafic SL LIMITED Largo Energy dCi SS,21.990 €,2018,121.000 km,Diesel,120 cv,Sta. C. Tenerife,2026-05-06 14:19:19,C,https://www.coches.net/renault-trafic-sl-limited-largo-energy-dci-88kw--ss-4p-diesel-2019-en-sta-c-tenerife-70432283-covo.aspx
SKODA,SKODA Karoq 1.5 TSI ACT Selection,27.500 €,2025,15.937 km,Gasolina,150 cv,Jaén,2026-05-06 14:19:19,C,https://www.coches.net/skoda-karoq-15-tsi-110kw-150cv-act-selection-5p-gasolina-2025-en-jaen-70432355-covo.aspx
RENAULT,RENAULT Scenic E-Tech Iconic gran autonomia,33.700 €,2024,40.680 km,Eléctrico,218 cv,Barcelona,2026-05-06 14:19:19,CERO,https://www.coches.net/renault-scenic-e-tech-iconic-160-kw-220cv-gran-autonomia-5p-electrico-hibrido-2023-en-barcelona-70432436-covo.aspx
MERCEDES-BENZ,MERCEDES-BENZ Clase E Cabrio E 220 d,32.800 €,2018,149.000 km,Diesel,194 cv,Almería,2026-05-06 14:19:19,B,https://www.coches.net/mercedes-benz-clase-e-cabrio-e-220-d-2p-diesel-2018-en-almeria-70432500-covo.aspx
VOLKSWAGEN,VOLKSWAGEN Passat Sport 1.4 TSI ACT BMT,14.900 €,2015,139.000 km,Gasolina,150 cv,Madrid,2026-05-06 14:19:19,C,https://www.coches.net/volkswagen-passat-sport-14-tsi-act-150cv-bmt-4p-gasolina-2015-en-madrid-70432550-covo.aspx
BMW,BMW X1 xDrive20d,34.990 €,2024,34.000 km,Híbrido,163 cv,Sta. C. Tenerife,2026-05-06 14:19:19,ECO,https://www.coches.net/bmw-x1-xdrive20d-5p-electrico-hibrido-2025-en-sta-c-tenerife-70433004-covo.aspx
OPEL,OPEL Mokka 1.2 T 130 CV GS Line,14.990 €,2022,46.000 km,Gasolina,130 cv,Sta. C. Tenerife,2026-05-06 14:19:19,B,https://www.coches.net/opel-mokka-12-t-96kw-130-cv-gs-line-5p-gasolina-2023-en-sta-c-tenerife-70433048-covo.aspx
PEUGEOT,PEUGEOT Rifter Rifter GT BlueHDi 130,18.990 €,2023,53.500 km,Diesel,130 cv,Sta. C. Tenerife,2026-05-06 14:19:19,C,https://www.coches.net/peugeot-rifter-rifter-gt-bluehdi-130-5p-diesel-2023-en-sta-c-tenerife-70433196-covo.aspx
HYUNDAI,HYUNDAI Kona 1.6 GDI HEV Maxx DCT,22.500 €,2023,52.753 km,Híbrido,141 cv,Guadalajara,2026-05-06 14:19:19,ECO,https://www.coches.net/hyundai-kona-16-gdi-hev-maxx-dct-5p-electrico-hibrido-2023-en-guadalajara-70433216-covo.aspx
HYUNDAI,HYUNDAI i20 1.0 TGDI 48V Klass,15.900 €,2021,66.800 km,Híbrido,100 cv,Guadalajara,2026-05-06 14:19:19,ECO,https://www.coches.net/hyundai-i20-10-tgdi-74kw-100cv-48v-klass-5p-electrico-hibrido-2021-en-guadalajara-70433249-covo.aspx
SKODA,SKODA Karoq 2.0 TDI DSG 4X4 Ambition,21.990 €,2022,62.037 km,Diesel,150 cv,Madrid,2026-05-06 14:19:19,C,https://www.coches.net/skoda-karoq-20-tdi-110kw-150cv-dsg-4x4-ambition-5p-diesel-2023-en-madrid-70433290-covo.aspx
VOLVO,VOLVO XC60 2.0 T6 AWD Recharge RDesign Auto,31.990 €,2021,81.000 km,Híbrido enchufable,340 cv,Sta. C. Tenerife,2026-05-06 14:19:19,ECO,https://www.coches.net/volvo-xc60-20-t6-awd-recharge-rdesign-auto-5p-electrico-hibrido-2022-en-sta-c-tenerife-70433561-covo.aspx
HYUNDAI,HYUNDAI Kona 1.0 TGDI Flexx,23.900 €,2024,16.150 km,Gasolina,120 cv,Girona,2026-05-06 14:19:19,C,https://www.coches.net/hyundai-kona-10-tgdi-flexx-5p-gasolina-2023-en-girona-70433587-covo.aspx
HYUNDAI,HYUNDAI i20 1.0 TGDI 48V Klass DCT,18.500 €,2025,37.000 km,Híbrido,100 cv,Girona,2026-05-06 14:19:19,ECO,https://www.coches.net/hyundai-i20-10-tgdi-48v-klass-dct-5p-electrico-hibrido-2025-en-girona-70433596-covo.aspx
HYUNDAI,HYUNDAI Kona 1.6 GDI HEV Maxx DCT,20.900 €,2022,23.500 km,Híbrido,141 cv,Girona,2026-05-06 14:19:19,ECO,https://www.coches.net/hyundai-kona-16-gdi-hev-maxx-dct-5p-electrico-hibrido-2020-en-girona-70433599-covo.aspx
HYUNDAI,HYUNDAI i20 1.0 TGDI Klass,16.500 €,2022,28.200 km,Gasolina,100 cv,Girona,2026-05-06 14:19:19,C,https://www.coches.net/hyundai-i20-10-tgdi-74kw-100cv-klass-5p-gasolina-2021-en-girona-70433600-covo.aspx
HYUNDAI,HYUNDAI Kona 1.6 GDI HEV Tecno DCT,29.900 €,2023,22.300 km,Híbrido,141 cv,Girona,2026-05-06 14:19:19,ECO,https://www.coches.net/hyundai-kona-16-gdi-hev-tecno-dct-5p-electrico-hibrido-2023-en-girona-70433606-covo.aspx
HYUNDAI,HYUNDAI Kona 1.6 GDI HEV Maxx DCT,21.900 €,2022,48.000 km,Híbrido,141 cv,Girona,2026-05-06 14:19:19,ECO,https://www.coches.net/hyundai-kona-16-gdi-hev-maxx-dct-5p-electrico-hibrido-2020-en-girona-70433611-covo.aspx
HYUNDAI,HYUNDAI i10 1.0 Klass,12.500 €,2021,40.400 km,Gasolina,67 cv,Girona,2026-05-06 14:19:19,C,https://www.coches.net/hyundai-i10-10-klass-5p-gasolina-2021-en-girona-70433613-covo.aspx
HYUNDAI,HYUNDAI i20 1.0 TGDI Klass,16.800 €,2024,26.058 km,Gasolina,100 cv,Girona,2026-05-06 14:19:19,C,https://www.coches.net/hyundai-i20-10-tgdi-74kw-100cv-klass-5p-gasolina-2024-en-girona-70433614-covo.aspx
HYUNDAI,HYUNDAI Kona 1.6 GDI HEV N Line DCT,26.900 €,2023,44.000 km,Híbrido,141 cv,Girona,2026-05-06 14:19:19,ECO,https://www.coches.net/hyundai-kona-16-gdi-hev-n-line-dct-5p-electrico-hibrido-2023-en-girona-70433615-covo.aspx
FIAT,FIAT Panda City Life Hybrid 1.0 Gse,9.990 €,2023,75.000 km,Híbrido,70 cv,Las Palmas,2026-05-06 14:19:19,ECO,https://www.coches.net/fiat-panda-city-life-hybrid-10-gse-51kw-70cv-5p-electrico-hibrido-2022-en-las-palmas-70433891-covo.aspx
VOLKSWAGEN,VOLKSWAGEN Passat Executive 2.0 TDI DSG,21.900 €,2020,82.179 km,Diesel,150 cv,Guadalajara,2026-05-06 14:19:19,C,https://www.coches.net/volkswagen-passat-executive-20-tdi-110kw-150cv-dsg-4p-diesel-2021-en-guadalajara-70433993-covo.aspx
HYUNDAI,HYUNDAI IONIQ 1.6 GDI HEV Tecno DT,16.900 €,2019,92.741 km,Híbrido,141 cv,Guadalajara,2026-05-06 14:19:19,ECO,https://www.coches.net/hyundai-ioniq-16-gdi-hev-tecno-dt-5p-electrico-hibrido-2019-en-guadalajara-70434087-covo.aspx
AUDI,AUDI Q5 Advanced 50 TFSI e quattroultra,34.890 €,2023,43.000 km,Híbrido enchufable,299 cv,Málaga,2026-05-06 14:19:19,CERO,https://www.coches.net/audi-q5-advanced-50-tfsi-e-quattroultra-5p-electrico-hibrido-2023-en-malaga-70434101-covo.aspx
ALFA,ALFA ROMEO Stelvio 2.2 Diesel SPRINT AWD,25.890 €,2022,43.300 km,Diesel,190 cv,Málaga,2026-05-06 14:19:19,C,https://www.coches.net/alfa-romeo-stelvio-22-diesel-140kw-190cv-sprint-awd-5p-diesel-2022-en-malaga-70434102-covo.aspx
VOLKSWAGEN,VOLKSWAGEN T-Roc Advance RLine 2.0 TDI,14.890 €,2022,230.000 km,Diesel,150 cv,Málaga,2026-05-06 14:19:19,C,https://www.coches.net/volkswagen-t-roc-advance-rline-20-tdi-110kw-150cv-5p-diesel-2022-en-malaga-70434105-covo.aspx
SEAT,SEAT Ibiza 1.0 MPI Style XM,13.890 €,2023,36.600 km,Gasolina,80 cv,Málaga,2026-05-06 14:19:19,C,https://www.coches.net/seat-ibiza-10-mpi-59kw-80cv-style-xm-5p-gasolina-2023-en-malaga-70434107-covo.aspx
VOLKSWAGEN,VOLKSWAGEN Caravelle Trendline Corto 2.0 TDI BMT DSG,32.890 €,2021,130.000 km,Diesel,150 cv,Málaga,2026-05-06 14:19:19,C,https://www.coches.net/volkswagen-caravelle-trendline-corto-20-tdi-110kw-bmt-dsg-4p-diesel-2018-en-malaga-70434108-covo.aspx
TOYOTA,TOYOTA Aygo X Cross 1.0 VVTI Undercover CVT,18.890 €,2024,13.937 km,Gasolina,72 cv,Málaga,2026-05-06 14:19:19,C,https://www.coches.net/toyota-aygo-x-cross-10-vvti-72cv-undercover-cvt-5p-gasolina-2023-en-malaga-70434110-covo.aspx
MERCEDES-BENZ,MERCEDES-BENZ Citan 110 CDI Tourer Base Largo,19.890 €,2021,80.000 km,Diesel,95 cv,Málaga,2026-05-06 14:19:19,C,https://www.coches.net/mercedes-benz-citan-110-cdi-70kw-tourer-base-largo-5p-diesel-2021-en-malaga-70434111-covo.aspx
MINI,MINI COUNTRYMAN Cooper,19.890 €,2021,114.000 km,Gasolina,136 cv,Málaga,2026-05-06 14:19:19,C,https://www.coches.net/mini-countryman-cooper-5p-gasolina-2022-en-malaga-70434113-covo.aspx
NISSAN,NISSAN JUKE DIGT 114 CV 6MT Acenta,15.990 €,2021,24.678 km,Gasolina,114 cv,Barcelona,2026-05-06 14:19:19,C,https://www.coches.net/nissan-juke-digt-84-kw-114-cv-6mt-acenta-5p-gasolina-2021-en-barcelona-70434512-covo.aspx
BMW,BMW X1 sDrive18d,22.490 €,2020,85.600 km,Diesel,150 cv,Barcelona,2026-05-06 14:19:19,C,https://www.coches.net/bmw-x1-sdrive18d-5p-diesel-2020-en-barcelona-70434515-covo.aspx
MAZDA,MAZDA Mazda3 Active 1.6 VVT,7.690 €,2007,110.874 km,Gasolina,105 cv,Madrid,2026-05-06 14:19:19,C,https://www.coches.net/mazda-mazda3-active-16-vvt-5p-gasolina-2006-en-madrid-70434798-covo.aspx
SUZUKI,SUZUKI Vitara 1.4 T S3 Mild Hybrid,23.490 €,2024,21.785 km,Híbrido,129 cv,Madrid,2026-05-06 14:19:19,ECO,https://www.coches.net/suzuki-vitara-14-t-s3-mild-hybrid-5p-electrico-hibrido-2024-en-madrid-70434983-covo.aspx
BMW,BMW X2 sDrive18i,25.990 €,2022,38.271 km,Gasolina,136 cv,Cádiz,2026-05-06 14:19:19,B,https://www.coches.net/bmw-x2-sdrive18i-5p-gasolina-2022-en-cadiz-70435326-covo.aspx
LAND-ROVER,LAND-ROVER Range Rover Evoque 2.0 D150 S AUTO 4WD MHEV,23.490 €,2020,69.932 km,Híbrido,150 cv,Madrid,2026-05-06 14:19:19,ECO,https://www.coches.net/land-rover-range-rover-evoque-20-d150-s-auto-4wd-mhev-5p-electrico-hibrido-2020-en-madrid-70435368-covo.aspx
HYUNDAI,HYUNDAI i30 2.0 TGDI N Performance Sky,27.990 €,2020,61.000 km,Gasolina,275 cv,Valencia,2026-05-06 14:19:19,C,https://www.coches.net/hyundai-i30-20-tgdi-202kw-275cv-n-performance-sky-5p-gasolina-2019-en-valencia-70435921-covo.aspx
MERCEDES-BENZ,MERCEDES-BENZ Clase E E 250 CDI Blue Efficiency Avantgarde,6.899 €,2009,377.000 km,Diesel,204 cv,Sevilla,2026-05-06 14:19:19,B,https://www.coches.net/mercedes-benz-clase-e-e-250-cdi-blue-efficiency-avantgarde-4p-diesel-2009-en-sevilla-70437471-covo.aspx
SEAT,SEAT León 2.0 TDI SS Reference Go,13.990 €,2022,161.000 km,Diesel,115 cv,Bizkaia,2026-05-06 14:19:19,C,https://www.coches.net/seat-leon-20-tdi-85kw-ss-reference-go-5p-diesel-2022-en-vizcaya-70437501-covo.aspx
MERCEDES-BENZ,MERCEDES-BENZ GLE GLE 300 d 4MATIC,82.990 €,2024,25.125 km,Híbrido,269 cv,Valencia,2026-05-06 14:19:19,ECO,https://www.coches.net/mercedes-benz-gle-gle-300-d-4matic-5p-electrico-hibrido-2024-en-valencia-70437596-covo.aspx
CUPRA,CUPRA León 1.4 eHybrid DSG,22.690 €,2021,72.095 km,Híbrido enchufable,245 cv,Madrid,2026-05-06 14:19:19,CERO,https://www.coches.net/cupra-leon-14-ehybrid-180kw-245cv-dsg-5p-electrico-hibrido-2022-en-madrid-70438460-covo.aspx
OPEL,OPEL Insignia GS 1.5 Turbo XFT Ultimate Auto,11.499 €,2020,238.000 km,Gasolina,165 cv,Alicante,2026-05-06 14:19:19,C,https://www.coches.net/opel-insignia-gs-15-turbo-xft-ultimate-auto-5p-gasolina-2020-en-alicante-70438552-covo.aspx
SEAT,SEAT Ibiza 1.0 MPI Reference Plus,12.499 €,2022,63.000 km,Gasolina,80 cv,Alicante,2026-05-06 14:19:19,C,https://www.coches.net/seat-ibiza-10-mpi-59kw-80cv-reference-plus-5p-gasolina-2022-en-alicante-70438553-covo.aspx
LAND-ROVER,LAND-ROVER Range Rover Evoque 1.5 P300e RDynamic HSE AUTO 4WD PHEV,33.990 €,2022,66.000 km,Híbrido enchufable,309 cv,Las Palmas,2026-05-06 14:19:19,CERO,https://www.coches.net/land-rover-range-rover-evoque-15-p300e-rdynamic-hse-auto-4wd-phev-5p-electrico-hibrido-2023-en-las-palmas-70438626-covo.aspx
VOLKSWAGEN,VOLKSWAGEN T-Cross Advance 1.0 TSI,14.995 €,2021,77.000 km,Gasolina,95 cv,Las Palmas,2026-05-06 14:19:19,B,https://www.coches.net/volkswagen-t-cross-advance-10-tsi-70kw-95cv-5p-gasolina-2022-en-las-palmas-70439543-covo.aspx
LAND-ROVER,LAND-ROVER Range Rover Evoque 1.5 P300e RDynamic HSE AUTO 4WD PHEV,44.995 €,2024,38.000 km,Híbrido enchufable,309 cv,Las Palmas,2026-05-06 14:19:19,B,https://www.coches.net/land-rover-range-rover-evoque-15-p300e-rdynamic-hse-auto-4wd-phev-5p-electrico-hibrido-2023-en-las-palmas-70439561-covo.aspx
SKODA,SKODA Rapid 1.4 TDI CR Ambition,7.990 €,2018,187.000 km,Diesel,90 cv,Sevilla,2026-05-06 14:19:19,B,https://www.coches.net/skoda-rapid-14-tdi-cr-66kw-90cv-ambition-5p-diesel-2018-en-sevilla-70440423-covo.aspx
AUDI,AUDI A6 Avant 3.0 TDI quattro S tro S line,22.900 €,2016,199.870 km,Diesel,218 cv,Burgos,2026-05-06 14:19:19,C,https://www.coches.net/audi-a6-avant-30-tdi-218cv-quattro-s-tro-s-line-5p-diesel-2016-en-burgos-70442620-covo.aspx
PORSCHE,PORSCHE 911 Targa 4S,174.900 €,2023,26.500 km,Gasolina,450 cv,Murcia,2026-05-06 14:19:19,B,https://www.coches.net/porsche-911-targa-4s-2p-gasolina-2024-en-murcia-70445483-covo.aspx
BMW,BMW Serie 8 840d xDrive,89.900 €,2025,12.600 km,Híbrido,340 cv,Murcia,2026-05-06 14:19:19,B,https://www.coches.net/bmw-serie-8-840d-xdrive-2p-electrico-hibrido-2026-en-murcia-70445514-covo.aspx
FORD,FORD Focus 1.0 Ecoboost MHEV STLine,15.900 €,2021,73.939 km,Híbrido,125 cv,Valencia,2026-05-06 14:19:19,ECO,https://www.coches.net/ford-focus-10-ecoboost-mhev-92kw-stline-5p-electrico-hibrido-2021-en-valencia-70446249-covo.aspx
AUDI,AUDI A1 Sportback Advanced 30 TFSI,20.985 €,2024,53.750 km,Gasolina,110 cv,Las Palmas,2026-05-06 14:19:19,C,https://www.coches.net/audi-a1-sportback-advanced-30-tfsi-81kw-110cv-5p-gasolina-2023-en-las-palmas-70446860-covo.aspx
SEAT,SEAT León SP 1.5 TSI SS Style,14.985 €,2021,77.107 km,Gasolina,130 cv,Las Palmas,2026-05-06 14:19:19,C,https://www.coches.net/seat-leon-sp-15-tsi-96kw-ss-style-5p-gasolina-2021-en-las-palmas-70446868-covo.aspx
SKODA,SKODA Kodiaq 2.0 TDI DSG 4x2 Ambition,24.985 €,2024,58.836 km,Diesel,150 cv,Las Palmas,2026-05-06 14:19:19,C,https://www.coches.net/skoda-kodiaq-20-tdi-110kw-150cv-dsg-4x2-ambition-5p-diesel-2023-en-las-palmas-70446869-covo.aspx
TOYOTA,TOYOTA Corolla 1.8 125H BUSINESS ECVT TOU SPORT,17.985 €,2021,76.220 km,Híbrido,122 cv,Las Palmas,2026-05-06 14:19:19,ECO,https://www.coches.net/toyota-corolla-18-125h-business-ecvt-tou-sport-5p-electrico-hibrido-2022-en-las-palmas-70446870-covo.aspx
NISSAN,NISSAN QASHQAI 1.2 DIGT NCONNECTA,13.950 €,2017,144.357 km,Gasolina,115 cv,Sta. C. Tenerife,2026-05-06 14:19:19,C,https://www.coches.net/nissan-qashqai-12-digt-nconnecta-5p-gasolina-2016-en-sta-c-tenerife-70447131-covo.aspx
VOLKSWAGEN,VOLKSWAGEN Taigo Style 1.5 TSI DSG,26.900 €,2025,10.556 km,Gasolina,150 cv,Jaén,2026-05-06 14:19:19,C,https://www.coches.net/volkswagen-taigo-style-15-tsi-110kw-150cv-dsg-5p-gasolina-2025-en-jaen-70448032-covo.aspx
AUDI,AUDI A5 35 TDI S tronic Sportback,30.990 €,2020,61.411 km,Híbrido,163 cv,Cádiz,2026-05-06 14:19:19,B,https://www.coches.net/audi-a5-35-tdi-120kw-163cv-s-tronic-sportback-5p-electrico-hibrido-2020-en-cadiz-70448418-covo.aspx
LAND-ROVER,LAND-ROVER Discovery 2.0 I4 TD4 SE Auto,19.490 €,2017,150.220 km,Diesel,180 cv,Madrid,2026-05-06 14:19:19,C,https://www.coches.net/land-rover-discovery-20-i4-td4-132kw-180cv-se-auto-5p-diesel-2018-en-madrid-70448441-covo.aspx
AUDI,AUDI A3 Sportback S line 35 TDI S tronic,26.490 €,2023,65.916 km,Diesel,150 cv,Madrid,2026-05-06 14:19:19,C,https://www.coches.net/audi-a3-sportback-s-line-35-tdi-110kw-s-tronic-5p-diesel-2024-en-madrid-70448662-covo.aspx
OPEL,OPEL Corsa 1.2T XHL GSLine,9.290 €,2021,127.770 km,Gasolina,100 cv,Castellón,2026-05-06 14:19:19,C,https://www.coches.net/opel-corsa-12t-xhl-74kw-100cv-gsline-5p-gasolina-2022-en-castellon-70448983-covo.aspx
RENAULT,RENAULT Mégane Business Energy dCi,12.900 €,2017,125.791 km,Diesel,110 cv,Valladolid,2026-05-06 14:19:19,C,https://www.coches.net/renault-megane-business-energy-dci-81kw-110cv-5p-diesel-2016-en-valladolid-70449011-covo.aspx
MINI,MINI COUNTRYMAN Cooper S E ALL4,25.500 €,2021,83.000 km,Híbrido enchufable,220 cv,Madrid,2026-05-06 14:19:19,CERO,https://www.coches.net/mini-countryman-cooper-s-e-all4-5p-electrico-hibrido-2021-en-madrid-70449062-covo.aspx
RENAULT,RENAULT Arkana Intens TCe 103kW140CV EDC mild hybrid,22.900 €,2022,44.614 km,Híbrido,140 cv,Valladolid,2026-05-06 14:19:19,ECO,https://www.coches.net/renault-arkana-intens-tce-103kw140cv-edc-mild-hybrid-5p-electrico-hibrido-2021-en-valladolid-70449638-covo.aspx
AUDI,AUDI Q2 Design 35 TFSI S tronic,21.490 €,2020,68.422 km,Gasolina,150 cv,Madrid,2026-05-06 14:19:19,C,https://www.coches.net/audi-q2-design-35-tfsi-110kw-150cv-s-tronic-5p-gasolina-2020-en-madrid-70450010-covo.aspx
KIA,KIA Sportage 1.6 MHEV Drive 4x2,18.490 €,2020,68.233 km,Híbrido,136 cv,Madrid,2026-05-06 14:19:19,ECO,https://www.coches.net/kia-sportage-16-mhev-drive-100kw-136cv-4x2-5p-electrico-hibrido-2021-en-madrid-70450144-covo.aspx
LYNK,LYNK & CO 01 1.5 PHEV 6.6kW,24.490 €,2023,45.912 km,Híbrido enchufable,261 cv,Madrid,2026-05-06 14:19:19,CERO,https://www.coches.net/lynk--co-01-15-phev-66kw-5p-electrico-hibrido-2023-en-madrid-70450217-covo.aspx
LAND-ROVER,LAND-ROVER Range Rover Velar 2.0 D180 4WD Auto,25.990 €,2020,111.803 km,Diesel,180 cv,Madrid,2026-05-06 14:19:19,C,https://www.coches.net/land-rover-range-rover-velar-20-d180-132kw-180cv-4wd-auto-5p-diesel-2020-en-madrid-70450261-covo.aspx
MERCEDES-BENZ,MERCEDES-BENZ Clase E E 450 4MATIC,46.900 €,2023,50.383 km,Híbrido,367 cv,Castellón,2026-05-06 14:19:19,ECO,https://www.coches.net/mercedes-benz-clase-e-e-450-4matic-4p-electrico-hibrido-2023-en-castellon-70450336-covo.aspx
SEAT,SEAT Arona 1.0 TSI Style,15.600 €,2022,90.493 km,Gasolina,110 cv,Valencia,2026-05-06 14:19:19,C,https://www.coches.net/seat-arona-10-tsi-81kw-110cv-style-5p-gasolina-2023-en-valencia-70450367-covo.aspx
TOYOTA,TOYOTA Rav4 2.5l 220H Advance,33.900 €,2022,54.669 km,Híbrido,218 cv,Valencia,2026-05-06 14:19:19,ECO,https://www.coches.net/toyota-rav4-25l-220h-advance-5p-electrico-hibrido-2022-en-valencia-70450368-covo.aspx
NISSAN,NISSAN Micra IGT 92 CV E6DF Acenta Sprint,15.900 €,2022,26.280 km,Gasolina,92 cv,Valencia,2026-05-06 14:19:19,C,https://www.coches.net/nissan-micra-igt-68-kw-92-cv-e6df-acenta-sprint-5p-gasolina-2022-en-valencia-70450369-covo.aspx
SEAT,SEAT Arona 1.0 TSI Style,14.990 €,2021,30.124 km,Gasolina,110 cv,Madrid,2026-05-06 14:19:19,C,https://www.coches.net/seat-arona-10-tsi-81kw-110cv-style-5p-gasolina-2022-en-madrid-70451164-covo.aspx
FORD,FORD Kuga STLine 2.0 EcoBlue Auto,21.990 €,2023,68.970 km,Diesel,120 cv,Madrid,2026-05-06 14:19:19,C,https://www.coches.net/ford-kuga-stline-20-ecoblue-88kw-120cv-auto-5p-diesel-2023-en-madrid-70451232-covo.aspx
HYUNDAI,HYUNDAI Kona 1.0 TGDI Klass 4X2,14.990 €,2021,51.382 km,Gasolina,120 cv,Madrid,2026-05-06 14:19:19,C,https://www.coches.net/hyundai-kona-10-tgdi-klass-4x2-5p-gasolina-2020-en-madrid-70451359-covo.aspx
SEAT,SEAT Ibiza 1.0 EcoTSI FR,13.990 €,2018,112.327 km,Gasolina,115 cv,Sta. C. Tenerife,2026-05-06 14:19:19,B,https://www.coches.net/seat-ibiza-10-ecotsi-85kw-115cv-fr-5p-gasolina-2018-en-sta-c-tenerife-70451409-covo.aspx
KIA,KIA Picanto 1.0 DPi Concept,10.490 €,2021,46.905 km,Gasolina,67 cv,Madrid,2026-05-06 14:19:19,C,https://www.coches.net/kia-picanto-10-dpi-49kw-67cv-concept-5p-gasolina-2022-en-madrid-70451436-covo.aspx
FORD,FORD EcoSport 1.0T EcoBoost SS ST Line,15.490 €,2023,71.000 km,Gasolina,125 cv,Las Palmas,2026-05-06 14:19:19,C,https://www.coches.net/ford-ecosport-10t-ecoboost-92kw-125cv-ss-st-line-5p-gasolina-2022-en-las-palmas-70451457-covo.aspx
KIA,KIA XCeed 1.6 GDi PHEV eDrive,16.990 €,2021,53.810 km,Híbrido enchufable,141 cv,Las Palmas,2026-05-06 14:19:19,CERO,https://www.coches.net/kia-xceed-16-gdi-phev-104kw-141cv-edrive-5p-electrico-hibrido-2021-en-las-palmas-70451462-covo.aspx
AUDI,AUDI Q4 e-tron S line 40 etron 82kWh,31.990 €,2023,71.000 km,Eléctrico,204 cv,Las Palmas,2026-05-06 14:19:19,CERO,https://www.coches.net/audi-q4-e-tron-s-line-40-etron-150kw-82kwh-5p-electrico-hibrido-2023-en-las-palmas-70451463-covo.aspx
HYUNDAI,HYUNDAI Kona 1.0 TGDI 48V Tecno 4X2,18.490 €,2021,71.585 km,Híbrido,120 cv,Madrid,2026-05-06 14:19:19,ECO,https://www.coches.net/hyundai-kona-10-tgdi-48v-tecno-4x2-5p-electrico-hibrido-2020-en-madrid-70451505-covo.aspx
DACIA,DACIA Sandero Stepway Expression TCe CVT,13.999 €,2023,47.000 km,Gasolina,91 cv,Alicante,2026-05-06 14:19:19,C,https://www.coches.net/dacia-sandero-stepway-expression-tce-67kw-90cv-cvt-5p-gasolina-2022-en-alicante-70451518-covo.aspx
MERCEDES-BENZ,MERCEDES-BENZ Clase A A 180 d,21.990 €,2020,128.250 km,Diesel,116 cv,Madrid,2026-05-06 14:19:19,C,https://www.coches.net/mercedes-benz-clase-a-a-180-d-5p-diesel-2020-en-madrid-70451554-covo.aspx
KIA,KIA Niro 1.6 GDi HEV Drive,18.490 €,2022,85.856 km,Híbrido,141 cv,Madrid,2026-05-06 14:19:19,ECO,https://www.coches.net/kia-niro-16-gdi-hev-104kw-141cv-drive-5p-electrico-hibrido-2022-en-madrid-70451620-covo.aspx
NISSAN,NISSAN QASHQAI DIGT mHEV Xtronic Acenta,21.490 €,2021,45.716 km,Híbrido,158 cv,Madrid,2026-05-06 14:19:19,ECO,https://www.coches.net/nissan-qashqai-digt-116kw-158cv-mhev-xtronic-acenta-5p-electrico-hibrido-2021-en-madrid-70451709-covo.aspx
PORSCHE,PORSCHE Panamera 4 EHybrid,49.990 €,2018,166.000 km,Híbrido enchufable,462 cv,Valencia,2026-05-06 14:19:19,CERO,https://www.coches.net/porsche-panamera-4-ehybrid-5p-electrico-hibrido-2018-en-valencia-70451752-covo.aspx
HYUNDAI,HYUNDAI i30 1.5 DPI Klass SLX,12.990 €,2022,153.158 km,Gasolina,110 cv,Cádiz,2026-05-06 14:19:19,C,https://www.coches.net/hyundai-i30-15-dpi-klass-slx-5p-gasolina-2020-en-cadiz-70451897-covo.aspx
RENAULT,RENAULT Captur Zen TCe,14.490 €,2020,178.486 km,Gasolina,100 cv,Cádiz,2026-05-06 14:19:19,B,https://www.coches.net/renault-captur-zen-tce-74kw-100cv-5p-gasolina-2020-en-cadiz-70451898-covo.aspx
LEXUS,LEXUS CT 1.8 200h Sport Edition,23.700 €,2021,38.866 km,Híbrido,136 cv,Alicante,2026-05-06 14:19:19,ECO,https://www.coches.net/lexus-ct-18-200h-sport-edition-5p-electrico-hibrido-2019-en-alicante-70452016-covo.aspx
HYUNDAI,HYUNDAI i30 1.5 DPI Klass SLX,17.900 €,2023,32.000 km,Gasolina,110 cv,Girona,2026-05-06 14:19:19,C,https://www.coches.net/hyundai-i30-15-dpi-klass-slx-5p-gasolina-2023-en-girona-70452046-covo.aspx
AUDI,AUDI Q5 2.0 TDI quattro Stronic Attraction,14.450 €,2014,264.000 km,Diesel,177 cv,Alicante,2026-05-06 14:19:19,B,https://www.coches.net/audi-q5-20-tdi-177cv-quattro-stronic-attraction-5p-diesel-2015-en-alicante-70452094-covo.aspx
RENAULT,RENAULT Captur Intens ETECH hibrido enchufable,17.990 €,2021,69.000 km,Híbrido enchufable,160 cv,Las Palmas,2026-05-06 14:19:19,CERO,https://www.coches.net/renault-captur-intens-etech-hibrido-enchufable-160cv-5p-electrico-hibrido-2021-en-las-palmas-70452155-covo.aspx
AUDI,AUDI Q2 Advanced 30 TFSI,18.490 €,2019,80.560 km,Gasolina,116 cv,Madrid,2026-05-06 14:19:19,C,https://www.coches.net/audi-q2-advanced-30-tfsi-85kw-116cv-5p-gasolina-2020-en-madrid-70452167-covo.aspx
OPEL,OPEL Astra 1.2T SHL Edition,12.990 €,2022,34.000 km,Gasolina,110 cv,Las Palmas,2026-05-06 14:19:19,C,https://www.coches.net/opel-astra-12t-shl-81kw-110cv-edition-5p-gasolina-2021-en-las-palmas-70452238-covo.aspx
VOLKSWAGEN,VOLKSWAGEN Golf Advance 1.6 TDI Variant,15.499 €,2019,131.000 km,Diesel,115 cv,Sevilla,2026-05-06 14:19:19,C,https://www.coches.net/volkswagen-golf-advance-16-tdi-85kw-115cv-variant-5p-diesel-2020-en-sevilla-70452393-covo.aspx
RENAULT,RENAULT Kangoo Combi Equilibre 1.5 blue dci,18.490 €,2022,47.729 km,Diesel,95 cv,Madrid,2026-05-06 14:19:19,C,https://www.coches.net/renault-kangoo-combi-equilibre-15-blue-dci-70kw-95cv-5p-diesel-2022-en-madrid-70452904-covo.aspx
AUDI,AUDI A3 Sportback 30 TDI,16.999 €,2020,142.000 km,Diesel,116 cv,Sevilla,2026-05-06 14:19:19,C,https://www.coches.net/audi-a3-sportback-30-tdi-85kw-116cv-5p-diesel-2020-en-sevilla-70452943-covo.aspx
RENAULT,RENAULT Kadjar Equilibre GPF TCe,18.490 €,2022,52.623 km,Gasolina,140 cv,Madrid,2026-05-06 14:19:19,C,https://www.coches.net/renault-kadjar-equilibre-gpf-tce-103kw-140cv-5p-gasolina-2022-en-madrid-70452954-covo.aspx
VOLVO,VOLVO XC60 2.0 B4 D AWD Plus Dark Auto,33.490 €,2022,142.000 km,Híbrido,197 cv,Bizkaia,2026-05-06 14:19:19,ECO,https://www.coches.net/volvo-xc60-20-b4-d-awd-plus-dark-auto-5p-electrico-hibrido-2023-en-vizcaya-70454417-covo.aspx
DACIA,DACIA Duster Comfort Blue dCi 4X4,9.999 €,2022,289.000 km,Diesel,115 cv,Sevilla,2026-05-06 14:19:19,C,https://www.coches.net/dacia-duster-comfort-blue-dci-85kw-115cv-4x4-5p-diesel-2022-en-sevilla-70454666-covo.aspx
MAZDA,MAZDA CX-30 eSKYACTIVG 2.0 2WD Evolution,23.900 €,2023,18.000 km,Híbrido,122 cv,León,2026-05-06 14:19:19,ECO,https://www.coches.net/mazda-cx-30-eskyactivg-20-90-kw-2wd-evolution-5p-electrico-hibrido-2022-en-leon-70454854-covo.aspx
TOYOTA,TOYOTA Yaris Cross 1.5 120H Active Plus,23.990 €,2024,35.000 km,Híbrido,116 cv,Sta. C. Tenerife,2026-05-06 14:19:19,ECO,https://www.coches.net/toyota-yaris-cross-15-120h-active-plus-5p-electrico-hibrido-2024-en-sta-c-tenerife-70455205-covo.aspx
FIAT,FIAT Panda Pandina 1.0 Hybrid,14.900 €,2025,8734 km,Híbrido,70 cv,Valencia,2026-05-06 14:19:19,ECO,https://www.coches.net/fiat-panda-pandina-10-hybrid-51kw-70cv-5p-electrico-hibrido-2025-en-valencia-70455823-covo.aspx
KIA,KIA Stonic 1.2 DPi Concept Plus,13.499 €,2022,85.000 km,Gasolina,84 cv,Alicante,2026-05-06 14:19:19,C,https://www.coches.net/kia-stonic-12-dpi-62kw-84cv-concept-plus-5p-gasolina-2022-en-alicante-70456049-covo.aspx
VOLKSWAGEN,VOLKSWAGEN T-Cross Sport 1.0 TSI,21.500 €,2023,58.601 km,Gasolina,110 cv,Jaén,2026-05-06 14:19:19,C,https://www.coches.net/volkswagen-t-cross-sport-10-tsi-81kw-110cv-5p-gasolina-2023-en-jaen-70456341-covo.aspx
HYUNDAI,HYUNDAI Tucson 1.6 CRDI Maxx Safe,20.490 €,2022,64.631 km,Diesel,115 cv,Madrid,2026-05-06 14:19:19,C,https://www.coches.net/hyundai-tucson-16-crdi-85kw-115cv-maxx-safe-5p-diesel-2022-en-madrid-70456745-covo.aspx
MG,MG MG4 64kWh XPower,26.490 €,2025,620 km,Eléctrico,435 cv,Sta. C. Tenerife,2026-05-06 14:19:19,CERO,https://www.coches.net/mg-mg4-64kwh-xpower-5p-electrico-hibrido-2023-en-sta-c-tenerife-70456908-covo.aspx
OPEL,OPEL Crossland X 1.5D Design Line 120 Aniversar. SS,13.290 €,2019,56.000 km,Diesel,102 cv,Madrid,2026-05-06 14:19:19,C,https://www.coches.net/opel-crossland-x-15d-75kw-design-line-120-aniversar-ss-5p-diesel-2020-en-madrid-70457013-covo.aspx
VOLKSWAGEN,VOLKSWAGEN Golf Sportsvan Advance 1.4 TSI 92kW125CV BMT DSG,14.999 €,2017,27.500 km,Gasolina,125 cv,Alicante,2026-05-06 14:19:19,C,https://www.coches.net/volkswagen-golf-sportsvan-advance-14-tsi-92kw125cv-bmt-dsg-5p-gasolina-2017-en-alicante-70457030-covo.aspx
BMW,BMW ix2 eDrive20,41.500 €,2025,8900 km,Eléctrico,204 cv,Toledo,2026-05-06 14:19:19,CERO,https://www.coches.net/bmw-ix2-edrive20-5p-electrico-hibrido-2025-en-toledo-70457254-covo.aspx
BMW,BMW X6 xDrive30d,61.900 €,2021,72.747 km,Híbrido,286 cv,Toledo,2026-05-06 14:19:19,ECO,https://www.coches.net/bmw-x6-xdrive30d-5p-electrico-hibrido-2021-en-toledo-70457268-covo.aspx
VOLKSWAGEN,VOLKSWAGEN e-up!,12.400 €,2021,81.400 km,Eléctrico,83 cv,Madrid,2026-05-06 14:19:19,CERO,https://www.coches.net/volkswagen-e-up-61kw-83cv-5p-electrico-hibrido-2021-en-madrid-70457397-covo.aspx
BMW,BMW i4 eDrive40,37.900 €,2022,60.900 km,Eléctrico,340 cv,Madrid,2026-05-06 14:19:19,CERO,https://www.coches.net/bmw-i4-edrive40-5p-electrico-hibrido-2022-en-madrid-70457404-covo.aspx
MERCEDES-BENZ,MERCEDES-BENZ Citan 109 CDI Tourer Select Largo,12.490 €,2017,115.000 km,Diesel,90 cv,Cádiz,2026-05-06 14:19:19,C,https://www.coches.net/mercedes-benz-citan-109-cdi-tourer-select-largo-5p-diesel-2015-en-cadiz-70457445-covo.aspx
MERCEDES-BENZ,MERCEDES-BENZ GLC Coupé GLC 200 4MATIC,39.999 €,2020,78.000 km,Híbrido,197 cv,Alicante,2026-05-06 14:19:19,ECO,https://www.coches.net/mercedes-benz-glc-coupe-glc-200-4matic-5p-electrico-hibrido-2021-en-alicante-70457780-covo.aspx
SEAT,SEAT León 1.0 TSI SS Style,12.499 €,2020,153.377 km,Gasolina,110 cv,Madrid,2026-05-06 14:19:19,C,https://www.coches.net/seat-leon-10-tsi-81kw-ss-style-5p-gasolina-2021-en-madrid-70457944-covo.aspx
MERCEDES-BENZ,MERCEDES-BENZ Clase E Cabrio E 220 d,39.900 €,2019,35.000 km,Diesel,194 cv,Alicante,2026-05-06 14:19:19,C,https://www.coches.net/mercedes-benz-clase-e-cabrio-e-220-d-2p-diesel-2019-en-alicante-70458154-covo.aspx
BMW,BMW Compact 316ti Compact,4.500 €,2002,148.000 km,Gasolina,115 cv,Castellón,2026-05-06 14:19:19,C,https://www.coches.net/bmw-compact-316ti-compact-3p-gasolina-2002-en-castellon-70458250-covo.aspx
RENAULT,RENAULT Mégane Zen TCe EDC GPF SS,17.900 €,2020,60.000 km,Gasolina,140 cv,Valladolid,2026-05-06 14:19:19,C,https://www.coches.net/renault-megane-zen-tce-103-kw-140cv-edc-gpf-ss-5p-gasolina-2020-en-valladolid-70458451-covo.aspx
JEEP,JEEP Compass eHybrid 1.5 MHEV Night Eagle Dct,24.990 €,2024,25.942 km,Híbrido,130 cv,Madrid,2026-05-06 14:19:19,ECO,https://www.coches.net/jeep-compass-ehybrid-15-mhev-96kw-night-eagle-dct-5p-electrico-hibrido-2023-en-madrid-70458493-covo.aspx
JEEP,JEEP Avenger 1.2 G Summit,25.400 €,2025,10 km,Gasolina,100 cv,Madrid,2026-05-06 14:19:19,C,https://www.coches.net/jeep-avenger-12-g-74kw-100cv-summit-5p-gasolina-2025-en-madrid-70458572-covo.aspx
ALFA,ALFA ROMEO Tonale 1.5 MHEV GASOLINA 160 CV SPECIALE FWD,29.500 €,2022,28.000 km,Híbrido,160 cv,Madrid,2026-05-06 14:19:19,ECO,https://www.coches.net/alfa-romeo-tonale-15-mhev-gasolina-160-cv-speciale-fwd-5p-electrico-hibrido-2022-en-madrid-70458635-covo.aspx
FORD,FORD Fiesta 1.0 EcoBoost MHEV 92kW125CV STLine,16.900 €,2023,35.376 km,Híbrido,125 cv,Madrid,2026-05-06 14:19:19,ECO,https://www.coches.net/ford-fiesta-10-ecoboost-mhev-92kw125cv-stline-5p-5p-electrico-hibrido-2023-en-madrid-70458667-covo.aspx
OPEL,OPEL Corsa 1.2T XHL Edition,10.400 €,2022,82.000 km,Gasolina,100 cv,Almería,2026-05-06 14:19:19,B,https://www.coches.net/opel-corsa-12t-xhl-74kw-100cv-edition-5p-gasolina-2022-en-almeria-70458680-covo.aspx
FIAT,FIAT 500 Monotrim 1.0 Hybrid 70 CV,13.900 €,2024,17.000 km,Híbrido,70 cv,Madrid,2026-05-06 14:19:19,ECO,https://www.coches.net/fiat-500-monotrim-10-hybrid-51kw-70-cv-3p-electrico-hibrido-2024-en-madrid-70458686-covo.aspx
BMW,BMW Serie 2 Active Tourer 218i,16.990 €,2018,109.000 km,Gasolina,140 cv,Las Palmas,2026-05-06 14:19:19,B,https://www.coches.net/bmw-serie-2-active-tourer-218i-5p-gasolina-2018-en-las-palmas-70458774-covo.aspx
MERCEDES-BENZ,MERCEDES-BENZ Clase CLA MercedesAMG CLA 45 4M Shooting Brake,32.900 €,2017,80.000 km,Gasolina,381 cv,Las Palmas,2026-05-06 14:19:19,C,https://www.coches.net/mercedes-benz-clase-cla-mercedesamg-cla-45-4m-shooting-brake-5p-gasolina-2018-en-las-palmas-70459009-covo.aspx
FIAT,FIAT Panda Panda Hybrid 1.0,9.985 €,2022,71.359 km,Híbrido,70 cv,Las Palmas,2026-05-06 14:19:19,ECO,https://www.coches.net/fiat-panda-panda-hybrid-10-51kw-70cv-5p-electrico-hibrido-2023-en-las-palmas-70459103-covo.aspx
BMW,BMW X2 sDrive18d,39.985 €,2025,27.211 km,Diesel,150 cv,Las Palmas,2026-05-06 14:19:19,C,https://www.coches.net/bmw-x2-sdrive18d-5p-diesel-2025-en-las-palmas-70459104-covo.aspx
DACIA,DACIA Lodgy Stepway Comfort 85kW115CV 7Pl,15.985 €,2022,58.423 km,Diesel,115 cv,Las Palmas,2026-05-06 14:19:19,C,https://www.coches.net/dacia-lodgy-stepway-comfort-85kw115cv-7pl-5p-diesel-2021-en-las-palmas-70459106-covo.aspx
SEAT,SEAT Arona 1.0 TSI Style XL,16.990 €,2023,78.000 km,Gasolina,110 cv,Sta. C. Tenerife,2026-05-06 14:19:19,B,https://www.coches.net/seat-arona-10-tsi-81kw-110cv-style-xl-5p-gasolina-2023-en-sta-c-tenerife-70459206-covo.aspx
HYUNDAI,HYUNDAI Tucson 1.6 GDI SLE 4X2,16.990 €,2019,60.993 km,Gasolina,132 cv,Madrid,2026-05-06 14:19:19,C,https://www.coches.net/hyundai-tucson-16-gdi-97kw-131cv-sle-4x2-5p-gasolina-2018-en-madrid-70459492-covo.aspx
VOLVO,VOLVO XC60 2.0 D3 Momentum,26.490 €,2019,88.845 km,Diesel,150 cv,Madrid,2026-05-06 14:19:19,C,https://www.coches.net/volvo-xc60-20-d3-momentum-5p-diesel-2019-en-madrid-70459544-covo.aspx
OPEL,OPEL Grandland X 1.5 CDTi Selective,13.890 €,2020,88.000 km,Diesel,130 cv,Madrid,2026-05-06 14:19:19,C,https://www.coches.net/opel-grandland-x-15-cdti-selective-5p-diesel-2020-en-madrid-70459692-covo.aspx
RENAULT,RENAULT Scénic Selection dCi 95 eco2,7.890 €,2014,100.000 km,Diesel,95 cv,Madrid,2026-05-06 14:19:19,B,https://www.coches.net/renault-scenic-selection-dci-95-eco2-5p-diesel-2014-en-madrid-70459784-covo.aspx
BMW,BMW Serie 1 116d,18.990 €,2020,78.100 km,Diesel,116 cv,Málaga,2026-05-06 14:19:19,C,https://www.coches.net/bmw-serie-1-116d-5p-diesel-2020-en-malaga-70460508-covo.aspx
SEAT,SEAT Ibiza 1.0 TSI StartStop FRSound,23.500 €,2026,10 km,Gasolina,115 cv,Burgos,2026-05-06 14:19:19,C,https://www.coches.net/km-0/seat/ibiza/burgos/10-tsi-85kw-115cv-startstop-frsound-gasolina-de-km0-70460618-kovn.aspx
PEUGEOT,PEUGEOT Rifter Active Pack Standard BlueHDi,16.800 €,2022,57.041 km,Diesel,100 cv,Valencia,2026-05-06 14:19:19,C,https://www.coches.net/peugeot-rifter-active-pack-standard-bluehdi-73kw-5p-diesel-2021-en-valencia-70460661-covo.aspx
TOYOTA,TOYOTA Corolla Verso 1.8 VVTi Luna MMT,6.990 €,2007,199.000 km,Gasolina,129 cv,Alicante,2026-05-06 14:19:19,C,https://www.coches.net/toyota-corolla-verso-18-vvti-luna-mmt-5p-gasolina-2007-en-alicante-70460708-covo.aspx
HYUNDAI,HYUNDAI Tucson 1.6 CRDI 48V NLine DT 4X2,20.990 €,2020,90.360 km,Híbrido,136 cv,Madrid,2026-05-06 14:19:19,ECO,https://www.coches.net/hyundai-tucson-16-crdi-100kw-136cv-48v-nline-dt-4x2-5p-electrico-hibrido-2018-en-madrid-70460725-covo.aspx
PORSCHE,PORSCHE Cayenne EHybrid,65.990 €,2021,107.000 km,Híbrido enchufable,462 cv,Asturias,2026-05-06 14:19:19,CERO,https://www.coches.net/porsche-cayenne-ehybrid-5p-electrico-hibrido-2022-en-asturias-70460812-covo.aspx
MINI,MINI MINI COOPER 5 PUERTAS,21.990 €,2023,36.309 km,Gasolina,136 cv,Sta. C. Tenerife,2026-05-06 14:19:19,C,https://www.coches.net/mini-mini-cooper-5-puertas-5p-gasolina-2024-en-sta-c-tenerife-70460848-covo.aspx
PORSCHE,PORSCHE Panamera 4S,55.990 €,2017,129.000 km,Gasolina,440 cv,Asturias,2026-05-06 14:19:19,C,https://www.coches.net/porsche-panamera-4s-5p-gasolina-2018-en-asturias-70460992-covo.aspx
VOLKSWAGEN,VOLKSWAGEN Tiguan RLine 2.0 TSI DSG 4Motion,49.900 €,2025,6300 km,Gasolina,204 cv,Barcelona,2026-05-06 14:19:19,C,https://www.coches.net/km-0/volkswagen/tiguan/barcelona/rline-20-tsi-150kw-204cv-dsg-4motion-gasolina-de-km0-70461058-kovn.aspx
MINI,MINI MINI Cooper,7.700 €,2011,77.000 km,Gasolina,122 cv,Tarragona,2026-05-06 14:19:19,C,https://www.coches.net/mini-mini-cooper-3p-gasolina-2012-en-tarragona-70461144-covo.aspx
DACIA,DACIA Duster Ambiance dCi 110 4X2 EU6,9.600 €,2016,191.958 km,Diesel,109 cv,Badajoz,2026-05-06 14:19:19,B,https://www.coches.net/dacia-duster-ambiance-dci-110-4x2-eu6-5p-diesel-2016-en-badajoz-70461249-covo.aspx
VOLKSWAGEN,VOLKSWAGEN T-Roc RLine 1.5 eTSI DSG,44.900 €,2026,1000 km,Híbrido,150 cv,Barcelona,2026-05-06 14:19:19,ECO,https://www.coches.net/km-0/volkswagen/t-roc/barcelona/rline-15-etsi-110kw-150cv-dsg-electrico-hibrido-de-km0-70461889-kovn.aspx
BMW,BMW Serie 1 M135i,34.990 €,2020,88.000 km,Gasolina,306 cv,Barcelona,2026-05-06 14:19:19,B,https://www.coches.net/bmw-serie-1-m135i-5p-gasolina-2021-en-barcelona-70462048-covo.aspx
MERCEDES-BENZ,MERCEDES-BENZ Clase A Sedan A 200,19.999 €,2020,169.000 km,Gasolina,163 cv,Valencia,2026-05-06 14:19:19,C,https://www.coches.net/mercedes-benz-clase-a-sedan-a-200-4p-gasolina-2020-en-valencia-70462105-covo.aspx
VOLVO,VOLVO V40 2.0 D2 Inscription,10.990 €,2017,101.000 km,Diesel,120 cv,Las Palmas,2026-05-06 14:19:19,B,https://www.coches.net/volvo-v40-20-d2-inscription-5p-diesel-2017-en-las-palmas-70462120-covo.aspx
RENAULT,RENAULT Kangoo Combi Expression 1.5dCi,7.190 €,2009,145.007 km,Diesel,85 cv,Madrid,2026-05-06 14:19:19,B,https://www.coches.net/renault-kangoo-combi-expression-15dci-85cv-5p-diesel-2009-en-madrid-70462282-covo.aspx
MINI,MINI MINI JOHN COOPER WORKS,36.900 €,2021,83.581 km,Gasolina,231 cv,Murcia,2026-05-06 14:19:19,C,https://www.coches.net/mini-mini-john-cooper-works-3p-gasolina-2022-en-murcia-70462341-covo.aspx
RENAULT,RENAULT Grand Scénic Dynamique 5 plazas 1.5dCi105 EU4 eco2,6.190 €,2009,176.463 km,Diesel,105 cv,Madrid,2026-05-06 14:19:19,B,https://www.coches.net/renault-grand-scenic-dynamique-5-plazas-15dci105-eu4-eco2-5p-diesel-2008-en-madrid-70462687-covo.aspx
VOLKSWAGEN,VOLKSWAGEN Golf GTI Performance 2.0 TSI,27.990 €,2019,82.000 km,Gasolina,245 cv,Valencia,2026-05-06 14:19:19,C,https://www.coches.net/volkswagen-golf-gti-performance-20-tsi-180kw-245cv-5p-gasolina-2019-en-valencia-70462793-covo.aspx
SUZUKI,SUZUKI Vitara 1.0 T GLE 4WD,14.990 €,2019,136.000 km,Gasolina,111 cv,Bizkaia,2026-05-06 14:19:19,C,https://www.coches.net/suzuki-vitara-10-t-gle-4wd-5p-gasolina-2018-en-vizcaya-70462862-covo.aspx
SUBARU,SUBARU Forester 2.0 D Sport Plus,7.490 €,2013,195.328 km,Diesel,147 cv,Madrid,2026-05-06 14:19:19,B,https://www.coches.net/subaru-forester-20-d-sport-plus-5p-diesel-2012-en-madrid-70463748-covo.aspx
AUDI,AUDI Q3 35 TDI quattro,25.900 €,2021,139.000 km,Diesel,150 cv,Cádiz,2026-05-06 14:19:19,C,https://www.coches.net/audi-q3-35-tdi-quattro-110kw-150cv-5p-diesel-2022-en-cadiz-70465364-covo.aspx
BMW,BMW X2 xDrive25e Auto,29.900 €,2022,45.881 km,Híbrido enchufable,220 cv,Sta. C. Tenerife,2026-05-06 14:19:19,CERO,https://www.coches.net/bmw-x2-xdrive25e-auto-5p-electrico-hibrido-2022-en-sta-c-tenerife-70465935-covo.aspx
BMW,BMW X1 xDrive25e,23.500 €,2020,68.806 km,Híbrido enchufable,220 cv,Sta. C. Tenerife,2026-05-06 14:19:19,CERO,https://www.coches.net/bmw-x1-xdrive25e-5p-electrico-hibrido-2020-en-sta-c-tenerife-70465937-covo.aspx
CITROEN,CITROEN C3 BlueHDi SS Live Pack,8.990 €,2022,89.723 km,Diesel,102 cv,Sevilla,2026-05-06 14:19:19,C,https://www.coches.net/citroen-c3-bluehdi-75kw-100cv-ss-live-pack-5p-diesel-2021-en-sevilla-70466061-covo.aspx
HYUNDAI,HYUNDAI IONIQ 1.6 GDI HEV Tecno DT,15.990 €,2020,113.000 km,Híbrido,141 cv,Barcelona,2026-05-06 14:19:19,ECO,https://www.coches.net/hyundai-ioniq-16-gdi-hev-tecno-dt-5p-electrico-hibrido-2019-en-barcelona-70466281-covo.aspx
NISSAN,NISSAN QASHQAI DIGT mHEV 4x2 Acenta,20.900 €,2024,72.708 km,Híbrido,140 cv,Valencia,2026-05-06 14:19:19,ECO,https://www.coches.net/nissan-qashqai-digt-103kw-140cv-mhev-4x2-acenta-5p-electrico-hibrido-2024-en-valencia-70466290-covo.aspx
MERCEDES-BENZ,MERCEDES-BENZ CLA CLA 200 D DCT,31.990 €,2020,68.000 km,Diesel,150 cv,Barcelona,2026-05-06 14:19:19,C,https://www.coches.net/mercedes-benz-cla-cla-200-d-dct-4p-diesel-2021-en-barcelona-70466293-covo.aspx
BMW,BMW X2 sDrive20d,39.900 €,2025,49.500 km,Híbrido,163 cv,Ciudad Real,2026-05-06 14:19:19,ECO,https://www.coches.net/bmw-x2-sdrive20d-5p-electrico-hibrido-2025-en-ciudad-real-70466455-covo.aspx
AUDI,AUDI Q3 Advanced 35 TDI S tronic,27.990 €,2020,85.000 km,Diesel,150 cv,Barcelona,2026-05-06 14:19:19,C,https://www.coches.net/audi-q3-advanced-35-tdi-110kw-150cv-s-tronic-5p-diesel-2021-en-barcelona-70466548-covo.aspx
SEAT,SEAT León ST 1.6 TDI StSp Style,7.650 €,2015,204.100 km,Diesel,105 cv,Alicante,2026-05-06 14:19:19,B,https://www.coches.net/seat-leon-st-16-tdi-105cv-stsp-style-5p-diesel-2015-en-alicante-70466558-covo.aspx
HYUNDAI,HYUNDAI Tucson 1.6 CRDI 48V Style DCT 4x4,26.990 €,2022,64.000 km,Híbrido,136 cv,Barcelona,2026-05-06 14:19:19,ECO,https://www.coches.net/hyundai-tucson-16-crdi-100kw-136cv-48v-style-dct-4x4-5p-electrico-hibrido-2021-en-barcelona-70466743-covo.aspx
AUDI,AUDI 80 80 2.0 E,6.990 €,1994,150.000 km,Gasolina,115 cv,Gipuzkoa,2026-05-06 14:19:19,B,https://www.coches.net/audi-80-80-20-e-4p-gasolina-1991-en-guipuzcoa-70466919-covo.aspx
FORD,FORD Focus 1.0 Ecoboost MHEV STLine Style SIP,17.490 €,2022,36.848 km,Híbrido,125 cv,Madrid,2026-05-06 14:19:19,ECO,https://www.coches.net/ford-focus-10-ecoboost-mhev-92kw-stline-style-sip-5p-electrico-hibrido-2022-en-madrid-70466962-covo.aspx
CUPRA,CUPRA León 1.5 TSI,25.900 €,2024,19.165 km,Gasolina,150 cv,Córdoba,2026-05-06 14:19:19,C,https://www.coches.net/cupra-leon-15-tsi-110kw-150cv-5p-gasolina-2025-en-cordoba-70466980-covo.aspx
CUPRA,CUPRA Terramar 1.5 TSI eHybrid 204 CV DSG,38.900 €,2025,9900 km,Híbrido enchufable,204 cv,Córdoba,2026-05-06 14:19:19,CERO,https://www.coches.net/cupra-terramar-15-tsi-ehybrid-150kw-204-cv-dsg-5p-electrico-hibrido-2026-en-cordoba-70466986-covo.aspx
MERCEDES-BENZ,MERCEDES-BENZ CLA CLA 180 Shooting Brake,21.900 €,2020,101.000 km,Gasolina,136 cv,Valladolid,2026-05-06 14:19:19,C,https://www.coches.net/mercedes-benz-cla-cla-180-shooting-brake-5p-gasolina-2021-en-valladolid-70467016-covo.aspx
VOLKSWAGEN,VOLKSWAGEN Tiguan RLine 2.0 TDI DSG 4Motion,34.500 €,2022,72.000 km,Diesel,150 cv,Madrid,2026-05-06 14:19:19,C,https://www.coches.net/volkswagen-tiguan-rline-20-tdi-110kw-150cv-dsg-4motion-5p-diesel-2023-en-madrid-70467084-covo.aspx
PEUGEOT,PEUGEOT 3008 1.5 BlueHDi Active Pack EAT8,18.990 €,2022,97.224 km,Diesel,130 cv,Madrid,2026-05-06 14:19:19,C,https://www.coches.net/peugeot-3008-15-bluehdi-96kw-active-pack-eat8-5p-diesel-2022-en-madrid-70467352-covo.aspx
HYUNDAI,HYUNDAI i20 1.0 TGDI 48V Essence,13.490 €,2021,94.504 km,Híbrido,100 cv,Madrid,2026-05-06 14:19:19,ECO,https://www.coches.net/hyundai-i20-10-tgdi-74kw-100cv-48v-essence-5p-electrico-hibrido-2021-en-madrid-70467375-covo.aspx
CITROEN,CITROEN C3 PureTech SS Shine EAT6,13.990 €,2023,38.016 km,Gasolina,110 cv,Valencia,2026-05-06 14:19:19,C,https://www.coches.net/citroen-c3-puretech-81kw-110cv-ss-shine-eat6-5p-gasolina-2023-en-valencia-70467397-covo.aspx
ALFA,ALFA ROMEO Stelvio 2.2 Diesel Super RWD,22.990 €,2019,78.258 km,Diesel,190 cv,Madrid,2026-05-06 14:19:19,C,https://www.coches.net/alfa-romeo-stelvio-22-diesel-140kw-190cv-super-rwd-5p-diesel-2019-en-madrid-70467403-covo.aspx
PEUGEOT,PEUGEOT 3008 Hybrid 225 eEAT8 Allure,17.990 €,2020,62.141 km,Híbrido enchufable,225 cv,Madrid,2026-05-06 14:19:19,CERO,https://www.coches.net/peugeot-3008-hybrid-225-eeat8-allure-5p-electrico-hibrido-2020-en-madrid-70467449-covo.aspx
BMW,BMW Serie 4 420d Gran Coupe,46.500 €,2025,21.000 km,Híbrido,190 cv,Madrid,2026-05-06 14:19:19,ECO,https://www.coches.net/bmw-serie-4-420d-gran-coupe-5p-electrico-hibrido-2025-en-madrid-70467458-covo.aspx
VOLKSWAGEN,VOLKSWAGEN T-Roc Cabrio RLine 1.5 TSI,29.700 €,2022,70.201 km,Gasolina,150 cv,Valencia,2026-05-06 14:19:19,C,https://www.coches.net/volkswagen-t-roc-cabrio-rline-15-tsi-110kw-150cv-2p-gasolina-2022-en-valencia-70467486-covo.aspx
PEUGEOT,PEUGEOT 308 SW GT BlueHDi 130 SS EAT8,21.900 €,2023,43.650 km,Diesel,130 cv,Valencia,2026-05-06 14:19:19,C,https://www.coches.net/peugeot-308-sw-gt-bluehdi-130-ss-eat8-5p-diesel-2023-en-valencia-70467722-covo.aspx
OPEL,OPEL Corsa 1.2T XHL Elegance,13.500 €,2020,21.633 km,Gasolina,100 cv,Valencia,2026-05-06 14:19:19,C,https://www.coches.net/opel-corsa-12t-xhl-74kw-100cv-elegance-5p-gasolina-2020-en-valencia-70467723-covo.aspx
SEAT,SEAT Ibiza 1.0 MPI Reference XL,14.500 €,2023,22.909 km,Gasolina,80 cv,Valencia,2026-05-06 14:19:19,C,https://www.coches.net/seat-ibiza-10-mpi-59kw-80cv-reference-xl-5p-gasolina-2024-en-valencia-70467724-covo.aspx
MERCEDES-BENZ,MERCEDES-BENZ Clase V 220 d Avantgarde Extralargo,57.900 €,2022,77.750 km,Diesel,163 cv,Valencia,2026-05-06 14:19:19,C,https://www.coches.net/mercedes-benz-clase-v-220-d-avantgarde-extralargo-5p-diesel-2021-en-valencia-70467725-covo.aspx
LAND-ROVER,LAND-ROVER Range Rover Evoque 1.5 P160 AUTO MHEV,33.900 €,2021,33.360 km,Híbrido,160 cv,Valencia,2026-05-06 14:19:19,ECO,https://www.coches.net/land-rover-range-rover-evoque-15-p160-auto-mhev-5p-electrico-hibrido-2022-en-valencia-70467726-covo.aspx
RENAULT,RENAULT Clio Emotion 1.5DCI85,5.190 €,2007,164.874 km,Diesel,85 cv,Madrid,2026-05-06 14:19:19,B,https://www.coches.net/renault-clio-emotion-15dci85-3p-diesel-2007-en-madrid-70467748-covo.aspx
HYUNDAI,HYUNDAI i20 1.0 TGDI 48V Klass,15.850 €,2022,52.606 km,Híbrido,100 cv,Las Palmas,2026-05-06 14:19:19,B,https://www.coches.net/hyundai-i20-10-tgdi-74kw-100cv-48v-klass-5p-electrico-hibrido-2021-en-las-palmas-70467884-covo.aspx
BMW,BMW X2 xDrive20d,43.900 €,2025,25.109 km,Híbrido,163 cv,Albacete,2026-05-06 14:19:19,ECO,https://www.coches.net/bmw-x2-xdrive20d-5p-electrico-hibrido-2025-en-albacete-70467894-covo.aspx
RENAULT,RENAULT Mégane Intens TCe GPF,15.990 €,2022,69.041 km,Gasolina,140 cv,Madrid,2026-05-06 14:19:19,C,https://www.coches.net/renault-megane-intens-tce-103-kw-140cv-gpf-5p-gasolina-2021-en-madrid-70468424-covo.aspx
MERCEDES-BENZ,MERCEDES-BENZ Clase B B 200 d,28.490 €,2022,45.000 km,Diesel,150 cv,Barcelona,2026-05-06 14:19:19,C,https://www.coches.net/mercedes-benz-clase-b-b-200-d-5p-diesel-2023-en-barcelona-70469530-covo.aspx
HYUNDAI,HYUNDAI i20 1.2 MPI Klass,15.790 €,2024,61.000 km,Gasolina,79 cv,Barcelona,2026-05-06 14:19:19,C,https://www.coches.net/hyundai-i20-12-mpi-klass-5p-gasolina-2025-en-barcelona-70469581-covo.aspx
MERCEDES-BENZ,MERCEDES-BENZ GLE Coupé GLE 350 e 4MATIC Hibrido Enchufable,63.900 €,2022,92.595 km,Híbrido enchufable,333 cv,Valladolid,2026-05-06 14:19:19,CERO,https://www.coches.net/mercedes-benz-gle-coupe-gle-350-e-4matic-hibrido-enchufable-5p-electrico-hibrido-2022-en-valladolid-70469588-covo.aspx
KIA,KIA Stonic 1.0 TGDi Black Edition,14.490 €,2020,75.000 km,Gasolina,100 cv,Barcelona,2026-05-06 14:19:19,C,https://www.coches.net/kia-stonic-10-tgdi-74kw-100cv-black-edition-5p-gasolina-2020-en-barcelona-70469653-covo.aspx
MERCEDES-BENZ,MERCEDES-BENZ Clase GLC GLC 220 d 4MATIC,31.499 €,2019,110.000 km,Diesel,194 cv,Sevilla,2026-05-06 14:19:19,C,https://www.coches.net/mercedes-benz-clase-glc-glc-220-d-4matic-5p-diesel-2020-en-sevilla-70469942-covo.aspx
VOLKSWAGEN,VOLKSWAGEN T-Cross Advance 1.0 TSI,16.990 €,2023,82.000 km,Gasolina,95 cv,Las Palmas,2026-05-06 14:19:19,C,https://www.coches.net/volkswagen-t-cross-advance-10-tsi-70kw-95cv-5p-gasolina-2023-en-las-palmas-70470274-covo.aspx
RENAULT,RENAULT Scénic Dynamique dCi 110,5.690 €,2011,177.197 km,Diesel,110 cv,Madrid,2026-05-06 14:19:19,B,https://www.coches.net/renault-scenic-dynamique-dci-110-5p-diesel-2011-en-madrid-70470718-covo.aspx
KIA,KIA Sportage 1.6 MHEV Business 4x2,17.995 €,2020,90.000 km,Híbrido,136 cv,Las Palmas,2026-05-06 14:19:19,B,https://www.coches.net/kia-sportage-16-mhev-business-100kw-136cv-4x2-5p-electrico-hibrido-2021-en-las-palmas-70470858-covo.aspx
VOLVO,VOLVO V60 2.0 B4 D Plus Dark Auto,28.500 €,2023,98.000 km,Híbrido,197 cv,Madrid,2026-05-06 14:19:19,ECO,https://www.coches.net/volvo-v60-20-b4-d-plus-dark-auto-5p-electrico-hibrido-2024-en-madrid-70471061-covo.aspx
MERCEDES-BENZ,MERCEDES-BENZ Clase GLC GLC 220 d 4MATIC,36.990 €,2022,138.000 km,Diesel,194 cv,Almería,2026-05-06 14:19:19,C,https://www.coches.net/mercedes-benz-clase-glc-glc-220-d-4matic-5p-diesel-2022-en-almeria-70471381-covo.aspx
HYUNDAI,HYUNDAI Kona 1.6 GDI HEV Maxx DCT,20.900 €,2022,39.800 km,Híbrido,141 cv,Girona,2026-05-06 14:19:19,ECO,https://www.coches.net/hyundai-kona-16-gdi-hev-maxx-dct-5p-electrico-hibrido-2020-en-girona-70473370-covo.aspx
HYUNDAI,HYUNDAI Kona HEV 1.6GDI DT Maxx,26.900 €,2025,20 km,Híbrido,129 cv,Girona,2026-05-06 14:19:19,ECO,https://www.coches.net/hyundai-kona-hev-16gdi-129cv-dt-maxx-5p-electrico-hibrido-2025-en-girona-70473371-covo.aspx
MINI,MINI COUNTRYMAN Cooper S E ALL4,25.900 €,2021,49.147 km,Híbrido enchufable,220 cv,Sta. C. Tenerife,2026-05-06 14:19:19,CERO,https://www.coches.net/mini-countryman-cooper-s-e-all4-5p-electrico-hibrido-2022-en-sta-c-tenerife-70473423-covo.aspx
CUPRA,CUPRA Formentor 1.5 TSI 150 CV DSG,19.890 €,2023,117.000 km,Gasolina,150 cv,Málaga,2026-05-06 14:19:19,C,https://www.coches.net/cupra-formentor-15-tsi-110kw-150-cv-dsg-5p-gasolina-2024-en-malaga-70473545-covo.aspx
BMW,BMW Serie 2 220dA Gran Coupe,27.890 €,2021,30.500 km,Diesel,190 cv,Málaga,2026-05-06 14:19:19,C,https://www.coches.net/bmw-serie-2-220da-gran-coupe-4p-diesel-2020-en-malaga-70473546-covo.aspx
BMW,BMW Serie 2 220dA,34.890 €,2022,72.728 km,Híbrido,190 cv,Málaga,2026-05-06 14:19:19,ECO,https://www.coches.net/bmw-serie-2-220da-2p-electrico-hibrido-2023-en-malaga-70473547-covo.aspx
VOLKSWAGEN,VOLKSWAGEN Golf Advance 1.0 TSI Variant,13.890 €,2019,92.250 km,Gasolina,115 cv,Málaga,2026-05-06 14:19:19,C,https://www.coches.net/volkswagen-golf-advance-10-tsi-85kw-115cv-variant-5p-gasolina-2019-en-malaga-70473548-covo.aspx
LYNK,LYNK & CO 01 1.5 PHEV,18.890 €,2021,109.000 km,Híbrido enchufable,261 cv,Málaga,2026-05-06 14:19:19,CERO,https://www.coches.net/lynk--co-01-15-phev-5p-electrico-hibrido-2021-en-malaga-70473549-covo.aspx
NISSAN,NISSAN X-TRAIL DIGT 160 CV E6D DCT TEKNA,17.890 €,2019,98.000 km,Gasolina,160 cv,Málaga,2026-05-06 14:19:19,C,https://www.coches.net/nissan-x-trail-5p-digt-120-kw-160-cv-e6d-dct-tekna-5p-gasolina-2019-en-malaga-70473555-covo.aspx
TOYOTA,TOYOTA Land Cruiser 2.8 D4D GX,36.890 €,2020,175.500 km,Diesel,177 cv,Málaga,2026-05-06 14:19:19,C,https://www.coches.net/toyota-land-cruiser-28-d4d-gx-3p-diesel-2019-en-malaga-70473565-covo.aspx
TOYOTA,TOYOTA Hilux 2.4 D4D Cabina Doble GX,36.890 €,2021,57.000 km,Diesel,150 cv,Málaga,2026-05-06 14:19:19,C,https://www.coches.net/toyota-hilux-24-d4d-cabina-doble-gx-4p-diesel-2021-en-malaga-70473566-covo.aspx
CITROEN,CITROEN C4 1.6 HDi 90 Cool,4.999 €,2008,120.000 km,Diesel,90 cv,Alicante,2026-05-06 14:19:19,B,https://www.coches.net/citroen-c4-16-hdi-90-cool-5p-diesel-2005-en-alicante-70473739-covo.aspx
OPEL,OPEL Zafira Enjoy 1.9 CDTi 8v 120 CV,5.499 €,2007,213.000 km,Diesel,120 cv,Alicante,2026-05-06 14:19:19,B,https://www.coches.net/opel-zafira-enjoy-19-cdti-8v-120-cv-5p-diesel-2007-en-alicante-70473740-covo.aspx
MERCEDES-BENZ,MERCEDES-BENZ GLA GLA 200 D,42.900 €,2025,11.025 km,Diesel,150 cv,Castellón,2026-05-06 14:19:19,C,https://www.coches.net/mercedes-benz-gla-gla-200-d-5p-diesel-2025-en-castellon-70473748-covo.aspx
MERCEDES-BENZ,MERCEDES-BENZ Clase C MercedesAMG C 63 S E 4MATIC,99.890 €,2023,19.500 km,Híbrido enchufable,680 cv,Málaga,2026-05-06 14:19:19,CERO,https://www.coches.net/mercedes-benz-clase-c-mercedesamg-c-63-s-e-4matic-4p-electrico-hibrido-2024-en-malaga-70473759-covo.aspx
CITROEN,CITROEN C4 BlueHDi 130 SS EAT8 Feel Pack,18.890 €,2023,65.819 km,Diesel,131 cv,Madrid,2026-05-06 14:19:19,C,https://www.coches.net/citroen-c4-bluehdi-130-ss-eat8-feel-pack-5p-diesel-2023-en-madrid-70473832-covo.aspx
MERCEDES-BENZ,MERCEDES-BENZ Clase E E 220 d Cabrio,52.990 €,2022,20.000 km,Diesel,194 cv,Alicante,2026-05-06 14:19:19,C,https://www.coches.net/mercedes-benz-clase-e-e-220-d-cabrio-2p-diesel-2022-en-alicante-70473916-covo.aspx
AUDI,AUDI Q2 Advanced 30 TDI S tronic,20.990 €,2020,106.323 km,Diesel,116 cv,Madrid,2026-05-06 14:19:19,C,https://www.coches.net/audi-q2-advanced-30-tdi-85kw-116cv-s-tronic-5p-diesel-2020-en-madrid-70473950-covo.aspx
BMW,BMW Serie 1 118d,22.490 €,2021,76.827 km,Diesel,150 cv,Madrid,2026-05-06 14:19:19,C,https://www.coches.net/bmw-serie-1-118d-5p-diesel-2021-en-madrid-70473980-covo.aspx
FIAT,FIAT 500X Pop Star 1.6 ETorq 4x2,10.490 €,2018,56.000 km,Gasolina,110 cv,Alicante,2026-05-06 14:19:19,C,https://www.coches.net/fiat-500x-pop-star-16-etorq-81kw-110cv-4x2-5p-gasolina-2018-en-alicante-70474034-covo.aspx
BMW,BMW Serie 3 316d Touring,12.990 €,2016,135.000 km,Diesel,116 cv,Alicante,2026-05-06 14:19:19,B,https://www.coches.net/bmw-serie-3-316d-touring-5p-diesel-2016-en-alicante-70474115-covo.aspx
MERCEDES-BENZ,MERCEDES-BENZ GLB GLB 200 d,46.900 €,2024,9048 km,Diesel,150 cv,Castellón,2026-05-06 14:19:19,C,https://www.coches.net/mercedes-benz-glb-glb-200-d-5p-diesel-2024-en-castellon-70474173-covo.aspx
RENAULT,RENAULT Captur Zen Energy TCe,13.600 €,2018,101.070 km,Gasolina,90 cv,Valencia,2026-05-06 14:19:19,C,https://www.coches.net/renault-captur-zen-energy-tce-66kw-90cv-5p-gasolina-2017-en-valencia-70474338-covo.aspx
KIA,KIA Stonic 1.0 TGDi MHEV MT Concept,17.500 €,2023,29.240 km,Híbrido,100 cv,Valencia,2026-05-06 14:19:19,ECO,https://www.coches.net/kia-stonic-10-tgdi-74kw-100cv-mhev-mt-concept-5p-electrico-hibrido-2023-en-valencia-70474339-covo.aspx
KIA,KIA Stonic 1.0 TGDi MHEV iMT Concept,15.500 €,2021,84.801 km,Híbrido,100 cv,Valencia,2026-05-06 14:19:19,C,https://www.coches.net/kia-stonic-10-tgdi-74kw-100cv-mhev-imt-concept-5p-electrico-hibrido-2022-en-valencia-70474340-covo.aspx
PEUGEOT,PEUGEOT 408 408 GT HYBRID 145 eDCS6,29.990 €,2025,8000 km,Híbrido,145 cv,Madrid,2026-05-06 14:19:19,ECO,https://www.coches.net/peugeot-408-408-gt-hybrid-145-edcs6-5p-electrico-hibrido-2025-en-madrid-70474355-covo.aspx
VOLVO,VOLVO XC40 2.0 B3 G Core Auto,35.700 €,2025,7 km,Híbrido,163 cv,Madrid,2026-05-06 14:19:19,ECO,https://www.coches.net/km-0/volvo/xc40/madrid/20-b3-g-core-auto-electrico-hibrido-de-km0-70474373-kovn.aspx
PEUGEOT,PEUGEOT 308 Style 1.2 PureTech,7.900 €,2018,100.000 km,Gasolina,130 cv,Madrid,2026-05-06 14:19:19,C,https://www.coches.net/peugeot-308-5p-style-12-puretech-96kw-130cv-5p-gasolina-2018-en-madrid-70474390-covo.aspx
PEUGEOT,PEUGEOT 3008 Hybrid 225 eEAT8 Allure Pack,19.990 €,2023,89.434 km,Híbrido enchufable,225 cv,Madrid,2026-05-06 14:19:19,CERO,https://www.coches.net/peugeot-3008-hybrid-225-eeat8-allure-pack-5p-electrico-hibrido-2023-en-madrid-70474502-covo.aspx
PEUGEOT,PEUGEOT 2008 Allure 1.6 BlueHDi SS,8.999 €,2017,170.543 km,Diesel,120 cv,Asturias,2026-05-06 14:19:19,C,https://www.coches.net/peugeot-2008-allure-16-bluehdi-88kw-120cv-ss-5p-diesel-2017-en-asturias-70474641-covo.aspx
PEUGEOT,PEUGEOT 2008 Allure BlueHDI 130 SS EAT8,16.990 €,2022,84.460 km,Diesel,130 cv,Madrid,2026-05-06 14:19:19,C,https://www.coches.net/peugeot-2008-allure-bluehdi-130-ss-eat8-5p-diesel-2022-en-madrid-70474709-covo.aspx
FIAT,FIAT 500 TORINO 1.0 Hybrid,18.990 €,2026,2000 km,Híbrido,65 cv,Madrid,2026-05-06 14:19:19,ECO,https://www.coches.net/fiat-500-torino-10-hybrid-48kw-65cv-3p-electrico-hibrido-2026-en-madrid-70474800-covo.aspx
PEUGEOT,PEUGEOT 308 Allure Gasolina 130 SS MAN,17.490 €,2024,11.000 km,Gasolina,130 cv,Madrid,2026-05-06 14:19:19,C,https://www.coches.net/peugeot-308-5p-allure-gasolina-130-ss-man-5p-gasolina-2024-en-madrid-70475412-covo.aspx
BMW,BMW Serie 4 420i Cabrio,36.990 €,2022,53.800 km,Gasolina,184 cv,Málaga,2026-05-06 14:19:19,C,https://www.coches.net/bmw-serie-4-420i-cabrio-2p-gasolina-2022-en-malaga-70475523-covo.aspx
AUDI,AUDI A3 RS3 Sportback TFSI quattro S tron,61.990 €,2023,42.000 km,Gasolina,400 cv,Sta. C. Tenerife,2026-05-06 14:19:19,C,https://www.coches.net/audi-a3-rs3-sportback-tfsi-294kw-quattro-s-tron-5p-gasolina-2024-en-sta-c-tenerife-70475930-covo.aspx
AUDI,AUDI A5 S line 40 TDI quattroultra Cabrio,44.500 €,2023,15.000 km,Híbrido,204 cv,Alicante,2026-05-06 14:19:19,ECO,https://www.coches.net/audi-a5-s-line-40-tdi-quattroultra-cabrio-2p-electrico-hibrido-2024-en-alicante-70476231-covo.aspx
PEUGEOT,PEUGEOT 508 Allure Pack BlueHDi 130 SS EAT8,15.990 €,2022,77.000 km,Diesel,130 cv,Madrid,2026-05-06 14:19:19,C,https://www.coches.net/peugeot-508-5p-allure-pack-bluehdi-130-ss-eat8-5p-diesel-2022-en-madrid-70477083-covo.aspx
VOLVO,VOLVO XC60 2.0 B5 G AWD Plus Dark Auto,47.600 €,2025,33.500 km,Híbrido,250 cv,Navarra,2026-05-06 14:19:19,ECO,https://www.coches.net/volvo-xc60-20-b5-g-awd-plus-dark-auto-5p-electrico-hibrido-2025-en-navarra-70477173-covo.aspx
PEUGEOT,PEUGEOT 3008 1.5 BlueHDi SS Active Pack,15.490 €,2022,65.401 km,Diesel,130 cv,Madrid,2026-05-06 14:19:19,C,https://www.coches.net/peugeot-3008-15-bluehdi-96kw-130cv-ss-active-pack-5p-diesel-2022-en-madrid-70477479-covo.aspx
AUDI,AUDI A3 Sportback gtron 1.4 TFSI Str Attraction,12.990 €,2014,164.000 km,Gas natural (CNG),110 cv,Madrid,2026-05-06 14:19:19,ECO,https://www.coches.net/audi-a3-sportback-gtron-14-tfsi-str-attraction-5p-otros-2016-en-madrid-70477627-covo.aspx
BMW,BMW Serie 7 730dA,30.600 €,2018,196.814 km,Diesel,265 cv,Alicante,2026-05-06 14:19:19,B,https://www.coches.net/bmw-serie-7-730da-4p-diesel-2019-en-alicante-70477659-covo.aspx
MERCEDES-BENZ,MERCEDES-BENZ Clase CLK CLK 200 K ELEGANCE,9.990 €,2004,116.000 km,Gasolina,163 cv,Alicante,2026-05-06 14:19:19,C,https://www.coches.net/mercedes-benz-clase-clk-clk-200-k-elegance-2p-gasolina-2004-en-alicante-70477790-covo.aspx
FIAT,FIAT 500X Sport 1.3 Firefly T4 SS DCT,17.490 €,2022,69.718 km,Gasolina,150 cv,Madrid,2026-05-06 14:19:19,C,https://www.coches.net/fiat-500x-sport-13-firefly-t4-110kw-ss-dct-5p-gasolina-2021-en-madrid-70478137-covo.aspx
FORD,FORD Focus 1.0 Ecoboost MHEV STLine Auto,19.480 €,2023,69.579 km,Híbrido,125 cv,Madrid,2026-05-06 14:19:19,ECO,https://www.coches.net/ford-focus-10-ecoboost-mhev-92kw-stline-auto-5p-electrico-hibrido-2022-en-madrid-70478153-covo.aspx
OPEL,OPEL Corsa 1.5D DT Edition,10.990 €,2021,77.474 km,Diesel,102 cv,Madrid,2026-05-06 14:19:19,C,https://www.coches.net/opel-corsa-15d-dt-74kw-100cv-edition-5p-diesel-2021-en-madrid-70478218-covo.aspx
MG,MG ZS 1.5 Comfort,13.990 €,2022,70.800 km,Gasolina,106 cv,Madrid,2026-05-06 14:19:19,C,https://www.coches.net/mg-zs-15-comfort-5p-gasolina-2022-en-madrid-70478227-covo.aspx
RENAULT,RENAULT Mégane Equilibre Blue dCi,16.490 €,2022,60.347 km,Diesel,115 cv,Madrid,2026-05-06 14:19:19,C,https://www.coches.net/renault-megane-equilibre-blue-dci-85-kw-115cv-5p-diesel-2022-en-madrid-70478242-covo.aspx
PORSCHE,PORSCHE 911 Carrera,161.900 €,2025,15.800 km,Gasolina,394 cv,Murcia,2026-05-06 14:19:19,B,https://www.coches.net/porsche-911-carrera-2p-gasolina-2026-en-murcia-70478493-covo.aspx
MERCEDES-BENZ,MERCEDES-BENZ GLE Coupé GLE 400 d 4MATIC,82.900 €,2023,90.000 km,Diesel,330 cv,Murcia,2026-05-06 14:19:19,B,https://www.coches.net/mercedes-benz-gle-coupe-gle-400-d-4matic-5p-diesel-2023-en-murcia-70478867-covo.aspx
VOLKSWAGEN,VOLKSWAGEN Polo GTI 1.8 TSI,15.990 €,2016,120.000 km,Gasolina,192 cv,Madrid,2026-05-06 14:19:19,C,https://www.coches.net/volkswagen-polo-gti-18-tsi-192cv-3p-gasolina-2016-en-madrid-70478951-covo.aspx
RENAULT,RENAULT Clio Techno TCe,15.995 €,2024,30.000 km,Gasolina,90 cv,Las Palmas,2026-05-06 14:19:19,B,https://www.coches.net/renault-clio-techno-tce-67-kw-91cv-5p-gasolina-2022-en-las-palmas-70479016-covo.aspx
PEUGEOT,PEUGEOT 407 2.2 Coupe,6.190 €,2006,123.761 km,Gasolina,163 cv,Madrid,2026-05-06 14:19:19,C,https://www.coches.net/peugeot-407-22-coupe-2p-gasolina-2006-en-madrid-70479418-covo.aspx
AUDI,AUDI Q5 Black line 40 TDI quattro S tronic,23.999 €,2018,199.000 km,Diesel,190 cv,Alicante,2026-05-06 14:19:19,C,https://www.coches.net/audi-q5-black-line-40-tdi-140kw-quattro-s-tronic-5p-diesel-2019-en-alicante-70479458-covo.aspx
SEAT,SEAT Arona 1.0 TSI Style Ecomotive,14.699 €,2019,99.990 km,Gasolina,95 cv,Murcia,2026-05-06 14:19:19,C,https://www.coches.net/seat-arona-10-tsi-70kw-95cv-style-ecomotive-5p-gasolina-2020-en-murcia-70479959-covo.aspx
FIAT,FIAT Tipo 1.3 Multijet Business,12.450 €,2020,116.139 km,Diesel,95 cv,Valencia,2026-05-06 14:19:19,C,https://www.coches.net/fiat-tipo-5p-13-multijet-70kw-95cv-business-5p-diesel-2020-en-valencia-70480893-covo.aspx
VOLKSWAGEN,VOLKSWAGEN Golf Advance 1.5 TSI EVO,16.400 €,2018,152.356 km,Gasolina,150 cv,Valencia,2026-05-06 14:19:19,C,https://www.coches.net/volkswagen-golf-advance-15-tsi-evo-110kw-150cv-5p-gasolina-2018-en-valencia-70480954-covo.aspx
HYUNDAI,HYUNDAI Kona 1.0 TGDI Klass 4X2,17.900 €,2022,55.000 km,Gasolina,120 cv,Girona,2026-05-06 14:19:19,C,https://www.coches.net/hyundai-kona-10-tgdi-klass-4x2-5p-gasolina-2020-en-girona-70481247-covo.aspx
VOLVO,VOLVO XC60 2.0 T6 AWD Recharge Ultimate Bright Auto,46.900 €,2023,64.424 km,Híbrido enchufable,350 cv,Madrid,2026-05-06 14:19:19,ECO,https://www.coches.net/volvo-xc60-20-t6-awd-recharge-ultimate-bright-auto-5p-electrico-hibrido-2023-en-madrid-70481790-covo.aspx
LAND-ROVER,LAND-ROVER Range Rover Velar 2.0 D240 SE 4WD Auto,30.490 €,2019,107.023 km,Diesel,240 cv,Madrid,2026-05-06 14:19:19,C,https://www.coches.net/land-rover-range-rover-velar-20-d240-177kw-240cv-se-4wd-auto-5p-diesel-2020-en-madrid-70481809-covo.aspx
HYUNDAI,HYUNDAI Kona 1.6 GDI HEV Style Sky DT,17.950 €,2020,135.000 km,Híbrido,141 cv,Madrid,2026-05-06 14:19:19,ECO,https://www.coches.net/hyundai-kona-16-gdi-hev-style-sky-dt-5p-electrico-hibrido-2020-en-madrid-70481865-covo.aspx
MERCEDES-BENZ,MERCEDES-BENZ CLA CLA 200 D DCT Shooting Brake,25.490 €,2021,133.307 km,Diesel,150 cv,Madrid,2026-05-06 14:19:19,C,https://www.coches.net/mercedes-benz-cla-cla-200-d-dct-shooting-brake-5p-diesel-2021-en-madrid-70481941-covo.aspx
PEUGEOT,PEUGEOT 5008 Allure BlueHDi SS EAT8,15.490 €,2019,142.745 km,Diesel,130 cv,Madrid,2026-05-06 14:19:19,C,https://www.coches.net/peugeot-5008-allure-bluehdi-96kw-130cv-ss-eat8-5p-diesel-2018-en-madrid-70481980-covo.aspx
SEAT,SEAT León ST 1.6 TDI StSp Reference,12.648 €,2018,142.300 km,Diesel,115 cv,Alicante,2026-05-06 14:19:19,C,https://www.coches.net/seat-leon-st-16-tdi-85kw-115cv-stsp-reference-5p-diesel-2018-en-alicante-70482320-covo.aspx
FIAT,FIAT 500C 1.2 8v 69 CV Lounge,9.900 €,2015,91.850 km,Gasolina,69 cv,Valencia,2026-05-06 14:19:19,C,https://www.coches.net/fiat-500c-12-8v-69-cv-lounge-2p-gasolina-2010-en-valencia-70482367-covo.aspx
PEUGEOT,PEUGEOT Rifter Active Standard BlueHDi,12.499 €,2021,86.000 km,Diesel,100 cv,Madrid,2026-05-06 14:19:19,C,https://www.coches.net/peugeot-rifter-active-standard-bluehdi-73kw-4p-diesel-2021-en-madrid-70482661-covo.aspx
BMW,BMW Serie 1 118d,13.990 €,2013,89.000 km,Diesel,143 cv,Valencia,2026-05-06 14:19:19,B,https://www.coches.net/bmw-serie-1-118d-2p-diesel-2013-en-valencia-70482716-covo.aspx
BMW,BMW Serie 3 318d Touring,25.990 €,2022,141.000 km,Diesel,150 cv,Bizkaia,2026-05-06 14:19:19,ECO,https://www.coches.net/bmw-serie-3-318d-touring-5p-diesel-2020-en-vizcaya-70482768-covo.aspx
SEAT,SEAT León 1.5 eTSI DSG7 SS Xcellence,19.400 €,2021,64.600 km,Híbrido,150 cv,Madrid,2026-05-06 14:19:19,ECO,https://www.coches.net/seat-leon-15-etsi-110kw-dsg7-ss-xcellence-5p-electrico-hibrido-2021-en-madrid-70482807-covo.aspx
VOLKSWAGEN,VOLKSWAGEN T-Roc Sport 2.0 TSI 4 Motion DSG,22.900 €,2020,111.300 km,Gasolina,190 cv,Madrid,2026-05-06 14:19:19,C,https://www.coches.net/volkswagen-t-roc-sport-20-tsi-140kw-190cv-4-motion-dsg-5p-gasolina-2020-en-madrid-70482816-covo.aspx
AUDI,AUDI A4 Advanced 35 TDI S tronic,24.900 €,2020,121.500 km,Híbrido,163 cv,Madrid,2026-05-06 14:19:19,ECO,https://www.coches.net/audi-a4-advanced-35-tdi-120kw-163cv-s-tronic-4p-electrico-hibrido-2021-en-madrid-70482853-covo.aspx
VOLVO,VOLVO XC40 2.0 B3 G Core Auto,36.300 €,2025,7 km,Híbrido,163 cv,Madrid,2026-05-06 14:19:19,ECO,https://www.coches.net/volvo-xc40-20-b3-g-core-auto-5p-electrico-hibrido-2026-en-madrid-70483010-covo.aspx
VOLVO,VOLVO XC60 2.0 D4 AWD Inscription Auto,25.990 €,2018,134.659 km,Diesel,190 cv,Madrid,2026-05-06 14:19:19,C,https://www.coches.net/volvo-xc60-20-d4-awd-inscription-auto-5p-diesel-2018-en-madrid-70483177-covo.aspx
BMW,BMW Serie 2 218d,19.499 €,2018,168.000 km,Diesel,150 cv,Alicante,2026-05-06 14:19:19,C,https://www.coches.net/bmw-serie-2-218d-2p-diesel-2019-en-alicante-70483189-covo.aspx
KIA,KIA Sportage 1.6 MHEV Drive 4x2,18.990 €,2019,27.635 km,Híbrido,115 cv,Madrid,2026-05-06 14:19:19,ECO,https://www.coches.net/kia-sportage-16-mhev-drive-85kw-115cv-4x2-5p-electrico-hibrido-2020-en-madrid-70483604-covo.aspx
BMW,BMW X1 sDrive16d,16.490 €,2017,145.500 km,Diesel,116 cv,Málaga,2026-05-06 14:19:19,C,https://www.coches.net/bmw-x1-sdrive16d-5p-diesel-2017-en-malaga-70483646-covo.aspx
RENAULT,RENAULT Captur Limited TCe 18,11.990 €,2019,76.792 km,Gasolina,90 cv,Madrid,2026-05-06 14:19:19,C,https://www.coches.net/renault-captur-limited-tce-66kw-90cv-18-5p-gasolina-2018-en-madrid-70483658-covo.aspx
RENAULT,RENAULT Arkana RS Line ETECH Hibrido 105kW145CV SS,24.990 €,2022,42.230 km,Híbrido,145 cv,Madrid,2026-05-06 14:19:19,ECO,https://www.coches.net/renault-arkana-rs-line-etech-hibrido-105kw145cv-ss-5p-electrico-hibrido-2021-en-madrid-70484043-covo.aspx
PORSCHE,PORSCHE 911 911 CARRERA CABRIO,79.990 €,1994,95.000 km,Gasolina,285 cv,Sta. C. Tenerife,2026-05-06 14:19:19,B,https://www.coches.net/porsche-911-911-carrera-cabrio-2p-gasolina-1994-en-sta-c-tenerife-70484320-covo.aspx
MERCEDES-BENZ,MERCEDES-BENZ GLC Coupé GLC 300 de 4MATIC,46.900 €,2023,88.847 km,Híbrido enchufable,306 cv,Guadalajara,2026-05-06 14:19:19,CERO,https://www.coches.net/mercedes-benz-glc-coupe-glc-300-de-4matic-5p-electrico-hibrido-2022-en-guadalajara-70484358-covo.aspx
SEAT,SEAT Ibiza 1.0 TSI Style,15.900 €,2022,59.714 km,Gasolina,110 cv,Guadalajara,2026-05-06 14:19:19,C,https://www.coches.net/seat-ibiza-10-tsi-81kw-110cv-style-5p-gasolina-2022-en-guadalajara-70484366-covo.aspx
FORD,FORD Focus 1.5 Ecoblue Trend,14.900 €,2022,84.513 km,Diesel,120 cv,Guadalajara,2026-05-06 14:19:19,C,https://www.coches.net/ford-focus-15-ecoblue-88kw-trend-5p-diesel-2022-en-guadalajara-70484381-covo.aspx
AUDI,AUDI Q2 Advanced 35 TFSI S tronic,21.900 €,2021,67.346 km,Gasolina,150 cv,Guadalajara,2026-05-06 14:19:19,C,https://www.coches.net/audi-q2-advanced-35-tfsi-110kw-150cv-s-tronic-5p-gasolina-2021-en-guadalajara-70484398-covo.aspx
TOYOTA,TOYOTA Corolla 2.0 180H FEEL ECVT TOURING SPORT,20.900 €,2020,84.559 km,Híbrido,180 cv,Guadalajara,2026-05-06 14:19:19,ECO,https://www.coches.net/toyota-corolla-20-180h-feel-ecvt-touring-sport-5p-electrico-hibrido-2020-en-guadalajara-70484402-covo.aspx
CITROEN,CITROEN Grand C4 Spacetourer PureTech SS 6v EAT6 Feel,11.990 €,2018,98.000 km,Gasolina,130 cv,Alicante,2026-05-06 14:19:19,C,https://www.coches.net/citroen-grand-c4-spacetourer-puretech-96kw-130cv-ss-6v-eat6-feel-5p-gasolina-2018-en-alicante-70484458-covo.aspx
SEAT,SEAT León 1.5 TSI SS Style Visio Ed,13.550 €,2019,90.843 km,Gasolina,130 cv,Castellón,2026-05-06 14:19:19,C,https://www.coches.net/seat-leon-15-tsi-96kw-130cv-ss-style-visio-ed-5p-gasolina-2020-en-castellon-70485360-covo.aspx
MITSUBISHI,MITSUBISHI Eclipse Cross 150T Motion,17.900 €,2019,111.947 km,Gasolina,163 cv,Sta. C. Tenerife,2026-05-06 14:19:19,C,https://www.coches.net/mitsubishi-eclipse-cross-150t-motion-5p-gasolina-2020-en-sta-c-tenerife-70485601-covo.aspx
FORD,FORD C-Max 2.0 TDCi Titanium PowerShift,13.890 €,2018,84.000 km,Diesel,150 cv,Barcelona,2026-05-06 14:19:19,C,https://www.coches.net/ford-c-max-20-tdci-110kw-titanium-powershift-5p-diesel-2017-en-barcelona-70485914-covo.aspx
MERCEDES-BENZ,MERCEDES-BENZ Clase GLA GLA 200 Urban,17.890 €,2017,120.000 km,Gasolina,156 cv,Barcelona,2026-05-06 14:19:19,C,https://www.coches.net/mercedes-benz-clase-gla-gla-200-urban-5p-gasolina-2017-en-barcelona-70485915-covo.aspx
MERCEDES-BENZ,MERCEDES-BENZ Clase B B 180 CDI,12.490 €,2011,65.000 km,Diesel,109 cv,Barcelona,2026-05-06 14:19:19,B,https://www.coches.net/mercedes-benz-clase-b-b-180-cdi-5p-diesel-2011-en-barcelona-70485919-covo.aspx
PEUGEOT,PEUGEOT 2008 Allure 1.6 BlueHDi 100,10.990 €,2017,32.000 km,Diesel,100 cv,Las Palmas,2026-05-06 14:19:19,B,https://www.coches.net/peugeot-2008-allure-16-bluehdi-100-5p-diesel-2015-en-las-palmas-70486013-covo.aspx
AUDI,AUDI A4 Allroad Quattro 2.0 TDI quattroultra,21.990 €,2018,117.000 km,Diesel,150 cv,Sevilla,2026-05-06 14:19:19,C,https://www.coches.net/audi-a4-allroad-quattro-20-tdi-110kw-150cv-quattroultra-5p-diesel-2018-en-sevilla-70486096-covo.aspx
TOYOTA,TOYOTA Yaris 1.5 120H Active Plus,21.890 €,2025,7500 km,Híbrido,116 cv,Madrid,2026-05-06 14:19:19,ECO,https://www.coches.net/toyota-yaris-15-120h-active-plus-5p-electrico-hibrido-2025-en-madrid-70486161-covo.aspx
TOYOTA,TOYOTA Yaris 1.5 120H Style,19.490 €,2022,62.824 km,Híbrido,116 cv,Madrid,2026-05-06 14:19:19,ECO,https://www.coches.net/toyota-yaris-15-120h-style-5p-electrico-hibrido-2022-en-madrid-70486434-covo.aspx
MERCEDES-BENZ,MERCEDES-BENZ Mercedes-AMG SL MercedesAMG SL 63 4MATIC,149.900 €,2022,32.000 km,Gasolina,585 cv,Murcia,2026-05-06 14:19:19,B,https://www.coches.net/mercedes-benz-mercedes-amg-sl-mercedesamg-sl-63-4matic-2p-gasolina-2023-en-murcia-70486459-covo.aspx
VOLVO,VOLVO XC60 2.0 B4 D AWD Plus Bright Auto,40.900 €,2022,71.990 km,Híbrido,197 cv,Navarra,2026-05-06 14:19:19,ECO,https://www.coches.net/volvo-xc60-20-b4-d-awd-plus-bright-auto-5p-electrico-hibrido-2023-en-navarra-70486558-covo.aspx
VOLKSWAGEN,VOLKSWAGEN Polo Sport 1.4 TDI BMT,8.399 €,2015,141.526 km,Diesel,90 cv,Madrid,2026-05-06 14:19:19,C,https://www.coches.net/volkswagen-polo-sport-14-tdi-90cv-bmt-5p-diesel-2016-en-madrid-70486643-covo.aspx
VOLVO,VOLVO XC60 2.0 B4 G Core Auto,32.499 €,2023,60.000 km,Híbrido,197 cv,Alicante,2026-05-06 14:19:19,ECO,https://www.coches.net/volvo-xc60-20-b4-g-core-auto-5p-electrico-hibrido-2024-en-alicante-70486659-covo.aspx
TOYOTA,TOYOTA Rav4 2.5l 220H Advance 4WD,32.890 €,2022,85.517 km,Híbrido,222 cv,Madrid,2026-05-06 14:19:19,ECO,https://www.coches.net/toyota-rav4-25l-220h-advance-4wd-5p-electrico-hibrido-2022-en-madrid-70486745-covo.aspx
RENAULT,RENAULT Mégane Business Blue dCi SS,10.999 €,2021,145.887 km,Diesel,115 cv,Madrid,2026-05-06 14:19:19,C,https://www.coches.net/renault-megane-business-blue-dci-85-kw-115cv-ss-5p-diesel-2020-en-madrid-70486750-covo.aspx
VOLVO,VOLVO XC90 2.0 B5 D AWD RDesign Auto,49.900 €,2021,82.450 km,Híbrido,235 cv,Navarra,2026-05-06 14:19:19,ECO,https://www.coches.net/volvo-xc90-20-b5-d-awd-rdesign-auto-5p-electrico-hibrido-2021-en-navarra-70486762-covo.aspx
VOLKSWAGEN,VOLKSWAGEN T-Cross Advance 1.0 TSI,18.990 €,2022,29.000 km,Gasolina,110 cv,Alicante,2026-05-06 14:19:19,C,https://www.coches.net/volkswagen-t-cross-advance-10-tsi-81kw-110cv-5p-gasolina-2022-en-alicante-70486816-covo.aspx
MERCEDES-BENZ,MERCEDES-BENZ Clase A A 200 d,36.900 €,2025,10.988 km,Diesel,150 cv,Castellón,2026-05-06 14:19:19,C,https://www.coches.net/mercedes-benz-clase-a-a-200-d-5p-diesel-2025-en-castellon-70487118-covo.aspx
MERCEDES-BENZ,MERCEDES-BENZ GLA GLA 200 D,44.900 €,2024,12.791 km,Diesel,150 cv,Castellón,2026-05-06 14:19:19,C,https://www.coches.net/mercedes-benz-gla-gla-200-d-5p-diesel-2024-en-castellon-70487119-covo.aspx
MINI,MINI COUNTRYMAN C,29.990 €,2024,16.000 km,Híbrido,170 cv,Sta. C. Tenerife,2026-05-06 14:19:19,ECO,https://www.coches.net/mini-countryman-c-5p-electrico-hibrido-2024-en-sta-c-tenerife-70487123-covo.aspx
KIA,KIA Picanto 1.0 TGDi xLine,13.550 €,2021,45.000 km,Gasolina,100 cv,Barcelona,2026-05-06 14:19:19,C,https://www.coches.net/kia-picanto-10-tgdi-74kw-100cv-xline-5p-gasolina-2022-en-barcelona-70487206-covo.aspx
LAND-ROVER,LAND-ROVER Range Rover Evoque 2.0 D163 AUTO 4WD MHEV,25.990 €,2021,47.302 km,Híbrido,163 cv,Cádiz,2026-05-06 14:19:19,B,https://www.coches.net/land-rover-range-rover-evoque-20-d163-auto-4wd-mhev-5p-electrico-hibrido-2021-en-cadiz-70487212-covo.aspx
TOYOTA,TOYOTA Rav4 2.5l PLUGIN 300PH eCVT Advance,43.890 €,2025,25.200 km,Híbrido enchufable,306 cv,Madrid,2026-05-06 14:19:19,B,https://www.coches.net/toyota-rav4-25l-plugin-300ph-ecvt-advance-5p-electrico-hibrido-2025-en-madrid-70487530-covo.aspx
AUDI,AUDI Q2 S line 35 TDI S tronic,27.990 €,2023,99.000 km,Diesel,150 cv,Asturias,2026-05-06 14:19:19,C,https://www.coches.net/audi-q2-s-line-35-tdi-110kw-150cv-s-tronic-5p-diesel-2023-en-asturias-70487692-covo.aspx
KIA,KIA XCeed 1.0 TGDi Drive,17.900 €,2022,70.336 km,Gasolina,120 cv,Valencia,2026-05-06 14:19:19,C,https://www.coches.net/kia-xceed-10-tgdi-drive-88kw-120cv-5p-gasolina-2023-en-valencia-70489053-covo.aspx
VOLKSWAGEN,VOLKSWAGEN Passat GTE 1.4 TSI ePower DSG,24.900 €,2021,65.374 km,Híbrido enchufable,218 cv,Valencia,2026-05-06 14:19:19,CERO,https://www.coches.net/volkswagen-passat-gte-14-tsi-epower-115kw--85kw-dsg-4p-electrico-hibrido-2022-en-valencia-70489054-covo.aspx
MERCEDES-BENZ,MERCEDES-BENZ Clase A Sedan A 200 d,28.990 €,2022,55.000 km,Diesel,150 cv,Barcelona,2026-05-06 14:19:19,C,https://www.coches.net/mercedes-benz-clase-a-sedan-a-200-d-4p-diesel-2022-en-barcelona-70489119-covo.aspx
AUDI,AUDI Q3 Sportback Advanced 35 TDI S tronic,30.990 €,2021,79.000 km,Diesel,150 cv,Barcelona,2026-05-06 14:19:19,C,https://www.coches.net/audi-q3-sportback-advanced-35-tdi-110kw-150cv-s-tronic-5p-diesel-2022-en-barcelona-70489135-covo.aspx
MERCEDES-BENZ,MERCEDES-BENZ GLA GLA 200,31.790 €,2021,75.000 km,Gasolina,163 cv,Barcelona,2026-05-06 14:19:19,C,https://www.coches.net/mercedes-benz-gla-gla-200-5p-gasolina-2020-en-barcelona-70489155-covo.aspx
HONDA,HONDA CR-V 2.0 iMMD 4x2Elegance Navi,28.990 €,2022,81.000 km,Híbrido,184 cv,Barcelona,2026-05-06 14:19:19,ECO,https://www.coches.net/honda-cr-v-20-immd-4x2elegance-navi-5p-electrico-hibrido-2023-en-barcelona-70489192-covo.aspx
FIAT,FIAT 500C Dolcevita SS Ed. 1.0 Hybrid 70 CV,14.500 €,2023,9000 km,Híbrido,70 cv,Alicante,2026-05-06 14:19:19,ECO,https://www.coches.net/fiat-500c-dolcevita-ss-ed-10-hybrid-51kw-70-cv-2p-electrico-hibrido-2022-en-alicante-70489310-covo.aspx
HONDA,HONDA Jazz 1.5 iMMD CROSSTAR,27.600 €,2025,23 km,Híbrido,122 cv,Navarra,2026-05-06 14:19:19,ECO,https://www.coches.net/km-0/honda/jazz/navarra/15-immd-crosstar-electrico-hibrido-de-km0-70489387-kovn.aspx
HONDA,HONDA Jazz 1.5 iMMD ELEGANCE,20.550 €,2024,23.000 km,Híbrido,109 cv,Navarra,2026-05-06 14:19:19,ECO,https://www.coches.net/honda-jazz-15-immd-elegance-5p-electrico-hibrido-2023-en-navarra-70489395-covo.aspx
PEUGEOT,PEUGEOT 308 Style 1.6 BlueHDi,8.490 €,2017,153.000 km,Diesel,120 cv,Barcelona,2026-05-06 14:19:19,C,https://www.coches.net/peugeot-308-5p-style-16-bluehdi-88kw-120cv-5p-diesel-2015-en-barcelona-70489436-covo.aspx
KIA,KIA cee'd 1.4 CRDi WGT Concept,8.300 €,2015,135.000 km,Diesel,90 cv,Valencia,2026-05-06 14:19:19,B,https://www.coches.net/kia-ceed-14-crdi-wgt-90cv-concept-5p-diesel-2015-en-valencia-70489805-covo.aspx
MINI,MINI CLUBMAN John Cooper Works ALL4,25.900 €,2020,113.000 km,Gasolina,306 cv,Alicante,2026-05-06 14:19:19,C,https://www.coches.net/mini-clubman-john-cooper-works-all4-5p-gasolina-2020-en-alicante-70489890-covo.aspx
BMW,BMW X1 xDrive18d,20.900 €,2019,118.000 km,Diesel,150 cv,Alicante,2026-05-06 14:19:19,C,https://www.coches.net/bmw-x1-xdrive18d-5p-diesel-2019-en-alicante-70489928-covo.aspx
MERCEDES-BENZ,MERCEDES-BENZ Clase CL CL 500 BlueEfficiency,27.990 €,2012,150.400 km,Gasolina,435 cv,Madrid,2026-05-06 14:19:19,C,https://www.coches.net/mercedes-benz-clase-cl-cl-500-blueefficiency-2p-gasolina-2012-en-madrid-70490006-covo.aspx
AUDI,AUDI Q3 45 TFSI e S tronic,26.990 €,2022,71.000 km,Híbrido enchufable,245 cv,Las Palmas,2026-05-06 14:19:19,ECO,https://www.coches.net/audi-q3-45-tfsi-e-180kw-245cv-s-tronic-5p-electrico-hibrido-2022-en-las-palmas-70490049-covo.aspx
CITROEN,CITROEN C3 BlueHDi SS Live Pack,7.490 €,2021,125.636 km,Diesel,102 cv,Sevilla,2026-05-06 14:19:19,C,https://www.coches.net/citroen-c3-bluehdi-75kw-100cv-ss-live-pack-5p-diesel-2021-en-sevilla-70490193-covo.aspx
BMW,BMW X1 sDrive18d,43.300 €,2025,10.831 km,Diesel,150 cv,Ciudad Real,2026-05-06 14:19:19,C,https://www.coches.net/bmw-x1-sdrive18d-5p-diesel-2025-en-ciudad-real-70490218-covo.aspx
CUPRA,CUPRA Terramar 1.5 TSI eHybrid 204 CV DSG,34.900 €,2025,11.688 km,Híbrido enchufable,204 cv,Córdoba,2026-05-06 14:19:19,CERO,https://www.coches.net/cupra-terramar-15-tsi-ehybrid-150kw-204-cv-dsg-5p-electrico-hibrido-2025-en-cordoba-70490261-covo.aspx
SKODA,SKODA Octavia 2.0 TDI 115 CV Manual Ambition,21.499 €,2022,71.000 km,Diesel,115 cv,Murcia,2026-05-06 14:19:19,C,https://www.coches.net/skoda-octavia-20-tdi-85kw-115-cv-manual-ambition-5p-diesel-2023-en-murcia-70490468-covo.aspx
CITROEN,CITROEN Berlingo Multispace LIVE Edition BlueHDi 100,7.749 €,2018,226.000 km,Diesel,100 cv,Madrid,2026-05-06 14:19:19,C,https://www.coches.net/citroen-berlingo-multispace-live-edition-bluehdi-100-4p-diesel-2015-en-madrid-70490868-covo.aspx
HYUNDAI,HYUNDAI IONIQ 5 73KWH Star RWD,26.990 €,2021,39.689 km,Eléctrico,218 cv,Madrid,2026-05-06 14:19:19,CERO,https://www.coches.net/hyundai-ioniq-5-73kwh-160kw-star-rwd-5p-electrico-hibrido-2021-en-madrid-70491243-covo.aspx
SEAT,SEAT Arona 1.6 TDI Style Go Eco,11.990 €,2020,145.598 km,Diesel,95 cv,Sevilla,2026-05-06 14:19:19,C,https://www.coches.net/seat-arona-16-tdi-70kw-95cv-style-go-eco-5p-diesel-2021-en-sevilla-70491321-covo.aspx
SEAT,SEAT León SP 2.0 TDI Style,15.490 €,2021,69.607 km,Diesel,115 cv,Sevilla,2026-05-06 14:19:19,C,https://www.coches.net/seat-leon-sp-20-tdi-85kw-style-5p-diesel-2022-en-sevilla-70491384-covo.aspx
SEAT,SEAT Ateca 1.6 TDI StSp Reference Eco,17.750 €,2019,55.261 km,Diesel,115 cv,Sevilla,2026-05-06 14:19:19,C,https://www.coches.net/seat-ateca-16-tdi-85kw-115cv-stsp-reference-eco-5p-diesel-2019-en-sevilla-70491462-covo.aspx
FORD,FORD Mustang 5.0 TiVCT V8 Mustang GT Fastsb.,39.990 €,2018,116.000 km,Gasolina,418 cv,Sevilla,2026-05-06 14:19:19,C,https://www.coches.net/ford-mustang-50-tivct-v8-307kw-mustang-gt-fastsb-2p-gasolina-2017-en-sevilla-70491464-covo.aspx
LYNK,LYNK & CO 01 1.5 PHEV 6.6kW,23.490 €,2023,37.880 km,Híbrido enchufable,261 cv,Sevilla,2026-05-06 14:19:19,CERO,https://www.coches.net/lynk--co-01-15-phev-66kw-5p-electrico-hibrido-2022-en-sevilla-70491467-covo.aspx
LAND-ROVER,LAND-ROVER Range Rover Velar 2.0D I4 4WD Auto,32.990 €,2021,112.000 km,Híbrido,204 cv,Sevilla,2026-05-06 14:19:19,ECO,https://www.coches.net/land-rover-range-rover-velar-20d-i4-150kw-204cv-4wd-auto-5p-electrico-hibrido-2021-en-sevilla-70491468-covo.aspx
LAND-ROVER,LAND-ROVER Range Rover Sport 4.4 SDV8 HSE,29.990 €,2015,172.000 km,Diesel,339 cv,Sevilla,2026-05-06 14:19:19,C,https://www.coches.net/land-rover-range-rover-sport-44-sdv8-339cv-hse-5p-diesel-2016-en-sevilla-70491469-covo.aspx
LYNK,LYNK & CO 01 1.5 PHEV 6.6kW,25.480 €,2023,13.277 km,Híbrido enchufable,261 cv,Sevilla,2026-05-06 14:19:19,CERO,https://www.coches.net/lynk--co-01-15-phev-66kw-5p-electrico-hibrido-2022-en-sevilla-70491472-covo.aspx
FORD,FORD Mondeo 2.0 TDCi 140kW190CV STLine PowerShift,19.950 €,2021,135.000 km,Diesel,190 cv,Madrid,2026-05-06 14:19:19,B,https://www.coches.net/ford-mondeo-20-tdci-140kw190cv-stline-powershift-5p-diesel-2021-en-madrid-70493952-covo.aspx
FORD,FORD Mondeo 2.0 TDCi Titanium,10.700 €,2020,290.000 km,Diesel,150 cv,Madrid,2026-05-06 14:19:19,C,https://www.coches.net/ford-mondeo-20-tdci-110kw-150cv-titanium-5p-diesel-2021-en-madrid-70494050-covo.aspx
TOYOTA,TOYOTA Rav4 120D 4X2 Advance,12.900 €,2014,235.000 km,Diesel,124 cv,Lugo,2026-05-06 14:19:19,B,https://www.coches.net/toyota-rav4-120d-4x2-advance-5p-diesel-2014-en-lugo-70494867-covo.aspx
VOLKSWAGEN,VOLKSWAGEN Golf Mas 1.5 TSI,23.900 €,2025,33.000 km,Gasolina,116 cv,Lugo,2026-05-06 14:19:19,C,https://www.coches.net/volkswagen-golf-mas-15-tsi-85kw-116cv-5p-gasolina-2026-en-lugo-70494870-covo.aspx
VOLKSWAGEN,VOLKSWAGEN Golf Life 1.0 eTSI DSG,22.900 €,2024,75.000 km,Híbrido,110 cv,Lugo,2026-05-06 14:19:19,ECO,https://www.coches.net/volkswagen-golf-life-10-etsi-81kw-110cv-dsg-5p-electrico-hibrido-2024-en-lugo-70494871-covo.aspx
VOLKSWAGEN,VOLKSWAGEN T-Roc Advance RLine 1.0 TSI,18.900 €,2021,141.000 km,Gasolina,110 cv,Lugo,2026-05-06 14:19:19,C,https://www.coches.net/volkswagen-t-roc-advance-rline-10-tsi-81kw-110cv-5p-gasolina-2022-en-lugo-70494872-covo.aspx
VOLKSWAGEN,VOLKSWAGEN T-Roc Edition 2.0 TDI,17.900 €,2021,154.000 km,Diesel,115 cv,Lugo,2026-05-06 14:19:19,C,https://www.coches.net/volkswagen-t-roc-edition-20-tdi-85kw-115cv-5p-diesel-2022-en-lugo-70494874-covo.aspx
JEEP,JEEP Renegade 2.0 Mjet Night Eagle 4x4,13.800 €,2019,225.000 km,Diesel,140 cv,Madrid,2026-05-06 14:38:37,C,https://www.coches.net/jeep-renegade-20-mjet-103kw-140cv-night-eagle-4x4-5p-diesel-2019-en-madrid-70495243-covo.aspx
MERCEDES-BENZ,MERCEDES-BENZ Clase A A 250 e,25.985 €,2022,63.035 km,Híbrido enchufable,218 cv,Las Palmas,2026-05-06 14:38:37,CERO,https://www.coches.net/mercedes-benz-clase-a-a-250-e-5p-electrico-hibrido-2022-en-las-palmas-70497351-covo.aspx
FIAT,FIAT 500L Cross 1.4 16v 95 CV SS,13.485 €,2022,75.823 km,Gasolina,95 cv,Las Palmas,2026-05-06 14:38:37,C,https://www.coches.net/fiat-500l-cross-14-16v-70-kw-95-cv-ss-5p-gasolina-2021-en-las-palmas-70497352-covo.aspx
PORSCHE,PORSCHE Macan Macan S,59.985 €,2019,83.000 km,Gasolina,354 cv,Las Palmas,2026-05-06 14:38:37,C,https://www.coches.net/porsche-macan-macan-s-5p-gasolina-2019-en-las-palmas-70497353-covo.aspx
CUPRA,CUPRA Formentor 1.4 eHybrid 204 CV DSG,21.985 €,2022,111.456 km,Híbrido enchufable,204 cv,Las Palmas,2026-05-06 14:38:37,CERO,https://www.coches.net/cupra-formentor-14-ehybrid-150kw-204-cv-dsg-5p-electrico-hibrido-2022-en-las-palmas-70497354-covo.aspx
PORSCHE,PORSCHE Cayenne Coupé EHybrid,73.985 €,2022,49.013 km,Híbrido enchufable,462 cv,Las Palmas,2026-05-06 14:38:37,CERO,https://www.coches.net/porsche-cayenne-coupe-ehybrid-5p-electrico-hibrido-2022-en-las-palmas-70497355-covo.aspx
PEUGEOT,PEUGEOT 208 Active Puretech 100,13.490 €,2024,21.000 km,Gasolina,100 cv,Madrid,2026-05-06 14:38:37,C,https://www.coches.net/peugeot-208-active-puretech-100-5p-gasolina-2023-en-madrid-70497845-covo.aspx
CITROEN,CITROEN C3 Aircross PureTech Shine Pack,13.490 €,2023,23.000 km,Gasolina,110 cv,Madrid,2026-05-06 14:38:37,C,https://www.coches.net/citroen-c3-aircross-puretech-81kw-110cv-shine-pack-5p-gasolina-2023-en-madrid-70497888-covo.aspx
VOLKSWAGEN,VOLKSWAGEN Golf 2.0 TDI,18.690 €,2022,98.000 km,Diesel,115 cv,Madrid,2026-05-06 14:38:37,C,https://www.coches.net/volkswagen-golf-20-tdi-85kw-115cv-5p-diesel-2023-en-madrid-70497920-covo.aspx
PEUGEOT,PEUGEOT 208 BlueHDi Active Pack,13.390 €,2022,15.000 km,Diesel,100 cv,Madrid,2026-05-06 14:38:37,C,https://www.coches.net/peugeot-208-bluehdi-73kw-100cv-active-pack-5p-diesel-2023-en-madrid-70498013-covo.aspx
PEUGEOT,PEUGEOT 508 GT BlueHDi 180 SS EAT8,19.790 €,2020,98.000 km,Diesel,180 cv,Madrid,2026-05-06 14:38:37,C,https://www.coches.net/peugeot-508-5p-gt-bluehdi-130kw-180-ss-eat8-5p-diesel-2020-en-madrid-70498095-covo.aspx
MITSUBISHI,MITSUBISHI Colt 100T Motion,17.900 €,2026,100 km,Gasolina,90 cv,Jaén,2026-05-06 14:38:37,C,https://www.coches.net/mitsubishi-colt-100t-motion-5p-gasolina-2026-en-jaen-70498128-covo.aspx
VOLKSWAGEN,VOLKSWAGEN T-Roc Advance 1.5 TSI DSG,19.190 €,2020,94.000 km,Gasolina,150 cv,Madrid,2026-05-06 14:38:37,C,https://www.coches.net/volkswagen-t-roc-advance-15-tsi-110kw-150cv-dsg-5p-gasolina-2021-en-madrid-70498322-covo.aspx
HYUNDAI,HYUNDAI IONIQ 5 58KWH Light RWD,29.990 €,2023,35.320 km,Eléctrico,170 cv,Madrid,2026-05-06 14:38:37,CERO,https://www.coches.net/hyundai-ioniq-5-58kwh-light-rwd-5p-electrico-hibrido-2023-en-madrid-70498454-covo.aspx
KIA,KIA XCeed 1.0 TGDi Drive,17.490 €,2021,42.020 km,Gasolina,120 cv,Madrid,2026-05-06 14:38:37,C,https://www.coches.net/kia-xceed-10-tgdi-drive-88kw-120cv-5p-gasolina-2021-en-madrid-70498475-covo.aspx
FIAT,FIAT 500 Cult 1.0 Hybrid 70 CV,9.990 €,2021,41.699 km,Híbrido,70 cv,Madrid,2026-05-06 14:38:37,ECO,https://www.coches.net/fiat-500-cult-10-hybrid-51kw-70-cv-3p-electrico-hibrido-2021-en-madrid-70498530-covo.aspx
BMW,BMW X1 xDrive20d,43.500 €,2025,17.500 km,Híbrido,163 cv,Alicante,2026-05-06 14:38:37,ECO,https://www.coches.net/bmw-x1-xdrive20d-5p-electrico-hibrido-2025-en-alicante-70498545-covo.aspx
OPEL,OPEL Corsa 1.5D DT Edition,12.490 €,2022,41.637 km,Diesel,102 cv,Madrid,2026-05-06 14:38:37,C,https://www.coches.net/opel-corsa-15d-dt-74kw-100cv-edition-5p-diesel-2022-en-madrid-70498550-covo.aspx
SEAT,SEAT León 2.0 TDI SS Style,16.990 €,2021,68.933 km,Diesel,115 cv,Madrid,2026-05-06 14:38:37,C,https://www.coches.net/seat-leon-20-tdi-85kw-ss-style-5p-diesel-2022-en-madrid-70498614-covo.aspx
BMW,BMW X2 sDrive18d,24.900 €,2022,66.000 km,Diesel,150 cv,Cádiz,2026-05-06 14:38:37,C,https://www.coches.net/bmw-x2-sdrive18d-5p-diesel-2022-en-cadiz-70498640-covo.aspx
RENAULT,RENAULT Trafic Combi 9 Energy Blue dCi,25.890 €,2021,66.500 km,Diesel,110 cv,Málaga,2026-05-06 14:38:37,C,https://www.coches.net/renault-trafic-combi-9-energy-blue-dci-81-kw-110cv-4p-diesel-2021-en-malaga-70498644-covo.aspx
LAND-ROVER,LAND-ROVER Range Rover Velar 2.0 D180 RDynamic 4WD Auto,28.490 €,2019,107.615 km,Diesel,180 cv,Madrid,2026-05-06 14:38:37,C,https://www.coches.net/land-rover-range-rover-velar-20-d180-132kw-rdynamic-4wd-auto-5p-diesel-2019-en-madrid-70498649-covo.aspx
FORD,FORD Focus 1.0 Ecoboost MHEV Active,20.490 €,2022,31.472 km,Híbrido,155 cv,Madrid,2026-05-06 14:38:37,ECO,https://www.coches.net/ford-focus-10-ecoboost-mhev-114kw-active-5p-electrico-hibrido-2022-en-madrid-70498703-covo.aspx
SKODA,SKODA Kamiq 1.0 TSI SELECTION,21.900 €,2025,20.349 km,Gasolina,115 cv,Jaén,2026-05-06 14:38:37,C,https://www.coches.net/skoda-kamiq-10-tsi-85kw-115cv-selection-5p-gasolina-2025-en-jaen-70498861-covo.aspx
OPEL,OPEL Corsa 1.2T XHL Edition,11.900 €,2020,39.000 km,Gasolina,100 cv,Cádiz,2026-05-06 14:38:37,C,https://www.coches.net/opel-corsa-12t-xhl-74kw-100cv-edition-5p-gasolina-2020-en-cadiz-70498963-covo.aspx
BMW,BMW X4 xDrive20d,34.900 €,2021,108.600 km,Diesel,190 cv,Madrid,2026-05-06 14:38:37,C,https://www.coches.net/bmw-x4-xdrive20d-5p-diesel-2020-en-madrid-70498966-covo.aspx
BMW,BMW X3 xDrive20d,34.900 €,2020,88.300 km,Diesel,190 cv,Madrid,2026-05-06 14:38:37,C,https://www.coches.net/bmw-x3-xdrive20d-5p-diesel-2020-en-madrid-70499083-covo.aspx
MERCEDES-BENZ,MERCEDES-BENZ Clase B B 200 d,25.900 €,2021,41.800 km,Diesel,150 cv,Madrid,2026-05-06 14:38:37,C,https://www.coches.net/mercedes-benz-clase-b-b-200-d-5p-diesel-2020-en-madrid-70499093-covo.aspx
PEUGEOT,PEUGEOT 508 Allure PureTech 130 SS EAT8,20.990 €,2024,14.000 km,Gasolina,130 cv,Madrid,2026-05-06 14:38:37,C,https://www.coches.net/peugeot-508-5p-allure-puretech-130-ss-eat8-5p-gasolina-2024-en-madrid-70499150-covo.aspx
KIA,KIA Picanto 1.0 DPi Concept Pack Comfort,9.500 €,2021,57.000 km,Gasolina,67 cv,Cádiz,2026-05-06 14:38:37,B,https://www.coches.net/kia-picanto-10-dpi-49kw-67cv-concept-pack-comfort-5p-gasolina-2021-en-cadiz-70499155-covo.aspx
AUDI,AUDI A1 Sportback Adrenal Black 30TFSI S tr,27.900 €,2025,13.942 km,Gasolina,116 cv,Jaén,2026-05-06 14:38:37,C,https://www.coches.net/audi-a1-sportback-adrenal-black-30tfsi-85kw-s-tr-5p-gasolina-2025-en-jaen-70499289-covo.aspx
SEAT,SEAT Tarraco 2.0 TDI SS Xcellence GO L,26.900 €,2021,118.000 km,Diesel,150 cv,Cádiz,2026-05-06 14:38:37,C,https://www.coches.net/seat-tarraco-20-tdi-110kw-ss-xcellence-go-l-5p-diesel-2022-en-cadiz-70499700-covo.aspx
MERCEDES-BENZ,MERCEDES-BENZ Clase C C 200 d,23.500 €,2019,154.000 km,Diesel,160 cv,Alicante,2026-05-06 14:38:37,C,https://www.coches.net/mercedes-benz-clase-c-c-200-d-4p-diesel-2019-en-alicante-70499794-covo.aspx
AUDI,AUDI A5 40 TDI S tronic Sportback,29.800 €,2019,120.466 km,Diesel,190 cv,Alicante,2026-05-06 14:38:37,C,https://www.coches.net/audi-a5-40-tdi-140kw-190cv-s-tronic-sportback-5p-diesel-2019-en-alicante-70502959-covo.aspx
SKODA,SKODA Kamiq 1.0 TSI AMBITION,16.990 €,2022,45.000 km,Gasolina,95 cv,Barcelona,2026-05-06 14:38:37,C,https://www.coches.net/skoda-kamiq-10-tsi-70kw-95cv-ambition-5p-gasolina-2023-en-barcelona-70503092-covo.aspx
RENAULT,RENAULT Mégane Emotion 1.5DCI105,4.190 €,2007,187.202 km,Diesel,105 cv,Madrid,2026-05-06 14:38:37,B,https://www.coches.net/renault-megane-emotion-15dci105-5p-diesel-2007-en-madrid-70503107-covo.aspx
VOLKSWAGEN,VOLKSWAGEN T-Cross Sport 1.5 TSI DSG,22.990 €,2022,26.000 km,Gasolina,150 cv,Alicante,2026-05-06 14:38:37,C,https://www.coches.net/volkswagen-t-cross-sport-15-tsi-110kw-150cv-dsg-5p-gasolina-2023-en-alicante-70503120-covo.aspx
MERCEDES-BENZ,MERCEDES-BENZ GLB 2.0 GLB 200 D DCT,31.990 €,2021,87.000 km,Diesel,150 cv,Barcelona,2026-05-06 14:38:37,C,https://www.coches.net/mercedes-benz-glb-20-glb-200-d-dct-110kw-150cv-5p-diesel-2022-en-barcelona-70503333-covo.aspx
OPEL,OPEL Astra 1.7 CDTi 110 CV Enjoy,5.690 €,2010,196.942 km,Diesel,110 cv,Madrid,2026-05-06 14:38:37,B,https://www.coches.net/opel-astra-17-cdti-110-cv-enjoy-5p-diesel-2011-en-madrid-70503415-covo.aspx
HYUNDAI,HYUNDAI i10 1.2 N LINE,19.200 €,2025,140 km,Gasolina,79 cv,Badajoz,2026-05-06 14:38:37,C,https://www.coches.net/hyundai-i10-12-n-line-5p-gasolina-2025-en-badajoz-70503619-covo.aspx
FORD,FORD Puma 1.0 EcoBoost Titanium X MHEV Auto,24.500 €,2023,19.658 km,Híbrido,155 cv,Badajoz,2026-05-06 14:38:37,ECO,https://www.coches.net/ford-puma-10-ecoboost-155cv-titanium-x-mhev-auto-5p-electrico-hibrido-2022-en-badajoz-70503620-covo.aspx
HYUNDAI,HYUNDAI Kona HEV 1.6GDI DT N Line Style,34.500 €,2025,15.847 km,Híbrido,129 cv,Badajoz,2026-05-06 14:38:37,ECO,https://www.coches.net/hyundai-kona-hev-16gdi-129cv-dt-n-line-style-5p-electrico-hibrido-2025-en-badajoz-70503622-covo.aspx
FORD,FORD Puma 1.0 EcoBoost STLine X MHEV,22.900 €,2023,18.583 km,Híbrido,125 cv,Badajoz,2026-05-06 14:38:37,ECO,https://www.coches.net/ford-puma-10-ecoboost-125cv-stline-x-mhev-5p-electrico-hibrido-2023-en-badajoz-70503623-covo.aspx
SEAT,SEAT Ateca 2.0 TDI SS FR Edition,17.190 €,2019,199.000 km,Diesel,150 cv,Madrid,2026-05-06 14:38:37,C,https://www.coches.net/seat-ateca-20-tdi-110kw-150cv-ss-fr-edition-5p-diesel-2020-en-madrid-70503914-covo.aspx
SEAT,SEAT Arona 1.0 TSI Reference XM,17.990 €,2023,35.000 km,Gasolina,95 cv,Las Palmas,2026-05-06 14:38:37,B,https://www.coches.net/seat-arona-10-tsi-70kw-95cv-reference-xm-5p-gasolina-2023-en-las-palmas-70503994-covo.aspx
RENAULT,RENAULT Arkana RS Line TCe 103kW140CV EDC Microhib.,21.990 €,2021,45.000 km,Híbrido,140 cv,Las Palmas,2026-05-06 14:38:37,B,https://www.coches.net/renault-arkana-rs-line-tce-103kw140cv-edc-microhib-5p-electrico-hibrido-2021-en-las-palmas-70504119-covo.aspx
BMW,BMW X3 20d xDrive,59.995 €,2025,19.000 km,Híbrido,197 cv,Las Palmas,2026-05-06 14:38:37,B,https://www.coches.net/bmw-x3-20d-xdrive-5p-electrico-hibrido-2026-en-las-palmas-70504208-covo.aspx
LAND-ROVER,LAND-ROVER Range Rover Evoque 2.0 D163 AUTO 4WD MHEV,24.990 €,2022,85.000 km,Híbrido,163 cv,Sevilla,2026-05-06 14:38:37,ECO,https://www.coches.net/land-rover-range-rover-evoque-20-d163-auto-4wd-mhev-5p-electrico-hibrido-2023-en-sevilla-70504272-covo.aspx
JAGUAR,JAGUAR F-Pace 2.0L i4D AWD Automatico Prestige,19.990 €,2020,70.404 km,Diesel,180 cv,Sevilla,2026-05-06 14:38:37,C,https://www.coches.net/jaguar-f-pace-20l-i4d-awd-automatico-prestige-5p-diesel-2020-en-sevilla-70504273-covo.aspx
VOLKSWAGEN,VOLKSWAGEN Caddy Comfortline 2.0 TDI SCR BMT DSG,19.990 €,2016,178.000 km,Diesel,150 cv,Las Palmas,2026-05-06 14:38:37,B,https://www.coches.net/volkswagen-caddy-comfortline-20-tdi-scr-bmt-150cv-dsg-5p-diesel-2016-en-las-palmas-70504288-covo.aspx
VOLVO,VOLVO XC40 1.5 T5 Twin Recharge Inscription Auto,21.995 €,2020,147.000 km,Híbrido enchufable,262 cv,Las Palmas,2026-05-06 14:38:37,CERO,https://www.coches.net/volvo-xc40-15-t5-twin-recharge-inscription-auto-5p-electrico-hibrido-2021-en-las-palmas-70504331-covo.aspx
AUDI,AUDI A1 Sportback Advanced 30 TFSI,20.990 €,2025,5 km,Gasolina,116 cv,Las Palmas,2026-05-06 14:38:37,B,https://www.coches.net/audi-a1-sportback-advanced-30-tfsi-85kw-116cv-5p-gasolina-2025-en-las-palmas-70504658-covo.aspx
VOLKSWAGEN,VOLKSWAGEN Polo Life 1.0 TSI,16.990 €,2023,50.000 km,Gasolina,95 cv,Las Palmas,2026-05-06 14:38:37,B,https://www.coches.net/volkswagen-polo-life-10-tsi-70kw-95cv-5p-gasolina-2024-en-las-palmas-70504768-covo.aspx
VOLKSWAGEN,VOLKSWAGEN Golf 1.6 TDI BlueMotion,9.999 €,2012,140.000 km,Diesel,105 cv,Sevilla,2026-05-06 14:38:37,B,https://www.coches.net/volkswagen-golf-16-tdi-105cv-bluemotion-5p-diesel-2013-en-sevilla-70505060-covo.aspx
FORD,FORD Kuga 1.5 TDCi 4x2 Titanium,14.999 €,2019,150.000 km,Diesel,120 cv,Sevilla,2026-05-06 14:38:37,B,https://www.coches.net/ford-kuga-15-tdci-88kw-4x2-titanium-5p-diesel-2019-en-sevilla-70505094-covo.aspx
RENAULT,RENAULT Laguna Dynamique 2.0dCi,5.999 €,2008,170.000 km,Diesel,130 cv,Sevilla,2026-05-06 14:38:37,B,https://www.coches.net/renault-laguna-dynamique-20dci-130cv-5p-diesel-2008-en-sevilla-70505151-covo.aspx
BMW,BMW X2 sDrive20d,39.900 €,2025,66.700 km,Híbrido,163 cv,Albacete,2026-05-06 14:38:37,ECO,https://www.coches.net/bmw-x2-sdrive20d-5p-electrico-hibrido-2025-en-albacete-70505152-covo.aspx
BMW,BMW X2 xDrive20d,43.900 €,2025,25.109 km,Híbrido,163 cv,Ciudad Real,2026-05-06 14:38:37,ECO,https://www.coches.net/bmw-x2-xdrive20d-5p-electrico-hibrido-2025-en-ciudad-real-70505173-covo.aspx
RENAULT,RENAULT Clio Intens Blue dCi,9.500 €,2021,170.000 km,Diesel,100 cv,Sevilla,2026-05-06 14:38:37,C,https://www.coches.net/renault-clio-intens-blue-dci-74kw-100cv-5p-diesel-2021-en-sevilla-70505186-covo.aspx
RENAULT,RENAULT Captur Zen TCe GPF,15.890 €,2019,22.000 km,Gasolina,130 cv,Granada,2026-05-06 14:38:37,C,https://www.coches.net/renault-captur-zen-tce-gpf-96kw-130cv-5p-gasolina-2018-en-granada-70505275-covo.aspx
VOLVO,VOLVO XC40 1.5 T4 Recharge PHEV Core Auto,24.900 €,2023,83.000 km,Híbrido enchufable,211 cv,Madrid,2026-05-06 14:38:37,CERO,https://www.coches.net/volvo-xc40-15-t4-recharge-phev-core-auto-5p-electrico-hibrido-2024-en-madrid-70505473-covo.aspx
BMW,BMW Serie 2 Active Tourer 225e xDrive,35.900 €,2024,7704 km,Híbrido enchufable,245 cv,Sta. C. Tenerife,2026-05-06 14:38:37,CERO,https://www.coches.net/bmw-serie-2-active-tourer-225e-xdrive-5p-electrico-hibrido-2025-en-sta-c-tenerife-70507402-covo.aspx
MERCEDES-BENZ,MERCEDES-BENZ GLE GLE 350 de 4MATIC Hibrido Enchufable,65.900 €,2022,95.605 km,Híbrido enchufable,320 cv,La Rioja,2026-05-06 14:38:37,CERO,https://www.coches.net/mercedes-benz-gle-gle-350-de-4matic-hibrido-enchufable-5p-electrico-hibrido-2022-en-la-rioja-70507671-covo.aspx
KIA,KIA Stonic 1.0 TGDi Business,14.995 €,2022,57.000 km,Gasolina,100 cv,Las Palmas,2026-05-06 14:41:11,B,https://www.coches.net/kia-stonic-10-tgdi-74kw-100cv-business-5p-gasolina-2020-en-las-palmas-70514269-covo.aspx
NISSAN,NISSAN QASHQAI DIGT mHEV 4x2 Acenta,21.890 €,2022,70.651 km,Híbrido,140 cv,Sevilla,2026-05-06 14:41:11,ECO,https://www.coches.net/nissan-qashqai-digt-103kw-140cv-mhev-4x2-acenta-5p-electrico-hibrido-2023-en-sevilla-70515840-covo.aspx
MERCEDES-BENZ,MERCEDES-BENZ GLC Coupé GLC 200 d 4MATIC,36.900 €,2019,88.644 km,Diesel,163 cv,Sta. C. Tenerife,2026-05-06 14:41:11,C,https://www.coches.net/mercedes-benz-glc-coupe-glc-200-d-4matic-5p-diesel-2020-en-sta-c-tenerife-70515975-covo.aspx
BMW,BMW Serie 2 230iA,40.900 €,2023,67.718 km,Gasolina,245 cv,Sta. C. Tenerife,2026-05-06 14:41:11,C,https://www.coches.net/bmw-serie-2-230ia-2p-gasolina-2024-en-sta-c-tenerife-70515976-covo.aspx
MERCEDES-BENZ,MERCEDES-BENZ Clase A A 250 e,25.900 €,2021,29.265 km,Híbrido enchufable,218 cv,Sta. C. Tenerife,2026-05-06 14:41:11,CERO,https://www.coches.net/mercedes-benz-clase-a-a-250-e-5p-electrico-hibrido-2022-en-sta-c-tenerife-70515977-covo.aspx
KIA,KIA Ceed 1.0 TGDi Drive,12.400 €,2021,124.783 km,Gasolina,100 cv,Valencia,2026-05-06 14:41:11,B,https://www.coches.net/kia-ceed-10-tgdi-74kw-100cv-drive-5p-gasolina-2022-en-valencia-70516108-covo.aspx
KIA,KIA Stonic 1.0 TGDi MHEV MT Drive,19.327 €,2025,8667 km,Híbrido,100 cv,Málaga,2026-05-06 14:41:11,ECO,https://www.coches.net/kia-stonic-10-tgdi-74kw-100cv-mhev-mt-drive-5p-electrico-hibrido-2024-en-malaga-70516133-covo.aspx
KIA,KIA Sportage 1.6 TGDi MHEV Tech 4x2,30.799 €,2024,9447 km,Híbrido,150 cv,Málaga,2026-05-06 14:41:11,ECO,https://www.coches.net/kia-sportage-16-tgdi-110kw-150cv-mhev-tech-4x2-5p-electrico-hibrido-2024-en-malaga-70516149-covo.aspx
KIA,KIA Sportage 1.6 TGDi Drive 4x2,27.903 €,2024,20.220 km,Gasolina,150 cv,Málaga,2026-05-06 14:41:11,ECO,https://www.coches.net/kia-sportage-16-tgdi-110kw-150cv-drive-4x2-5p-gasolina-2024-en-malaga-70516177-covo.aspx
KIA,KIA Sportage 1.6 TGDi HEV Drive 4x2,31.028 €,2025,7183 km,Híbrido,215 cv,Málaga,2026-05-06 14:41:11,ECO,https://www.coches.net/kia-sportage-16-tgdi-hev-158kw-215cv-drive-4x2-5p-electrico-hibrido-2025-en-malaga-70516191-covo.aspx
KIA,KIA Sportage 1.6 TGDi HEV Drive 4x2,31.028 €,2025,10.810 km,Híbrido,215 cv,Málaga,2026-05-06 14:41:11,ECO,https://www.coches.net/kia-sportage-16-tgdi-hev-158kw-215cv-drive-4x2-5p-electrico-hibrido-2025-en-malaga-70516198-covo.aspx
KIA,KIA Picanto 1.0 DPi Concept,14.537 €,2024,11.550 km,Gasolina,63 cv,Málaga,2026-05-06 14:41:11,C,https://www.coches.net/kia-picanto-10-dpi-46kw-63cv-concept-5p-gasolina-2025-en-malaga-70516202-covo.aspx
KIA,KIA Picanto 1.0 DPi Concept,14.537 €,2024,8262 km,Gasolina,63 cv,Málaga,2026-05-06 14:41:11,C,https://www.coches.net/kia-picanto-10-dpi-46kw-63cv-concept-5p-gasolina-2025-en-malaga-70516212-covo.aspx
KIA,KIA Sorento 1.6 TGDi PHEV Drive 4x4 7pl,48.900 €,2025,31.589 km,Híbrido enchufable,252 cv,Málaga,2026-05-06 14:41:11,CERO,https://www.coches.net/kia-sorento-16-tgdi-phev-drive-4x4-7pl-5p-electrico-hibrido-2025-en-malaga-70516225-covo.aspx
HYUNDAI,HYUNDAI Kona 1.0 TGDi Klass 4x2,14.999 €,2019,28.000 km,Gasolina,120 cv,Navarra,2026-05-06 14:41:11,C,https://www.coches.net/hyundai-kona-10-tgdi-klass-4x2-5p-gasolina-2019-en-navarra-70516326-covo.aspx
VOLVO,VOLVO V60 1.6 D2 Momentum,8.999 €,2014,230.000 km,Diesel,115 cv,Sevilla,2026-05-06 14:41:11,B,https://www.coches.net/volvo-v60-16-d2-momentum-5p-diesel-2015-en-sevilla-70516353-covo.aspx
VOLKSWAGEN,VOLKSWAGEN Tiguan Business 2.0 TDI BMT 4Motion,12.999 €,2015,180.000 km,Diesel,140 cv,Sevilla,2026-05-06 14:41:11,B,https://www.coches.net/volkswagen-tiguan-business-20-tdi-140cv-bmt-4motion-5p-diesel-2015-en-sevilla-70516421-covo.aspx
AUDI,AUDI A5 Sportb 2.0 TDI clean mult Advanced,19.990 €,2015,138.000 km,Diesel,190 cv,Almería,2026-05-06 14:41:11,C,https://www.coches.net/audi-a5-sportb-20-tdi-clean-190cv-mult-advanced-5p-diesel-2016-en-almeria-70516511-covo.aspx
JEEP,JEEP Grand Cherokee Summit Reserve 4xe 2.0 PHEV,78.500 €,2025,5 km,Híbrido enchufable,381 cv,Valencia,2026-05-06 14:41:11,B,https://www.coches.net/jeep-grand-cherokee-summit-reserve-4xe-20-phev-5p-electrico-hibrido-2024-en-valencia-70516546-covo.aspx
SEAT,SEAT Ateca 1.0 TSI StSp Style Eco,16.990 €,2020,51.432 km,Gasolina,115 cv,Valencia,2026-05-06 14:41:11,C,https://www.coches.net/seat-ateca-10-tsi-85kw-115cv-stsp-style-eco-5p-gasolina-2020-en-valencia-70516553-covo.aspx
MINI,MINI COUNTRYMAN Cooper S E ALL4,20.985 €,2020,78.815 km,Híbrido enchufable,224 cv,Las Palmas,2026-05-06 14:41:11,CERO,https://www.coches.net/mini-countryman-cooper-s-e-all4-5p-electrico-hibrido-2020-en-las-palmas-70516606-covo.aspx
VOLKSWAGEN,VOLKSWAGEN Polo Advance 1.0 TSI,14.985 €,2021,51.039 km,Gasolina,95 cv,Las Palmas,2026-05-06 14:41:11,C,https://www.coches.net/volkswagen-polo-advance-10-tsi-70kw-95cv-5p-gasolina-2021-en-las-palmas-70516607-covo.aspx
NISSAN,NISSAN QASHQAI DIGT Xtronic NConnecta,22.985 €,2023,74.104 km,Híbrido,158 cv,Las Palmas,2026-05-06 14:41:11,ECO,https://www.coches.net/nissan-qashqai-digt-116kw-xtronic-nconnecta-5p-electrico-hibrido-2023-en-las-palmas-70516608-covo.aspx
AUDI,AUDI Q3 Advanced 35 TFSI S tronic,25.985 €,2023,55.662 km,Gasolina,150 cv,Las Palmas,2026-05-06 14:41:11,C,https://www.coches.net/audi-q3-advanced-35-tfsi-110kw-150cv-s-tronic-5p-gasolina-2024-en-las-palmas-70516612-covo.aspx
BMW,BMW X2 sDrive18d,39.985 €,2025,18.417 km,Diesel,150 cv,Las Palmas,2026-05-06 14:41:11,C,https://www.coches.net/bmw-x2-sdrive18d-5p-diesel-2025-en-las-palmas-70516613-covo.aspx
VOLKSWAGEN,VOLKSWAGEN Taigo RLine 1.0 TSI DSG,22.985 €,2023,67.495 km,Gasolina,110 cv,Las Palmas,2026-05-06 14:41:11,C,https://www.coches.net/volkswagen-taigo-rline-10-tsi-81kw-110cv-dsg-5p-gasolina-2023-en-las-palmas-70516614-covo.aspx
VOLKSWAGEN,VOLKSWAGEN Taigo Life 1.0 TSI,16.485 €,2023,49.655 km,Gasolina,95 cv,Las Palmas,2026-05-06 14:41:11,C,https://www.coches.net/volkswagen-taigo-life-10-tsi-70kw-95cv-5p-gasolina-2023-en-las-palmas-70516615-covo.aspx
VOLKSWAGEN,VOLKSWAGEN Taigo Life 1.0 TSI,16.485 €,2023,35.522 km,Gasolina,95 cv,Las Palmas,2026-05-06 14:41:11,C,https://www.coches.net/volkswagen-taigo-life-10-tsi-70kw-95cv-5p-gasolina-2023-en-las-palmas-70516616-covo.aspx
VOLKSWAGEN,VOLKSWAGEN Polo Advance 1.0 TSI DSG,13.985 €,2020,112.095 km,Gasolina,95 cv,Las Palmas,2026-05-06 14:41:11,C,https://www.coches.net/volkswagen-polo-advance-10-tsi-70kw-95cv-dsg-5p-gasolina-2020-en-las-palmas-70516617-covo.aspx
PEUGEOT,PEUGEOT 3008 Style 1.2 PureTech 130 SS,8.985 €,2016,88.337 km,Gasolina,130 cv,Las Palmas,2026-05-06 14:41:11,B,https://www.coches.net/peugeot-3008-style-12-puretech-130-ss-5p-gasolina-2015-en-las-palmas-70516618-covo.aspx
